feature	metadata	value	coef	stderr	N	N.not.0	pval	qval
ed962067f3d3472675d24f92d6dda3b0	SampleType	Sample	-6.2130840075914	0.263501639555114	17	9	2.86989726277989e-13	6.9652406567668e-10
X06dbffb3667d421322f3cdc067c1bb95	SampleType	Sample	-6.47982022508773	0.421880419164966	17	15	1.38908838897262e-10	8.42829380009138e-08
X1d52609177ce303a019c3ee3f9142239	SampleType	Sample	-4.37793633759015	0.283511810779385	17	9	1.2876929968366e-10	8.42829380009138e-08
X0f46c35d6629feaffa5e8f4b256e255b	SampleType	Sample	-4.84986695376459	0.301617426692522	17	9	7.24985748097116e-11	8.42829380009138e-08
c50b0835bf381d4453071f135ed88b39	SampleType	Sample	4.14604199818292	0.302010503388311	17	10	6.73506019803904e-10	3.26919822012815e-07
e6801e54dd3a2654fc19dab0af47c35c	SampleType	Sample	4.48522208653767	0.347496467289974	17	16	1.58663859180743e-09	6.41795310386106e-07
X01b65b807c4e7fdf80dc247b058c652b	SampleType	Sample	-4.22856074537335	0.347647636022875	17	14	3.59259496974542e-09	1.24560399879602e-06
X9c872286b28ea46be348ce877c3c656d	SampleType	Sample	4.48543366377526	0.375532456495559	17	14	4.60695147001703e-09	1.39763390221642e-06
e3bd4c321c5364d01871ebb503a1dc7e	SampleType	Sample	-4.51624311404902	0.415424541206771	17	17	1.64677086178198e-08	3.99671288154485e-06
X2f5f939a9cb1a84c481d0d730257edfc	SampleType	Sample	3.87000109819891	0.35479531965559	17	11	1.57474355205363e-08	3.99671288154485e-06
X5d10eace291cd6e21a10aa0b539c6675	SampleType	Sample	4.36413665096817	0.438954772691167	17	13	5.39325853443349e-08	1.18994895118819e-05
X2b6e42bf9200244b950fdda2491dd4ca	SampleType	Sample	-2.92371103324049	0.338803275303139	17	8	3.34690409770956e-07	6.76911353761759e-05
f690e76a3de3a7b1cd99d01daef0d027	SampleType	Sample	-2.90608707614664	0.347419479324904	17	9	4.95126797668717e-07	9.24363644570751e-05
X11b7c459db9e25981b9e929a8098b1d9	SampleType	Sample	-2.48316558719323	0.300553506279264	17	9	5.77744644173604e-07	0.000100156160814953
dc186c356120425c8b044a49772944c6	SampleType	Sample	-3.72278748088595	0.474829791482681	17	11	1.10292046274658e-06	0.000174527740170985
X2c674dd5dcc493fc0bad82c12f46397e	SampleType	Sample	-1.83653358161931	0.235056367807769	17	8	1.15057430685445e-06	0.000174527740170985
X6e0546931ed7eab1f41201aabb92be68	SampleType	Sample	3.24855177619863	0.424114273885499	17	10	1.46483417540299e-06	0.000187113291773845
X0ba0d4c5a289facc80e0e481377a9e18	SampleType	Sample	-2.62881741326043	0.342966838735277	17	8	1.45256239987058e-06	0.000187113291773845
X3c0deb5ca627c2080a4a80c7d89c6096	SampleType	Sample	-2.41707056268713	0.313646612998578	17	8	1.36059738821402e-06	0.000187113291773845
dee7e9e6328e4af5e481f88a1f796b2a	SampleType	Sample	-3.14290249213126	0.442705898168949	17	8	3.62870698493222e-06	0.000440343592621525
X7d372fe772be67fbd518123f6300b372	SampleType	Sample	-3.49237577385737	0.506500929152561	17	16	5.10301210016117e-06	0.000589762398432912
X4d833bf0162967d91310d1a93db92ed2	SampleType	Sample	4.48230794448465	0.684802254644978	17	10	9.27081724352501e-06	0.000978272758697182
X10821628e3e458fde4ded1a39c3926af	SampleType	Sample	3.56812077870964	0.543683022367861	17	11	8.99489272465436e-06	0.000978272758697182
b5cd41c77bc4eb8356b15ed52bb1cf5d	SampleType	Sample	-3.2600255069134	0.505812982907357	17	16	1.10361655141446e-05	0.00111603223761788
cf2752910266aa9986d441f815389f2c	SampleType	Sample	-3.86213121459872	0.638549739521163	17	15	2.22982655385811e-05	0.00208145732546678
X44cc17826fd7cbbd611d6ba70982a3e9	SampleType	Sample	3.64527346140827	0.601171495033025	17	11	2.16917955407758e-05	0.00208145732546678
f7460ef647b461ee5ad49fbeb5705652	SampleType	Sample	-3.69980841139828	0.618616231687506	17	15	2.51865125535952e-05	0.00226398762842873
f716fb59c9bee1b0c02ad64865f0de70	SampleType	Sample	-3.09730588911853	0.525535019627779	17	8	2.95030408984873e-05	0.0025572814378796
X46be24de915fbc76ac5ab88523cb7235	SampleType	Sample	-2.51066179621999	0.427855882829462	17	11	3.09131771520831e-05	0.00258711313614157
d9f3cd010e62ed14267428e00eb063af	SampleType	Sample	-1.80245183971585	0.310197295738484	17	7	3.43302990075213e-05	0.00277732118970847
X36fa32bf1591f6e26e457bdd4c882661	SampleType	Sample	3.91347743013832	0.688699546347576	17	13	4.34722051038484e-05	0.003297095055845
e02ad2cc899cc62e9a5df522a8e3c451	SampleType	Sample	-3.76980657582955	0.661706436334752	17	8	4.23081647724348e-05	0.003297095055845
X4bdc1afca33aabf7e6ffccfb3989baba	SampleType	Sample	-3.02284272205455	0.548975406060639	17	8	6.0333342311335e-05	0.00443724308453364
d3a60d931aed828666a7818a3da0ee38	SampleType	Sample	-2.51558728291715	0.466482538360123	17	10	7.47127526596493e-05	0.0053331720795579
X450b0f9dbaf395de258b2b6c62a5f5aa	SampleType	Sample	2.41301119036809	0.464271515249083	17	8	0.000108288048682883	0.00750900269009595
X811b45d386b7b6dd81665a0bac6761d6	SampleType	Sample	4.84533308124431	0.944709205588433	17	17	0.000123488437246437	0.00804898215350589
X29d249d9deca741ac3ed4eea1e7819ff	SampleType	Sample	-1.47820167290873	0.288804836311878	17	7	0.000126024442452915	0.00804898215350589
X495eb06d2fa84bc70027d6a048f86977	SampleType	Sample	-4.40604962242768	0.856719978900549	17	9	0.000120208439723426	0.00804898215350589
X19483975848ef1e1f6ba304df2b90196	SampleType	Sample	3.69103350512921	0.735202588390212	17	10	0.000152226283744937	0.00947315873458876
a86091032bf65639a7bae7d5232f0378	SampleType	Sample	2.28333709154434	0.458211419697945	17	10	0.000163627855579049	0.00992812013725882
X9bd20c6dd9e216eb9c62ab933e134da3	SampleType	Sample	2.14737077676794	0.438124660968964	17	12	0.000191867895739436	0.0113576434868198
cd595c4d4718f235de7afa8a4fb1d827	SampleType	Sample	1.90332307377103	0.390739102387283	17	17	0.00020351133374878	0.0117600477859116
X9695ab42557ea68383a7fa889b522976	SampleType	Sample	-1.9362363071085	0.402927231809155	17	7	0.00023141262707143	0.0130613592070316
c39fd6fc4661167fed13f8f1f43e9966	SampleType	Sample	2.49060238454642	0.529224251222458	17	8	0.000281296030808734	0.0155160333357454
X2d1a60b2982025a0959cff244436778b	SampleType	Sample	2.37398487904524	0.507871947725728	17	13	0.000299490368136106	0.0161525138548073
c8487b182705eaad35c8578b81969d20	SampleType	Sample	-2.15693800515437	0.475695741206415	17	17	0.000395365685743158	0.0208598373760575
X54bc24af2573a5765ab4ee324d1d63be	SampleType	Sample	2.55550105574533	0.575222374286525	17	12	0.000474648564792432	0.0245100439734305
X93e881f05978d18bc8c18f476ac8dd3a	SampleType	Sample	-3.40670733808563	0.773164515883639	17	15	0.000510543729505457	0.0258143673231197
a630681ba72a80c92a426efb3e574ab2	SampleType	Sample	-2.01856942686713	0.464128695458482	17	17	0.000572377317415865	0.0283501989667001
X2a75921d722ef2e9c11a55f7655f5fb1	SampleType	Sample	2.21544190216472	0.528241068694766	17	17	0.000782331569471031	0.0379743743821238
X041792056bd7be0d5d925d8a6546e833	SampleType	Sample	-2.67131446466117	0.649604279788652	17	15	0.000923113123018531	0.0430845297993456
X6052c6018dc1a0fb3bccec096b0d74b8	SampleType	Sample	-2.83503640422296	0.688815729437208	17	7	0.000916414137391709	0.0430845297993456
b5de712b93a82e4723968c0839061699	SampleType	Sample	-2.35420514138168	0.581472118623739	17	12	0.0010500694196693	0.0471947866951369
X90d45b2e65bd23f17189e9455878f884	SampleType	Sample	-1.31518940417439	0.324799664242419	17	6	0.00104893041533913	0.0471947866951369
X67b0631399914fc300a8246571dd2fc0	SampleType	Sample	2.79448005366776	0.694070900079578	17	12	0.00109914030164102	0.0485020638560502
X4c5d68fe9f0b36f32638abc717a65ad3	SampleType	Sample	-3.04275187656087	0.757418028680702	17	8	0.00111931412877597	0.0485102748310587
b640a831f0c28e6d60ba3f6b278f38fa	SampleType	Sample	-1.18233264585312	0.297075082544417	17	17	0.00120768065655591	0.0514217711133542
X55357d6cc58549d420cccd3c467f8a16	SampleType	Sample	-2.59202673246522	0.655147652251258	17	9	0.00126689301356761	0.0529581876220124
fbb3aaf32c640635c86a7c829a85ed34	SampleType	Sample	1.47248385111856	0.37292089817606	17	7	0.00128740546753141	0.0529581876220124
X86ef25d804ba15d8439a773d51d3edda	SampleType	Sample	-1.31774684702523	0.334485719373132	17	6	0.00131094700197587	0.0530278062299241
bd668a93dee04617bc24da957aaee6e3	SampleType	Sample	2.88195300337684	0.73544849675159	17	10	0.001368239081835	0.054437971337927
X6f22e76ddce23b52576bded16632b532	SampleType	Sample	2.43729565875271	0.625819713285213	17	16	0.00143707252536301	0.0553615082389847
a17fd0f8d4eee41ef864153c9c21b286	SampleType	Sample	-1.6630391282843	0.426522712249063	17	6	0.00142394631258618	0.0553615082389847
eeb0bf9b6e59d4d8ae7d6ae822a35d8a	SampleType	Sample	-2.06870919490022	0.540238109196503	17	7	0.00164205392290857	0.0622697636077983
b7279007573da839dc7d022d326a795c	SampleType	Sample	-2.35293927648796	0.628748160439806	17	17	0.00196178215097286	0.0694559640941772
X74f0d139f1d4ad74fb1be85bce6934a9	SampleType	Sample	-2.8290322465412	0.756614374878555	17	10	0.00197464422023001	0.0694559640941772
ac60ad741ae6189321c85d3ef49885d6	SampleType	Sample	2.11961732625653	0.56642415738117	17	11	0.00196241533901594	0.0694559640941772
e06d134d202f3e94fe4e3017d3664e11	SampleType	Sample	2.32882559010215	0.619792694263148	17	9	0.00190182888701456	0.0694559640941772
X6875688039d84275ed42ac41f5035aca	SampleType	Sample	-2.29643114990838	0.61329552361875	17	7	0.00195316146915347	0.0694559640941772
cfbc760bc9177688ef8445fd670910ac	SampleType	Sample	-1.58283220100077	0.427924502459246	17	6	0.00214409539254086	0.0743388502528094
X7399c5c473fce0dca57710a56022e6bb	SampleType	Sample	-1.97792753725014	0.539996503738317	17	6	0.00230823808033891	0.0789027298729935
ffedec13f25b2f7f21e150ddd69a539b	SampleType	Sample	-2.19072212272514	0.610682085414309	17	7	0.0026947440067971	0.0908353292291189
X7737a411e7f276fae1d2c38a6188f723	SampleType	Sample	-2.10155604258999	0.590206397669651	17	10	0.00284598831294956	0.0946193648702544
X5b11c2cd60e7d52df73e742888194fd8	SampleType	Sample	-2.0550371168842	0.580232100284335	17	7	0.00295888927132991	0.0970435711015903
dc59078827f8caef7ddfa5b9090e86c3	SampleType	Sample	-1.84980835168208	0.525320187267668	17	17	0.00308569870066678	0.0998532099535768
f93c80f7ba93cb010f8e195429e296e5	SampleType	Sample	-2.33120997498233	0.672045093649261	17	14	0.0034364555521585	0.108327183641297
e53d40931998c5c89278f8b7d89112fa	SampleType	Sample	1.60202912445709	0.461842745287555	17	7	0.00343683277312726	0.108327183641297
fd92f4da74ea03ca0a951431ebf0149a	SampleType	Sample	-1.59751659326217	0.46138017292104	17	7	0.00348157352355837	0.108330499252259
X2b171e4c26f481ddc20506b79877b519	SampleType	Sample	-2.65498122091536	0.770144455414202	17	16	0.00359109187709964	0.110323797287605
da18bc80dccb72d316759572ebad4ccf	SampleType	Sample	-1.89309053747749	0.550592065964163	17	11	0.00365877750679025	0.110998162612249
X31f24c0e3e16424592a91c6b4756c393	SampleType	Sample	-1.70934633291174	0.499181939008112	17	16	0.00376531015261782	0.112321384652239
X45b0423d1013166f5e0436130e71527a	SampleType	Sample	-2.92510402548189	0.855175134927604	17	10	0.00379495407560098	0.112321384652239
X02ec9e816407b031507396c81c182019	SampleType	Sample	2.6382740471964	0.777624417054918	17	10	0.0040172187175483	0.114703409735173
X99adee39d4a68f7259d23b10d85c577f	SampleType	Sample	-2.06482982252835	0.60763683353135	17	14	0.00397298694428396	0.114703409735173
X0f067d3b0fcbcbb517d57a849a9928db	SampleType	Sample	1.28592858495243	0.378957717553906	17	6	0.00401232238038361	0.114703409735173
addff1327c8b525422a1a38bac47f59a	SampleType	Sample	-1.44101724829842	0.426224293837722	17	8	0.00411605705590233	0.116158959007848
c5e09db0eecbf5db9483cf3278206a7e	SampleType	Sample	-2.73129602037663	0.816427323395012	17	12	0.00442669476420402	0.122086229462763
X4c8e74f02805453642c1235e61de06ef	SampleType	Sample	2.35774553430134	0.704010314491727	17	9	0.00439415468125366	0.122086229462763
X8c1aa42e3f38caaf82eb47d5bd3ecab3	SampleType	Sample	-2.2587650969444	0.678733696613725	17	6	0.00458860797451933	0.125129792743353
X495c1bd1608a1dad54d3e2824ce899ef	SampleType	Sample	-1.9349631750339	0.588339111868221	17	16	0.00497119324041178	0.134056511049771
dcb71cc699d841c3ef3a379f802904e6	SampleType	Sample	1.08676251690006	0.332814642364463	17	6	0.00521639951824396	0.1359040607611
e42e54374ced0e0901b3492bf7e26fd9	SampleType	Sample	-1.02009638157609	0.31282040482146	17	5	0.00526369250578631	0.1359040607611
d31f1c384392a34edcfb997bda7c234a	SampleType	Sample	-1.22834439503128	0.375538321935768	17	5	0.00515770476228902	0.1359040607611
X983e197471ad3483cbf7561c9cc9b4fa	SampleType	Sample	-1.47489599794998	0.450927024178888	17	5	0.00515856101992878	0.1359040607611
X56335ac95e507e0bbb08dc360850bfe5	SampleType	Sample	1.96579927501992	0.60868627239199	17	16	0.00561333229704451	0.137770555859739
be67b02f02948b2fce8ad5af987afdb4	SampleType	Sample	2.62616650461801	0.813833395372821	17	7	0.00564409265613497	0.137770555859739
X8940efad20d6105be9d06b29420046f8	SampleType	Sample	-1.6863373239052	0.523829393158937	17	8	0.00573334410458741	0.137770555859739
X68e97f8c00f3cf84de842890290838fe	SampleType	Sample	-1.81141164214709	0.561999175068269	17	17	0.00568763689825005	0.137770555859739
X0dd15502ce697238545269d117d510d2	SampleType	Sample	-2.21518310961426	0.685705201434305	17	10	0.00560252227810014	0.137770555859739
X4f5d5c70f37db3c66d86b59a75e416ee	SampleType	Sample	-2.39576503055542	0.742277829347484	17	6	0.00563628176050905	0.137770555859739
e2f0bac1ec09a88649e2789aa212b782	SampleType	Sample	1.62703273705543	0.501403373493673	17	7	0.00543921394308197	0.137770555859739
X7ae3ca18d2f3f7b1df4b5e8030049437	SampleType	Sample	-1.07356435069634	0.335160007972189	17	5	0.00592563313835705	0.139626326473714
X4b9f9723551325d3ff2ee04cfe1700eb	SampleType	Sample	1.42761412682338	0.445103922128889	17	6	0.00587449746896357	0.139626326473714
X82c31a86b5c777f9decb3e08c1b59b58	SampleType	Sample	-2.14040792869561	0.669225680047275	17	9	0.00598421257809378	0.139650806990708
d23c235f41d3398df2e2f5edbac63604	SampleType	Sample	-1.75841363643245	0.555726806906085	17	16	0.00641762948142354	0.146746319859305
a3512dec19c020cc96c0e195ac468aac	SampleType	Sample	-1.82708693020223	0.578376295590896	17	8	0.00648594240058713	0.146746319859305
ae80f6274f1e55721cc5be8fc0a0e271	SampleType	Sample	-1.00029811574806	0.317887629832901	17	5	0.00665104869572459	0.146746319859305
X9edbb39537860983ef807fee6c2635c5	SampleType	Sample	-2.93189638781395	0.931722668796969	17	6	0.00665044419687589	0.146746319859305
X1667a608ce9dcd9173cc4a7ea408e61a	SampleType	Sample	-1.14232051852527	0.361557500109744	17	5	0.00647997298636499	0.146746319859305
X1b21d2b71f96b4a59b392aee9aa1d655	SampleType	Sample	-2.4593669016251	0.781540328037307	17	7	0.00664946129340438	0.146746319859305
ffcf4ed82045665508e925b0f4531d28	SampleType	Sample	1.88083877318165	0.605985989069043	17	13	0.00726115297085408	0.155489374517053
X5fbd78d2d6de66b97eaf8f2b1487761e	SampleType	Sample	-2.11462417693077	0.681318517932067	17	13	0.00726178756257679	0.155489374517053
fd573b99b95e615dd1288c05055c86fe	SampleType	Sample	-1.03190671918891	0.333652201311577	17	5	0.00742621325587534	0.155489374517053
X55e845ec2b2dde77fc20c136d78ee7ad	SampleType	Sample	-1.05030009113352	0.339639242257265	17	5	0.00743171299710677	0.155489374517053
X25c2a523e62ce2efdbcf4f66f8ec1697	SampleType	Sample	-1.35287830043976	0.435871148253991	17	6	0.00725992096765901	0.155489374517053
a24d222dbc42aaf0f1b7f08d66ac41b8	SampleType	Sample	1.40785740304029	0.454176631082508	17	6	0.0073201980570225	0.155489374517053
b214782a3adc6746dd9982ea97ad27b4	SampleType	Sample	4.3506725736973	1.40954106381452	17	14	0.00752042790054238	0.156000671065097
X72355d57027d23aca5dc5c7619a2cd96	SampleType	Sample	-2.39405221953876	0.787161533650609	17	5	0.00824729140063068	0.169628612112972
X398b27b58cd45cd00d44f536a9411b08	SampleType	Sample	1.68402758077662	0.555425627595756	17	9	0.00840712463960516	0.171462953784216
ad84d18a785105a88de19e3f9062680a	SampleType	Sample	-1.30788385748474	0.432763432351652	17	8	0.0085765700126814	0.173461128506481
X68fb4f4c2c976da006edc8e3fa0280eb	SampleType	Sample	-1.24430615133624	0.412824802445771	17	5	0.00871825552127746	0.17486947231521
X7fc232ef701a576c52973c27d641a62b	SampleType	Sample	-2.44093317573406	0.811788431510346	17	7	0.00884828071346166	0.176022764685012
X1d2900cdf7b591798cced5d7d2989635	SampleType	Sample	-2.18531258502997	0.731512321698084	17	5	0.00920605580991187	0.181651198785822
e03d7fcc980a61ee6e09d62c0e492804	SampleType	Sample	-1.50056377170475	0.503451463149721	17	5	0.00933503739474794	0.1827107722343
X078e358a168dbe0799176248b157e046	SampleType	Sample	-1.71039254677488	0.575201548335693	17	5	0.00946892284049458	0.183848605871043
X75ba6f1992139fb3fe848d91a1721d29	SampleType	Sample	-2.46087543556908	0.834026293749936	17	15	0.00992137973933767	0.189599910451752
X9879a750c4dcbe94271efc3a64a8dcc6	SampleType	Sample	-1.40600306530664	0.476437719261805	17	11	0.00991176099589974	0.189599910451752
X38379288db02e084c195974a32fd0290	SampleType	Sample	-3.65392723698813	1.24109820434561	17	16	0.0100530676318541	0.190615587050859
X7bacf0ae26a001f354c5aaee38c26e5b	SampleType	Sample	-1.5071015949079	0.516121945293491	17	5	0.010556429913974	0.195638328930674
X732268b2cde7f6e4eeb959b9904a856a	SampleType	Sample	-0.938251864714031	0.321320535655242	17	6	0.0105577625793843	0.195638328930674
X08d7f58a060027555e4beffab9d04b67	SampleType	Sample	1.53645191684256	0.526201547424709	17	6	0.0105597944334233	0.195638328930674
X3448d53788dd6e07e471735ade91cfb1	SampleType	Sample	-1.98373492896623	0.681930668483655	17	5	0.0107958405450236	0.198496250021003
f495d6392152b685fee3ac09dfa0f382	SampleType	Sample	-0.967550182592964	0.333943398753016	17	17	0.0110539681373518	0.201714140371073
c44ff307960c98eb2c3f6c5cf28a5e59	SampleType	Sample	-2.12799076793325	0.735428335531301	17	6	0.0111396540627799	0.201760749331096
X6ace4e7664815b50cab6e2db8056b113	SampleType	Sample	1.87313260221182	0.648400673109799	17	11	0.0112460348692792	0.202074878293004
X7936316304361aebc82335f89ddfba39	SampleType	Sample	-1.24754565494381	0.432897936733372	17	8	0.0114067813457526	0.202074878293004
cb0b67a8052ee758053ab5e22c1553ec	SampleType	Sample	-1.35967547533075	0.471382443034854	17	5	0.0113469534596678	0.202074878293004
X75bb0a0b7853fefe490cb476018ab14a	SampleType	Sample	-2.19699291253654	0.766629803697325	17	7	0.0117840690085723	0.207245909302935
f3b41d47dbf8327add98c18f2b98468c	SampleType	Sample	-2.64199137947944	0.92402069890666	17	10	0.0119412745782823	0.208499808643821
X88bedff2b082a15d43678825e9e73304	SampleType	Sample	-1.98433204082703	0.698331689509996	17	8	0.0123766526032294	0.214558113343126
X019bed84669410b5d384f6e3280da1b9	SampleType	Sample	-1.27256042157865	0.44989435549319	17	6	0.0127050788203519	0.218689548205632
c38eed8f2f2f07fc99e6135205c57cff	SampleType	Sample	-1.71198098371469	0.606860938478396	17	15	0.0128999131013517	0.220479500682961
c968d53c0418f0b1ea2686794e5464cd	SampleType	Sample	0.977587369978704	0.350043367996242	17	5	0.0136577193856422	0.231799195447228
X749b1e195ab505b26d20951f53834d11	SampleType	Sample	-1.8311348344508	0.662194019746928	17	5	0.0144361392661032	0.239976095882415
f42eeea87cf2ddb3a7941923d3918516	SampleType	Sample	2.47525360371639	0.894028021755176	17	10	0.0143376658373256	0.239976095882415
X65e28f53f8e78a1d3cdcdc1e43dcb17f	SampleType	Sample	1.08283938267491	0.391539051052772	17	5	0.0144261683077885	0.239976095882415
a7233f84db0360ad7535619a0b20e8bf	SampleType	Sample	1.398825885675	0.507285031317472	17	6	0.0146639843575409	0.240469527268594
fc27695e28ac38ed08ba2e033a58d1ce	SampleType	Sample	-2.18975048512984	0.794083514040994	17	9	0.0146608293322338	0.240469527268594
df827a58f6b377fcf5b6860d49301447	SampleType	Sample	-1.66267600859956	0.603926904555735	17	5	0.0147934208026353	0.24096397508722
X4e5dde1edf6195d5cc053de052ecd126	SampleType	Sample	1.81227230511534	0.659978889427553	17	9	0.0150078242819118	0.242826596881333
X66804a3c3e40f8572119e3c624478909	SampleType	Sample	0.835157930832707	0.305907104425936	17	5	0.0154937473157583	0.249028640631427
X38d92afaf362fa03e3d60c6e1cbcc941	SampleType	Sample	-0.743587395979776	0.273909592884265	17	4	0.0159798994632531	0.255110283646987
X23a99157e2d7180e199cdc7822f7492e	SampleType	Sample	-0.657875536179501	0.242621172220923	17	4	0.016082354098883	0.255110283646987
X8425d4cf5f4dc882ae2abe971230a45c	SampleType	Sample	1.94502802632371	0.722936071821115	17	8	0.0167766829930038	0.258072535868935
ae6d65029da85c4ac1884b3cd9e27767	SampleType	Sample	-1.28655411685492	0.478879664743921	17	16	0.0169071006193493	0.258072535868935
b5fb61584fb688918ec8c5431cdd4547	SampleType	Sample	1.93985519440667	0.721095848296057	17	15	0.0167870264108164	0.258072535868935
ac79a9d71daed031027868720625612d	SampleType	Sample	-1.6833231959574	0.626439683894134	17	7	0.0168889663417075	0.258072535868935
c1a84bb089208453669acc73b1803058	SampleType	Sample	-0.788372755531693	0.293061116011548	17	4	0.016787632464216	0.258072535868935
de0d0a9506b63613c69beff09b81c44d	SampleType	Sample	-1.38221706050293	0.514064009665873	17	7	0.0168323460410783	0.258072535868935
ae61ac440027532b090eaade93729a41	SampleType	Sample	2.23557517751143	0.835053937999689	17	10	0.0172294055126886	0.259271867969889
b7a2bc450146ff938fb3354ecc36444a	SampleType	Sample	-1.89129051239057	0.705873029598591	17	12	0.017153643949056	0.259271867969889
X658796c38c064db92b9d058ca0d959b1	SampleType	Sample	-0.771775196819604	0.288520310368413	17	4	0.0173061568237009	0.259271867969889
ebd6f8278dc89c7cfeb7a95185ba9bda	SampleType	Sample	1.42411426045592	0.5334481889844	17	5	0.0174908128403084	0.259357697563848
X715ed60e859700522eb8ce8e0b100611	SampleType	Sample	-0.643332035481212	0.241070581320648	17	4	0.0175256128555711	0.259357697563848
X3f4e886a94876f4e7a1eb775822a3804	SampleType	Sample	2.17859489368658	0.821126774561802	17	8	0.0180762209388025	0.261528356690467
X09e719a2acca4d1cc7ad3ebe7582810d	SampleType	Sample	1.68892036872619	0.63577490898656	17	8	0.0179574450477953	0.261528356690467
X3ad1c8aad6bdd6f9f60902f08beaf0b1	SampleType	Sample	2.11290007533232	0.797601527039495	17	10	0.0182252983696838	0.261528356690467
X57f316f2b8bb8cd1fcfdfe2c557148f0	SampleType	Sample	-0.65510775573002	0.24705538053954	17	4	0.0181309875670597	0.261528356690467
X1ae94a50d152dd62a6bf367dbafd4daa	SampleType	Sample	0.963082615663027	0.362957490177035	17	5	0.0180670603639938	0.261528356690467
X659115d1d166e9dad51da5de9a288d83	SampleType	Sample	1.37221400342904	0.51850046399428	17	5	0.0183188383343137	0.261528356690467
X00d773da90524e1aafd3b82ecf6b2555	SampleType	Sample	-1.5014295879488	0.567956100572539	17	10	0.0184266822384343	0.261529577734971
X5db358d5116eb6aeeda5e581c4325cc7	SampleType	Sample	-1.20481079993172	0.457111852751024	17	6	0.0187182947746006	0.263802861670625
de8ad47c92c3af3d78ddb1672ca0a06e	SampleType	Sample	-0.719274839997292	0.273134687334559	17	4	0.0188042418908191	0.263802861670625
X667056e7769500e21052bd12d4ffde76	SampleType	Sample	-1.96405976184121	0.747056847755989	17	15	0.0189679416085195	0.264570082091247
bf6aceb1695f23aacf22f006fd1b3dfa	SampleType	Sample	-0.721087104334187	0.27478259106216	17	4	0.0191524805308885	0.265617544276951
c8cee77322d19f044bf1e8017b8add93	SampleType	Sample	-2.22276422129233	0.851636083717923	17	8	0.0197029799715246	0.265661846616057
dd4288754e567d2598eb7d479a0c1051	SampleType	Sample	1.56971198335502	0.598930425774113	17	5	0.0192808883523683	0.265661846616057
cab28bc37c5d62b75a6b8b9e2ba2c9cb	SampleType	Sample	2.67927649457866	1.02519600209662	17	9	0.0195685703681629	0.265661846616057
X91e4caa23286a4f018b8d5f9c2b038ff	SampleType	Sample	1.97927292473022	0.758336126079785	17	6	0.0197018961154983	0.265661846616057
X869778ce835a1bca866993c3b2bec4f2	SampleType	Sample	-0.78386974580182	0.299983454819976	17	4	0.0195835998014665	0.265661846616057
X8bd7eae7b06e68da18ec96166ab803b6	SampleType	Sample	-0.757888950913024	0.290840079139394	17	4	0.0198657951747414	0.266062837135774
X93b203e129c7482f45feb559b583abfa	SampleType	Sample	1.18317265035338	0.454421859313595	17	5	0.0199519721296707	0.266062837135774
f7b6eef75d287ee269ae6b5d4fb04608	SampleType	Sample	-0.994897398346878	0.382658851452518	17	4	0.0201006338809503	0.266580537863751
ef39b6d9edaac95667c91740a755adfa	SampleType	Sample	-0.698968012795837	0.269269633343757	17	4	0.0202680332305955	0.267339764405735
X35ff08387a9dc10e2d5bbf790b759f08	SampleType	Sample	-2.34899899039101	0.917697620312235	17	14	0.0217764920048558	0.272430649978273
X982b14ee9c90473a50e554429277cc32	SampleType	Sample	2.34574233254495	0.915098062886661	17	12	0.0216166486069893	0.272430649978273
bb2cf948f512a69d0968ac5d81d5c237	SampleType	Sample	-0.828124616124295	0.321493651108247	17	6	0.0210871853090093	0.272430649978273
X0074a48d66fc98db6cedc317176f1fd9	SampleType	Sample	-2.21194059450739	0.862609800444349	17	5	0.0215795992588693	0.272430649978273
X7ec8be180094b588aa83a84c0d44387e	SampleType	Sample	-1.03326177856389	0.400254621358213	17	4	0.0208519514581447	0.272430649978273
X9e1f9f747807bfb1b7eb38abe5018c13	SampleType	Sample	-1.73540904244551	0.672671287141486	17	7	0.0209197978872106	0.272430649978273
a0aff308fbdbad79f16ee571a7caa033	SampleType	Sample	-0.748646727086464	0.291879959045165	17	4	0.0215508886316579	0.272430649978273
X81e4d0cfd0a3c3f0298bb897e22715d0	SampleType	Sample	-0.821927840362011	0.320183986269078	17	4	0.0214597223750783	0.272430649978273
a1ebcde24a6f0057dc302c21bddf9027	SampleType	Sample	-2.26228652488635	0.883506004416966	17	7	0.0217370784046994	0.272430649978273
a2afcad6722a75f5b1ec79e56e6fdf02	SampleType	Sample	-1.00524147772265	0.39178702275974	17	4	0.0215135976781051	0.272430649978273
X8662d7fe59758d24c796165bc7bf94f8	SampleType	Sample	1.47776200348981	0.580193421868243	17	5	0.0223296539539964	0.275957855717143
fd76516fb77cc77fc8dae8d0343da17d	SampleType	Sample	-1.45456472694808	0.572845224788766	17	16	0.0226784527816577	0.275957855717143
X681fa292ab8bf1f2f448f5a3345bd94e	SampleType	Sample	-1.12060529555104	0.441641403558775	17	13	0.0227607316861945	0.275957855717143
X7857d3187944415a804e443783213d31	SampleType	Sample	-0.871952401975967	0.341950040991518	17	4	0.0222005693405845	0.275957855717143
X19ca26d8259240ea391ed8b914b35e56	SampleType	Sample	-1.36708446623664	0.539221793955129	17	5	0.0228543588789228	0.275957855717143
X3662fc336ea5d5581e6783d2b2f5466a	SampleType	Sample	-1.65415169804323	0.651585880440048	17	5	0.0227026461176285	0.275957855717143
c011a520057f65fdfb3d1b184da37220	SampleType	Sample	-1.07485404297021	0.422298001627759	17	4	0.0224079432022744	0.275957855717143
X8a44a4e06b1a74f11ee8e2686464e0d5	SampleType	Sample	-0.812695948926797	0.322921753260122	17	4	0.0237107970436918	0.284881705074455
f41e58594369399a98ca43a5bc116814	SampleType	Sample	-0.772309135987815	0.307308136760272	17	4	0.0238779203173046	0.285476416798514
X071ffeef795ecc8f1d3a0c0823692721	SampleType	Sample	-1.95449235977082	0.780331753525351	17	10	0.0242797541655515	0.2888576635284
X5831990e19d088be53719b143f7860e6	SampleType	Sample	-0.919976153414924	0.369338761485522	17	4	0.0249510505696891	0.295396096256759
fd23e9bbf9949af42e4783b8c669a8ad	SampleType	Sample	-1.62826073208816	0.659616319290666	17	9	0.026075584055126	0.305965948623612
X250eff414ba3de003b8ddd7f5f264dc0	SampleType	Sample	-1.41524544507284	0.573415100772576	17	5	0.0260959832571437	0.305965948623612
X7085d7d16bb648dac711d69848d9be74	SampleType	Sample	-1.3695650890669	0.555522939315106	17	4	0.0262369240400403	0.306139493486432
a38d50093be16bece9e77cad438baf5b	SampleType	Sample	-1.13989901868164	0.463145077153021	17	4	0.0264518774635179	0.307170844995014
X8d638697c84d2328381bcb2ab9598d91	SampleType	Sample	-1.62689087840695	0.664450806508471	17	5	0.0271225214908477	0.309638079468645
X7ec69f2c62aad60e060e588ef687bdd0	SampleType	Sample	-1.58492792637878	0.645893363685722	17	5	0.0268373832847375	0.309638079468645
X9910b78ecfcab8367a1b3ae162fb4cee	SampleType	Sample	1.19871934243916	0.490003646875964	17	5	0.0272360437520218	0.309638079468645
X39362d6e524e22ea207e7d0c2aaf4338	SampleType	Sample	-0.805878356873846	0.328923712554486	17	4	0.0270389065780336	0.309638079468645
X25462d378e3fa6b2ab8a17c3053e7038	SampleType	Sample	-1.12401207699572	0.459697684976176	17	4	0.0273022451612238	0.309638079468645
e710ba8eeb660e6dff2f183bb30d5c0b	SampleType	Sample	2.05628836804219	0.842302285776709	17	10	0.0275088491722205	0.31053012530688
X2c9d05509cf16e1df0a09d06af6e35ee	SampleType	Sample	-1.67406573789914	0.687263292120574	17	4	0.0278034052427679	0.312402150574989
X8e57f969178d1b7b927cf520942dbdbc	SampleType	Sample	-0.867658524863943	0.357244891755404	17	4	0.0281928571945911	0.31387185509758
X3e670f2da3eafaf14b893cefdd6701c7	SampleType	Sample	-1.30593979593414	0.537227468892135	17	5	0.0280749322421473	0.31387185509758
d410143c4dd12a8a9f584f007f7cb72a	SampleType	Sample	1.35266923232633	0.558091165685268	17	5	0.0284708998102499	0.315519971869756
e61f88ea85ada65244b3b8bda8659227	SampleType	Sample	-1.30798053882239	0.541853614138691	17	12	0.0290249790863746	0.320198292011959
X934803696e9c94174f3c3c8a94844bb2	SampleType	Sample	1.65254987116418	0.688152437704593	17	9	0.0297416833972915	0.326620206358491
e7ec7f4a6af87d8d8cbb1a4dbf5f55ef	SampleType	Sample	-2.40741066905563	1.01609924765934	17	10	0.0316682399248227	0.328456488451046
daa83b35584cb31b1770ad7d863ac3a1	SampleType	Sample	-3.27712023960366	1.37546550531015	17	6	0.0308585090383884	0.328456488451046
ef6fa89883420a6f10066f925a001d80	SampleType	Sample	1.60803484445025	0.67856002844824	17	13	0.0316369068922386	0.328456488451046
X10f2ac072c9e248cc02a345e88e2b361	SampleType	Sample	2.09083969676737	0.875271650332628	17	10	0.030485246119934	0.328456488451046
b9046294dc718e28ad978492a3508376	SampleType	Sample	-1.28414122795398	0.541648177609314	17	8	0.0315736168170959	0.328456488451046
X3f612f36a4139fcb7af195ee2cb0834d	SampleType	Sample	1.37994121360697	0.578164773052043	17	5	0.0306061847208673	0.328456488451046
X6debe21a611ad931d1e4d465a609dc4a	SampleType	Sample	-1.68940116279105	0.710605326370054	17	5	0.03116955243813	0.328456488451046
b30ef6035ca7aec724ef80d596bc1bab	SampleType	Sample	-0.908797072187989	0.382286988152977	17	4	0.0311785119668652	0.328456488451046
X106b7487135f87660fd21dff1dfffa47	SampleType	Sample	-2.13290250950228	0.897150902247073	17	4	0.0311691609726937	0.328456488451046
X459efdcdf6b61c9966c8261abe31d692	SampleType	Sample	1.2702762279524	0.530759945016399	17	5	0.030216983764374	0.328456488451046
X6ef19c53611505ed27fa12c9ec3d242f	SampleType	Sample	1.28692341210381	0.54094235821598	17	5	0.0310707295772615	0.328456488451046
X99605c171fa9d7c6bd5905dcebf8e50b	SampleType	Sample	-1.12103204175498	0.472772065562626	17	4	0.0315498750406455	0.328456488451046
X959d10b3801866414a2eb68d4df67414	SampleType	Sample	-1.6247670146933	0.679655344580136	17	5	0.0303791630794744	0.328456488451046
X0224b1b988a65f1c0c1e138d525d736f	SampleType	Sample	-1.36858829974826	0.580968938557993	17	7	0.0325157883712834	0.329876737635149
X16ff6fdb8b9bbe665e7ec8c665e78183	SampleType	Sample	-0.963034330690135	0.408309591852033	17	4	0.0323335469242829	0.329876737635149
X48d0ad0ba5e315d80a2b745e4a64a14a	SampleType	Sample	-1.49810251434905	0.635810448006269	17	11	0.0324835631696223	0.329876737635149
c3ff5c573fb0e919a4b6e39d5db06dd8	SampleType	Sample	2.00003777742148	0.847716334813376	17	10	0.0322872865270473	0.329876737635149
X3f4febfa03efd875886ff5766327f50a	SampleType	Sample	-1.22436410097325	0.520111061373958	17	4	0.0326206909898788	0.329876737635149
be845c0d36cf7c0d55305b61e13eec5f	SampleType	Sample	-1.84280832199029	0.782560774728899	17	5	0.0325699656169271	0.329876737635149
X95422d4c51dc656f4d593b07f4842850	SampleType	Sample	1.90849978401663	0.816044657240065	17	8	0.0336066344438477	0.331558137378936
X979ba1913764709d6f067f0096f7e73a	SampleType	Sample	1.55535287132355	0.664958660846749	17	6	0.0335869275807177	0.331558137378936
b86a8e8151ed7a7539be26190c47ce0c	SampleType	Sample	2.72740359073253	1.16188646981308	17	12	0.0330452298964367	0.331558137378936
X284ca267c1da0d9a1a431b600e43bbac	SampleType	Sample	2.06453191089591	0.882149295391877	17	12	0.0335008826958688	0.331558137378936
e91a544742f83b8662d1ebf6674f646d	SampleType	Sample	1.31880652572023	0.563544098488837	17	7	0.0335101129604533	0.331558137378936
b8a30d80e460567357a5449acd5c1d18	SampleType	Sample	-0.967868326486039	0.413367268828638	17	4	0.0334305835004485	0.331558137378936
X5469b4f52bb3f11250795aa47af5fff5	SampleType	Sample	-1.31524948418065	0.563830739868511	17	5	0.0340013980197672	0.334094708477631
X183b1085ec7d9b20001265937f063710	SampleType	Sample	-2.03004941126034	0.872212341165949	17	15	0.0343481397080493	0.336140867223531
f12f5ba8c80d765b2f9120da917d196f	SampleType	Sample	-1.0066919984132	0.432999659368325	17	5	0.0345180960188373	0.336447466014932
c1a91a0726e45a33397ed6b628812bcc	SampleType	Sample	-0.992395360776853	0.427361080318081	17	4	0.0347044697662151	0.336910992490416
b6b5e5683e22e7ccbc945f50aa1bfb52	SampleType	Sample	-1.27500285515556	0.54999090372217	17	14	0.0349691646452918	0.338128137825192
X7abeba37600c1cd5f7d3cdf665467bd7	SampleType	Sample	2.10717307892042	0.913043090599837	17	14	0.03567809111814	0.340480782776593
X022ea353da449030f117bb27f6ca5713	SampleType	Sample	-1.70600264923324	0.741380058359375	17	14	0.036146134558943	0.340480782776593
X861ad48b8db4560e579ed93f20485f52	SampleType	Sample	-1.20016967622835	0.519466827427204	17	4	0.0355038449993044	0.340480782776593
X0b7ee59778fc8e0377f8091c86b4f678	SampleType	Sample	-1.60205045751195	0.694770590521	17	5	0.0358155202358119	0.340480782776593
X08eacd0794f8e78fe68a9767eb425654	SampleType	Sample	-0.88665517454267	0.385408722321554	17	5	0.0361852396913516	0.340480782776593
X4ab47d2ee1b7cfe5eb06c13f1153e3ce	SampleType	Sample	-1.49067367193001	0.647999018865143	17	4	0.0361944960677219	0.340480782776593
d6aaa697ca835ff7229b95be2484ab66	SampleType	Sample	0.588297319003933	0.255209597818912	17	4	0.0358651593890554	0.340480782776593
ec6812a21da26b469193c7689c7e300b	SampleType	Sample	-1.77896616774791	0.778560130751163	17	9	0.0372929395235445	0.348004198436736
X9bb14823fcd15f4631be21a5676ec15b	SampleType	Sample	0.994899971187443	0.435763470956488	17	6	0.0374244317231101	0.348004198436736
X9cf24ad9887eff6ca510f3629e38c25a	SampleType	Sample	0.642582233595344	0.28136716281075	17	4	0.0373763703282867	0.348004198436736
X6727c3bf49aac216bd6f65c6de201a53	SampleType	Sample	-1.52471612888537	0.668770052284137	17	5	0.0376588748873497	0.348847669280907
e293739f6148cc06666621b943e98b5c	SampleType	Sample	0.567077667276534	0.250134878728584	17	4	0.0385986085829613	0.356193243463297
f59dd44d4b98efdaf4996d73bea49c66	SampleType	Sample	-1.48434309792877	0.655638061459086	17	7	0.0388311132804428	0.356659696803066
b40fb7908173ee6634e537189d7d9f03	SampleType	Sample	-1.48729119380521	0.65737468762129	17	9	0.0389430653699268	0.356659696803066
X452de8dd2cd2ef65e74ca756cc3f995f	SampleType	Sample	-1.68051628600557	0.744026745167405	17	8	0.0392282857269116	0.357921238568475
d6a53f23c49f350be6c7232ceee285ae	SampleType	Sample	0.750266104302848	0.334464063821976	17	4	0.0404130847937742	0.367350399979363
a80eca7c4eaa9b9866458f8ab2f1837f	SampleType	Sample	-1.02275205054415	0.456739850514199	17	5	0.0407201438474292	0.368760407155637
X5d0f35ba3e7d0ebce9788d34229f1ade	SampleType	Sample	-1.39905167749703	0.626175070147323	17	16	0.0411094866546086	0.369528607817537
a07bead8269358c612b6f4f5e57ed03f	SampleType	Sample	0.667324473682304	0.298636603442239	17	4	0.0410867729551671	0.369528607817537
X65adede6cf41317f400f09c12f0b4a73	SampleType	Sample	0.786125024913768	0.353711712380346	17	4	0.042047703703219	0.3710900977735
X15e508d7033194f0da8e0cd7631ece66	SampleType	Sample	-1.34694494688991	0.605346995820701	17	4	0.0418407677726902	0.3710900977735
bd7e0ad74eda8fa1477cf524f4f19e6f	SampleType	Sample	1.70017830159071	0.763423842912863	17	8	0.041683641212341	0.3710900977735
fc7b257064027e1bc2b6fbfb4584677d	SampleType	Sample	-1.12089764919216	0.502801623221132	17	7	0.0415035582520334	0.3710900977735
X944bad048e0ea316aa96276bef89f178	SampleType	Sample	0.762784307394243	0.342935529362172	17	4	0.0419049122206231	0.3710900977735
fe5112809e597ffaed49705c6953ec36	SampleType	Sample	1.90557750386203	0.864926325002156	17	5	0.0436309749413612	0.383668029647405
c4b4eb88228f525fa5022dc43b06db26	SampleType	Sample	0.67784156335501	0.309367120582445	17	4	0.0446505712839827	0.391216377278794
c12f852b60667c53ae671fc9bf6fdb9f	SampleType	Sample	0.673568340190209	0.307851695372637	17	4	0.0449147230297621	0.391241369316767
X24c4f8fc214a98c1a695f950719f2c6b	SampleType	Sample	1.10596647988198	0.505642438467584	17	7	0.044975831083386	0.391241369316767
eba5bfd092583ac8fee5fa9f326dbf28	SampleType	Sample	-0.873475279106169	0.401158339560985	17	17	0.0458287420557465	0.3954411716833
e750785f4ec0290b5b57ccbb9f86296c	SampleType	Sample	-1.04140442712737	0.479093638697766	17	11	0.0461511657671965	0.3954411716833
a6905f293d92223e65dd6e1631fc40e8	SampleType	Sample	1.60445099102431	0.738705214291625	17	14	0.0463023197062732	0.3954411716833
X0003367c233ad8b39a1434737ecbe030	SampleType	Sample	-0.418635632347022	0.192618355378912	17	3	0.046177744064591	0.3954411716833
X85f275f07245d382de56e5343580a261	SampleType	Sample	-0.989154429636186	0.455735314406493	17	5	0.0464362315326496	0.3954411716833
X1a54937846f30a70ac6f851ae7d07111	SampleType	Sample	0.894889571961655	0.411858775174519	17	4	0.0462293519528573	0.3954411716833
dc686f93caf01671dd3a684642347753	SampleType	Sample	-0.422736037289979	0.195145279770078	17	3	0.0468078700626677	0.397212240007324
a7545bbd4b4b7719c8d9e432d4d8fc44	SampleType	Sample	-2.18231394299474	1.01136715685675	17	9	0.0475672988608593	0.402250293851239
X55177c21ecc38c408908762a95ca460f	SampleType	Sample	1.97019077818978	0.916096204072194	17	8	0.0482165600418334	0.402653421276213
c191261eecdb2363498ade5aaa7c186a	SampleType	Sample	-0.460408383038212	0.213819498355463	17	3	0.0479776737650068	0.402653421276213
X6882b4c1d276f5904f8d791be8d4df17	SampleType	Sample	0.878219485640856	0.408481953743351	17	4	0.0482785931567276	0.402653421276213
X30cf787d0c8cbfb3a0b68a48c8fc44b8	SampleType	Sample	0.776442079607037	0.360980554052983	17	4	0.0481902884618309	0.402653421276213
X93cc5ea790525e0577db4007eeb52d35	SampleType	Sample	-0.448155341971981	0.208678486191264	17	3	0.0484960359436584	0.403081778202942
d350ed02e3e8ac5ff62590f2f6fa3906	SampleType	Sample	-1.30842772508693	0.611865837550592	17	14	0.0493449498564122	0.403180994304912
X4bca09b0e91f744c4183dd594d3790f4	SampleType	Sample	0.981196732241073	0.458134206526371	17	12	0.0490376460416332	0.403180994304912
X7bbc62177baff660f822fd1f5ec70b87	SampleType	Sample	-1.96110522407011	0.91569730831837	17	10	0.0490442453840857	0.403180994304912
X81740d08517e1c4878c4af397bae845b	SampleType	Sample	1.10039355630328	0.515154051578051	17	4	0.0495671649513829	0.403180994304912
ea35e19076b89bd364590d06ab875623	SampleType	Sample	0.711353217252468	0.333195429361782	17	4	0.049670835309917	0.403180994304912
X002085ea8c3c04471dd214414320a048	SampleType	Sample	-1.4497627014645	0.678267651817756	17	8	0.0494359043010846	0.403180994304912
X939bc9462e0842a9c6e7c7b1462fe546	SampleType	Sample	-0.491436115108828	0.230143978447262	17	3	0.0496333528382079	0.403180994304912
X47b468346512c1ac0eba1b1732757602	SampleType	Sample	0.982735145091507	0.461110391102595	17	4	0.0500201703685782	0.404663178281798
X865bc3660cbff3e921474cd55b1167bd	SampleType	Sample	-0.494456875901232	0.232236189654905	17	3	0.0502213734108929	0.404941107203445
d892e186f5d0faef3dcb94743201ac8a	SampleType	Sample	-0.460009635178013	0.216324727362417	17	3	0.0504719822221158	0.405614241235348
X36061aea77269738eef7196df1e43be9	SampleType	Sample	-0.501274167685994	0.236025403504013	17	3	0.0507264427293634	0.406313783842128
X31b6bd37545a70f63343ae664b031625	SampleType	Sample	-1.31439770971939	0.619914714245295	17	5	0.0510652500306397	0.40768211126435
c344c6c584c663a222c735d50eabb47d	SampleType	Sample	1.47042066508153	0.69440747136535	17	8	0.0513327871673848	0.408474342476206
X5c72bfc5c2c03f4ce353dab0ca1335e7	SampleType	Sample	0.673703009815921	0.319234094941522	17	4	0.0520290375661268	0.412298506295261
X58740cf13d9e581cd704dfa8a4de6948	SampleType	Sample	-0.509824338672168	0.241725015547607	17	3	0.0521531279079708	0.412298506295261
X8cf2d6c9fedeb3cb3dbd20d6d82eabc3	SampleType	Sample	0.962349284838119	0.456734366995951	17	8	0.0523585570315224	0.412578629595795
a92a70a830ce3912a908e38da18d2966	SampleType	Sample	-2.10939048442319	1.00414173484333	17	14	0.0529864206774567	0.415368767683199
X7853a5d53a679ba8fd1e537fe9c7c8d1	SampleType	Sample	-2.28302812713361	1.0871545656978	17	9	0.0530549311832681	0.415368767683199
ff838d7d86df5d3fb7a0317b605da95c	SampleType	Sample	1.04404733718853	0.497981449622383	17	14	0.0533998045092458	0.41555121624056
X2dddbf9371fbc45804d4a92724c4dd2d	SampleType	Sample	-1.21665535486639	0.580368181258943	17	4	0.0534206755117654	0.41555121624056
X55f551c495c9fbdf4e7605b2c22444bb	SampleType	Sample	-1.99053673059862	0.95047847463985	17	15	0.0536324047522854	0.415865323750149
e41e9d9d19eaa06e99b9b74fbe60fdd4	SampleType	Sample	-1.65238118823081	0.79016838681874	17	5	0.0539428528111162	0.416452247560879
X5c4119c2af078778441726ad7e04a253	SampleType	Sample	-0.530505658331028	0.254005976252467	17	3	0.054209034831029	0.416452247560879
X319aab5b67538c018b47b24b49ff3bfc	SampleType	Sample	-0.539989815230421	0.258563810783567	17	3	0.0542228719527143	0.416452247560879
db79242c961c3c2e613ebd14d7e1e3ce	SampleType	Sample	1.90952088991707	0.92042249402465	17	10	0.0556458115470162	0.417465600813825
X13bfbe035d4afd772a36eb36a3175948	SampleType	Sample	0.896362896818017	0.431292671653633	17	4	0.0552607842493407	0.417465600813825
X3179789dd5bc82ead4c4d25f9b405e08	SampleType	Sample	-1.03538629260388	0.498789751732548	17	6	0.0555224969602239	0.417465600813825
X8e1dadcb1b5483dbcc99038f091ba50e	SampleType	Sample	0.821680297215593	0.396191662564303	17	6	0.0557154139728016	0.417465600813825
X8cbf652a2d158b381d513998bf5e8f82	SampleType	Sample	0.898900264201492	0.431276639961354	17	8	0.0546462389557606	0.417465600813825
X789fd7219bb913aa0edeea9c040d3d06	SampleType	Sample	-0.916881916174296	0.442211437397821	17	5	0.0557723278081023	0.417465600813825
X990b5c094e9f37fc4710137ca290d393	SampleType	Sample	-1.08029819632319	0.521340772254901	17	6	0.0559028925688063	0.417465600813825
X666ad60a9bd4bdd206774aac7669f653	SampleType	Sample	0.859257066797747	0.412850383958127	17	4	0.0549545550706879	0.417465600813825
X9f97ce04cbc3e5da1e9750fe1f8c6ce1	SampleType	Sample	-0.479880269627522	0.230367492858228	17	3	0.0547663774648663	0.417465600813825
X9fdf06c3cb2d32b8b07e5644e95d18ca	SampleType	Sample	1.44659497140764	0.702784709477363	17	7	0.0573631231762814	0.418547102393281
c7cb7643fc5fafa0a5bf16c565c2a49b	SampleType	Sample	2.02744364894709	0.982500719222038	17	14	0.0568102220532068	0.418547102393281
X45f0818a8f498f865175020def40c661	SampleType	Sample	-0.596280381829224	0.288781330469483	17	3	0.0566762393666425	0.418547102393281
d68e97c77530e15c3774f6830604a0cc	SampleType	Sample	-1.14734331406642	0.560980534325612	17	8	0.0587870471594174	0.418547102393281
X10dbbe438378754c4dc5e77443b7fac4	SampleType	Sample	-1.33156960291442	0.65102438358128	17	10	0.0587761911978937	0.418547102393281
X8d13e288b62a6627cc9a6d410ebfc193	SampleType	Sample	-0.846952395654327	0.413137749123936	17	5	0.058262526251492	0.418547102393281
X46a7475bfbd3a0d1254bcf3bf02c594a	SampleType	Sample	1.2056272999883	0.584290764025915	17	4	0.056826315988005	0.418547102393281
ff4a3ae241768379bc4514556b875686	SampleType	Sample	-0.635149305526059	0.309974928645149	17	3	0.0583729211493873	0.418547102393281
X2f660457bd1d8d841364e08e96507d08	SampleType	Sample	1.28188622003475	0.622556990759624	17	5	0.0572890905447884	0.418547102393281
b0dbb8722e6bae57ffc2b42325d33a40	SampleType	Sample	-0.650927039444828	0.318980134417678	17	3	0.0592930285709638	0.418547102393281
d513e452420cfc3cb7bd4040afee7b4b	SampleType	Sample	-0.574455849891598	0.280957981711133	17	3	0.0588543787297319	0.418547102393281
X9bc141b376d39d2f50ad26c632075a42	SampleType	Sample	-0.628263931053982	0.307437791029568	17	3	0.0589735479769735	0.418547102393281
X7f9b0beeb727eac95f16479e0f7f0e7e	SampleType	Sample	1.00597120305232	0.493410950227872	17	4	0.0594968068915047	0.418547102393281
X692905a8e1c22f7077d1cbff1b1afc04	SampleType	Sample	-0.533345667893537	0.25868634012573	17	3	0.057002677462839	0.418547102393281
X3df6191a235894182ffcb9b114abe52b	SampleType	Sample	-0.621502953211124	0.303212954554107	17	3	0.0582977973166835	0.418547102393281
X6add28da8998d141c3454ffb0d618c15	SampleType	Sample	-0.498180489244895	0.243298754203034	17	3	0.0585285383692435	0.418547102393281
X838f985eb7e6e24e775d0f053a54762a	SampleType	Sample	-0.49987986922628	0.244718947683954	17	3	0.0590702922270327	0.418547102393281
X97a5ae2bab212bf17afea2aa68bf5758	SampleType	Sample	-0.533177645800751	0.258968120853832	17	3	0.0573118129873303	0.418547102393281
X989a56559e9e050e447c78292cbd08cc	SampleType	Sample	-0.653919967831087	0.320717394785149	17	3	0.0594836286045212	0.418547102393281
X5c179317322c2fe5bb39c10df122cec3	SampleType	Sample	-0.600738067968894	0.294362893459179	17	3	0.0592756753528312	0.418547102393281
e30f2240792c6b70b56bf50df34be4b6	SampleType	Sample	-0.496005886224582	0.243541702132606	17	3	0.059738277264352	0.419031210753128
X030df865d6a5b66005c10179478c26b7	SampleType	Sample	-0.650344511574181	0.319958556599594	17	3	0.0601901829007466	0.42098436282453
d99c975c4769ca942e4ad18aad95ed25	SampleType	Sample	-1.50050418600399	0.740154099279009	17	6	0.0607872074894786	0.421574492692947
X85a2838176a44416fb97822da4d8ed58	SampleType	Sample	0.908954023559994	0.448376529275428	17	4	0.0607956623166591	0.421574492692947
X53c08e5b3d179c124cabeed357cc2135	SampleType	Sample	0.994833309486081	0.490586350094139	17	4	0.0607239960471975	0.421574492692947
X0e9d334f913b5ff2d32252ec7e90a28f	SampleType	Sample	1.33832625663694	0.661906347830686	17	4	0.0613959790349501	0.424099645824813
c816e73177f1bb2f0de31e8d6a787e9c	SampleType	Sample	-0.67784093494615	0.33540962845351	17	3	0.0615093017430301	0.424099645824813
X61771b37cea411a6c3f65546fcb0d14d	SampleType	Sample	-1.17903554872331	0.58674182751169	17	13	0.0628334203879336	0.42478192557525
X2ea0ae7a46fdf3b091edc5449a40e332	SampleType	Sample	-0.672649001444472	0.33406351662691	17	3	0.0623602623771902	0.42478192557525
a41e4eb0370d0a492d555987eb141d89	SampleType	Sample	1.31123851034943	0.651954150213559	17	4	0.0626261498139781	0.42478192557525
X490f7022ae9936cc74482d629b706226	SampleType	Sample	-0.635800704829163	0.316262530083772	17	3	0.0627291816513049	0.42478192557525
X720708e339d91e5adace23fb384531f4	SampleType	Sample	-0.62801921885427	0.311659724888745	17	3	0.0621818422531432	0.42478192557525
b3e59fbba3c595e3c826b15ceb8878bd	SampleType	Sample	-0.601772692810459	0.298196017289531	17	3	0.061840510609817	0.42478192557525
X66d11ae6df2db29b267986da808e1eb5	SampleType	Sample	-0.63909571891395	0.317936303499676	17	3	0.0627547583168454	0.42478192557525
X1763dc4a22fc8cb237e177fa4fe2083f	SampleType	Sample	-0.638359734013316	0.317970085347338	17	3	0.0630496896047209	0.425059990751827
e6b3976e80dbbadde921f57e3d205892	SampleType	Sample	-0.658020180651122	0.328016989425245	17	3	0.0632316262918855	0.425105698089768
X222fb06799fd248024d7a08001eb6681	SampleType	Sample	1.6856880627093	0.842895697010723	17	4	0.0639595254374311	0.428811514465871
cd695e19068c7dfedb4ca99b2278d3fb	SampleType	Sample	-0.71930271420551	0.359959085062356	17	3	0.0641477650927728	0.428888776529365
X0c547f558c7b4df083b47ff27fa3d3a2	SampleType	Sample	-0.581805390514941	0.291419848168042	17	3	0.0643665450397327	0.429169243987448
X23cfcd79f50cfe6f471d5fa0f8d60ba0	SampleType	Sample	-0.728923085053149	0.36542128538506	17	3	0.064569778432347	0.429344800699469
X35d4889389d56aa9fa7ef7fa15885880	SampleType	Sample	-0.748239262696517	0.375392073464226	17	3	0.0647523750529105	0.429382552604956
c7943f358ae7912097b492ab6d4c4057	SampleType	Sample	-0.643591659326036	0.32322505149602	17	3	0.065000046360295	0.429850442824076
X2598412b8a24c6874da8610e4f9deded	SampleType	Sample	-0.697361672306314	0.350759472088106	17	3	0.0653625764600505	0.429903458610412
ad6847c64a5f55160daf02a9ee834d94	SampleType	Sample	-1.08419582422691	0.54573104066445	17	5	0.0655394642298527	0.429903458610412
c20e2104b209cdebf58f8aae68e235f9	SampleType	Sample	-0.753218014254307	0.378749606686286	17	3	0.0652963254374675	0.429903458610412
X97cb2352342fd78079411b83c853d2c7	SampleType	Sample	-1.06120757631223	0.536069489927589	17	5	0.0664015677045165	0.431135430334124
e2b87ba027da4610ce0901256fe147de	SampleType	Sample	-1.48487650500742	0.749721896128824	17	8	0.0662838384275219	0.431135430334124
X4adae9a07fd6254c8191147328ef3c67	SampleType	Sample	-0.719981847619589	0.364073541233657	17	3	0.0666514447707936	0.431135430334124
X0086dc5db7606294d31e898aa5bef5f8	SampleType	Sample	-0.719274771021754	0.364458361168125	17	3	0.0671484106577251	0.431135430334124
X5b4006d0de913f6642cf183cb20be492	SampleType	Sample	-0.567359889351234	0.287334215465645	17	3	0.067022267296286	0.431135430334124
X6ab76585a82b49ea75d3b88f014abe49	SampleType	Sample	-0.738752939104157	0.3735858255823	17	3	0.0666646576395829	0.431135430334124
eeed025cf73d55fed9f0ed4848a8b09e	SampleType	Sample	-1.28218599961157	0.649621434325526	17	4	0.067123788716274	0.431135430334124
X7f687696f29bce6ac50239b7bad352cf	SampleType	Sample	-0.643712942947424	0.325709413075408	17	3	0.0668030041163896	0.431135430334124
d2455d996ba8da5f6a914c5bf2e76bdb	SampleType	Sample	-0.720781874970938	0.365847903968756	17	3	0.0675675456145611	0.431543245280368
X5b9961796686e071205ce9e49bd57a66	SampleType	Sample	-0.533143250630247	0.27047196989675	17	3	0.0674442956437925	0.431543245280368
X81496373f17893e8c78889b21b9d9781	SampleType	Sample	1.81888096853061	0.92446435342126	17	7	0.0679007973077814	0.43253342537004
X781dc7df561ebf1857310bc358310e9c	SampleType	Sample	-0.802947709263853	0.408652430197743	17	3	0.0682303969723256	0.433495218460299
bd704202329f8ef0e1b2266e6861ca88	SampleType	Sample	-0.794347641325098	0.405300562949293	17	3	0.0688571203428108	0.436334806976506
d88c1b4a0db578b43dc2d789dbcd36e8	SampleType	Sample	-1.15968473995991	0.593806699893087	17	11	0.0697399306221899	0.436539176550919
a8c1050a587c5351b60d6de197951534	SampleType	Sample	-1.36722303629002	0.700211396608744	17	9	0.0697887105487253	0.436539176550919
edfbbf3ed5de4f8727453b4e452c4250	SampleType	Sample	-1.27088977882731	0.649745850840191	17	4	0.0693548977471447	0.436539176550919
X31d265fd1f8922e3c8d191226939a7e6	SampleType	Sample	-0.840643749539157	0.430334127612347	17	3	0.0696758023440722	0.436539176550919
X7214b44793e8e16ec34c2344996ca42e	SampleType	Sample	-0.600290920676728	0.306836323683389	17	3	0.0693028791019881	0.436539176550919
a60edcd9947213e9b1a06066205fc4af	SampleType	Sample	-0.842033827438926	0.43196666315419	17	3	0.0702107388543876	0.43805003393213
a619caa5848df9525980658feb62675b	SampleType	Sample	1.16170482609484	0.598558746717587	17	8	0.0713096067058267	0.441676859869904
X49b49aa4f854bfe985ddbf1f9ab8f276	SampleType	Sample	-1.27737920739696	0.659558299303657	17	4	0.0718496516592239	0.441676859869904
X46b77c3ab50ad76792ced826d2122353	SampleType	Sample	-0.859910206917034	0.444005140796902	17	5	0.0718505599712261	0.441676859869904
X975e2cc2780fd75ae872dfa91096a231	SampleType	Sample	-1.49975054501108	0.773903070509732	17	4	0.0716937619057189	0.441676859869904
e10ae45489e525f1d908687787a7354f	SampleType	Sample	-0.743842344267716	0.383817919131118	17	3	0.0716801700472331	0.441676859869904
X8b9cc2b6c48ff90646d6bae5d67b7647	SampleType	Sample	-0.633734054553715	0.32726445249129	17	3	0.0718839553558353	0.441676859869904
X31b63d934ca6afba84fdbb3174a7723f	SampleType	Sample	-0.559691713115309	0.290526429062574	17	3	0.0732093613891593	0.443090075041121
a2ef984d2fbacbecde31dcca67e3a54b	SampleType	Sample	-1.48579128801546	0.771009548377554	17	7	0.0731293424296538	0.443090075041121
c30cad9fcfd8f81ab1ad5e4fd7791450	SampleType	Sample	-0.949813424718936	0.492444220983844	17	8	0.0729021951270283	0.443090075041121
ffcecb25784e016f346eb481a85629d4	SampleType	Sample	-1.25790727255277	0.651094948501657	17	4	0.0724747975431385	0.443090075041121
dd8b183c024b614bdbccc4893e76acfb	SampleType	Sample	-0.615584385239016	0.319284326285161	17	3	0.07300365772339	0.443090075041121
dbbe4a158a5f3a469bfa642f0f0149b3	SampleType	Sample	-0.905645079589282	0.469035367364671	17	3	0.0726234989745821	0.443090075041121
debc0007bfdcefb74927da6756a0e949	SampleType	Sample	-1.18960560122991	0.619754468220333	17	7	0.0741510899984825	0.445457166896824
X1a4f7d19c258bccf264fb13efefe3786	SampleType	Sample	-0.854681848735035	0.445179359032501	17	3	0.0740995611886195	0.445457166896824
X018db12b8795aa59b6643e3496348e2b	SampleType	Sample	1.41343784730416	0.736147148850008	17	4	0.0740740697822435	0.445457166896824
X2131436b842ab74769e118306cb5eb47	SampleType	Sample	-1.52591561241813	0.795784319098684	17	12	0.0744195949228386	0.445966313278344
X146391f29d4cc4afb7fb24facf6df8df	SampleType	Sample	1.99225926481772	1.22735033985174	17	17	0.125366429664977	0.446440788707865
X111e656543ece411bd2a1eb66fe7c829	SampleType	Sample	-0.506107269372646	0.360283390995135	17	2	0.180465639796122	0.446440788707865
a634a2821a34209d91ff6a23afaf0749	SampleType	Sample	-1.03970919400439	0.739999560330754	17	15	0.180388127974458	0.446440788707865
a30387bf30a75f6ab45d6e8ba3082804	SampleType	Sample	-0.328564343848106	0.209503843276273	17	2	0.137662112159994	0.446440788707865
X75db9b4fe7a0f119947425627d6891bd	SampleType	Sample	-0.460036881955971	0.319643134482119	17	2	0.170629123116127	0.446440788707865
eda779de9198f9be9317ecf6596927a1	SampleType	Sample	0.671182475366488	0.412063074935848	17	17	0.12416419924464	0.446440788707865
a34bef55267cd0e29ab88c1749b5f67f	SampleType	Sample	1.63591472041759	0.879296344650355	17	14	0.0825365728817723	0.446440788707865
X749d814406a2b1cf400824f23cae8af6	SampleType	Sample	-1.19376183052204	0.705834446354812	17	17	0.111449199921142	0.446440788707865
X0e4324eee7005e82de8f34a668a35d53	SampleType	Sample	-0.841085860946123	0.634928083389269	17	13	0.205100797548575	0.446440788707865
bae957b9ca156334a740e37e8e72fffa	SampleType	Sample	1.326022265058	0.966149034732097	17	14	0.190088383560334	0.446440788707865
X61130f51b6bcbf8a0951ab51792f7f5b	SampleType	Sample	0.898957947553646	0.563011293118514	17	17	0.131181754249225	0.446440788707865
fbcc4b1b852cf931033fb27fbc44e355	SampleType	Sample	-1.00216573540058	0.612362632594259	17	4	0.122526986446002	0.446440788707865
X624e722f9ce73da36d9972d68241ef8e	SampleType	Sample	1.02869849864894	0.709357744732651	17	14	0.167595260937498	0.446440788707865
X3022aecd3cf0ed1b4e11f5f364b31690	SampleType	Sample	-0.968345447912578	0.576607624860216	17	16	0.113780148576926	0.446440788707865
X36602542caa215eaa04c5068fe515205	SampleType	Sample	1.004928239648	0.685413195463765	17	15	0.163252665796527	0.446440788707865
ddaebe95bb6bee3bffec43486832e623	SampleType	Sample	-1.26242387532172	0.770856793259192	17	13	0.122288276503384	0.446440788707865
X6845fe55f2b4f051a22bc167ef2b80ea	SampleType	Sample	-1.58593722518284	1.02845027272404	17	14	0.143887819029389	0.446440788707865
X6579b9e9f5dd9b16b74ee8ae0a5cbe12	SampleType	Sample	-0.358129657950466	0.233113499715968	17	2	0.145290222301397	0.446440788707865
X96d5943942c7edf511b73c474e1e59f5	SampleType	Sample	-0.459010295513134	0.318745383903981	17	2	0.170397048285141	0.446440788707865
X49ceb09eaa75e328c204399aeee948c8	SampleType	Sample	-0.368412453905351	0.2415317964519	17	2	0.147985907426995	0.446440788707865
f5115ccf98df08b2412f105c64777e96	SampleType	Sample	-1.13031126149508	0.775093723597431	17	3	0.16538055862697	0.446440788707865
X3441776b98130021c6d426dfd2725cf6	SampleType	Sample	-1.08258457696999	0.770108436740952	17	10	0.180171461940174	0.446440788707865
X368d8403c6cc4e29e24c23cfce3bcd0f	SampleType	Sample	-0.969389845692764	0.71387756674549	17	15	0.194565263831261	0.446440788707865
X8b1ed291986a9ba287b8306889282c9c	SampleType	Sample	-1.43695843445569	0.791858764767429	17	3	0.0896225656221122	0.446440788707865
X12367a7c220bd6a2c224b7edbfe6b8cc	SampleType	Sample	0.235767179123503	0.16636836192194	17	2	0.176877480994289	0.446440788707865
X3745c356ad1072eb6338d9b3808a4b31	SampleType	Sample	1.50246044713324	0.85862681210248	17	11	0.100568396601089	0.446440788707865
c0cbc7be02ab7ab71ae694861accc33d	SampleType	Sample	0.97228559819895	0.535142406162786	17	8	0.0892691286910105	0.446440788707865
X7fb90deff7e4c9d723398463bac7c595	SampleType	Sample	0.813642527594414	0.483039087133712	17	6	0.112787264103269	0.446440788707865
a0f7f6e63c67b3bc93697958bda66962	SampleType	Sample	0.286872725918437	0.208493720442404	17	2	0.189040650238795	0.446440788707865
f9bbc6849eb6a19aa9edd4bd1fa8946c	SampleType	Sample	-1.32670895491882	0.90462673705621	17	7	0.163140481190117	0.446440788707865
X3b354dc575ff72cae474c8c6917d32de	SampleType	Sample	-0.403634499183887	0.270992733134599	17	2	0.157088690627297	0.446440788707865
X124a32e627a3fcf5847dd0939885c442	SampleType	Sample	-1.15998588054016	0.865761986501921	17	12	0.200241858048423	0.446440788707865
X659058dc692923e0741772981e6fc52e	SampleType	Sample	1.4961562925998	0.934536692973946	17	9	0.130231510738548	0.446440788707865
X2de7cba081c75a92792e11063972dd1a	SampleType	Sample	-0.369379800751557	0.242328485380744	17	2	0.148239326949565	0.446440788707865
X45ed967d7872177cb7a2c99505c352f4	SampleType	Sample	0.536398322715964	0.305997480789768	17	3	0.100017708703704	0.446440788707865
X7c17dc1a855a11dfc9beb31f5cd52fc3	SampleType	Sample	0.884271261286949	0.510018487593206	17	7	0.103451690556817	0.446440788707865
X87840ae42f96525d12342d1c69d1461c	SampleType	Sample	-0.535470820487545	0.386482169154717	17	2	0.186157088273645	0.446440788707865
X664ddcd6b4bdb13116e4a71964fda54f	SampleType	Sample	0.81717777108502	0.504939097701581	17	7	0.126413132044634	0.446440788707865
X46388c59bff00613f3fda8851510ccc7	SampleType	Sample	1.14843932222313	0.859287317146283	17	9	0.201305652776208	0.446440788707865
e0c54024e47e5c289016e750ef81331c	SampleType	Sample	0.811737322583435	0.49538772411796	17	3	0.122098844368894	0.446440788707865
X86be5888dd2d3ab174b406bd0756ef62	SampleType	Sample	0.289874301366257	0.211142498720556	17	2	0.189965803150373	0.446440788707865
b2c7f912f0c9c47667ab4ecdc1bff415	SampleType	Sample	0.82794613358061	0.503228884357713	17	13	0.120702243589091	0.446440788707865
X7ccceb323aa33324446ba0ef7fad7817	SampleType	Sample	-0.796340448884838	0.417555567588395	17	5	0.0758375841879514	0.446440788707865
ae2c3c090e68c8b04cfa960a607e3b8e	SampleType	Sample	2.50770155877619	1.31844404285393	17	4	0.0765496902805836	0.446440788707865
a2d13a41cb93aa83a2d49960951ffdf4	SampleType	Sample	-0.275062542947239	0.169996567311171	17	2	0.126482736993898	0.446440788707865
X31f02db7276788649e73005201477002	SampleType	Sample	1.20924139103651	0.908629959719263	17	6	0.203118369126145	0.446440788707865
fa23daf33387ebacfe81878df1c3c54b	SampleType	Sample	0.775075944003727	0.54638397137271	17	6	0.176471244944105	0.446440788707865
e211862b5de01edab4175e1977cdbf8c	SampleType	Sample	0.33782946938366	0.255164748593328	17	2	0.205336857058547	0.446440788707865
X4231c0e22d02619ed9ba049d6dc49d00	SampleType	Sample	0.952451747973203	0.578903308885618	17	7	0.12070190481419	0.446440788707865
X169a0f5e6200d8505cc9a7bab3b1db9d	SampleType	Sample	-0.637292228969075	0.478523106315223	17	2	0.202813443222799	0.446440788707865
X519c6acaa408476b29fc7dfdeea67efe	SampleType	Sample	-1.16791358356403	0.698646559559706	17	6	0.115312381094517	0.446440788707865
d716a2ded258ca46c50a32125c36cb8c	SampleType	Sample	-0.959758738694322	0.66040724074024	17	5	0.166745424190375	0.446440788707865
c3dc32f96291667501f1b97b830e734a	SampleType	Sample	0.783057653562773	0.41119309767331	17	5	0.0762244079411793	0.446440788707865
a65cf30f8f9830e623f92a7ad8f180f0	SampleType	Sample	1.45566268853923	0.999240245673822	17	10	0.165794033006661	0.446440788707865
X70c039d8c51974900eb441e93620c97e	SampleType	Sample	1.41907641797921	0.757201608178183	17	5	0.0805280231559852	0.446440788707865
X3b437c4d2375e717fe51983c24c322da	SampleType	Sample	1.00775075950295	0.607614573659772	17	6	0.117967987073259	0.446440788707865
f59d7c1cddb8b746750780d02843581d	SampleType	Sample	-1.33222371430024	0.972051776449192	17	10	0.190684459142268	0.446440788707865
ad0c664dea2cf8fdbaa4a4257eb7befd	SampleType	Sample	1.56767392829366	0.915652214655173	17	9	0.107471162677742	0.446440788707865
a23b5047a994e4335c9629c0d1bc31df	SampleType	Sample	-1.3440956613243	0.764195735249809	17	13	0.098982278049848	0.446440788707865
de0ded10c202a9f6049bc7f0e453694b	SampleType	Sample	-0.584303941488792	0.430431191369961	17	2	0.194700805088125	0.446440788707865
X73f95638ad5e78c543092b62f5631caa	SampleType	Sample	-0.610551932411238	0.376851636117905	17	4	0.12603038440471	0.446440788707865
X60e2e500caea157083afa0e7994e7656	SampleType	Sample	1.38904265605136	0.811832936864777	17	7	0.107676209763575	0.446440788707865
e9c7ca3a06b4e65273b0a22923f82313	SampleType	Sample	-2.18425229044836	1.27317971557902	17	7	0.106813589298138	0.446440788707865
c1341686134e4ccf6ff9204c6079811f	SampleType	Sample	-0.915302750399339	0.612836116908427	17	6	0.15602808710089	0.446440788707865
d5fcf5df971a070340323457c4cb20ce	SampleType	Sample	-0.603911143419269	0.448184425928988	17	2	0.197833878879942	0.446440788707865
e81f6d9916ef6ba0c290e586b2183b5f	SampleType	Sample	0.98128413585626	0.644958990172282	17	9	0.148941488521878	0.446440788707865
X75c8a82d29330620f3f954ce98f33905	SampleType	Sample	0.224679782178985	0.158221411277881	17	2	0.176047848733262	0.446440788707865
f5013385fa67e8c9dc55ebe2ac1c50f8	SampleType	Sample	-1.49876753405601	0.960255179905618	17	7	0.139417401493625	0.446440788707865
X7253d54afaf98cdc5250fb3743ccb37b	SampleType	Sample	-1.56967106043289	0.914901007223918	17	11	0.106797725647663	0.446440788707865
f34cdcd73e535507d29c29b19d01f658	SampleType	Sample	-0.679840047406221	0.41596433094746	17	4	0.122988366617723	0.446440788707865
X7ea06d2bb42e27fa68406d4602c2d01a	SampleType	Sample	-0.351071133856757	0.227391706926194	17	2	0.143443574427843	0.446440788707865
X631e1451e27bd0c65644a3c6d9f7b42c	SampleType	Sample	1.72828290238089	0.9203705725228	17	7	0.0799893716126883	0.446440788707865
b614e00062fca5a42aee5c0ffad06177	SampleType	Sample	0.885593883803386	0.567535290990937	17	6	0.13950699865189	0.446440788707865
c1e3d6a4f2a02d70acc7c3258e889732	SampleType	Sample	0.239398374408389	0.169130328320305	17	2	0.177358368260574	0.446440788707865
X71f35c7407e256690536046a7c26dfb5	SampleType	Sample	1.03287518960029	0.642616818746008	17	8	0.128830688656396	0.446440788707865
X7e6d49ee79001adc19db0967b5346d7c	SampleType	Sample	-1.0560590326973	0.590007043390975	17	7	0.0936717645774439	0.446440788707865
X21d2b8c9984ed702253bcab5a7a35210	SampleType	Sample	-0.794055549499661	0.569993180375157	17	8	0.183893469197846	0.446440788707865
f0c772873a1c03d317ac0d02e5d88258	SampleType	Sample	-1.4533535049971	0.780297961133092	17	11	0.0822269916156325	0.446440788707865
X436db6859b6a63d0a853ddf0ad09723c	SampleType	Sample	-0.359884820783347	0.234543672262283	17	2	0.145750241553495	0.446440788707865
X0348c09cb1ff1cd1e1208e2794eea6c1	SampleType	Sample	-1.21897171987362	0.668054134412388	17	8	0.0880322040563133	0.446440788707865
X040f76448324b926b56477c33fa5c72f	SampleType	Sample	0.898222008363735	0.632315034063876	17	4	0.175906212444539	0.446440788707865
a46c68ade453c5b8cdc418a30ff62c46	SampleType	Sample	-0.251710040368464	0.154714887447733	17	2	0.12457119402834	0.446440788707865
X72f863cafb495d6e0f463b001e7dc17b	SampleType	Sample	-0.622101215000234	0.466251635618341	17	3	0.202021732592744	0.446440788707865
d378a4de03e02db5daae83d3cd223cf4	SampleType	Sample	1.33458980793779	0.862158142252113	17	7	0.142467438092964	0.446440788707865
f79f7e82be925ea7d56a504a2dbefef1	SampleType	Sample	-0.611784317348393	0.455327796237798	17	2	0.19904745830983	0.446440788707865
X6389d560c5036679e1bff639b7f5a5bb	SampleType	Sample	0.281854579160069	0.204100355263682	17	2	0.18752020867078	0.446440788707865
X11b0e60705f547f47f549d2146d2cfac	SampleType	Sample	-1.41665754711622	0.821766709400063	17	8	0.105264651335635	0.446440788707865
dc9ed72ba2a4e89a9eb4f04ede08aa4c	SampleType	Sample	-1.28703257747045	0.795986704666723	17	8	0.126731130186568	0.446440788707865
fcd4f1369a7e61e6dfda99e1710ccc16	SampleType	Sample	-0.752896693147147	0.534927125078962	17	5	0.179670778950936	0.446440788707865
X1cd64a5ff62650fb5f56476e255ea941	SampleType	Sample	-1.73144454897825	1.09403387688472	17	9	0.134359576273069	0.446440788707865
X84a995c94371b6ba6a6c1272da8e1b24	SampleType	Sample	0.981817453484285	0.553132669027987	17	6	0.0961855169315288	0.446440788707865
X9f5bf0bf0fa780be0b7ab197316e91c4	SampleType	Sample	-1.72399180142891	0.921126152591299	17	6	0.0808922852607222	0.446440788707865
f0a6b61b8a65998ec885aeefd17019df	SampleType	Sample	-0.557361263968626	0.377331331533168	17	4	0.160331616043771	0.446440788707865
X993a6609cb6120cb5758850bd2226422	SampleType	Sample	-1.50519025964802	0.818147509649371	17	9	0.0856780200703734	0.446440788707865
db349d0f9b8d202b77bccedd5ec284b1	SampleType	Sample	-1.43616864402218	0.752145980571417	17	7	0.0755232133860178	0.446440788707865
d4e79f7c3c4a14a242a2ec54f7854a20	SampleType	Sample	0.915349961175902	0.599382506434525	17	6	0.147531335575697	0.446440788707865
X4d5ea57ba7338b0aca057fb93a24b82b	SampleType	Sample	0.270345628826987	0.194204051304655	17	2	0.184198033418999	0.446440788707865
b408f008ba73a691f5bf6c95eb64f578	SampleType	Sample	-0.291870178770819	0.181838550107906	17	2	0.129313349649274	0.446440788707865
X27e997926a556e38007174107ce8d5c1	SampleType	Sample	0.986063656699371	0.547607738601259	17	6	0.0918913490330594	0.446440788707865
X616996b708fff13f5146961f7ab1d376	SampleType	Sample	-1.56991682204179	0.864352969225035	17	8	0.0893620743576361	0.446440788707865
X293d3b7066f15134a2bd6a9370d9352a	SampleType	Sample	1.1742806827151	0.665883703703685	17	4	0.0981701484683652	0.446440788707865
X15c30ec5a5cb5f3fc6073508809a8ae8	SampleType	Sample	0.42812386623108	0.237636846195865	17	3	0.0917416548830256	0.446440788707865
X22ef78c3377fcf8d1e02f991eecd2893	SampleType	Sample	-0.337791745389074	0.216766967961214	17	2	0.140003192859051	0.446440788707865
X642e827f460c5d95f59e194ffe648b44	SampleType	Sample	0.30684174829921	0.226381151517956	17	2	0.19534269704777	0.446440788707865
e6acf6e76691883091b8419f0a670f59	SampleType	Sample	-0.708094561438409	0.405065253897978	17	4	0.100877942800749	0.446440788707865
X9ee24a36e3740e27fde374d20bc45806	SampleType	Sample	-1.23753682378772	0.662971741706639	17	4	0.0816216247634349	0.446440788707865
aae0049765cb105fc79821c26ece84f1	SampleType	Sample	-0.959532039229233	0.633471533847285	17	5	0.150629138804748	0.446440788707865
X1f9d114e8d3a20c7bb9811eeab731b17	SampleType	Sample	0.906484024473215	0.59322705090964	17	4	0.147309017349324	0.446440788707865
X64db8404bb5d297d9e37f6fb3ad2010c	SampleType	Sample	0.483075424455289	0.276033483004558	17	3	0.100529357730866	0.446440788707865
b7f8c3ecb00ba91604938b183ca1933f	SampleType	Sample	-1.64482731537729	1.18567141300055	17	9	0.185632317922514	0.446440788707865
ac4ac274d280050de041eaa56cbe3c92	SampleType	Sample	0.485721347207466	0.274094834702124	17	3	0.0966852224354079	0.446440788707865
f04fe6bfafef10ac2ab7c0525ef2b09d	SampleType	Sample	-1.10837810368639	0.742258723948351	17	5	0.156106238042438	0.446440788707865
d0759c304fc7b0b7642fb564dbce4e55	SampleType	Sample	-1.00099387105665	0.728850694149101	17	5	0.189813020628113	0.446440788707865
X06c409910eaf5f75ef54e303b000111b	SampleType	Sample	1.53387223574177	0.812180538827237	17	5	0.0784415993616438	0.446440788707865
X5f58cd871494492269ff595cbf4c6c44	SampleType	Sample	-0.289703238899419	0.180277931646883	17	2	0.128899914430696	0.446440788707865
e3a427a6309663e735d0f377619867d1	SampleType	Sample	-0.678589820100346	0.370272257614966	17	3	0.0867746046749818	0.446440788707865
c48971a2478c87d8d863fbfb715440bc	SampleType	Sample	1.05771988695513	0.654595633200124	17	3	0.126962445732719	0.446440788707865
X3a6a103fe8adb17da246884f091c89f0	SampleType	Sample	-0.996750640916187	0.562576571352017	17	6	0.0967422370850822	0.446440788707865
X577d976591e1cfe7603340048dfd1299	SampleType	Sample	-1.48246860287509	0.794795705060899	17	9	0.0818330771590326	0.446440788707865
d9bddde92ab4f75fcbdb3bc11a37c41e	SampleType	Sample	-0.614038600583902	0.339912665502299	17	5	0.0909471245936216	0.446440788707865
X86e12c61dee6a1e1bcc9035764d7dcd9	SampleType	Sample	-1.18817324347299	0.642552071061317	17	3	0.084241473848097	0.446440788707865
X644e54b8ec5af158bba8bd750443f3aa	SampleType	Sample	-0.292169571459559	0.182054906864439	17	2	0.12937143489778	0.446440788707865
X2dbc12bcb5aaaebfa0557243c998cf0f	SampleType	Sample	-0.273684408679057	0.169054135879796	17	2	0.126294767361007	0.446440788707865
X10dd3e8bab030cf25f3cdfcad69d50aa	SampleType	Sample	0.578083642720129	0.327860276521951	17	3	0.0982207282447541	0.446440788707865
X306ffef6d899eed21bb000c5bed42948	SampleType	Sample	0.719978090192914	0.490638528697227	17	3	0.162912502947185	0.446440788707865
dd14a85d55ab61c29b273f575f1632d7	SampleType	Sample	-1.05570472633178	0.571320214953541	17	3	0.0844410378698652	0.446440788707865
X7fe3b0d4a42d00b6320e1351766ff6aa	SampleType	Sample	-1.03660297472561	0.547183962929501	17	3	0.0776128643874648	0.446440788707865
X8fab9328be04b72fba4817db9e48b9ef	SampleType	Sample	0.749744729193992	0.550270659068248	17	4	0.193147936280773	0.446440788707865
X94a7a76b924dad1eeb46b645b35ce42c	SampleType	Sample	0.281854579160069	0.204100355263682	17	2	0.18752020867078	0.446440788707865
X4bfd33f4a11c52fbf680ca831858fd7e	SampleType	Sample	-0.848925787451554	0.638758813037981	17	8	0.203702666108465	0.446440788707865
X65ad44ad8d7d96c9f810fbed5c8066eb	SampleType	Sample	-0.655533995748932	0.4951550275371	17	2	0.205359415767271	0.446440788707865
b286420e1358b25de3044d4210998bd0	SampleType	Sample	-1.6053375580146	0.865886107026991	17	7	0.0835103617657886	0.446440788707865
X83298e13001ffe21fbe2234f3081383c	SampleType	Sample	-0.347686342284091	0.224665573407115	17	2	0.142561263066757	0.446440788707865
X55008a2eb4479de244e822f55b015c7a	SampleType	Sample	-0.512317901686765	0.365807858864094	17	2	0.181706030541231	0.446440788707865
X29bcbd6e828d6286c99f762d0da66bfa	SampleType	Sample	1.39972969774921	0.741717243715761	17	6	0.0786466297313064	0.446440788707865
be3cd5fc2d7aa7318a3cfe2900e669cf	SampleType	Sample	1.12604250383816	0.731662476757621	17	3	0.144625914704804	0.446440788707865
efaa83a0d66634a59d37855c60f19aae	SampleType	Sample	-0.787338589166416	0.52880182251187	17	5	0.157233376343888	0.446440788707865
X45136f2b52460b13f94fab4e2a6f2927	SampleType	Sample	0.289545909222465	0.21085196676557	17	2	0.189864077931024	0.446440788707865
X382df3e0baaef58683f1815a6dd0082f	SampleType	Sample	0.342217000133702	0.259321171487231	17	2	0.206734852878082	0.446440788707865
c9ff625533f762323c7053f121cdc82e	SampleType	Sample	-0.388775434562121	0.258457669127272	17	2	0.153289048972809	0.446440788707865
X91d04e3057a53158682f8c3742e6266a	SampleType	Sample	0.973565120122475	0.59488873894613	17	5	0.122528265754775	0.446440788707865
X8b21e9b07a620afad875efd5cf5cc17b	SampleType	Sample	0.642605023291314	0.381540638651303	17	3	0.112823842012961	0.446440788707865
aadf15eecadb292d444c66b51235c196	SampleType	Sample	-0.706977676641904	0.517554642768444	17	3	0.192072176334565	0.446440788707865
X7f821b26f148d93626119f434dd5b5a5	SampleType	Sample	0.272137606657999	0.195727412865269	17	2	0.184697064938474	0.446440788707865
X9630f9ee63cc0be75cd903690c6ea353	SampleType	Sample	-0.414271579111968	0.280048386297055	17	2	0.159757369779517	0.446440788707865
X2737b612b737ccb40655db0662dbbcb1	SampleType	Sample	-0.685193168123989	0.364688977151077	17	3	0.0798401407760695	0.446440788707865
d4aebdb2bbeade9511456476cf129fa7	SampleType	Sample	-0.859340323166398	0.470443388407957	17	3	0.087716946350299	0.446440788707865
X609c7403d0fd197b074e66e173439e02	SampleType	Sample	0.671331516093859	0.397972496949935	17	3	0.112306289905496	0.446440788707865
df38aff51861c1ca55a59efc8c912829	SampleType	Sample	-0.397872800233182	0.266115455962031	17	2	0.155624432061209	0.446440788707865
e11a7c3dc2f795a675bfb440c319bbc4	SampleType	Sample	-0.567804252933821	0.415535835140237	17	2	0.191936297007089	0.446440788707865
X2449d31f99d74b795c23c0fab50f6376	SampleType	Sample	-0.944895320485719	0.525676961618667	17	5	0.0924161289314747	0.446440788707865
d284a43c85080ee7cba1cf0e98e25965	SampleType	Sample	-0.351806319411792	0.22798537670762	17	2	0.143635551186612	0.446440788707865
f888888f4cee84688d9a087f2ac4071a	SampleType	Sample	-0.562092455010177	0.410389696997222	17	2	0.190950920396483	0.446440788707865
ff9757c22b00ea283f7e9f5bbf55a1aa	SampleType	Sample	-0.333748203359891	0.21357133966468	17	2	0.138970720514534	0.446440788707865
X578cabc2ffdc8324871bfe6fcb86c8a9	SampleType	Sample	0.419070888897337	0.227925018171161	17	3	0.0858506440476157	0.446440788707865
X1478b162047da31a857ff642ada627f4	SampleType	Sample	0.392607150735263	0.212062920719476	17	3	0.0839044903635932	0.446440788707865
X4cbabcefe79806b5273823ebec22fb24	SampleType	Sample	0.901905027541451	0.578653359226974	17	4	0.139929958198423	0.446440788707865
X9d6427c97ea07c6303f0e3ff22d324ba	SampleType	Sample	-0.932335848233105	0.489335999513894	17	3	0.0760922314005324	0.446440788707865
e38b7ae95345775d32afcf5aefaf7dcb	SampleType	Sample	-1.07295417137032	0.569248078124226	17	3	0.0789734307534577	0.446440788707865
bac9d994315abce521dffab2bbcd284d	SampleType	Sample	-0.620002138239044	0.462792192537699	17	2	0.200287945923715	0.446440788707865
X427b8ead127fc0b334406fbaca3f38d7	SampleType	Sample	-1.14815196150343	0.631073668455288	17	4	0.0888719345651404	0.446440788707865
X18fe26b58f7f762c2a528f6d580c0362	SampleType	Sample	-0.667738008408954	0.506300448139145	17	2	0.206998142287974	0.446440788707865
bdb04738a220c8cb21f48e9d10133113	SampleType	Sample	-0.90955378805788	0.553842832377805	17	3	0.121329595093741	0.446440788707865
f33d699ff38dbd7df406767cd6f880a6	SampleType	Sample	0.564069058935053	0.346247846099981	17	3	0.124109591045364	0.446440788707865
X78862a97f19271c27609cee73c7f4e00	SampleType	Sample	-1.40970616799546	0.746436550719427	17	6	0.0784421598101491	0.446440788707865
cb06a4bdf66bbe038337ac2fc29f2d8e	SampleType	Sample	-0.831612185503821	0.551155037256595	17	5	0.152109504294845	0.446440788707865
X948ce947e78ef542e7f7bdacc4eb2bf7	SampleType	Sample	-1.15262266755243	0.86757113036461	17	6	0.203851264755039	0.446440788707865
X59481ceedcab178c028e0a4bee01db63	SampleType	Sample	-0.275801261594332	0.170503634750847	17	2	0.12658663955201	0.446440788707865
X600155146fad6f59263d24767048df92	SampleType	Sample	0.226457380720404	0.159496797035173	17	2	0.17610792924555	0.446440788707865
d3018222cd4861e92dc00f9181533682	SampleType	Sample	-0.371788900202014	0.244315957612103	17	2	0.148870064141554	0.446440788707865
X8654abeb03051c3103bd59723fd23af2	SampleType	Sample	0.602651624383521	0.34797255182355	17	3	0.103799509735086	0.446440788707865
f51d7d86f0745a9d94f20d141552f940	SampleType	Sample	-0.341452698166285	0.219676727597379	17	2	0.140945166376947	0.446440788707865
X39fd59fb6b1d1ca7580f5f4b0648e9bd	SampleType	Sample	-0.425103905015576	0.289333250211842	17	2	0.162424042331633	0.446440788707865
X08c4cbab33c288015ae8edb5d04c5b95	SampleType	Sample	0.514536441563985	0.291927130634723	17	3	0.0983338704448405	0.446440788707865
abac8c518d7f245e65bd8706c57736b9	SampleType	Sample	-0.420777445882574	0.285617618720015	17	2	0.161365451239649	0.446440788707865
a70b8ee02e5e6777c5d09ca1bfb7a0a3	SampleType	Sample	-0.378370366227769	0.249769367675788	17	2	0.150589204654928	0.446440788707865
X29f32f20f1e1b7a2fe8251f54a6fbc12	SampleType	Sample	-0.424441361364644	0.288763642330459	17	2	0.162262505112607	0.446440788707865
X6dbacb6ebb0e5277e16495a5f13bb7f5	SampleType	Sample	0.907339768346265	0.476018851217453	17	4	0.0759824945164639	0.446440788707865
e8f2e18ef1bee75aaa8f0b2445249e19	SampleType	Sample	1.11058815673739	0.746131352008362	17	5	0.157350250873298	0.446440788707865
X38347ddf4838b66ee2500f3a03790f41	SampleType	Sample	0.662867462662766	0.403097823500142	17	3	0.120875971025193	0.446440788707865
X93afba93bc36d98f9c6a31e4514a8163	SampleType	Sample	-0.275817053120389	0.170514488624252	17	2	0.126588884203236	0.446440788707865
X5cb9ff1558153dc1978771930b23c34b	SampleType	Sample	-0.263423867398305	0.162189930827618	17	2	0.125162450273128	0.446440788707865
X007d4b40d9694fa55d876daeac9a79df	SampleType	Sample	1.02124668456705	0.593098652994731	17	6	0.105641035493501	0.446440788707865
f9491c3e6b9696bee439b98d32336180	SampleType	Sample	-0.745087360845996	0.502020519773979	17	4	0.158470468554331	0.446440788707865
X7033ccccde026128f2772d727174f63c	SampleType	Sample	-0.838004108243476	0.457005696251342	17	3	0.0866179221094735	0.446440788707865
cc6e5c1f049e75d17464dfb8855aaecc	SampleType	Sample	-0.572347556698972	0.399813415141195	17	5	0.172782446904898	0.446440788707865
X6efa0b46047eed9d7fa7ce4f3eb76694	SampleType	Sample	-0.486098187091753	0.34255406592086	17	2	0.176332169099846	0.446440788707865
b7174e274cad227ca968c65ff464fc55	SampleType	Sample	0.316095500266942	0.234860888754863	17	2	0.198330561923893	0.446440788707865
c814f16ff326fbb584191065487c8abf	SampleType	Sample	0.366217307295246	0.196425008594614	17	3	0.0819524985302168	0.446440788707865
a0031fd87a392b31af3d4f21599b77c9	SampleType	Sample	-0.339718872072152	0.21829675490949	17	2	0.140498282447408	0.446440788707865
X9cdc2384084acd3e75e3b664d9b32f64	SampleType	Sample	0.293734046261903	0.214570463092626	17	2	0.191169771991286	0.446440788707865
ec159155f5070da81cea4db2782b2fb4	SampleType	Sample	0.905059059927769	0.563617439012439	17	4	0.12915937599946	0.446440788707865
e8289c779b0fde2a266a55255d17f340	SampleType	Sample	-0.399868475216082	0.267802480305192	17	2	0.156132997751711	0.446440788707865
f1afa21e4c2e6af7e1fbfef4f2cd5ee8	SampleType	Sample	-0.502673581312293	0.367815918497426	17	4	0.191873152168515	0.446440788707865
X6d551d61633c9ec386c192f03bb931c4	SampleType	Sample	-0.494313222593139	0.349819766434858	17	2	0.178054777401598	0.446440788707865
e36abf8dae2cc4c40613bde27cbd5dfa	SampleType	Sample	0.592815958551751	0.337591078515549	17	3	0.0994769432066101	0.446440788707865
d2b19279061849ecf8239e195457ede0	SampleType	Sample	-0.938383667259897	0.660653591478269	17	3	0.175946932187409	0.446440788707865
X22e4f460ea863fec216efcdf516b28ee	SampleType	Sample	-0.670095386815366	0.508454945836057	17	2	0.207308928254538	0.446440788707865
da34409fca04c2c9d9279cd015a8f611	SampleType	Sample	-0.451552842026113	0.312235662411318	17	2	0.168694417206771	0.446440788707865
f711584fbfd1d8df087a195443c53e6b	SampleType	Sample	0.752766542571813	0.40217114758967	17	5	0.0808712695143227	0.446440788707865
f79217c4b280d1253ae23f419495d4e8	SampleType	Sample	1.51116162903977	0.810787363287596	17	6	0.0820403555554971	0.446440788707865
a5d55d5ad4853e30e4f801023e11f3c1	SampleType	Sample	0.225436864209369	0.158763094995826	17	2	0.176069701748449	0.446440788707865
X79cd1321c71f319cff20e166247bdf01	SampleType	Sample	1.61931527580288	0.896591423053954	17	6	0.0910089720758473	0.446440788707865
cef5bb23779e859a0852e1d4a3159738	SampleType	Sample	-1.06326926306822	0.567842393168859	17	3	0.0807665699518658	0.446440788707865
e1460b8b3d21411dded928a66d8cbc0a	SampleType	Sample	-0.78839649509915	0.417854483333556	17	3	0.0787000979511529	0.446440788707865
X8c7e73284af4da78355fb99eb86372f4	SampleType	Sample	-0.47469006124784	0.332497683345015	17	2	0.173880392091001	0.446440788707865
e4aa3c052cde514e565b6ee3b56cc4ba	SampleType	Sample	-1.13362172841097	0.677123412010603	17	3	0.114814610109391	0.446440788707865
dfd9708382414cc730758dd3ffc425a4	SampleType	Sample	0.853190059545905	0.59932541214276	17	3	0.175034697474465	0.446440788707865
edab60a0874cc7cdbd6b175d7c0e57da	SampleType	Sample	-0.335615907685778	0.21504496687733	17	2	0.139446476533428	0.446440788707865
cb524ac73dd4d0d36b6f99b4629a18c0	SampleType	Sample	-1.06934257792376	0.578794807984927	17	3	0.0844867647930937	0.446440788707865
X0830b68bd49f97e71badf1a0ff2312c1	SampleType	Sample	-0.28315084824008	0.175617958671392	17	2	0.127730754664911	0.446440788707865
f77b6d08afc43cb826f8b96dbbcc2033	SampleType	Sample	-0.264729174854707	0.163047614977529	17	2	0.125278007399924	0.446440788707865
X4a6654db0e78cf338a12f9b2dfcff522	SampleType	Sample	0.738592520366383	0.542615100503566	17	6	0.193558548952013	0.446440788707865
X5f78e404ee15aa019b6e457dfbf23976	SampleType	Sample	0.351608549055419	0.187530436130783	17	3	0.0804063922142032	0.446440788707865
bc1af3607ef8780ce9550e1d6a2923f9	SampleType	Sample	0.85538348660755	0.627993114036196	17	6	0.193274839041758	0.446440788707865
X1eeb3a951603a4c877a4ba59a204763e	SampleType	Sample	-0.476071133856756	0.33371294676688	17	2	0.174180905607156	0.446440788707865
c9f1ce70b80baad0ea9f9cdc6db6a53d	SampleType	Sample	1.38319815378195	0.805083759400522	17	8	0.10634815775298	0.446440788707865
X3fc2a13eab9269ca3d9d83c0e19ddd25	SampleType	Sample	-0.274182481512598	0.169394205498257	17	2	0.126361807743419	0.446440788707865
e724787e149c8c5d9b21af7ac73806f8	SampleType	Sample	0.251491010582483	0.178623777833233	17	2	0.179536527156831	0.446440788707865
X20bc8994bf1b1033af267147b81c8b37	SampleType	Sample	0.55386191435047	0.31298420085277	17	3	0.0971107106024446	0.446440788707865
X605d9cdb3db925f292fbd97c53837837	SampleType	Sample	-0.455716928929727	0.315867961334213	17	2	0.169648758072855	0.446440788707865
X2596745052fb1de2180dafff012b66a4	SampleType	Sample	-0.458017385199686	0.317877451293146	17	2	0.170172053681361	0.446440788707865
e4a3d9d5dfd30a8d66dade955b16db6e	SampleType	Sample	-0.851073690342174	0.584616850207163	17	6	0.166063517297068	0.446440788707865
d752d1f2acd3b350a3bcbb745aac4c25	SampleType	Sample	-0.499498820270461	0.354415842944337	17	2	0.179123771324968	0.446440788707865
X091ed7e253fbc9754fe1597381337c51	SampleType	Sample	0.250953564528669	0.178192841105609	17	2	0.179423519171542	0.446440788707865
d66ec984864acb717e8bedd53409b162	SampleType	Sample	-0.628805639148322	0.333417311871085	17	3	0.078818882832402	0.446440788707865
X65c564131c2543400ca374a16bd51ef4	SampleType	Sample	-0.464735756714775	0.323757153805578	17	2	0.171684209267187	0.446440788707865
X9746789056f51c1d02d324ad9fe44ef5	SampleType	Sample	-0.328392277864337	0.20936941733874	17	2	0.137619008358831	0.446440788707865
X883a5821a6ef45bd3e7825075d1a1a2a	SampleType	Sample	-0.59660738039235	0.44156500013069	17	2	0.196685558613527	0.446440788707865
e06db7dc9d71e1bb9d9b9abdab7f3ab9	SampleType	Sample	0.723265643869219	0.531530013426061	17	7	0.193697077656075	0.446440788707865
X1b300b2833c6617af2341d7df7997cdc	SampleType	Sample	-0.924011734603813	0.573233227992133	17	5	0.127814162151544	0.446440788707865
X3a07efeae3200676550db6882808e462	SampleType	Sample	-0.753657544979726	0.406341186809524	17	3	0.0833962094843277	0.446440788707865
X5d324ba2a6460de903662ef6460eca18	SampleType	Sample	-0.93766037224451	0.511088357349785	17	3	0.0864701526997758	0.446440788707865
b5515fced34c8b058c893356adb5da33	SampleType	Sample	-1.00648455918496	0.634011575864724	17	5	0.133254294551122	0.446440788707865
X293395256202248e3b9c023ee1a074be	SampleType	Sample	-0.299419442767267	0.187346525198887	17	2	0.130843312966365	0.446440788707865
e384a2cb752123b31cf9d69916c3e346	SampleType	Sample	-0.455868105345574	0.31599995575882	17	2	0.169683232956765	0.446440788707865
X1b6fd54b16548fb378ea911f3a5c3e69	SampleType	Sample	-0.396274752591354	0.264766371890015	17	2	0.15521617536063	0.446440788707865
bb86d81b2927d423550b2938914d3f70	SampleType	Sample	-0.632416723132203	0.47408383307316	17	2	0.202112638364929	0.446440788707865
d99337a60b9830490a59b14f62e1eb46	SampleType	Sample	-0.912153879841871	0.516256614944675	17	4	0.0975860309788106	0.446440788707865
a6c829cec93751270c5308b909c33973	SampleType	Sample	-0.506107269372646	0.360283390995135	17	2	0.180465639796122	0.446440788707865
X6f1b755fc85589a70e8698497f0e0663	SampleType	Sample	-0.813158048392127	0.46747225820793	17	3	0.102423066948474	0.446440788707865
b24862dfbb76f24007528f15e4f40ea3	SampleType	Sample	-0.587068765774706	0.319430723590906	17	3	0.0859704260278659	0.446440788707865
X3d82ec25e4405fb978b0801aae37f3d9	SampleType	Sample	-0.468252472602944	0.326841233688342	17	2	0.172466143514547	0.446440788707865
X4c318e3c3191c5d95ac39fa54559b9cd	SampleType	Sample	-0.798913383116795	0.473305727372911	17	4	0.112098334281566	0.446440788707865
X62f146519941b4569056e0bbd7e139c6	SampleType	Sample	0.43718336191494	0.327489219395499	17	5	0.201799701993617	0.446440788707865
X21455f1e63f2dd7ea2522e983fbcf550	SampleType	Sample	-0.325873533041835	0.207406086940583	17	2	0.136990769533759	0.446440788707865
X7cb4feed7e601700f491fef1e73ee7da	SampleType	Sample	1.43031435212571	0.829770949338126	17	6	0.105296243840434	0.446440788707865
X05f1fda242ba4e7e01dbde2a950ef2b0	SampleType	Sample	-0.616342358974279	0.361677949683923	17	4	0.108979140918192	0.446440788707865
X9988e892e2f16bee1e208b1e4b7275e0	SampleType	Sample	-0.475912890109878	0.333573670401806	17	2	0.174146524434139	0.446440788707865
beed98991657851771a5400a5bf1f490	SampleType	Sample	-1.47486427775381	0.839162953240303	17	6	0.0992091982414879	0.446440788707865
eaf8653dc9a480cef4217f52a4cd519c	SampleType	Sample	-1.04283920649357	0.558716163974979	17	3	0.0816450938400059	0.446440788707865
a1c4ef7fd12edd0d8ffbd24bbccc8e91	SampleType	Sample	-0.293185264748129	0.182790212375742	17	2	0.129570177629209	0.446440788707865
X21b9cbf64d93982164fcf8c2231d630a	SampleType	Sample	-0.947312178676102	0.506931332040333	17	3	0.0813169607058573	0.446440788707865
X57dd29a8b76bb3179b9f7a6db796fc0b	SampleType	Sample	0.270507842128991	0.19434166962334	17	2	0.184242889116786	0.446440788707865
X12a4c37d5d84b58da9b510771582088c	SampleType	Sample	-0.341685024076036	0.219861896166122	17	2	0.141005144371382	0.446440788707865
X001851dd86793ab72464b089244efd1e	SampleType	Sample	1.17200241656141	0.678438811491988	17	4	0.104604512160223	0.446440788707865
X8d9bef223d5be16f6137b9bb81ca3822	SampleType	Sample	-0.301354297581815	0.188775174726756	17	2	0.131255531092807	0.446440788707865
d0db327e93111a416612395e91517d29	SampleType	Sample	1.06703707032803	0.667824230908807	17	3	0.130939377235898	0.446440788707865
X29eb8e3a54c817ab8e7b37dd9a6a9c77	SampleType	Sample	-0.625386004361946	0.467686874763034	17	2	0.201086447297372	0.446440788707865
X0ee17acea997e093c1e319ed06302394	SampleType	Sample	-0.325308137661782	0.206966522011863	17	2	0.136850478092487	0.446440788707865
X9e761733a7cce2ee236b78765b5e4dd7	SampleType	Sample	-0.380322140830807	0.25139306654869	17	2	0.151097561703365	0.446440788707865
X0cd519632b2b79b0ff874f2dd08b0a14	SampleType	Sample	0.497096050065292	0.277209927057696	17	3	0.0931224205197182	0.446440788707865
X8c144512a28543b968423f7aca83032d	SampleType	Sample	-0.472637333086824	0.330692544481491	17	2	0.173431844378224	0.446440788707865
X06f825b512d903b9230e1a55d87359ee	SampleType	Sample	-1.02521364210129	0.559630059817827	17	3	0.086888307647458	0.446440788707865
X21b6def07419f4dddd70dadd154b5a3a	SampleType	Sample	-0.625482674799383	0.348433421906447	17	3	0.0928048954390234	0.446440788707865
X27a5742fab8fe222716040faccaa23a3	SampleType	Sample	-0.444987892985489	0.306522966356396	17	2	0.167171354488921	0.446440788707865
X7f7c3f929d7cb2651564ae40261e7357	SampleType	Sample	-0.333577281370379	0.213436692814331	17	2	0.138927286561475	0.446440788707865
X871715acb197776c3540892cd9de2295	SampleType	Sample	-1.07886534261493	0.599193962478299	17	5	0.091915528552142	0.446440788707865
a20eb37d50abf4ef13197bd4a0ea8c84	SampleType	Sample	-0.533677413867809	0.384876566987178	17	2	0.185821885828065	0.446440788707865
X9570ec83b9859e60c098e9000ca9a3dd	SampleType	Sample	0.255369727986474	0.181756933623225	17	2	0.180390012557595	0.446440788707865
X687e1d94d2bfc46843a21e7706df067e	SampleType	Sample	1.20457477578231	0.682902993652015	17	8	0.0980987208763941	0.446440788707865
b69c5e45d1a3c99ca5e6b1c93e9f24a3	SampleType	Sample	0.342618270480555	0.259702178173429	17	2	0.206862293587445	0.446440788707865
X87354936f787e26a3abe698417a07e03	SampleType	Sample	-0.727841938675445	0.510285969659972	17	4	0.174251094631182	0.446440788707865
b2bc621396297801417e60a17bc5f66b	SampleType	Sample	-0.770211742440071	0.553375923562968	17	7	0.184265781822059	0.446440788707865
e2368144424b4f084562dd92c76772bd	SampleType	Sample	-0.624340782384629	0.466736355845821	17	2	0.200932294261871	0.446440788707865
c4a302c6460506f092150a4d51971909	SampleType	Sample	0.873498627023083	0.567000243440735	17	3	0.144251808563458	0.446440788707865
X3d71ada20fbdc5743e1753b62a264f6e	SampleType	Sample	-0.438796256775683	0.301151416448523	17	2	0.165714435170791	0.446440788707865
ee97d00e3162d7084496c487aeeb0080	SampleType	Sample	-0.360259189793447	0.234849091386252	17	2	0.145848384043803	0.446440788707865
X70fb471210c4a636bd89045a227e89eb	SampleType	Sample	-0.681928803331997	0.359481617783975	17	3	0.0772544731312231	0.446440788707865
X90d4cfadf373fb19e749951cd9000ab6	SampleType	Sample	-0.472683639626816	0.330733250576932	17	2	0.173441987816525	0.446440788707865
X5fe8a79baa0e9601bc73ff3938dbf497	SampleType	Sample	-0.637747559799625	0.478937829572651	17	2	0.202878446100825	0.446440788707865
X0b81d8a08a3175423a0b32b8c1924fbb	SampleType	Sample	-0.289264012165862	0.179962756759021	17	2	0.128817647173321	0.446440788707865
X4a5857b5065185674bbe65c2f06d10b5	SampleType	Sample	-0.605465787925596	0.324801837672444	17	3	0.0819976187836207	0.446440788707865
ccf04449706ceb90043c6c266e6ae954	SampleType	Sample	-0.625678484238985	0.405442952662315	17	5	0.143614259833514	0.446440788707865
X508e4d4db7e2c0220a19fafa294e0670	SampleType	Sample	-0.357744260644257	0.232799848939435	17	2	0.145189240328295	0.446440788707865
ac5907843b39907367bffa3ae074ee56	SampleType	Sample	-0.756712050855086	0.396245960373287	17	3	0.0754853946243983	0.446440788707865
X44adee8b1663e3d9d2361196f5cec159	SampleType	Sample	0.880500846564022	0.56463579071557	17	4	0.139744369802841	0.446440788707865
e5b4dac9e46c36ef880099e11d07e7c7	SampleType	Sample	-0.335893450528596	0.215264307562182	17	2	0.139517346701784	0.446440788707865
e3b31d07a8e0862ddf92c69f8c82caee	SampleType	Sample	-0.551105963952112	0.400507210482603	17	2	0.189013281968271	0.446440788707865
fad775c021f0e428be386683b5c13785	SampleType	Sample	-0.532353578484268	0.383691792806081	17	2	0.185573433635944	0.446440788707865
X3a4eb179f35f1cd7c05aa27a674f2708	SampleType	Sample	0.54555658432841	0.30703626585226	17	3	0.0958727232761599	0.446440788707865
bb23a9ce44ee3a69cccad6ae72107707	SampleType	Sample	0.222889112469458	0.15694923892843	17	2	0.176018945707132	0.446440788707865
X63f71034e0a3b1e9b5f3fe25d094318d	SampleType	Sample	-0.302207582906506	0.189407331743497	17	2	0.131439677110921	0.446440788707865
e714be7f86afba615a37e8823199a4bf	SampleType	Sample	-0.260136318362105	0.160050981860903	17	2	0.124912516395965	0.446440788707865
X025f9ce361f0785a6d027041c20bd83b	SampleType	Sample	-0.326336680605265	0.207766477232708	17	2	0.137105895815951	0.446440788707865
X9041402ea33d75d7d3b596c88b16cf48	SampleType	Sample	-0.65609035000696	0.4872296833279	17	3	0.198113450248146	0.446440788707865
X4a96e805d002149e7c390a78dc7f744e	SampleType	Sample	-0.858079920579016	0.463277155651927	17	4	0.0837798561064316	0.446440788707865
X0b62d5a1bfde73edada58d8923b380d6	SampleType	Sample	-0.291422718629617	0.181515522806807	17	2	0.129226966980427	0.446440788707865
af0dda8f319b41ab2b15fa0c4a5e8a05	SampleType	Sample	0.415444917307101	0.225239856526004	17	3	0.0849562713203834	0.446440788707865
X7871aaea66563e5ebfb4efc7f5599c44	SampleType	Sample	0.829428871168347	0.501386102462227	17	3	0.118840858015517	0.446440788707865
X09082b3232546c50be71f72613059b2c	SampleType	Sample	-0.607320349063359	0.451276632675299	17	2	0.198362434245325	0.446440788707865
c3a93e0352815a9aa1233a126210eb2f	SampleType	Sample	0.797312364716708	0.530054598641267	17	6	0.15329037358792	0.446440788707865
X35b596e109f9ee464ceb59e22f9c188d	SampleType	Sample	-0.341041605144165	0.21934922639778	17	2	0.140839092214766	0.446440788707865
f3085612606c1365160c183a78783d29	SampleType	Sample	-0.633056605677932	0.416278148027574	17	5	0.149119221460397	0.446440788707865
fbd78b3cf1b094edbcd6f7674c38a6a5	SampleType	Sample	-0.46154417998845	0.320961962209862	17	2	0.17096885385289	0.446440788707865
ff05b3f94fc778d9cabb2a8b4e70a5d6	SampleType	Sample	0.23117278201028	0.162938114243592	17	2	0.176407858848758	0.446440788707865
X91fd8961af37b5fd26c713305041544e	SampleType	Sample	-1.03619558514798	0.687004723275607	17	5	0.152254825685992	0.446440788707865
X9a685eaf10fbdce87df058243568944f	SampleType	Sample	0.737893908588282	0.53364230685232	17	6	0.186981862282581	0.446440788707865
bc56a7361c9a3b49f1f1c51874321e12	SampleType	Sample	-0.397657771058208	0.265933832303586	17	2	0.155569550204989	0.446440788707865
X4b9a9d8c4e661b02fad5ef87318e4020	SampleType	Sample	-0.416676581660729	0.282104547134268	17	2	0.160354047499731	0.446440788707865
X0c3e72d3c62c8ecda00bd4056dff3eec	SampleType	Sample	-0.29440116819389	0.183673098771123	17	2	0.129811445377027	0.446440788707865
X4510829df6c8c7dc0703168b60dda458	SampleType	Sample	-0.630793056015559	0.472606027751466	17	2	0.201877297760856	0.446440788707865
X79fba01b70404d08a88c20c5bda9aec3	SampleType	Sample	-0.867818668433911	0.465550325811754	17	4	0.0820032011908879	0.446440788707865
X77793968684168383deccae3147b5843	SampleType	Sample	-0.347569626521848	0.224571781589386	17	2	0.14253089006939	0.446440788707865
X2813b398fb55e30eca35689d666be95b	SampleType	Sample	-0.329207394001798	0.210006562287731	17	2	0.137823402325004	0.446440788707865
X8e7ea53195da7c5b83031cbf25dd92d6	SampleType	Sample	0.240755342910039	0.170173502095158	17	2	0.177560762337582	0.446440788707865
ff91ace99a00c2509fbb6554956e5a53	SampleType	Sample	0.293372772651481	0.214248588002837	17	2	0.191056469316161	0.446440788707865
X74c062e09de1ce463b5536bd85323b87	SampleType	Sample	-0.263623665962561	0.162320907365677	17	2	0.125179553939874	0.446440788707865
d20320795c3b89e52f49baf9541d6840	SampleType	Sample	-0.518786926520424	0.371572131859752	17	2	0.182976926753646	0.446440788707865
X3eab4a9a3169e751c7acd7b5adf1842a	SampleType	Sample	-0.281682310152348	0.174586228155244	17	2	0.127487004609094	0.446440788707865
X06ff31945d69765df98526d7918a7026	SampleType	Sample	-0.372564182376564	0.244956566490154	17	2	0.149072906372821	0.446440788707865
d9644d7516e859669c1c1d7a09070313	SampleType	Sample	-0.643363950420012	0.337726403991663	17	3	0.0761369304703145	0.446440788707865
X8eb403bdafad1da016df1da14f7aa6c6	SampleType	Sample	-0.949680577803708	0.614998242281553	17	5	0.143372268701784	0.446440788707865
e9dc54fb43320564ed0d379c0a98268f	SampleType	Sample	-0.837024666430215	0.462472321193312	17	3	0.0903910854837583	0.446440788707865
X803e9dc8e8c4c4fd8c7e399c8eb89a5c	SampleType	Sample	-0.266622477249128	0.1642999441647	17	2	0.125461247744044	0.446440788707865
X61d96b86c674ec6276984c9be7a81efc	SampleType	Sample	-0.428864677823481	0.292570541899237	17	2	0.163336978329931	0.446440788707865
X65df4691a33a8f2bdc095277f5664baf	SampleType	Sample	0.258241158042842	0.184101734115386	17	2	0.181061641200417	0.446440788707865
b81f1e416c474295bb09d075882ecbf6	SampleType	Sample	0.506969438779874	0.292289946804671	17	3	0.103329434551895	0.446440788707865
ca019dc1f7991a3f2a30faf861bee144	SampleType	Sample	-0.305089358658464	0.191551642796626	17	2	0.132071663977753	0.446440788707865
bc28c778694f7371e8ef1f497a38c591	SampleType	Sample	-0.379222886309553	0.250478232484983	17	2	0.150811345896675	0.446440788707865
X69a3960ccd2966ed767064381136c82a	SampleType	Sample	0.289675615592448	0.210966697928842	17	2	0.189904242522732	0.446440788707865
X1d1d68c0261030f6885f385754f10174	SampleType	Sample	-1.05666798915315	0.614653732206357	17	4	0.106153011760193	0.446440788707865
X868e0165fe32a8925b7f20afa5e1dbfc	SampleType	Sample	-0.314491683380836	0.198643175643633	17	2	0.134228501539738	0.446440788707865
X7a047bcee0100ae8d774044f6256397f	SampleType	Sample	-0.425103905015576	0.289333250211842	17	2	0.162424042331633	0.446440788707865
X9b47359b873d0db870ba791ae924d1bd	SampleType	Sample	0.308298060601724	0.227708331800165	17	2	0.195811600635763	0.446440788707865
d926a474b6f14253c1ebbbcd5687f6d0	SampleType	Sample	0.269317603773568	0.193333205481156	17	2	0.183915281373168	0.446440788707865
cb1376d9bfc50f0364a892ead4c03f74	SampleType	Sample	-1.33620346019841	0.718642120910443	17	7	0.0827061791101025	0.446440788707865
fefb7efc7206ffcbca1d722da915d1e0	SampleType	Sample	0.833928731964134	0.511134509131974	17	3	0.123591574120754	0.446440788707865
f5b2a6ee95f086f07e65c59cb963da7f	SampleType	Sample	0.794049419236442	0.51230079844569	17	3	0.141987824133784	0.446440788707865
X776b7e98b60fdd8c18b8bbcda851d0d5	SampleType	Sample	-0.752220564574127	0.436723768911406	17	4	0.105542098026101	0.446440788707865
X2be723bd0dc53b993b03b5d8417b9601	SampleType	Sample	-0.272872800233184	0.168501303211062	17	2	0.126187733505979	0.446440788707865
X5da53ce7e4c6e7c9814fe702d0d62b21	SampleType	Sample	-0.265183377423063	0.163347160034595	17	2	0.125320304254779	0.446440788707865
X52f2a7b9f43c6931542b9615556e1c61	SampleType	Sample	0.542924662523788	0.305855375200604	17	3	0.0961701568644725	0.446440788707865
X635e6e47de83b03a66c62c798d09e7e3	SampleType	Sample	-0.270854620818343	0.167133739768054	17	2	0.125933782561749	0.446440788707865
X14b49bd6810f9f7c4dc71a217016e964	SampleType	Sample	0.62239863400446	0.432068737772274	17	4	0.170270314938474	0.446440788707865
X77e8df44b8c5a58b722170d99eba098f	SampleType	Sample	-0.47244284010158	0.330521581734675	17	2	0.173389228197855	0.446440788707865
X08461d2340bdd46779d426d3a0a2a2ef	SampleType	Sample	-0.433235280238613	0.296341202608365	17	2	0.164389285394875	0.446440788707865
c827714e50b7ea5d673f0bfb8dafd9fb	SampleType	Sample	-0.367510227626627	0.240789451327113	17	2	0.147749483749263	0.446440788707865
ee23936eb7d1dd1c67d0bfa7f12f9454	SampleType	Sample	0.499213748163299	0.277646936174909	17	3	0.0923282326248026	0.446440788707865
c83409cd0b6240bd0121f961a601cb83	SampleType	Sample	-0.763238733553673	0.417794788047212	17	4	0.0876907649216022	0.446440788707865
edace155e4b31c185330bcc89327ce21	SampleType	Sample	0.339103574344995	0.256369916530307	17	2	0.205743650175643	0.446440788707865
c71cda81c8ad1a8ea1bdb4709f569e9e	SampleType	Sample	-0.414053059881795	0.279861717114121	17	2	0.159703028679913	0.446440788707865
X169db9e1d85f6d602cbe49b3a496432f	SampleType	Sample	-0.369237274919987	0.242211054437312	17	2	0.148201993823382	0.446440788707865
X2b4e6ccd11a78681bceaffed2053907f	SampleType	Sample	-0.648890433985065	0.489093809734408	17	2	0.204445846614408	0.446440788707865
X44a417a5e1e59d28acf006c21f087920	SampleType	Sample	-0.337295699294633	0.216373895987318	17	2	0.139876052448982	0.446440788707865
X050175c3e7912f3e8b518370eb7c1c10	SampleType	Sample	-0.858099779100591	0.475839784811546	17	3	0.0914556945151366	0.446440788707865
X38bc5be59918b9e3086bec0881545ea2	SampleType	Sample	-0.26438009377813	0.162817781718261	17	2	0.125246226284162	0.446440788707865
X97878b17a03213633ae3741c628aff95	SampleType	Sample	-0.255522626543628	0.157102382421322	17	2	0.12466881786696	0.446440788707865
X68b53a41984766acbc35f670d3975526	SampleType	Sample	-1.28693747058074	0.67188537619291	17	4	0.074703536273502	0.446440788707865
X08aaf1bb0d597052d230a7195070a3b1	SampleType	Sample	0.624341343017532	0.435160672130613	17	4	0.171882702042835	0.446440788707865
X1c299b09c95f87a1e61c6006fc968cd9	SampleType	Sample	-0.86679420176232	0.540213275337886	17	3	0.129438252599267	0.446440788707865
X15eca2e791831146ecf24ffdc39cf960	SampleType	Sample	-0.317538884798436	0.200970979599844	17	2	0.134954011289602	0.446440788707865
f66369959553e15e8ca0d41447b63d95	SampleType	Sample	0.352905525419922	0.188506191621432	17	3	0.0808186471758625	0.446440788707865
efa7dfa75231c216add7ea599de53155	SampleType	Sample	-0.418195890250323	0.283405065998501	17	2	0.160729651146176	0.446440788707865
X523b0fd903458cb27c21267f3eff89b9	SampleType	Sample	-0.297555867163253	0.185976906418996	17	2	0.130453611765343	0.446440788707865
fc297f203633dcbd4c162adfddc177b0	SampleType	Sample	-0.592159000539409	0.43753700821353	17	2	0.195975341092336	0.446440788707865
X226ca6b52d7af139c06f232fd38e3569	SampleType	Sample	-0.311716542249098	0.196535449374764	17	2	0.133578239515832	0.446440788707865
X0a806cfaee2902dd1d62834cc24850e6	SampleType	Sample	-0.384634112503255	0.254990266110923	17	2	0.152217680028876	0.446440788707865
e086c1f6ce0623de5930879188ff033a	SampleType	Sample	-1.05017031855759	0.583976249783542	17	3	0.0922799037496138	0.446440788707865
X90092fb7b4c8dc4c436221e7809ae062	SampleType	Sample	0.769142184223541	0.476331454756447	17	3	0.127205332141995	0.446440788707865
X669a8cbc4c3018bdd25d7ae1afd409d1	SampleType	Sample	0.249715054910595	0.177202818992856	17	2	0.179168256600403	0.446440788707865
dbedcad4f796dfdccb2732fe1eaf62c3	SampleType	Sample	-0.403744137423316	0.271085737695347	17	2	0.157116432082913	0.446440788707865
X2903270e2d487a1bf8f06cc5361e2162	SampleType	Sample	-0.343591603604478	0.221383747529536	17	2	0.141498158283913	0.446440788707865
X4fd5415a1edc320824d0ce93e3f23ea4	SampleType	Sample	0.623147158020567	0.358560841623968	17	3	0.102706092893957	0.446440788707865
X2c1bb5ec14c19b02cb2a7de6a5b89ea5	SampleType	Sample	-0.643786926520425	0.484440690881845	17	2	0.203733498046031	0.446440788707865
a3d254eb2d81213d7352d19aa13136a2	SampleType	Sample	-0.810735082839965	0.448910324737191	17	4	0.0910207776089991	0.446440788707865
e3399172b195de5d79c97678d6b6f416	SampleType	Sample	-0.743725784611809	0.53917664037079	17	3	0.18799893019197	0.446440788707865
X205ad8969ab3893de8ec3c7b4ba01174	SampleType	Sample	-0.325308137661784	0.206966522011863	17	2	0.136850478092485	0.446440788707865
X5efa39b4fbf7ea924d6476265a7f4108	SampleType	Sample	-0.570061876119486	0.41757138029782	17	2	0.192321696144273	0.446440788707865
df99b0fbb759970324d0524fd0ed436c	SampleType	Sample	-0.405916956046457	0.272930379725876	17	2	0.157665239716573	0.446440788707865
eaf9de0284c3ceeddbc889d0f03cd7f6	SampleType	Sample	0.808547058213853	0.545088294880327	17	4	0.158692120564214	0.446440788707865
X212c0cfe114396c7a9481241d750c4de	SampleType	Sample	0.24032262725609	0.16984021202205	17	2	0.177494939373411	0.446440788707865
X286829a563541e0eb98c3d8403b16d86	SampleType	Sample	-0.929004450851301	0.500705589446312	17	4	0.0832984961478784	0.446440788707865
X43e1958ba29bceff52ac242d5175118b	SampleType	Sample	-0.650004586153952	0.487684298779864	17	3	0.202477013949731	0.446440788707865
X4d78874ba41fe10e3cdd0fcdce37178b	SampleType	Sample	-0.313054253983926	0.197549962008696	17	2	0.133890378706138	0.446440788707865
X688ed5b6c81f6554b4c7c3dd2893a212	SampleType	Sample	-0.343432194568832	0.221256351812689	17	2	0.141456884578466	0.446440788707865
b870ee9c0da9fe6122d27044add9d76b	SampleType	Sample	-0.520948242750651	0.328388300211294	17	4	0.133505336903674	0.446440788707865
X7446c754399baa9952593ddbceef5bfe	SampleType	Sample	-0.753755103478245	0.419737572066388	17	3	0.0926976249536594	0.446440788707865
X2ef0aa38942f3716bddefeec7b8f1649	SampleType	Sample	-0.428864677823481	0.292570541899237	17	2	0.163336978329931	0.446440788707865
X29fd1c151441bf5f1c340be57949ad68	SampleType	Sample	0.751143062383838	0.559080231679029	17	5	0.199072548244244	0.446440788707865
X783fa9f5d6f1e341f3fd077f95fae21c	SampleType	Sample	-0.749744194634961	0.542320981290745	17	3	0.187065082517345	0.446440788707865
d71a7a21d1978bbbcdbf7b36280690dd	SampleType	Sample	-0.774560575704158	0.579210099558254	17	3	0.201060650960274	0.446440788707865
X3fd465dda2ae1676fef3e34adb2988b4	SampleType	Sample	-0.533807573031893	0.384993073482988	17	2	0.185846266911466	0.446440788707865
X16d087cac7989dbf6120b854d3df171c	SampleType	Sample	-0.53053399574893	0.382063949478795	17	2	0.185230527449058	0.446440788707865
X1cdb4ae6302ebe36544a95289b28a5d2	SampleType	Sample	-0.431269502909975	0.294644162209348	17	2	0.163917151416034	0.446440788707865
f7b78cbfc7c43d33f1466dae680b946e	SampleType	Sample	-0.272950665548755	0.168554270946686	17	2	0.126197882345327	0.446440788707865
e7bb9262d4a46496167a210fc459688d	SampleType	Sample	-0.504941143339576	0.359247181557199	17	2	0.180230510195888	0.446440788707865
X96d1abfda5cc14d7c0dac38335464454	SampleType	Sample	0.255883051047661	0.182174561725559	17	2	0.180507707673398	0.446440788707865
X2c7e6ff7306f79fce53343fd62830754	SampleType	Sample	-0.446733090176206	0.286272591290314	17	4	0.139484472743527	0.446440788707865
be864a96a9abcfaeba16a05474d2e85f	SampleType	Sample	-0.332010766802003	0.212204316152457	17	2	0.138530074558925	0.446440788707865
X525cdd14d4d82b10b2cc3724c9fafb52	SampleType	Sample	-0.874548136413032	0.479745695050756	17	3	0.088303927885645	0.446440788707865
f901b216eafef002c515ef0fb012ae30	SampleType	Sample	-0.312095505771775	0.196822570329304	17	2	0.133666412291736	0.446440788707865
X89c627d5f1da7980a66c72df903965e8	SampleType	Sample	0.508735578287688	0.285733019032269	17	3	0.0952598406156414	0.446440788707865
X18f92077e8d9376d902d42bd94f0139b	SampleType	Sample	0.222926018578914	0.156975329096097	17	2	0.176019210743171	0.446440788707865
c331eebcf440a99a17ae0ac47444ca28	SampleType	Sample	-0.92934360029329	0.542132302665331	17	3	0.107066659187295	0.446440788707865
X394eda29c886632f514dd94b58381186	SampleType	Sample	-0.593317689847651	0.438585929706521	17	2	0.196161132648479	0.446440788707865
aed8e61cd36c2cb44fb3f56963d6a6ae	SampleType	Sample	-0.666574487229177	0.505237249221803	17	2	0.206844070061832	0.446440788707865
X4d5467aeaa75e026c74956f5af397574	SampleType	Sample	-0.422054687433715	0.286713556504171	17	2	0.161678878977	0.446440788707865
X7a479aeef1692a228525d6e0251a06af	SampleType	Sample	-0.432411167594444	0.295629535776656	17	2	0.164191585863528	0.446440788707865
X0e538b1402f61972ddc004366c0f428e	SampleType	Sample	-0.326480130226086	0.207878157845971	17	2	0.137141590588385	0.446440788707865
a877ed23504d944de78923ec54321c6e	SampleType	Sample	0.299232765846758	0.219494447314825	17	2	0.192907401765943	0.446440788707865
ae8c81487901c119a0850f691b7bd432	SampleType	Sample	-0.311574833459792	0.196428141737704	17	2	0.133545320767807	0.446440788707865
d7be64d52a0d6318b4e1a04b52667670	SampleType	Sample	-0.89852748118522	0.602845923124748	17	5	0.156825963993352	0.446440788707865
X26543459ea7621a383c66c155815ab89	SampleType	Sample	-0.337287935280245	0.216367745995347	17	2	0.139874063479123	0.446440788707865
ef96591a931506339e541609615e8dad	SampleType	Sample	-0.287504502141104	0.178704157314894	17	2	0.128493483545155	0.446440788707865
defb63373d46ff18611b9f9a9a849713	SampleType	Sample	0.342618270480556	0.259702178173429	17	2	0.206862293587443	0.446440788707865
bc03cc2bd8a104abb5b12d375a1a75c5	SampleType	Sample	0.341291970787005	0.258443405136723	17	2	0.206440794748527	0.446440788707865
fb95e8cada6918eadd23c50f86c913dc	SampleType	Sample	-0.499916329490338	0.354786204163793	17	2	0.179209224234089	0.446440788707865
X0cfe2fbdb5413dee3a014a672ee6080c	SampleType	Sample	0.993115140593076	0.645407650220597	17	6	0.144693481997333	0.446440788707865
X9203758baa777a5c589fd82ca74e8b55	SampleType	Sample	-0.974170664658799	0.678725801931991	17	3	0.171726841336184	0.446440788707865
X9107b64cf3a664bf1c9543ccde62920a	SampleType	Sample	-0.353977801727861	0.229742022004188	17	2	0.14420315576649	0.446440788707865
a5a2885273208cc79197d5e944db295e	SampleType	Sample	-0.629333457404449	0.470246378705181	17	3	0.200730913252268	0.446440788707865
e36e14102dda69fe261ad9d23dc7ad7e	SampleType	Sample	-0.313315528300781	0.197748434472929	17	2	0.133951632046227	0.446440788707865
d3abe1faede5b7e0d247455636cf04cf	SampleType	Sample	-0.3327544250934	0.212788974403069	17	2	0.138718442506973	0.446440788707865
X0e4c332de212838b946fec757ec3345f	SampleType	Sample	-0.407569244040433	0.274334962280305	17	2	0.158081308588482	0.446440788707865
X72bb2c87677dfbd659b71c2805147e8e	SampleType	Sample	-0.491483986628738	0.347315301717998	17	2	0.177465555828234	0.446440788707865
X576184fc8bbe8f1cf921ca45e4b7efba	SampleType	Sample	0.291165190770865	0.212286288272674	17	2	0.190366804895302	0.446440788707865
X76fb17e7ed648d7b49452980c98138bb	SampleType	Sample	-0.33134648223246	0.211682642745247	17	2	0.138362123481859	0.446440788707865
ce003f7d95581a74a2975279d3f44acd	SampleType	Sample	0.328718562232575	0.246592581179299	17	2	0.202411533008666	0.446440788707865
X1ab6953edf851df7d1ea9f37fb5eac5d	SampleType	Sample	-0.399133902436131	0.267181227079009	17	2	0.155945971012597	0.446440788707865
X867a1c1d67967c2ec5643aa144310118	SampleType	Sample	-0.635063268434679	0.39906134829995	17	4	0.132371827245629	0.446440788707865
X6efbd0b890ebb54ff9e00713acc97912	SampleType	Sample	0.372135512173462	0.200097904044842	17	3	0.0826431264388465	0.446440788707865
X98ddab7d9d2559683ac8ef703b56173c	SampleType	Sample	-0.373803009423127	0.245981206331406	17	2	0.149396867212398	0.446440788707865
c1f3e9e409804fd71f0e4fe38d7865bf	SampleType	Sample	-0.860045951233468	0.625483403238332	17	3	0.189319707091098	0.446440788707865
af6efbbc4a151479cf34453f1ddf44fd	SampleType	Sample	-0.277297872937519	0.171534932195971	17	2	0.126803667037101	0.446440788707865
X325ca3f3ba51640e49bf61e7fc6a24f4	SampleType	Sample	-0.363123574859866	0.237190147169464	17	2	0.146599432099454	0.446440788707865
a4cca391d2e084fb8ecf6fb569ee0f38	SampleType	Sample	-0.336341177297282	0.215618337188882	17	2	0.139631763204767	0.446440788707865
X6184bbc3a0414c86686fddbae91a8afd	SampleType	Sample	0.673522965068165	0.41689922680323	17	3	0.127024115078049	0.446440788707865
X25eb05539a4b779f0e24cca5f0b4fdfe	SampleType	Sample	0.232434472636001	0.163872723518795	17	2	0.176520344756467	0.446440788707865
X53c41b4b3069bc65042a6a046c5d45a8	SampleType	Sample	0.252073767878008	0.179091939969086	17	2	0.179660556785553	0.446440788707865
X0db008e8fcc2222830470e1805050a26	SampleType	Sample	0.252227283672715	0.179215421826129	17	2	0.179693485260796	0.446440788707865
X3faf4b747fc5578a5216fd622a50103e	SampleType	Sample	-0.383194006770411	0.253787367136682	17	2	0.15184407193208	0.446440788707865
X09ae24f2154f672b30052e73e7e8d7c1	SampleType	Sample	0.282003445852735	0.204230036378257	17	2	0.187564782478495	0.446440788707865
X14fd1c34c1dc8d9e7a969e455e5250b1	SampleType	Sample	-0.433984785871093	0.296988711721191	17	2	0.16456879370045	0.446440788707865
ccb5495e3b7c9309eafce7b2c9cdd8e5	SampleType	Sample	0.587965383254712	0.335334983241744	17	3	0.0999440253804185	0.446440788707865
ae664931363aa4010e495eb28f058219	SampleType	Sample	0.662433269419308	0.396551519045373	17	3	0.115551738343268	0.446440788707865
X7671bd2c3cb2adb985bcc3149307c8b3	SampleType	Sample	-0.38455649618098	0.254925396228297	17	2	0.152197557101137	0.446440788707865
X0b2f2416d4957fb3df498f4f6fc32edf	SampleType	Sample	-0.289700762247915	0.180276153382169	17	2	0.128899449075294	0.446440788707865
X04e858b9f15b33553025e0b1d7085a51	SampleType	Sample	-0.735051451926558	0.545312382748398	17	3	0.197681543833095	0.446440788707865
a9697caabf260b1d459ce870c920b70a	SampleType	Sample	0.585451028408237	0.385978146106481	17	3	0.150107609296128	0.446440788707865
X8034e3cccd49a1fea15f29bc142ab74d	SampleType	Sample	0.231679322891201	0.163312654556661	17	2	0.176451462531384	0.446440788707865
b8594bb87ccce1768466030c619b4a0c	SampleType	Sample	0.291165908096283	0.212286924617147	17	2	0.190367028210982	0.446440788707865
X37c0eb748ce8b006eda2ddfe07d6bf39	SampleType	Sample	0.343828063433157	0.260851743985305	17	2	0.207246067616083	0.446440788707865
X73555b114332389897b8f0cdc19ab266	SampleType	Sample	-0.515266947816209	0.368434395870447	17	2	0.18228805225593	0.446440788707865
af3f0cb07ff238166fe3979ee7afbc17	SampleType	Sample	-0.412433165170311	0.278478739880924	17	2	0.159299545158355	0.446440788707865
X6d0412ee87e7a3622a41d450730f1a12	SampleType	Sample	-0.592647846730083	0.437979520652632	17	2	0.196053794603091	0.446440788707865
X6f18bde1e6524d78493211e6151e2ea8	SampleType	Sample	-0.371965349604629	0.244461713262477	17	2	0.148916236233293	0.446440788707865
X2ed84f7cbb5c174ed2a5c9d7ee0dc4ca	SampleType	Sample	0.653183043233265	0.377682193328628	17	3	0.104246229293307	0.446440788707865
c485e2df00b2b7e087e1c9742ef11bf8	SampleType	Sample	-0.892932711521704	0.629462227417765	17	3	0.176468668883167	0.446440788707865
X9e8b2993e95c1c220010ea5cfdc9b113	SampleType	Sample	-0.511435840890925	0.365022669129605	17	2	0.181531079171983	0.446440788707865
deb8f513aec7633eba2be0889fe37d47	SampleType	Sample	-0.476925483560137	0.33446503074008	17	2	0.174366296374009	0.446440788707865
X021c80994ac7caef891e50fafa21e9f1	SampleType	Sample	-0.272769368260447	0.168430967114634	17	2	0.126174292019763	0.446440788707865
X90466da51ff7512075fdf815e1531c56	SampleType	Sample	-0.277388123160068	0.171597292263002	17	2	0.126817028300606	0.446440788707865
db43b458f770e8b7a1cb778d0a44b178	SampleType	Sample	0.589906228399676	0.407106981516236	17	4	0.167914920452557	0.446440788707865
aff6c7040e78df14791e3ef730c8e278	SampleType	Sample	-0.274581814472339	0.169667297003243	17	2	0.126416291576364	0.446440788707865
cb74dd1bdb183146d2734f912db3a4ad	SampleType	Sample	-0.39790130279262	0.266139532743073	17	2	0.155631705535543	0.446440788707865
X0b5833be41c294c21bad8ff851097351	SampleType	Sample	-0.852767525347194	0.608677641443114	17	3	0.18155759745942	0.446440788707865
X9012f6e1669972ebd5ba08ab8021f9de	SampleType	Sample	0.630267453091915	0.370962722895691	17	3	0.109957102263966	0.446440788707865
X70580c5fdb0e12b99fd4ad77b8f9e3ab	SampleType	Sample	-0.501304463374467	0.356017913408743	17	2	0.179492680700321	0.446440788707865
X71ed69d32f39f43726ec55f513d4e09d	SampleType	Sample	-0.469257458283962	0.327723362505466	17	2	0.172688385351812	0.446440788707865
X2aee3d33c25045ca94c933f8e10798bd	SampleType	Sample	-0.361496464811154	0.235859402420412	17	2	0.14617277898012	0.446440788707865
X64e89122568337d6b2de7c0481a46a74	SampleType	Sample	0.332635765698675	0.250268071285692	17	2	0.203672433536782	0.446440788707865
X7811b6ee66da4683522fbbfebc0d5224	SampleType	Sample	-0.432734100509074	0.295908369077392	17	2	0.164269095670638	0.446440788707865
f216230be4983ba4b007071b9c3d1503	SampleType	Sample	-0.254616631612357	0.156530919613251	17	2	0.124636732320305	0.446440788707865
c240a6403a850dad61a02584502b038a	SampleType	Sample	-0.418167387690886	0.283380656829199	17	2	0.160722614356287	0.446440788707865
X09a5539f81edd55c5cdb79d0783347eb	SampleType	Sample	-0.408443320010538	0.275078637286358	17	2	0.158300962555116	0.446440788707865
X29ac28be97a5e882b278dad69f8343d7	SampleType	Sample	0.394675952711621	0.212050389209105	17	3	0.0824241146786446	0.446440788707865
X09f36fa87540eb4a3cbaf542c5b5498e	SampleType	Sample	-0.426371704572435	0.290423813803687	17	2	0.162732564810605	0.446440788707865
X25c4e214d7648362c49cd39af731e8a4	SampleType	Sample	-0.255246261542299	0.156927795080434	17	2	0.124658459850592	0.446440788707865
X110b9245da41659135e470891824face	SampleType	Sample	-0.263503535188845	0.162242143161124	17	2	0.125169244628373	0.446440788707865
X1d32819e59a4ecdeafedfcc5de1dd4aa	SampleType	Sample	-0.822982497756486	0.498163191669975	17	4	0.119301138935815	0.446440788707865
X704d81377b9890dba99e11c64052ad2e	SampleType	Sample	-0.55654319009037	0.405395370862929	17	2	0.189979247170391	0.446440788707865
cac42953ff902be60401fd6eeb3dd0cf	SampleType	Sample	0.304353953052122	0.224120579198551	17	2	0.194543449163744	0.446440788707865
X575a854d49d6612f211c05c9e080b001	SampleType	Sample	-0.341209975447878	0.21948333723718	17	2	0.140882528171151	0.446440788707865
X25ba6b5f447160fc9454ad6579deeb17	SampleType	Sample	0.256847184089536	0.182960793871622	17	2	0.180731596472195	0.446440788707865
X5d6d80237c9305aeae4605a2330d3bc9	SampleType	Sample	-0.250680527039158	0.154078107907974	17	2	0.124562198986494	0.446440788707865
X5f6bfb0793ed6df8c3d7f10485aabe00	SampleType	Sample	-0.324922133299839	0.206666670252178	17	2	0.136754860341475	0.446440788707865
X5172fb45f817f71c8943d037535683a9	SampleType	Sample	-0.28279275989014	0.175365941713066	17	2	0.127670663186937	0.446440788707865
X2c5a5344b5917f0b18a6af48259816b8	SampleType	Sample	-0.336357974190763	0.21563162358124	17	2	0.139636057787194	0.446440788707865
c129bc28f5359caf12978c7f01a229ee	SampleType	Sample	-0.430767246638031	0.294210855184887	17	2	0.163796214747602	0.446440788707865
dd0414e06545e5a10b2030c1b6d4f4f3	SampleType	Sample	-0.262480260462499	0.161572864265469	17	2	0.125084580250074	0.446440788707865
X9379f477bdebef9b49e0c1313ca69a60	SampleType	Sample	-0.30817468421319	0.193862979858525	17	2	0.132764390430078	0.446440788707865
ecb8d96a5cbc1f5cf1aff377134fc743	SampleType	Sample	0.533146062653096	0.311654799737862	17	3	0.107733046760152	0.446440788707865
X2ec36844413bc8a73d6a2ff95cde7482	SampleType	Sample	-0.391514282948002	0.260757344220852	17	2	0.153994913272645	0.446440788707865
X584dbd9cf4b609aecf37caf15ee9ebab	SampleType	Sample	-0.252662526585823	0.155307056066103	17	2	0.124586243825256	0.446440788707865
X0aa6f42f44856933845e2647303a36ec	SampleType	Sample	-1.02837484455833	0.605050916365531	17	4	0.109833296116122	0.446440788707865
X7a8972b393ef87a29afeb221f90254d3	SampleType	Sample	-0.298542536992678	0.186701259952063	17	2	0.130659018485269	0.446440788707865
X338190fa551c18f1a2e8bda213bbbcb6	SampleType	Sample	0.274603257397162	0.197834360148002	17	2	0.185395704265807	0.446440788707865
X91a236e5ae0a20438f7223d1833038d9	SampleType	Sample	-0.447004110356246	0.308275592602629	17	2	0.167641507912459	0.446440788707865
b6c29e44f5719777e53de1a91472c8b4	SampleType	Sample	-0.364263046840056	0.238123480499928	17	2	0.146898220502062	0.446440788707865
b5adfe0e3e1082cc6a4bc6494be2014c	SampleType	Sample	-0.253139224813633	0.155604506882911	17	2	0.124596156363829	0.446440788707865
f91723cfefd95dab8749b96d9abbbf89	SampleType	Sample	-0.401291754634579	0.26900714503261	17	2	0.156494807937039	0.446440788707865
X5990df1cf5839b2cdb15384ee545242f	SampleType	Sample	-0.626040482809719	0.468282118451941	17	2	0.201182760575947	0.446440788707865
f427afe7d6b492f12e53452633c12847	SampleType	Sample	-0.286805141986257	0.178205680571395	17	2	0.128367097460367	0.446440788707865
c8f5872a67b3416438372cb60806fbc4	SampleType	Sample	-0.386435840890925	0.256497315639591	17	2	0.152684361374035	0.446440788707865
ab4083994118285687bfe8da3c2cc57b	SampleType	Sample	0.262182782904074	0.18735388848423	17	2	0.182032812789986	0.446440788707865
X0d40ca485a184c909494ecadfe3fbb70	SampleType	Sample	0.313564388909669	0.232530745096231	17	2	0.197511813384661	0.446440788707865
beba686fd23d4fd65874f827941cde1b	SampleType	Sample	-0.326050204166764	0.207543526878822	17	2	0.137034663691936	0.446440788707865
dfb5be9417f7aff0d2e20ce2b67d536a	SampleType	Sample	-0.297249819521728	0.185752589448867	17	2	0.130390327959434	0.446440788707865
X9d5f2ae77c254eb5ad886346e6edf10e	SampleType	Sample	-0.484611826909893	0.341241567482255	17	2	0.176016663672581	0.446440788707865
X089da41175db41aa25030a998319c826	SampleType	Sample	-0.592899772817206	0.438207581931564	17	2	0.196094186249561	0.446440788707865
X90653c29e6c318e5dbca959ccc3652b1	SampleType	Sample	0.418987232714094	0.230298917593519	17	3	0.08887888353091	0.446440788707865
e15615264059df42439a595b3c906967	SampleType	Sample	0.284760495678923	0.206639024045152	17	2	0.188396348889568	0.446440788707865
X3b864a93791d7a92a957b3fa68fdf4f9	SampleType	Sample	-0.259103814165836	0.15938562400158	17	2	0.124846736728396	0.446440788707865
X691f052c8708ae37b6c95bcd381b282d	SampleType	Sample	-0.497236086206554	0.35240944615364	17	2	0.178659057469605	0.446440788707865
f9a10d5b6c9e43675bd71fecdb70933b	SampleType	Sample	-0.263775434562122	0.162420472401036	17	2	0.125192688262185	0.446440788707865
def26204a06b25886ee7399cbcb597fc	SampleType	Sample	-0.292539359225869	0.182322378569513	17	2	0.129443492059214	0.446440788707865
X03818d6fe914ee8d6036ca6bae0b5507	SampleType	Sample	0.303154092950463	0.223033360197863	17	2	0.194158909535603	0.446440788707865
cc08faf0c45ad127d77e6e51f0159789	SampleType	Sample	0.296815160076364	0.21732385344877	17	2	0.19214058931088	0.446440788707865
c0733e4f434fb4d72f38220b4e5c59a0	SampleType	Sample	0.478473605056017	0.286141859135233	17	3	0.115217373488256	0.446440788707865
X899d45284956ce7eeb96fa537eb91840	SampleType	Sample	0.581487718678116	0.330148251536785	17	3	0.0985531122539979	0.446440788707865
X7eb1e4ce120d3349868baed5b44dab1a	SampleType	Sample	-0.388306581310562	0.258064510525787	17	2	0.153167993126486	0.446440788707865
X3592eff80384863b43da83f854567aeb	SampleType	Sample	-0.438010380121368	0.300470805312169	17	2	0.165528112139546	0.446440788707865
X117db9b9cbf3fae47529633563e4e531	SampleType	Sample	-0.553215880165779	0.291095560693138	17	3	0.0767665507654127	0.446440788707865
aa89b380a14a6a7403489110ec239e0e	SampleType	Sample	-0.430991081047457	0.294403947305696	17	2	0.163850126463286	0.446440788707865
X7ba41d4b34f08a33e9fc9824197d1549	SampleType	Sample	-0.366920940651264	0.240304964326238	17	2	0.147595035596283	0.446440788707865
f15f0017f01eb08cf8e6201ca52d1ffd	SampleType	Sample	-0.344718017679505	0.222284740529072	17	2	0.141790063803598	0.446440788707865
d4b565fa6eee1c18d973fd76c866b2c1	SampleType	Sample	0.343955722811923	0.260973123470313	17	2	0.207286524221606	0.446440788707865
X598cd8e6a5ad45271b24be0b5fe5ae04	SampleType	Sample	0.607780171736765	0.379116216948294	17	3	0.129745890213013	0.446440788707865
a08ec60e883e6ac132efae36c030f9d4	SampleType	Sample	-0.396022198272138	0.264553312699513	17	2	0.15515157369537	0.446440788707865
ce59cea1a1b4adbef3487331225ae3b3	SampleType	Sample	-0.252020247617843	0.154907427574762	17	2	0.124575393045981	0.446440788707865
X37466e47fc46641b106dd1d22e739838	SampleType	Sample	-0.346194829030004	0.223468087223449	17	2	0.142173417609915	0.446440788707865
X517d39ab75125d1f9a02033f380f0a5e	SampleType	Sample	-0.525496144549846	0.377560675916285	17	2	0.184272535696815	0.446440788707865
X2be1ac8b9cff3104963c53b316ed8b49	SampleType	Sample	0.513030140561811	0.370733175964845	17	5	0.186658786378676	0.446440788707865
X3ac61947314bdf5a004202c873af4359	SampleType	Sample	-0.939515684044089	0.51541459763384	17	3	0.0883207464239936	0.446440788707865
ec244aa62662069ad22164f6eb927df7	SampleType	Sample	-0.255535008807301	0.157110210125422	17	2	0.124669293585811	0.446440788707865
X41c518d724b17f389f8601ed57c56b8a	SampleType	Sample	-0.282424254078934	0.175106888352976	17	2	0.127609262024237	0.446440788707865
e362f9927686d3040e5644b286a3d22c	SampleType	Sample	0.651739227221148	0.385499983101012	17	3	0.111574296544885	0.446440788707865
X4973ae5ff1999593a1ab396b9acb107f	SampleType	Sample	-0.388497850532296	0.258224881697235	17	2	0.153217385606407	0.446440788707865
X4fd8d468d86c9aaf8b58f2adeb6c5e56	SampleType	Sample	0.247257494953837	0.175251141404328	17	2	0.178683976299652	0.446440788707865
X35bd358990986aceb5a8073f44b61e7f	SampleType	Sample	-0.511435840890925	0.365022669129605	17	2	0.181531079171983	0.446440788707865
X18535fd859aa8e438714182a90454240	SampleType	Sample	-0.324627610622623	0.206438017290433	17	2	0.136681993201247	0.446440788707865
X6966d874fbd3d4a0fedc0120ce085622	SampleType	Sample	-1.02926054776357	0.567002668482215	17	3	0.0895262652685182	0.446440788707865
e66743fb096881b22732d12b6c8f1167	SampleType	Sample	0.868014985310717	0.558627775427145	17	4	0.141065775977835	0.446440788707865
d93adc23a1051dbbf1145f23a6a52540	SampleType	Sample	-0.350820030441885	0.2271890634158	17	2	0.143378029502003	0.446440788707865
X9a6e6f858325acfc4084a67f5c43f8e9	SampleType	Sample	-0.342875209443926	0.220811442601404	17	2	0.141312745514723	0.446440788707865
f25b570de0d4280856041797b2836c2e	SampleType	Sample	0.224679782178983	0.158221411277881	17	2	0.176047848733265	0.446440788707865
ce0683f4283f3184c2cfe16fbd56f5a2	SampleType	Sample	0.342377160526453	0.25947322672901	17	2	0.206785727473208	0.446440788707865
X4dde488bc245f9f6d8f5ed53f341d137	SampleType	Sample	-0.273111780318233	0.168663916764207	17	2	0.126218963002664	0.446440788707865
e84f910689bf6d94dc9b618cae429151	SampleType	Sample	-0.54742436947604	0.397200488913457	17	2	0.188351300524553	0.446440788707865
bb74fd1c5bee3ff1fb26d9e96b837550	SampleType	Sample	0.335790893290096	0.253239653822335	17	2	0.204684685230181	0.446440788707865
a426f627c8b94e7888c211aea9a32be0	SampleType	Sample	-0.633194006770413	0.474791393918638	17	2	0.202224953656422	0.446440788707865
b6b7e61c4de96b1a738ffb0731e84c9e	SampleType	Sample	-0.370812279517438	0.243509682622556	17	2	0.148614443762372	0.446440788707865
X54b3ca63c53e8fab23ae0e6735a5ddf4	SampleType	Sample	0.332657171712767	0.250288199030089	17	2	0.203679312005139	0.446440788707865
X859003d565a7abe4d4f05a8dc349a153	SampleType	Sample	0.790399674310023	0.470855598774002	17	3	0.113926189881713	0.446440788707865
X8acce41d38fc35224aec04730510f322	SampleType	Sample	0.332465406981587	0.250107901890475	17	2	0.203617686617092	0.446440788707865
X364df104ca71fe358b324286ebb62c0c	SampleType	Sample	0.283228785098068	0.205298992625162	17	2	0.187932973556107	0.446440788707865
X097009193dd47422c99d086ad21cc74a	SampleType	Sample	-0.969477231589359	0.513354909228961	17	3	0.0784519502152538	0.446440788707865
X136a4263667e04d2f42bcad523ce5928	SampleType	Sample	-0.325308137661784	0.206966522011863	17	2	0.136850478092485	0.446440788707865
f18f5ad5d77e2f924a44b722dc9d8565	SampleType	Sample	-0.443749710175016	0.305447488151259	17	2	0.166881582914101	0.446440788707865
b587e11516e0596abefeaba79d88c52e	SampleType	Sample	0.28557416755288	0.207352565786281	17	2	0.18864384299481	0.446440788707865
f6cbbe87806e989fa9245e9b068f4238	SampleType	Sample	-0.34127043846466	0.21953150521247	17	2	0.140898129252549	0.446440788707865
d1e669d527aeacd5fe63b1d818205d7c	SampleType	Sample	-0.253192824923242	0.155637997291688	17	2	0.12459736906913	0.446440788707865
X61dd9ea9361bed6e169e7f25d3b4e210	SampleType	Sample	-0.390870363541595	0.260216219637203	17	2	0.15382916368749	0.446440788707865
a0151bf1dc255f421d585b670e3416a3	SampleType	Sample	-0.549612194547674	0.399165235891151	17	2	0.188745465095157	0.446440788707865
X192809e72bf78b432b207e54e8b066cf	SampleType	Sample	0.831824135706717	0.498894318746767	17	3	0.116184418673528	0.446440788707865
X763e0bb4e507161664d2dc847d9fdbba	SampleType	Sample	0.571000156840847	0.323227043997828	17	3	0.0976380555359153	0.446440788707865
X56fec53d3dadd27c95dfa21d0ab2abcb	SampleType	Sample	0.257396036179937	0.183409432501337	17	2	0.180860665425483	0.446440788707865
X1f083ab9dab0883d71b83772320dde1c	SampleType	Sample	-0.511236042326665	0.36484483954019	17	2	0.181491394665558	0.446440788707865
af01036b66276af5c1dfc1baadea418b	SampleType	Sample	0.223175283944549	0.157151686944238	17	2	0.176021370192288	0.446440788707865
X8c6988ce155dde5e7c130598d3bfd5a1	SampleType	Sample	0.257937341737685	0.183852649025065	17	2	0.180989083136008	0.446440788707865
db616182470478283240190ef7bcd881	SampleType	Sample	0.337133440071463	0.254507021640349	17	2	0.205114361840471	0.446440788707865
X779dd17a15fa2bdcaf53932498eafc8e	SampleType	Sample	-0.416222920065359	0.281716451893642	17	2	0.160241691749492	0.446440788707865
X7163d5cc4e866f86095c9c52d1d58085	SampleType	Sample	-0.973350583551767	0.517521245719015	17	3	0.0795583165215391	0.446440788707865
X79a21d06b57514026290eacb50884256	SampleType	Sample	-0.345995030465746	0.223307854863369	17	2	0.142121512993609	0.446440788707865
X7c0a04e73478b9f0e1e052d88306741d	SampleType	Sample	0.255764091365445	0.182077718069862	17	2	0.180480338181007	0.446440788707865
d6cc391df0f9144828543e19318c9a9b	SampleType	Sample	-0.297479966386848	0.185921258932836	17	2	0.130437898015213	0.446440788707865
d8ccc43feb68d2fec055056dd8ed5428	SampleType	Sample	-0.522072920819007	0.374503886305305	17	2	0.183614322420179	0.446440788707865
X698ea34458f8c3e37b3fba75f72952b8	SampleType	Sample	-0.326607660190602	0.20797746732022	17	2	0.137173338593029	0.446440788707865
X298a1b636f8b10b6e7b34cc827156d1c	SampleType	Sample	-0.307049817486136	0.193018468992447	17	2	0.132509996993618	0.446440788707865
X14858ac8b81c82185898163fbfb2bd7a	SampleType	Sample	-0.253195765164846	0.155639834675071	17	2	0.124597436163756	0.446440788707865
ff11e29ed9ec128535dd0c558e003564	SampleType	Sample	0.289675615592445	0.210966697928842	17	2	0.189904242522735	0.446440788707865
X88524108706087f7c75e79d6c10c9c61	SampleType	Sample	-0.493942752242774	0.349491695237869	17	2	0.177977863488775	0.446440788707865
X60f337e349fe08d2b49e08a5c632c7fd	SampleType	Sample	-0.390946837625422	0.260280470843005	17	2	0.153848855339179	0.446440788707865
X4c59321443c5e1647f7d047644dd00db	SampleType	Sample	0.321597652429332	0.239952502274169	17	2	0.200111142465582	0.446440788707865
fc4dcfddf38b241b319d1bb063ac346e	SampleType	Sample	0.472927474305403	0.268715424229762	17	3	0.0987864105295106	0.446440788707865
X921a666ae81adc59244f73207f8b4a4d	SampleType	Sample	-0.415535534538135	0.281128620898332	17	2	0.160071275708314	0.446440788707865
X80421afe1ebd8b6bd02932970256645f	SampleType	Sample	-0.438315528300779	0.300735047870367	17	2	0.165600496794802	0.446440788707865
X0c98775bad811837fa77f1079d5b94bb	SampleType	Sample	-0.28069353251877	0.17389426627627	17	2	0.127326965451076	0.446440788707865
X9af0597d4c15019f58a296ec8c1ab66e	SampleType	Sample	-0.365381421508322	0.239040645351319	17	2	0.147191453910146	0.446440788707865
X3d18954a9b193f7f454e2376abca7a42	SampleType	Sample	-0.37619699057687	0.247964741086141	17	2	0.150022269608499	0.446440788707865
X55e9c301d8d88b6dc3201e1cbfef4218	SampleType	Sample	-0.418133434851449	0.283351580675036	17	2	0.160714231504575	0.446440788707865
cb871353a502d83d21e96345f80ad266	SampleType	Sample	-0.346548762842073	0.223752035730473	17	2	0.142265393996511	0.446440788707865
X989b6481ad95a42522fd572860eef070	SampleType	Sample	0.318650965283528	0.237221283511314	17	2	0.199157585981835	0.446440788707865
fdb61a2a3e6ccb8210b394742caebe0c	SampleType	Sample	0.301761905785879	0.221774410148719	17	2	0.193713610551696	0.446440788707865
e7e8628e1a330dcf280ed5a20d96e7ea	SampleType	Sample	0.332707832770193	0.250335836657045	17	2	0.203695590540013	0.446440788707865
bc5593081c603faf9990d8f73ccce91d	SampleType	Sample	0.256322789708801	0.182532864414338	17	2	0.180609368998389	0.446440788707865
c16638327da053755c9e6f8df7564a01	SampleType	Sample	-0.338519760946986	0.217344374727084	17	2	0.140190013312003	0.446440788707865
X1be7ca393b68f3bb874efd119c54f6e4	SampleType	Sample	0.641053152694507	0.372737712991769	17	3	0.10601844641989	0.446440788707865
fd4552c0b6498bba092d203bdac87b57	SampleType	Sample	0.627261579149221	0.370250222953791	17	3	0.110891348620825	0.446440788707865
fec12509e371e79ba6c32e59055ed75a	SampleType	Sample	-0.366392206287511	0.239870514402835	17	2	0.14745644134166	0.446440788707865
X35d94e1bdfd4c993964a8519c27403df	SampleType	Sample	-0.386435840890924	0.256497315639591	17	2	0.152684361374036	0.446440788707865
X3b70c5806ccb188eb29a94a123b51dbb	SampleType	Sample	0.741070282740824	0.51561087454792	17	3	0.17117453138576	0.446440788707865
X06659e0d9e2a893503ba35a02a391752	SampleType	Sample	0.273057310562608	0.196511859660731	17	2	0.184956090083185	0.446440788707865
b33d425d0b70dba53c7d232b64449c43	SampleType	Sample	-0.358603003139741	0.233498916528359	17	2	0.145414263991417	0.446440788707865
X7f1e9e0c6135a382125f5315ea464658	SampleType	Sample	-0.284085217596422	0.176276875937357	17	2	0.127889502007833	0.446440788707865
X749eae03f72d63f5cdced3ff7332d064	SampleType	Sample	-0.458577281370379	0.318366828593869	17	2	0.17029899116949	0.446440788707865
d0c0a8d77cd46eb172aa73fc7ed59564	SampleType	Sample	-0.392621542071346	0.261688490669426	17	2	0.154279628190413	0.446440788707865
b61be5b0378eb5d3140a9b8a0ab3a251	SampleType	Sample	-0.263623665962563	0.162320907365677	17	2	0.125179553939872	0.446440788707865
X623fa0cba04b1c06a7c238859f845c52	SampleType	Sample	0.426796575612948	0.232350090362432	17	3	0.0861236976781914	0.446440788707865
X0941e532136cdea0e951d0eefdab2a80	SampleType	Sample	-0.344200330041283	0.221870482329957	17	2	0.141655852038247	0.446440788707865
eb58156faaeda87d3af2030333c63589	SampleType	Sample	-0.250151768599559	0.153752394508302	17	2	0.124560575136335	0.446440788707865
X623b8f707bfaaf76b878f58ac2f094a2	SampleType	Sample	-0.370744480630441	0.243453738533467	17	2	0.148596694203194	0.446440788707865
X636652cc2f893ca71ed3ff7cb14200ab	SampleType	Sample	0.230499177854666	0.162441481401437	17	2	0.176353168469199	0.446440788707865
X5c0d21103e139ec7cee5e94debc236f4	SampleType	Sample	0.318225589832429	0.236827842935996	17	2	0.199019913236126	0.446440788707865
X798de556bbe05b1d35136426ae2ed947	SampleType	Sample	-0.323916014996898	0.205886054029362	17	2	0.136506264669638	0.446440788707865
X04ea13a0b37db7da67ea841b5cf3a12a	SampleType	Sample	-0.260986491058063	0.160601166392312	17	2	0.124971333673987	0.446440788707865
e73f25e2f54a6b94eb1a5c4e1941a3f6	SampleType	Sample	0.489484847639623	0.27919905432753	17	3	0.0999779525552765	0.446440788707865
X17441490022626768c1aeafa3e594471	SampleType	Sample	0.249390051216369	0.176943732022282	17	2	0.179102488918779	0.446440788707865
ece507a9c0c9743824a02bf855f77cd2	SampleType	Sample	-0.328391683693062	0.20936895321097	17	2	0.137618859554383	0.446440788707865
X32a27ddb92cc39508db8244adfc93b3f	SampleType	Sample	-0.438846258455443	0.301194729691675	17	2	0.165726279418657	0.446440788707865
X57987147d4a365215745e7209577262e	SampleType	Sample	-0.377161786756223	0.248765393621542	17	2	0.150274046529113	0.446440788707865
X2a9df36cef9a094f6a994b66cd67d782	SampleType	Sample	-0.399859708289229	0.267795063841748	17	2	0.156130766800718	0.446440788707865
X5da7931245a6d1055707c5d9233a55be	SampleType	Sample	0.26292658581319	0.187971780591595	17	2	0.182221960742408	0.446440788707865
e6cf5e1e3102a8d96e1f287bcda03dbd	SampleType	Sample	0.563708653857878	0.318941222180908	17	3	0.097486471088754	0.446440788707865
bb846ce638c0c6cb6a97d2845e76cec7	SampleType	Sample	-0.405963375030863	0.272969818044767	17	2	0.157676943705356	0.446440788707865
d653e4ddf98c6834bdd4324c24e5fb8f	SampleType	Sample	-0.268786926520425	0.165743387346621	17	2	0.125692415220846	0.446440788707865
X0458b65270ed67487a4aaa3112eb8781	SampleType	Sample	-0.461544179988447	0.320961962209862	17	2	0.170968853852892	0.446440788707865
a7e1d38ed104e9e1e2f7e6bd05de325d	SampleType	Sample	0.324382773545275	0.242542993961143	17	2	0.201011795452522	0.446440788707865
X695fdc88d48e353dccfc6458030d6914	SampleType	Sample	0.562330262860546	0.318110919945101	17	3	0.0974380850762568	0.446440788707865
f455954a712fae9a8863f43e122d91e0	SampleType	Sample	-0.273260722237547	0.168765335648621	17	2	0.126238548028416	0.446440788707865
X4af1382d7ed6e1d718ff813d242aeea8	SampleType	Sample	0.654538530534068	0.434086274441944	17	3	0.152363033108015	0.446440788707865
X800e35a1987c1d984f1cb34a22702c1f	SampleType	Sample	0.224567656068365	0.158141377785058	17	2	0.176045091579274	0.446440788707865
X999efcd371db7ca584c201e5c2ae9075	SampleType	Sample	0.297132748465616	0.217608491688749	17	2	0.192241084959238	0.446440788707865
X5767e00a376d9618611e3b420d431e27	SampleType	Sample	-0.263237661600618	0.162067965104937	17	2	0.125146702666336	0.446440788707865
X5b92a5a6608d3aaeca3ae8783129957c	SampleType	Sample	0.23467667109443	0.165547525768739	17	2	0.176751349157741	0.446440788707865
bf490029a89f7d3384eba3e2ca0f2c89	SampleType	Sample	0.517139836519679	0.288180305689323	17	3	0.0929087075672524	0.446440788707865
d72cacc67613a0e6b36771b9ca0956ce	SampleType	Sample	0.337649157383908	0.254994315300778	17	2	0.205279235762511	0.446440788707865
b860a488ed619c3475dc69eaf9114ca3	SampleType	Sample	-0.253564274506178	0.155870335052959	17	2	0.124606314303729	0.446440788707865
X616552cbc7a45dc99b8b4aa3221c87d5	SampleType	Sample	-0.449627610622623	0.310558574885363	17	2	0.168250099966897	0.446440788707865
X4c1759cfc47fd5f1c52c8780d3fd5183	SampleType	Sample	-0.323655515708328	0.205684164839622	17	2	0.136442051418884	0.446440788707865
b706a2eb84e84281498763af7bba1ef3	SampleType	Sample	-0.525611227595417	0.377663485404909	17	2	0.184294561345516	0.446440788707865
ed90e9527358d6b4da4397389ceff1ed	SampleType	Sample	-0.403805170969995	0.271137514695662	17	2	0.157131873202585	0.446440788707865
X4972bc79a2d4541e54a49ce65d884dc7	SampleType	Sample	-0.512417749095365	0.365896752606978	17	2	0.181725809426212	0.446440788707865
ec3023af9f59d051014566604f892edd	SampleType	Sample	0.226836993322982	0.159770745502492	17	2	0.176124668787652	0.446440788707865
X1f085fb59d63314a00b54ff05dc252cd	SampleType	Sample	-0.301676852751843	0.189013989317703	17	2	0.131324975447268	0.446440788707865
d70ca2dbc8ba2a69942ac7aa006e4146	SampleType	Sample	0.244073660955988	0.172748824731374	17	2	0.178103697527047	0.446440788707865
X36186e4b6252b49c86726fe54c2b329c	SampleType	Sample	0.299165963626971	0.219434353324804	17	2	0.192886160182353	0.446440788707865
a07f40c5bcd2bb90cbf51a123aad2a9b	SampleType	Sample	0.29721494455113	0.217682184752137	17	2	0.192267106711795	0.446440788707865
X477f8900e6195d788accfe787948cee8	SampleType	Sample	0.249991955012354	0.177423792490371	17	2	0.179224693132403	0.446440788707865
X60925665d796bbf5e220bd40e2c5aa41	SampleType	Sample	-0.574922133299835	0.421956353117694	17	2	0.193143644827812	0.446440788707865
X41597ca733e93a84cb7220ad12d5d806	SampleType	Sample	-0.26446205625112	0.162871715295695	17	2	0.125253631270495	0.446440788707865
X08699c012b036fc2b322f9badba04e61	SampleType	Sample	-0.327490915005273	0.208665859418542	17	2	0.1373935908482	0.446440788707865
X20522ceb1d272e490d325475e8598636	SampleType	Sample	0.295481732146861	0.216130451217271	17	2	0.191719490599973	0.446440788707865
X96b6f18caa7136811b8d3951e6b95456	SampleType	Sample	-0.339922248696941	0.218458448091555	17	2	0.140550633085399	0.446440788707865
X2f2f63a9dbb098cf9f0fece70e2c66f6	SampleType	Sample	-0.271643258402558	0.167666917047406	17	2	0.126030910268121	0.446440788707865
ed955fdef1af2c9c45510e36a862d579	SampleType	Sample	-0.350560764968884	0.22697990012808	17	2	0.143310367915948	0.446440788707865
X397bca9f4d4d353999f1e7ab97151926	SampleType	Sample	0.271650608836919	0.195312747570026	17	2	0.184560692354116	0.446440788707865
c471a59d5e4926c7234a3f31db554682	SampleType	Sample	-0.384804784289363	0.255132924738919	17	2	0.152261923286401	0.446440788707865
X33fb1033aca0e3d89e68bc4cff2a3e8a	SampleType	Sample	-0.524859708289228	0.376992168216474	17	2	0.184150608666299	0.446440788707865
cf86a8166050b3f69a61a6c37650de57	SampleType	Sample	0.258101920900846	0.1839875512328	17	2	0.181028345628417	0.446440788707865
X2bb0c8d57a14f4d2ab8ed76a2050277c	SampleType	Sample	0.591346858331827	0.391237352127536	17	3	0.151445596916878	0.446440788707865
X0e0ff8ff79505a700e06a31dfe3d6170	SampleType	Sample	0.22347929984547	0.157367119540929	17	2	0.176024870364456	0.446440788707865
X9ec63f5f28823edbbaa47e79f6585047	SampleType	Sample	-0.417042832570614	0.282417944454316	17	2	0.160444687370559	0.446440788707865
X6060a2589525a1b33aadcab9032bbe1d	SampleType	Sample	-0.495544682066182	0.350910562718645	17	2	0.178309921677842	0.446440788707865
X84bc1f7363d12d36bcadb6fc63136894	SampleType	Sample	0.443656878457529	0.241736008440034	17	3	0.0863676085974265	0.446440788707865
c12bcb5e71dc9da466d91891420e8307	SampleType	Sample	0.831296080370348	0.553710736080575	17	3	0.154028788618124	0.446440788707865
X7d5bb135b49e95e366dd4777a61ba136	SampleType	Sample	-0.446052618292225	0.307448286937651	17	2	0.167419896590178	0.446440788707865
fe965e86a472a86d737c29605191cb3d	SampleType	Sample	0.291165908096284	0.212286924617147	17	2	0.190367028210981	0.446440788707865
X3685862ce208640f2365665eebaf0a3d	SampleType	Sample	0.270795059876634	0.194585476240743	17	2	0.184322468998969	0.446440788707865
X87bb9cedabad6cfe62ff33f67ad9b33e	SampleType	Sample	0.303651369040622	0.223483708644684	17	2	0.194318199218406	0.446440788707865
de51f12fe07ef8b14eedaa5a9b39ee4c	SampleType	Sample	0.251099666853482	0.17830991071572	17	2	0.179454107721241	0.446440788707865
X3b15c7cfffae3950566e9471442af265	SampleType	Sample	0.253557226810243	0.180287835017527	17	2	0.179983115764343	0.446440788707865
X43d91e2a2e9e2d5d35ee44de51474417	SampleType	Sample	0.330875773376571	0.248614748999337	17	2	0.203106427284625	0.446440788707865
X53aad9de07e793ff4c2f6465162198f1	SampleType	Sample	-0.276806518960419	0.171195759273476	17	2	0.126731465348697	0.446440788707865
a83707acc3e3a4833628212cedd03eff	SampleType	Sample	-0.461743978552707	0.321136839819394	17	2	0.171013795757125	0.446440788707865
X17a1b0bc3d6c7c4544cc08acbd59ade0	SampleType	Sample	0.279389170663375	0.201958658233204	17	2	0.186787260131633	0.446440788707865
afac881fbeac64205b28f7829230d347	SampleType	Sample	0.236836607298663	0.167177246591254	17	2	0.177009577092012	0.446440788707865
c4cc65fa746de3d0a890c38d4840fb48	SampleType	Sample	0.330987950878523	0.248720034395233	17	2	0.20314252941631	0.446440788707865
cbfdee097bd700b2bd86faf7805a474b	SampleType	Sample	0.320253383897984	0.238705292347928	17	2	0.199676181501748	0.446440788707865
X7b9fa341d85956650dcbd3308f183733	SampleType	Sample	0.277221166720241	0.200084822576597	17	2	0.186151459008048	0.446440788707865
f282bda4ca410c191b2f3045114d6e35	SampleType	Sample	0.246084790839251	0.174325973195078	17	2	0.178463829567706	0.446440788707865
fbbe5d4fd0afc7a0782c2a12ebd57d43	SampleType	Sample	0.284760495678923	0.206639024045152	17	2	0.188396348889568	0.446440788707865
X010b6f66e86eee40b0e90678a0ba5a83	SampleType	Sample	0.337281185793933	0.254646598712485	17	2	0.205161606268766	0.446440788707865
aabdd1d1d7efe80597416deceb71e1c8	SampleType	Sample	-0.256057247757225	0.157440781521086	17	2	0.124690260569116	0.446440788707865
X5445f5928b18548d13bb03bef475e1ba	SampleType	Sample	-0.513423867398306	0.366792630429534	17	2	0.181924826412738	0.446440788707865
bd55a232e5fc172c1ddbd95193e9662a	SampleType	Sample	0.255883051047667	0.182174561725559	17	2	0.180507707673389	0.446440788707865
X94aa9e077dfcbe183ccb942bf86dd9af	SampleType	Sample	0.234795630776656	0.165636870163249	17	2	0.176764679867759	0.446440788707865
ce8eb6f2433c501c0c9364595357de1f	SampleType	Sample	-0.380581427791708	0.251608985494305	17	2	0.151165035985426	0.446440788707865
ef35e7407c6946cad81f361363c40d4f	SampleType	Sample	-0.279004969534254	0.172717710725993	17	2	0.127061532001748	0.446440788707865
X6ba5495a444387d9d891b830cfeb43a4	SampleType	Sample	0.520153738824711	0.290787915002825	17	3	0.0938613331096694	0.446440788707865
X8bd2eda9bc7f8e67d4b7852e8b42db3a	SampleType	Sample	0.328668908821374	0.246546092698104	17	2	0.202395524859383	0.446440788707865
X72eeab06e3bffea17e6d07140e9ab7db	SampleType	Sample	-0.292203356543687	0.182079332831454	17	2	0.129378003902849	0.446440788707865
X969b8f168858b0d5a5b9416d70c12055	SampleType	Sample	-0.494418572208291	0.349913066089405	17	2	0.178076635953557	0.446440788707865
X535bdc243b4c0e3493f9f243ed39a390	SampleType	Sample	0.33238027161101	0.250027869397389	17	2	0.203590324004834	0.446440788707865
d293665b2768ab1222430ffd480a1a0c	SampleType	Sample	0.320878884461127	0.239285374625323	17	2	0.199878587009658	0.446440788707865
fb622c3d2887ebbe56ee302a5cf8827c	SampleType	Sample	0.335790893290094	0.253239653822335	17	2	0.204684685230184	0.446440788707865
X41e7fe1229e8899c9e52e2e7f3ceef55	SampleType	Sample	-0.405236429007298	0.272352337943003	17	2	0.157493554119436	0.446440788707865
X1bf32bea30cb8f390c43038b372cf317	SampleType	Sample	0.44802251378357	0.252525318749188	17	3	0.0963296872799681	0.446440788707865
ce1cf9b0fd7c10bc6237a3ecd2569007	SampleType	Sample	0.270446459415247	0.194289587245698	17	2	0.184225907801293	0.446440788707865
ff7038cd20c766efdd2c50be3b9d02fb	SampleType	Sample	0.314385884629828	0.233286154507236	17	2	0.197777475131313	0.446440788707865
X4ee8db4a26d8229aedb4e16fb3916506	SampleType	Sample	0.281417449355225	0.203719797121718	17	2	0.187389525518478	0.446440788707865
e83838009c29882892fbbcbe69a1191c	SampleType	Sample	0.716360013703442	0.421088721307856	17	3	0.10953465321891	0.446440788707865
X8e490d45974c33907e9c026762c7d9f0	SampleType	Sample	0.284760495678923	0.206639024045152	17	2	0.188396348889568	0.446440788707865
X8e1d94095f3012b64addd432f7db3939	SampleType	Sample	0.291165908096286	0.212286924617147	17	2	0.190367028210979	0.446440788707865
X219da155c523b01905322e83bb0a94e6	SampleType	Sample	-0.330776546399055	0.211235503758716	17	2	0.138218267865484	0.446440788707865
f16ba3cf01f0dd8d9ec85422f8f8001c	SampleType	Sample	-0.397874717875599	0.266117075823512	17	2	0.155624921427101	0.446440788707865
X59122b542440ef71e3074678098192d1	SampleType	Sample	0.269981388002681	0.19389524164083	17	2	0.184097548869943	0.446440788707865
X61e79872d23ea55c885700d84bad52c8	SampleType	Sample	0.512784144210817	0.286464812631407	17	3	0.093649560676524	0.446440788707865
X200ed4e2bcdc93a8e3219e4fc1cac531	SampleType	Sample	0.223942155505223	0.157695819968816	17	2	0.176032010878518	0.446440788707865
c7cc8250a2c6c388408552b07d0f9d92	SampleType	Sample	0.329142560972299	0.246989658437734	17	2	0.202548205656882	0.446440788707865
X40aadc96251f7eaa21b1d6b54ee132b6	SampleType	Sample	0.308055140701288	0.227486755563791	17	2	0.195733338374075	0.446440788707865
X17263f5aac70515624265bbee155d3e5	SampleType	Sample	0.308055140701288	0.227486755563791	17	2	0.195733338374075	0.446440788707865
X102b5e7a36bed4c09fc640bfd19284b2	SampleType	Sample	0.305751176323498	0.225389147009019	17	2	0.194992033386877	0.446440788707865
X3462c201cb8229fca73b7a5896e209e3	SampleType	Sample	0.240844667231496	0.170242376229465	17	2	0.177574497477767	0.446440788707865
X4b6363f7219590e6b6d0d63adb1bd3f1	SampleType	Sample	0.499792464557096	0.277810142922241	17	3	0.0921592852714117	0.446440788707865
ca42b94826b8f2982a1dadda8adea8a5	SampleType	Sample	0.255369727986478	0.181756933623225	17	2	0.180390012557589	0.446440788707865
cef8c0d7cf426fc6b2649d7982eb9ef2	SampleType	Sample	0.323336444417889	0.241568774245325	17	2	0.200673537326641	0.446440788707865
cf89f36dca1955302e394d90718247da	SampleType	Sample	0.249715054910593	0.177202818992856	17	2	0.179168256600405	0.446440788707865
X977fb21d6f4db7fd99dba05ef97ff277	SampleType	Sample	0.263722728819112	0.188634593075179	17	2	0.182426366153924	0.446440788707865
fd078ea41cbc91cba9bb7d73006d1b51	SampleType	Sample	0.295176693089356	0.215857829604937	17	2	0.191623357613048	0.446440788707865
X3f8c8ff36eeb80593f7ed8646467fc60	SampleType	Sample	0.234676671094432	0.165547525768739	17	2	0.176751349157738	0.446440788707865
X15f70377a20620ede76a1f2a910a5fa2	SampleType	Sample	-0.818821092805623	0.6228813730252	17	6	0.208400580151935	0.44679673360676
X1b0326bf0a6dcef5d958da5e0b43a284	SampleType	Sample	0.658641502227295	0.500412382356253	17	7	0.207867293545098	0.44679673360676
d39a46f68a57269dd32b1088c531e628	SampleType	Sample	0.34711719699121	0.263983592748886	17	2	0.208285903898698	0.44679673360676
X940097833eb7d2ef2747302c1da644d7	SampleType	Sample	0.348046713455273	0.264870338182865	17	2	0.208578780047981	0.44679673360676
X2deb64e909f9e2e4c880315234bb1784	SampleType	Sample	0.34804671345527	0.264870338182865	17	2	0.208578780047985	0.44679673360676
X31d5fee3a1deeebfbe7d249f8294399b	SampleType	Sample	-0.677658760956283	0.515370763965361	17	2	0.208293761411627	0.44679673360676
X520c24bfc48093490bc5498851b47e57	SampleType	Sample	0.35057000096634	0.267281156953178	17	2	0.20937153200969	0.447310482559435
X5af440d086cbbcc0059dd031d34c3306	SampleType	Sample	0.350111987729484	0.266843167616491	17	2	0.209227890468095	0.447310482559435
X7ec59e87dd07cc4fb55d7ffef529c198	SampleType	Sample	0.350544668214905	0.267256927237335	17	2	0.209363590179635	0.447310482559435
X7b3b47b36e3b19f25b8c6d80c16f3d2b	SampleType	Sample	-1.13101583685872	0.863521773269777	17	7	0.209979313835692	0.447902081654037
X3ac8b44e9af87ad4d70b0ad308967655	SampleType	Sample	-1.26944884534256	0.971085192278562	17	7	0.210813296047846	0.447902081654037
a80a62ba30fea2eed0c6c8d5daf9b2da	SampleType	Sample	0.391540894898669	0.299737950432202	17	4	0.211134684583159	0.447902081654037
X9889d0b7e20cf6b5ec191c5d47526786	SampleType	Sample	0.354095749910114	0.270658442429957	17	2	0.21047335093748	0.447902081654037
X510afa20f16cf64e1ee273d11240918f	SampleType	Sample	0.355903630803212	0.272394015650125	17	2	0.211035543594074	0.447902081654037
c2f46b55e93cb1be1ab7e263f23ed974	SampleType	Sample	0.355363842556743	0.271875550145019	17	2	0.210867889330578	0.447902081654037
X34076347f80da89f96cb58ba6a5ad9e1	SampleType	Sample	-0.695379658199173	0.53159357238161	17	2	0.210529994323805	0.447902081654037
ebe45afddc58cc5a75f0e3abe982aecd	SampleType	Sample	-0.698952608228861	0.534867559914915	17	2	0.21096915075053	0.447902081654037
aa4412926d0ab579cc985ee87d24481d	SampleType	Sample	0.356786524747468	0.273242517939514	17	2	0.211309387512926	0.447902081654037
X92fd25d988fa75e53fcaa4c1e6ec8e26	SampleType	Sample	-0.555773259562125	0.427211960140669	17	4	0.212912536728301	0.447996978618156
bb729ad32f334da79f02ba537d1bd5f2	SampleType	Sample	-1.04199609379816	0.799345259224161	17	16	0.212036146840182	0.447996978618156
X19ffcc8f06422b6b81f2a65bbf134dea	SampleType	Sample	0.544447834777821	0.426939331095047	17	4	0.221624025248111	0.447996978618156
X80380f29e51d9ff29653a529d29d3fc4	SampleType	Sample	-0.844180184570126	0.664127269269687	17	14	0.223047525767934	0.447996978618156
dd3feb8bca4f233f9df1a182c90ff495	SampleType	Sample	0.396373723046124	0.311826883675412	17	2	0.223039967010255	0.447996978618156
X9278c3ba31355d47f18a60ce54266a48	SampleType	Sample	0.627401763460558	0.491078171435606	17	5	0.220810334458913	0.447996978618156
c251ad2522d7bcf25e41815542a477f4	SampleType	Sample	1.04227052389643	0.817157184151359	17	5	0.221538326681337	0.447996978618156
cd78e353ff7460b7e9e77db2ede05397	SampleType	Sample	0.971718596191561	0.75730990340123	17	12	0.218921677804655	0.447996978618156
d20f9a5bc3810caaba5b2c041c10e0cd	SampleType	Sample	0.701005990656506	0.547209601304257	17	11	0.219626289823775	0.447996978618156
dbfb582c73805f1a26459ff564c0d568	SampleType	Sample	-0.766812561608992	0.597219185259137	17	2	0.218630903704004	0.447996978618156
X2bbb28b70c3a3757e48663f4d0003ecc	SampleType	Sample	-0.823516070626185	0.649522451980889	17	2	0.224168810627654	0.447996978618156
X4563fde74ffe06000388f04756869d56	SampleType	Sample	-0.540301822151965	0.420442092620088	17	3	0.218253460796296	0.447996978618156
ab2a3e824df82facfae0d793da4705ce	SampleType	Sample	0.399586484153719	0.314998281051448	17	2	0.223940868125196	0.447996978618156
X8158dcac1d1fed642b0f35ade437767e	SampleType	Sample	-1.03709161813624	0.801884476885835	17	6	0.215464625609267	0.447996978618156
X22cff5314e438d12ca41cb76554b2010	SampleType	Sample	-0.827137500942512	0.636977640711411	17	7	0.21371325957369	0.447996978618156
X754e12c467abe38b8d8aa9c79952a7f9	SampleType	Sample	0.392924320539238	0.308427812012387	17	2	0.222063807968571	0.447996978618156
e03940331073c6b255c2e172c2ebcee0	SampleType	Sample	0.579636434394014	0.445112615243474	17	4	0.212481387693931	0.447996978618156
X5228684e612e6b373dc2539e6e5b9baa	SampleType	Sample	-0.866745501046052	0.673294283811506	17	5	0.217492233724811	0.447996978618156
X3d2cb4d432637a967953485f20f9eec5	SampleType	Sample	0.378823110467839	0.29460053588443	17	2	0.21797894980981	0.447996978618156
X45bab4fbcb036809afc69312addc38d1	SampleType	Sample	-0.759017121848303	0.590041742509325	17	2	0.217811988846948	0.447996978618156
X589ec485d0d65062e45cc72b27c2fa31	SampleType	Sample	0.381906170987747	0.297613899090657	17	2	0.218884806325611	0.447996978618156
f6dc0d9bb4478adb020c279e21ee3727	SampleType	Sample	0.961574503267615	0.743916836878586	17	5	0.215712184198425	0.447996978618156
X7959e4a1f3af0b7246a5f6684f36f684	SampleType	Sample	-0.528393782345119	0.411238381217644	17	3	0.218320103592583	0.447996978618156
X5a74db6cdc06a2c143f0f054a65f5e00	SampleType	Sample	0.395533323974534	0.310998174881495	17	2	0.222802986654278	0.447996978618156
X100c2a43ee71e19b2d15def65bbbddf1	SampleType	Sample	0.400786726703559	0.316184401772329	17	2	0.224275372484985	0.447996978618156
X19178e9039383c16712445f0a3f830d5	SampleType	Sample	0.364469709214323	0.280651008662892	17	2	0.213671927751336	0.447996978618156
X541703dce27469eac4123100880a390d	SampleType	Sample	0.905565350523666	0.705764663908955	17	6	0.218928723596226	0.447996978618156
X82c56fba54a6e974c430ddba263f7ed7	SampleType	Sample	0.369769630943491	0.285785951389015	17	2	0.215279041777585	0.447996978618156
X04ecfad5772d2e09a84a0f5ef460536c	SampleType	Sample	-0.794904514541435	0.62311140307662	17	2	0.22146308342232	0.447996978618156
dd58878721711c036b87553f6d7a9a38	SampleType	Sample	0.364828687287665	0.280998198025818	17	2	0.213781379667492	0.447996978618156
b185f57f40198db04639beeb79ebb9c8	SampleType	Sample	-0.535282944700371	0.41954565266545	17	3	0.221407558316645	0.447996978618156
X79d1ad2dbd4d8f70633a4cf6027ad04f	SampleType	Sample	-0.548959072037386	0.423692301739406	17	3	0.214678600055772	0.447996978618156
X87a7893b4c1f49d3e8bc80c4280a4fa8	SampleType	Sample	0.371560681610915	0.287525547549161	17	2	0.215817787128317	0.447996978618156
be26719008e0a28040f4982b00a94897	SampleType	Sample	0.39587160679003	0.311331708142882	17	2	0.222898443258454	0.447996978618156
X0d3a3d1cf7d4f42efdf5f41ab5a1c3b0	SampleType	Sample	0.367639220939305	0.283719542079708	17	2	0.214635324241103	0.447996978618156
X0d847a51c64ca11d363ef5fd6ab45d9c	SampleType	Sample	-0.774708289718413	0.604492424450445	17	2	0.219445430524049	0.447996978618156
abfdf870db951c1ae73cfb98e64549c8	SampleType	Sample	-0.601398575822922	0.462968935157832	17	3	0.213556166577665	0.447996978618156
X1155ac2d556aace4543333f51acde613	SampleType	Sample	0.379269591932672	0.29503656877406	17	2	0.218110567783757	0.447996978618156
bf781ee8a697c00a02940a47861b1980	SampleType	Sample	0.362379391058015	0.278631154312947	17	2	0.213032906477968	0.447996978618156
bf4d2095db694a920bae87f9c9b5d5ba	SampleType	Sample	0.389497566640961	0.305057326757342	17	2	0.221084991208607	0.447996978618156
X08c85fe6ede53e1b47110402705f7c3a	SampleType	Sample	0.381564449848408	0.297279622573822	17	2	0.218784749311286	0.447996978618156
f6d1e56b6ebb4aabc455ff86bafe3770	SampleType	Sample	0.399506990928357	0.314919748442617	17	2	0.22391867396454	0.447996978618156
X8aa09e183adb43b50946d430c7317a46	SampleType	Sample	0.398996056994029	0.314415064253489	17	2	0.22377590606343	0.447996978618156
X9a3209e62c8c53998522fc1e8e5d718e	SampleType	Sample	0.396396001170773	0.311848856862581	17	2	0.223046241676389	0.447996978618156
X67b0fa350f4397c2e1c7cf4556079bbd	SampleType	Sample	-0.780963375030863	0.610256756119383	17	2	0.220080291504841	0.447996978618156
fcb18e224e28d37943652dae3aeb7937	SampleType	Sample	0.377992298728472	0.293789491177247	17	2	0.21773364656391	0.447996978618156
X75c7460d38adc4deb17575f3150d8b8e	SampleType	Sample	0.396396001170773	0.311848856862581	17	2	0.223046241676389	0.447996978618156
X114d86e0a28beab55cda50bce0f78eb5	SampleType	Sample	-0.769538159642134	0.599729513663484	17	2	0.218913756071406	0.447996978618156
c0f1805357a7b4f5953fc18c38c0740d	SampleType	Sample	0.400536031301993	0.315936596961936	17	2	0.224205597084857	0.447996978618156
X8e45e522a73309958a94b147b50e4a32	SampleType	Sample	-0.810568269465321	0.63756578893299	17	2	0.222965713812203	0.447996978618156
dce2ca758fe1f37156cabbe59a00d2d4	SampleType	Sample	0.395163910141378	0.31063401552858	17	2	0.22269864437107	0.447996978618156
da1f98f3ec5868519af172a89a0c7687	SampleType	Sample	0.460019353672067	0.356900660168051	17	4	0.21694719131652	0.447996978618156
cafd370854e7f4e50694dc948bc3f853	SampleType	Sample	-0.77177839814179	0.601793123478664	17	2	0.219144910469276	0.447996978618156
f10e4f8c06c910bd2fbb5b213195da44	SampleType	Sample	0.396360653333124	0.311486920981848	17	4	0.222574639733022	0.447996978618156
d3458c1c0692654e3b252841a36efc85	SampleType	Sample	0.386821322048433	0.302429507132758	17	2	0.220314312798704	0.447996978618156
c3978ae893ddef0b444dfcb832c043a5	SampleType	Sample	0.394138394385765	0.309623459799751	17	2	0.22240843091583	0.447996978618156
X18f59cd295e400354eee27ad1b51e01f	SampleType	Sample	0.395533323974534	0.310998174881495	17	2	0.222802986654278	0.447996978618156
fee0472be80a1cd822e9ae6451a51ea8	SampleType	Sample	0.396595954342525	0.312046084553877	17	2	0.223102541560251	0.447996978618156
X467659c68009cf222bd164e059c41235	SampleType	Sample	0.384528453544315	0.300181337595233	17	2	0.219649719976182	0.447996978618156
X2f4e0e308367dbd96926da2b391b8ef2	SampleType	Sample	0.367500703039695	0.283585292142465	17	2	0.214593362436446	0.447996978618156
db3062a1505d2953bb01784d1d861772	SampleType	Sample	0.359960299415536	0.276297549916347	17	2	0.212289844758078	0.447996978618156
d8e6784796dbe1a8bc01f2a12582eb40	SampleType	Sample	0.398149179378835	0.313578834696352	17	2	0.2235388198199	0.447996978618156
a927b8ffaf0879d4892cc9b96aa5f3ad	SampleType	Sample	0.366645561697391	0.282756790607407	17	2	0.214334022222885	0.447996978618156
X9890b4c0c4482f4152a9ad8d532a774d	SampleType	Sample	0.399973054829606	0.315380225254292	17	2	0.224048726833067	0.447996978618156
X0721cf1a728948aceae05a0aa4be9b07	SampleType	Sample	0.361454224049808	0.277738176877568	17	2	0.212749169740534	0.447996978618156
X32a0e403d8ab4e864c81225189442f80	SampleType	Sample	0.361991454831316	0.278256640111764	17	2	0.212913998725956	0.447996978618156
X79bd95d89777adafb03f3ace3f426c9f	SampleType	Sample	0.367459233571344	0.283545102969561	17	2	0.214580797375905	0.447996978618156
X5de27febf2c3146c05611c279e97767b	SampleType	Sample	0.38155757052636	0.297272893834023	17	2	0.218782734133562	0.447996978618156
X4ba6d9ebb141ae2fe627316739c34abe	SampleType	Sample	0.371560681610915	0.287525547549161	17	2	0.215817787128317	0.447996978618156
e7e897e9c6f4396ae8456f5f7c9acfac	SampleType	Sample	0.365155269193549	0.281314133865385	17	2	0.213880879629638	0.447996978618156
X7676ece77d7e42fe02f1ea5bd072db9a	SampleType	Sample	-0.804446613873855	0.635016574332995	17	3	0.224539978160991	0.448156683385465
a72f9cdd7da6834e54f8810659e51943	SampleType	Sample	0.403270491360514	0.318641193233244	17	2	0.224964023051497	0.448452819883019
X8697933a3a724e01115f544eceb7ec31	SampleType	Sample	0.403610447136896	0.318977690289587	17	2	0.225057904663172	0.448452819883019
ae2030ace237249b32ce15b9b2443b93	SampleType	Sample	0.906960175298523	0.721089736618656	17	5	0.227706259902638	0.449449815931332
X0bea4866ccde81552fde378c0f2e439a	SampleType	Sample	-0.849954167784633	0.67395893208285	17	2	0.226521857860733	0.449449815931332
X9dfb6bd9f3f28f7bef21b5b782962026	SampleType	Sample	0.822299925250803	0.653859619038178	17	8	0.227760440158893	0.449449815931332
e44c0dc26e57981a91a305cb77e9b4ff	SampleType	Sample	-0.562707310897107	0.445621348295522	17	3	0.225957836157503	0.449449815931332
X01487c30cce81a4d51bf50bc0a4a4d9c	SampleType	Sample	0.410533637542859	0.325842294276028	17	2	0.226950126027834	0.449449815931332
X348bb73e43e5c23f7e171ffe032e6216	SampleType	Sample	0.413535086987621	0.328825147194519	17	2	0.227758802639354	0.449449815931332
ed2abf50404c6a3f9ebded694af30347	SampleType	Sample	0.406592843257971	0.321932106877839	17	2	0.22587764367388	0.449449815931332
c898ed2d7ce4a5ec1cd74e7e873fcb9d	SampleType	Sample	0.413615980737344	0.328905594961114	17	2	0.227780500039365	0.449449815931332
X0487cd55965400b398abc2e8e61df545	SampleType	Sample	0.410603628251043	0.32591180547452	17	2	0.226969063931956	0.449449815931332
e114927025b74b239636963ecdf5213c	SampleType	Sample	0.411132216080388	0.326436843158211	17	2	0.227111963867974	0.449449815931332
X10fbae36f6f58db20fd5a803fbd6b04f	SampleType	Sample	0.407931692283273	0.323259755686035	17	2	0.226243374384407	0.449449815931332
X16754e060d0b7f7ac8a08754e1a6c7bd	SampleType	Sample	0.408243859576726	0.323569430984745	17	2	0.226328446653324	0.449449815931332
X27af17b435f0eaea0b8e0f73e1cea442	SampleType	Sample	-0.854748786981714	0.680557407825157	17	6	0.228343538717668	0.450194775359691
X34b93394ad2057aa52c4ca717f1bf4a1	SampleType	Sample	-0.711493071465532	0.567001648042265	17	5	0.228738652281304	0.450278367907896
X9e50953b8dbc38ae98e4bf935f1c833f	SampleType	Sample	0.417276615450299	0.332549020064373	17	2	0.228756995315384	0.450278367907896
X169b6455530e3a2dc5bab9634bf5464d	SampleType	Sample	-0.604615909052825	0.482434323439265	17	3	0.22929483406273	0.45069808184912
X5295f710a2863493c3fa6f5d104b7f85	SampleType	Sample	0.419487295051406	0.334752073462937	17	2	0.229341627970195	0.45069808184912
X1764cb4530e7ac4f7216d8dc38df86f6	SampleType	Sample	0.4204996797419	0.335761647064389	17	2	0.229608086402077	0.45085665509534
a7508469f5091d6822c4a1846a20ae8a	SampleType	Sample	1.00488150925776	0.803186599385305	17	12	0.230053653585255	0.451366384196778
ff901874ac79617b42a96c2b0b7364be	SampleType	Sample	0.424262516008191	0.339517710044763	17	2	0.230591450874394	0.451557026491024
fb98d9d8aa92f0e970cb70c080580bd7	SampleType	Sample	0.709590819666788	0.5680031059889	17	6	0.23070898757679	0.451557026491024
X32828f3526355fba7a2dd8195c9c2c9d	SampleType	Sample	0.423357024173436	0.33861332500596	17	2	0.230355821471771	0.451557026491024
X6db273c98e9051a90e84cfa4ab236040	SampleType	Sample	0.42737522447148	0.342629092030358	17	2	0.231396585236308	0.452537882649895
X4e569a411cfd20e27f89d231b691d3bc	SampleType	Sample	0.649004181339162	0.520775734598306	17	6	0.231794094595585	0.452885977954042
X2e1b161a2a5d6649ae0ceacf2979d747	SampleType	Sample	-0.511638597385058	0.410692381624873	17	3	0.23194778351746	0.452885977954042
f6a07aafa12c7f7f304ef630c3576c21	SampleType	Sample	0.431472699031237	0.346730537208898	17	2	0.232444990235121	0.45314275519513
X2985b6f6842b1ad23bd5d7ca5f030fda	SampleType	Sample	0.431503064300039	0.346760955650293	17	2	0.232452711255845	0.45314275519513
X7d5aa56880a9ec00a7bb78f06f5c2d92	SampleType	Sample	-0.690961859749491	0.556109804605739	17	4	0.233129354201244	0.453593955846088
X530d24908759df11439f922b6b553c34	SampleType	Sample	-0.609054202363876	0.490314862072192	17	4	0.233244852449904	0.453593955846088
X9f677b99584402ca443227d7658e0652	SampleType	Sample	0.434447555528999	0.349712228916963	17	2	0.233198038802845	0.453593955846088
ab94e07bffa56ae195f9bd063ab6b4d1	SampleType	Sample	-0.938821230712403	0.756281983668469	17	2	0.233533813294641	0.453792285721451
X65f9c4fd5a84479707002fd015bf0a45	SampleType	Sample	0.444264457076483	0.359574165980819	17	2	0.235635060888458	0.453878010139911
X1e8eba533d1486327c9205aa00ff16b5	SampleType	Sample	-0.760939703704358	0.61350227185659	17	3	0.233908386089285	0.453878010139911
X66c75141b6cc5f29b38f794ad6433eef	SampleType	Sample	0.439607146662757	0.354909217297992	17	4	0.234510568172253	0.453878010139911
b22bcbfbabe25781b4f5e4c8a34127a0	SampleType	Sample	0.441492038126673	0.356785630837434	17	2	0.234954236282855	0.453878010139911
X7b994a5ac1a6070b92441489e0ef3704	SampleType	Sample	-0.953979634198744	0.770348032893516	17	2	0.234608477535495	0.453878010139911
X420927569d913eaae847fe04aec60ca4	SampleType	Sample	0.442800556361636	0.358101430121527	17	2	0.235276293931303	0.453878010139911
X8653676dd17688f64580f179c87a231c	SampleType	Sample	-0.533265479178876	0.430235765637029	17	3	0.234213336383277	0.453878010139911
X276633089b6d7997e07d12b0707b6287	SampleType	Sample	0.441986884487683	0.357283161852962	17	2	0.235076182235033	0.453878010139911
cb2619ac54a80b0572046fbbdf4699fd	SampleType	Sample	0.439364601931115	0.354647615935074	17	2	0.234427851452483	0.453878010139911
b3fc1cfc0a34d85c5c6916aabff1f82a	SampleType	Sample	0.443818943881301	0.359125887384097	17	2	0.235526047509411	0.453878010139911
X1516af2e087e3bac332b512450205264	SampleType	Sample	0.442711232040172	0.358011590186545	17	2	0.235254350284466	0.453878010139911
X445b68d5068cb22a86b6f544371c0736	SampleType	Sample	0.449494504826831	0.364841595261103	17	2	0.236903660696832	0.454158913515965
ae3a0d1a42996c3597632985f8aaff20	SampleType	Sample	1.16093642926697	0.941970214693861	17	6	0.236747980616166	0.454158913515965
X63eb15027711090a0a263be7532edebd	SampleType	Sample	-0.562571197455874	0.456282135136039	17	3	0.236570166321292	0.454158913515965
X37bdae13b8b7d51206f5dcb76606a2b6	SampleType	Sample	0.446902004401208	0.362229441989463	17	2	0.236277386773128	0.454158913515965
X4fa37c5ad70454356e5f3de810fb51d5	SampleType	Sample	0.449275190849308	0.364620534439869	17	2	0.236850875061071	0.454158913515965
X6cc505bd745105bef4167a97323eac30	SampleType	Sample	0.446088332527255	0.361410054837941	17	2	0.236079789594942	0.454158913515965
f71db93be1c531888484e813725fa680	SampleType	Sample	0.45071128757086	0.366068349782786	17	2	0.237195871720022	0.454360205733617
de30694dcd21f73a62f7f0cead171178	SampleType	Sample	0.425256386408355	0.346081012515927	17	5	0.238085222977192	0.455704129468175
X9b807181eb796f6f8658db88e02c3ab1	SampleType	Sample	0.608880489550171	0.496534437160951	17	4	0.23900346403707	0.45602311888205
ed0353e296a05c601d545958eb699a9b	SampleType	Sample	-0.449134451686157	0.365992862119686	17	3	0.238672250006406	0.45602311888205
X906bff177d7fcdfacb74eaa7d55b5f19	SampleType	Sample	0.457265053793231	0.372683810913035	17	2	0.238750919407055	0.45602311888205
X8508cc2babc7fa9026dd0ec7c44927e1	SampleType	Sample	0.458110390377306	0.373538063141868	17	2	0.238949198882801	0.45602311888205
X2a23013dc8d92c3d6904ea9171324339	SampleType	Sample	-0.44719496004462	0.365364185031803	17	3	0.239841365578851	0.456545093537155
b5fad28e9432bef29887fb334b0dc354	SampleType	Sample	0.461822937522785	0.377292280451761	17	2	0.239813843052073	0.456545093537155
d347c5d57c346ce7e9f23f2efb7ebe66	SampleType	Sample	0.461681112077449	0.37714878877593	17	2	0.239780995834255	0.456545093537155
X8f4c101dad164251d4878936cbc25ece	SampleType	Sample	-0.963923454213595	0.791798830562536	17	13	0.242264026865358	0.457924293771203
b48a66a13d96875cba60b1e2f35f600e	SampleType	Sample	0.990099980041417	0.811687433898895	17	5	0.241371576110059	0.457924293771203
X19d8685c1c767a1204159aed4fb29258	SampleType	Sample	0.464153511354879	0.380520020320312	17	5	0.241377885161295	0.457924293771203
X4f55bb19baeb2eb8268302eb1c84cd1c	SampleType	Sample	0.471789531410348	0.387390231063454	17	2	0.242086057847311	0.457924293771203
X8a9be522625d780ad4262efbc53eda02	SampleType	Sample	-0.573130563005305	0.469528232564513	17	3	0.241059672838672	0.457924293771203
X25ae5ed2b7758ea173a35ccc38eda4bb	SampleType	Sample	-0.458422601520998	0.376113406318478	17	3	0.241726400207838	0.457924293771203
X08e3c534c72a65c575eb38cf61b166bb	SampleType	Sample	0.470798601564637	0.38638501183588	17	2	0.241863300800648	0.457924293771203
X66013b3cf0edb984e5baef7de3f88953	SampleType	Sample	0.466183830463876	0.381707228742332	17	2	0.240816771047097	0.457924293771203
cfbf23e8fbdc32bb41dcd615269fa982	SampleType	Sample	0.471325055690947	0.386919024569821	17	2	0.24198173161296	0.457924293771203
X4b8c193ffabd01fc570b6820496fd2c6	SampleType	Sample	0.475272908151544	0.390925917565482	17	2	0.242863644015515	0.458700438930471
X7d90d5ed128c6d4519c33e4e5b4deda9	SampleType	Sample	-0.780144672464446	0.642607773276515	17	8	0.243505400880095	0.459554905082418
X1f93c77d645099d4e473c8ae649b23bf	SampleType	Sample	-0.488384170537371	0.402797771427727	17	3	0.244080387534678	0.459924767505173
X1f3719dee285b2b4d5a72defe8ad0b6f	SampleType	Sample	0.479937332663503	0.395665337900019	17	2	0.243891672453169	0.459924767505173
X5d0c548e712a3061cb02d0cb6856fd22	SampleType	Sample	-0.734653074629383	0.606936812135885	17	6	0.244843543070007	0.460647503124734
f4bceeae772fe5d1c10e76993f2775fa	SampleType	Sample	-0.990195621324594	0.817724090297656	17	6	0.244661559609223	0.460647503124734
b742d2c5dc2d56380a963392a7e31ede	SampleType	Sample	0.48616205302167	0.401998649040044	17	2	0.2452403871183	0.461036730856789
X9424c4cde9ac3d8bb3707412cb09cac6	SampleType	Sample	0.910532019864595	0.754443388153241	17	5	0.246162491776568	0.462363345263892
X81eb9613c7b46fdbfd42f65d244633bd	SampleType	Sample	0.492952548008004	0.40891821033691	17	2	0.246681998542794	0.462363345263892
X74e200e33e541656067ea73dd728d295	SampleType	Sample	0.491544549610208	0.407482567206206	17	2	0.246385596841809	0.462363345263892
d1ec4cc8677264fd80400fbcf6b0d338	SampleType	Sample	-0.414565284216288	0.3440985304007	17	3	0.246950786234063	0.462363345263892
X38bddfc43efeb8e27c692d807257718e	SampleType	Sample	0.494828617841701	0.410831817494878	17	2	0.247074910743513	0.462363345263892
X8cbf44d507b343d30ea1154bb1c5bc28	SampleType	Sample	0.494896600815068	0.410901175647661	17	2	0.247089105400605	0.462363345263892
X70f34d28cc14b3b96bb169c9203961f1	SampleType	Sample	1.12302088928971	0.936962149335784	17	8	0.249286715885879	0.466026998491808
X1c5437a8d37998b2e0ccecf96d1ba7a0	SampleType	Sample	-0.502839877109517	0.419834617456891	17	3	0.249614254511814	0.466026998491808
f8af12b7d91adeaaa9cc9f797cc88c29	SampleType	Sample	0.507269935648787	0.423541606388954	17	2	0.249623031742625	0.466026998491808
X50f3f1be89a3396424a0398df35f30cb	SampleType	Sample	0.510835207446679	0.427189805310192	17	2	0.250335187372051	0.466997309571074
X310aae89ac71938da77feea20c4e7e64	SampleType	Sample	-0.901931005833036	0.754969844267164	17	8	0.250769335906757	0.467447909558909
X125fd13beded469cd0956fa00aab7082	SampleType	Sample	0.698553920323814	0.585623474275097	17	5	0.251460434722202	0.468209475872725
X398effe356695ecb2193dd8b9c68b8cb	SampleType	Sample	-0.443824303873794	0.372159035171537	17	3	0.251563723336643	0.468209475872725
f52cc48609defa77a00f73123ba2b223	SampleType	Sample	-0.840619556093888	0.706183176873836	17	4	0.252399591823037	0.469045795830406
f65e1a651f358b15364cffeb81519bf6	SampleType	Sample	-0.45514426216084	0.382313792952199	17	3	0.252350509344989	0.469045795830406
d307934c6fa813bafba49a7150e73feb	SampleType	Sample	0.526996019752255	0.443757502882325	17	2	0.253466171055818	0.470667480606327
X168dee81a28715fc5595ac791708e750	SampleType	Sample	1.68743481384747	1.42194320206539	17	6	0.253797542831418	0.470680748150661
X85d1f849e5799e97c5b3e48d1c87488d	SampleType	Sample	0.718744439626347	0.605746050069697	17	3	0.253861186373801	0.470680748150661
a189de0ee748ae23d4105412fc4c6b60	SampleType	Sample	0.53118717307118	0.448062016159268	17	2	0.254252916167679	0.471047196594624
X06aa8371756490aa26b512dac0839f29	SampleType	Sample	0.935445353148075	0.789845896062328	17	13	0.254706459057155	0.471527518025718
X58b61ab2faf46b2e723b61cb75d41d73	SampleType	Sample	0.622273066177707	0.526324666629643	17	6	0.255490437802481	0.472618363221509
X3f07c5798efd8deb6095045db89ee137	SampleType	Sample	0.539262297313653	0.45636407168014	17	2	0.255740430616907	0.472720506555394
X8595fe44ffc2097137b3548ddceb90ee	SampleType	Sample	0.732288524476314	0.620386331104665	17	4	0.256231412863058	0.472907710280336
X9d8b838d3bccf3b1c77d3643fcaadf71	SampleType	Sample	0.541288605507117	0.458449028391615	17	2	0.256107947781245	0.472907710280336
c400bb9ef12cb34392453dd557713e2b	SampleType	Sample	0.60777783721464	0.515754418977529	17	7	0.25698418308313	0.473936635518812
X330511b25fce830f4ad4b90a0e70a290	SampleType	Sample	-0.908316107296566	0.771133235454245	17	7	0.2571879463119	0.473952274638559
f4667215c7b7194e69731dadb04fcc35	SampleType	Sample	-0.386536836086137	0.329582180397832	17	3	0.259161541422262	0.476823377732472
X23e79c786386a012505f5d5b273eacbf	SampleType	Sample	-0.750520357937561	0.639903690576153	17	5	0.259139802676209	0.476823377732472
X8cd3fa8146e64c007907291b4c7caf87	SampleType	Sample	0.559641738826965	0.477362596037941	17	2	0.259335335231505	0.476823377732472
X04a19bf7f368bb14b2ce0bf00b9f925d	SampleType	Sample	0.789705284919053	0.675150797365636	17	3	0.260383540434193	0.478388230608468
b28d50f8401c6660191fcf0576c96b5a	SampleType	Sample	-0.761698543852203	0.652727360405071	17	9	0.261448866340453	0.478922563954754
X0a05ee4d171b0d8a22c44965669531a1	SampleType	Sample	-0.388465068532202	0.332664485196373	17	3	0.261139342174889	0.478922563954754
X322a5b348bf6b1f290646f2cf2b18fcd	SampleType	Sample	0.572327151775991	0.490464004414499	17	2	0.261463698904017	0.478922563954754
d9790dbdac3ab364ac86871f0422daba	SampleType	Sample	-0.398965633462911	0.341764703971757	17	3	0.261283724834722	0.478922563954754
X4c99063a98b560e23602bb9a246bf6f9	SampleType	Sample	-1.0783909818267	0.926969715564727	17	6	0.26286005360296	0.481045146694915
X549d14931548412e9a6a570d41cc8828	SampleType	Sample	-0.487059786498192	0.418815171017246	17	3	0.263018916219263	0.481045146694915
a97a936bbae1f78f23b105c7e7bd179c	SampleType	Sample	0.482223510903651	0.415959882966374	17	4	0.264455216006716	0.483307838289383
d9feec8235be0ffac8f36ea3ca8cd990	SampleType	Sample	0.594780120897253	0.513704478992625	17	2	0.265039277667119	0.484010780209253
X982925871472c4f876909ed322877969	SampleType	Sample	-0.622664735023316	0.538381576482134	17	4	0.265544615716701	0.484075742711338
X3106ea771f08d96b8963c628fee0d234	SampleType	Sample	1.18916030278261	1.02893323986103	17	5	0.265872667916857	0.484075742711338
X4449b17589a37c0ce7471a656c28168f	SampleType	Sample	0.587974594439697	0.508686998662572	17	6	0.265814921260157	0.484075742711338
a178b94595f8d2b9c1a9b92ada87e899	SampleType	Sample	0.531032881317562	0.459065734166962	17	6	0.265457615699695	0.484075742711338
X846ed899f8d8ae5228d0aa0a4e294f47	SampleType	Sample	-0.401516709801897	0.347844616604145	17	3	0.266437259738158	0.48451764162634
X83b25d85c95c7a3e76d1cab65e5528c5	SampleType	Sample	0.604494599436992	0.523778160887431	17	2	0.266514648360595	0.48451764162634
be1c022b7913c07466599480771ca475	SampleType	Sample	0.479686444471165	0.416211237299871	17	6	0.267149749709983	0.485308714480635
X892007b0cf39fd7a0a52602d7d3891ff	SampleType	Sample	0.662029968412876	0.574709449001129	17	5	0.267376159410119	0.485356723177531
X3a218447b4453c013ce47c49e91976ab	SampleType	Sample	-0.657098257933425	0.570893278839968	17	5	0.267750101666873	0.485672269615471
X4427631ba12d1e17a839f754f0970e4b	SampleType	Sample	0.616250562813541	0.535982473912517	17	2	0.268245391574357	0.486207293017897
X8cdc57833ef0f9307e17386efbd280b3	SampleType	Sample	-1.26756492434719	1.10323004488575	17	8	0.268565287670116	0.486423845653263
X4e67b78eba413547c5a0c3abe7b533fc	SampleType	Sample	-0.796247062980378	0.693629684993587	17	12	0.26897127831514	0.486491545303042
X4ea7833e20479f7f51d1a0725301792f	SampleType	Sample	-0.666010388843926	0.580218220044597	17	5	0.269003565635222	0.486491545303042
X720e20ef0af502df74e5dc4b4fd9ee6e	SampleType	Sample	0.614710723427516	0.536460250667227	17	8	0.269803688230369	0.487575242989655
X4bff8d96fb4e0a5ebceb210074d463ae	SampleType	Sample	-0.479597304817555	0.419157478347241	17	4	0.270474355129498	0.488423556472688
X5bb4493caabb56b78b99ee150f358d3c	SampleType	Sample	0.298373603571072	0.260914258391022	17	4	0.270725166008994	0.488512994724036
X22d47ace5170b49b15c402d08c27745a	SampleType	Sample	0.866531605648127	0.759513818001202	17	8	0.271798865338749	0.490086066996391
X756de14d7ff3198c158caaa15cb45bfa	SampleType	Sample	0.751557887245433	0.659873777878089	17	7	0.272590573332981	0.491148716762542
X185474c3dc53ff6ff5abb3d7d564841a	SampleType	Sample	0.929459775240632	0.818000152522962	17	12	0.273676601609076	0.492374434473854
X7192fde7619b605afa8fdcbe100ccbd7	SampleType	Sample	-0.673147366077866	0.592166290167502	17	5	0.27347589916536	0.492374434473854
ece90a7187114a07725d074efe460109	SampleType	Sample	-0.829698434428257	0.731396381923819	17	11	0.274429491389477	0.492633413906998
X73559856950a5d6dabd4d45634d9939a	SampleType	Sample	-0.665428285207382	0.58644011656991	17	4	0.274312653781429	0.492633413906998
c3c77a60bf78b5495110b7be950f306c	SampleType	Sample	-0.479329140228337	0.422363413625402	17	3	0.274238437500597	0.492633413906998
X679851382058cf63aed5afad912fbd49	SampleType	Sample	0.665713604944341	0.587475257121217	17	2	0.274927823368046	0.49316321309257
bc73346bf0a44abb6a190813b03b316b	SampleType	Sample	-0.526998558378571	0.466394731669765	17	4	0.27624652603	0.495162716894247
X447fafcd4605f30e0e711a9b948cdcaf	SampleType	Sample	-0.33646124925844	0.299521006391386	17	3	0.278954761239265	0.499325546395941
X9cfbccc48b63a139f7c2f3aa3cd75667	SampleType	Sample	-0.33736856262027	0.300345377586814	17	3	0.27898040416683	0.499325546395941
X4dee2f4d0a9682e994e943ab8cb6914b	SampleType	Sample	0.47669452975025	0.425586593078718	17	5	0.280290667377922	0.501300994639805
X8f60b4663eba42735add79c7655f8337	SampleType	Sample	-0.71646602204602	0.641219260185454	17	4	0.281422624571624	0.502954867330878
X46ca097e633fe69ec90772cf148a72eb	SampleType	Sample	-0.593290248190585	0.532139665560972	17	4	0.282431905848349	0.503646021670789
X134a793f609e157b315d5ecc6e6b182e	SampleType	Sample	-0.670066325012435	0.600832485029076	17	3	0.282301055513205	0.503646021670789
e59beb781a2e6e377ce04cc9c90c6f30	SampleType	Sample	-0.363998056113857	0.326400521734499	17	3	0.282318280484928	0.503646021670789
X2e2d0d2f648a8ce511450a4df9c71794	SampleType	Sample	0.668928540729905	0.601590372448548	17	4	0.283671173093532	0.505484535314245
X215f6b9380f0892e9e490572221f021c	SampleType	Sample	0.600548730223681	0.54193203846137	17	4	0.285244758252283	0.507543275863849
X4dc741dd427173dfc7c53adc527826df	SampleType	Sample	-0.391863867389536	0.353491495077166	17	3	0.285081712673369	0.507543275863849
e4fa90adb5cb71217e9e8b01c611aaa8	SampleType	Sample	0.540020549711802	0.488600358385117	17	3	0.286468766652641	0.509347763125244
X922414fd1c48a7f30c1c59fa8536ce2c	SampleType	Sample	0.55725166886981	0.504750901244841	17	3	0.286983608209154	0.509889617220803
X8223dcff6e9b96f3e9285ce3a260cfde	SampleType	Sample	-0.597345595034015	0.542304860089859	17	8	0.288043167666665	0.511397781950984
b64810a9bcdbb39e6ea6607148fa08ee	SampleType	Sample	-0.37483239823851	0.341086473092869	17	3	0.289121840861517	0.512937651879314
X6cc11d3c63b78e99b16e67e996f43658	SampleType	Sample	-0.66066570481203	0.602854842291048	17	4	0.290408504286475	0.514676217120378
fde8e84cce41b1ce4694d7b9a136fed0	SampleType	Sample	0.531249064098947	0.485106712180771	17	7	0.290737986679867	0.514676217120378
f53287ebc21f0c7e12926a12007164ed	SampleType	Sample	-0.316994461570757	0.289402874357941	17	3	0.290643943820019	0.514676217120378
X1b894e7b3abc023b445b8edae5056a21	SampleType	Sample	-1.12615455513726	1.03296872607998	17	14	0.292824274510127	0.517752731517691
X1a9f6dc8ea60ccc6a41f023eba35d657	SampleType	Sample	-0.349992927589121	0.321233545205602	17	3	0.293115885086653	0.517752731517691
X4b9ef26c1eb03685b09376914bb4d022	SampleType	Sample	0.497167351632365	0.456260680548825	17	3	0.293061103153098	0.517752731517691
ea5114b2e35c6ea63901f2e114fa7f39	SampleType	Sample	0.945280241756661	0.869621744903894	17	14	0.294195262276441	0.518566487457189
X117a12b24ca312fb2c8304666d637467	SampleType	Sample	-0.381084831714462	0.350450560814794	17	5	0.294018888517203	0.518566487457189
f53b33bd3d2753c5781bd871f0b909ff	SampleType	Sample	0.486293426174864	0.447598446386566	17	3	0.294431240097242	0.518566487457189
X42effdac1fe2cfcb2ccd7af252442f91	SampleType	Sample	0.436885244663831	0.402099055161607	17	4	0.294405006900725	0.518566487457189
bc3a28c452bf7b596755085b0a60233f	SampleType	Sample	0.50110443154467	0.462211908972086	17	3	0.295419562584529	0.51992986105341
X9de652f243e7581b82bcf0e7e54f4425	SampleType	Sample	-0.84752736001048	0.783234050568179	17	5	0.296303452399599	0.521107593459294
d322a9c851baaa3669e9403ca5fa71db	SampleType	Sample	1.17889729663557	1.09123392290358	17	5	0.297058023422635	0.522056352532031
X7493d1aedb2c77d663590d82ec640fd4	SampleType	Sample	0.467589931245816	0.433466181735794	17	3	0.29775288263764	0.522898875659589
X9f57186e68298fd99139b866e9a8155e	SampleType	Sample	0.670902174451656	0.623934642604604	17	5	0.299243323068309	0.525136330503822
X075b9b03d1538a4f56a5fcd204994dc1	SampleType	Sample	0.461218544213239	0.429231041819382	17	3	0.299569918251987	0.525329618206339
X05cef76f349996d7fc093cda2219554f	SampleType	Sample	-0.733401585796132	0.683963628009513	17	6	0.300542834318688	0.52665520497578
X987027dc44208ccada49fa8ca6ab884a	SampleType	Sample	0.75063901927906	0.701466947549737	17	8	0.301492540086188	0.527177517859639
X4781f563195b71c4989c72a742732717	SampleType	Sample	-1.11053033129343	1.03764070242432	17	11	0.301428673089739	0.527177517859639
X48815e8d0e5259fa7f9d4494aff5d100	SampleType	Sample	0.480842435133721	0.448963887515609	17	3	0.301098149069371	0.527177517859639
X5234d703355574c2c5651a4064ff536f	SampleType	Sample	0.752002443856281	0.70417084415396	17	16	0.302440141759504	0.527916339021744
X2b40c022fbe562c3b2f221f0b2d29305	SampleType	Sample	-0.641490404969779	0.600883337856365	17	6	0.302591755218077	0.527916339021744
X931c681f98c83cc6cfa618cafba4ce14	SampleType	Sample	-0.361891567024635	0.339124033149162	17	3	0.302785143765252	0.527916339021744
X9b2afb5dc1633a1864a599769e736c32	SampleType	Sample	-0.302007333902154	0.282855144087767	17	3	0.302534414946507	0.527916339021744
X577ab2fd63927a467fc472aa93939c74	SampleType	Sample	-0.75739502875739	0.710994134563839	17	7	0.303605011018563	0.528586342713094
X71fb81f61077f6242a87a4a51d97cfab	SampleType	Sample	-0.607834359613111	0.570528079090291	17	3	0.303549388521199	0.528586342713094
c146d938280275cf9b6e6d039d76486e	SampleType	Sample	1.03560576228204	0.97649187555397	17	2	0.305679047726337	0.531815805614207
X8c98595b50153db05b95a7c15b260525	SampleType	Sample	-0.496207324478958	0.469658806359186	17	5	0.307447238116756	0.533362721164666
X4c43948937b9d0fed28beda09ad518f4	SampleType	Sample	-0.650690635867249	0.615694851055086	17	7	0.307309276458811	0.533362721164666
X184d96d31a0f7629e2f3c2091ff56dae	SampleType	Sample	-0.500514487443422	0.473501396931695	17	4	0.307216448187814	0.533362721164666
X9165cf3f22b965a183e3aa1468f1377b	SampleType	Sample	-0.345557398999476	0.326843204833075	17	3	0.307124702160531	0.533362721164666
c6c422e7937936cc8b3aa5a8b979de90	SampleType	Sample	0.436972887494925	0.41488700077421	17	3	0.308905263481677	0.534434218883686
fc1ddc74a546b88d1915f9a1e6c6c184	SampleType	Sample	0.809593227832783	0.768740572507522	17	6	0.3089456980197	0.534434218883686
ec4b4d4280b1e0a1601b2ca2dfc98eaf	SampleType	Sample	-0.486969802385278	0.461855711244655	17	5	0.308398732810339	0.534434218883686
cb77f895e621296f9ac44ad0a1531f42	SampleType	Sample	0.43421739182832	0.411942445675865	17	4	0.308533187205841	0.534434218883686
X6a09d5845ed7314d9bb521c0d1a7a336	SampleType	Sample	0.702568588268579	0.668700247668276	17	11	0.310053291428277	0.535968189669821
dc5f2dd3c3d2c044e4a0b92b66404ba7	SampleType	Sample	-0.674384020103156	0.642660420223271	17	7	0.310625061115239	0.536574393826823
a130124737fcdfbd98b30e43310f4735	SampleType	Sample	-0.601402613506939	0.573712063882513	17	5	0.311113903901391	0.536906985805025
X7f7f581b24451331c4f5dc0950c90ca9	SampleType	Sample	-0.293873463455578	0.280430260077089	17	3	0.311260044922814	0.536906985805025
e018027ae4ac53f0766656b67ac716cd	SampleType	Sample	-0.942188474305219	0.901203180842543	17	12	0.312358045684151	0.538418307439938
X7fce74cb443a745e3d77a49d56e0de1e	SampleType	Sample	-0.302494543296785	0.291042539833633	17	3	0.315107159565518	0.542771523254445
X726a7a94581d1987e230ae082232763f	SampleType	Sample	-0.649401987454691	0.625188358014218	17	4	0.315385308376345	0.542865349949922
X8cff7bc3fb5f7586f26e4837583cb108	SampleType	Sample	-0.390025224966441	0.375775177611564	17	17	0.315749374491798	0.543106826287452
X8e346461669207cab6d70c3446911f43	SampleType	Sample	0.813419025623937	0.784348163176059	17	11	0.316136118274261	0.543386939838266
e7da42f9000caabfe585a8d3d507975e	SampleType	Sample	0.40244103510575	0.389505506301786	17	3	0.317877322929169	0.545422938502195
X15dd721c2cadf5fa9486db1a75cf3091	SampleType	Sample	-0.457159413231527	0.442576254771662	17	7	0.317994832295264	0.545422938502195
X1406cab91377de7a3ba021fc160fc8d6	SampleType	Sample	-0.661618730125956	0.640309022838852	17	6	0.317845534034979	0.545422938502195
X63825a52c887578db44e20ba49781313	SampleType	Sample	-1.22281236689668	1.18639646788451	17	9	0.319017695427536	0.546725170993884
c25fb25c5c55dd4c8f7f5d2a629cadb9	SampleType	Sample	-0.374397976436678	0.363393384801199	17	3	0.31920460127661	0.546725170993884
X48fcba36a1de64bd249659a9091884a2	SampleType	Sample	-0.338781887925137	0.32967943762629	17	3	0.320420013240708	0.548419867514244
X1d04bfbed61d8ca564d0c090bf7158dc	SampleType	Sample	-0.386551460568952	0.377606257296534	17	5	0.322208906917299	0.551093035298297
X2bbe52154caa4c2adf279cb6aa9f2db5	SampleType	Sample	-0.404999274014598	0.396138871041903	17	5	0.322813848819683	0.551286681051678
X437d37103a43df7c01b9cb40e5963d67	SampleType	Sample	0.267895464916285	0.262002323471783	17	4	0.322756264239811	0.551286681051678
X4fa0335215cc2dc477195b206712ff9d	SampleType	Sample	-0.298489860991641	0.292077996503	17	3	0.323003568378857	0.551286681051678
X89f22d820e6da5e389f734e495de0491	SampleType	Sample	-0.279423482238568	0.273565948338168	17	3	0.323251313732592	0.551321811966971
X3a4629502b41450600e793677caa5387	SampleType	Sample	0.352379069730665	0.34669202641323	17	7	0.325552048588113	0.554855914272016
X08cc5ca9bbbb0709cef52dde95e762f2	SampleType	Sample	-0.349852282349282	0.345104699685631	17	3	0.326772739804732	0.556545571583217
X2438c6bded651e17749490fb3d360a95	SampleType	Sample	0.780313223406968	0.770591776589202	17	5	0.327300146614272	0.556675254770285
c75d13589e903c4f3bc3ab2e4beb56f6	SampleType	Sample	0.454335569150963	0.448682439278444	17	4	0.327307617864523	0.556675254770285
X72da9bd2dac35c1c366f11e4e243b498	SampleType	Sample	0.807948905126653	0.79860046686206	17	5	0.327720860301014	0.556987764671262
b2ec0c366fd68090f7f876d279e9b01a	SampleType	Sample	0.530307400262969	0.526393320810478	17	3	0.329701333941406	0.55996160775073
f6907f697361593491030f7dc8a198aa	SampleType	Sample	-1.05397139075291	1.04966216162314	17	17	0.331251753505331	0.56220140262758
X18a47b13b6250cc908af72f722d2cfe6	SampleType	Sample	1.08894465532325	1.08588968981181	17	6	0.331854648485736	0.562831049528219
X8b3cd304d438f52eb5ef55332df50d3c	SampleType	Sample	-0.622199481355806	0.620930359822935	17	6	0.332214057164632	0.563047148560448
e82c8533f62da7b4f2f73a4eabccc8fd	SampleType	Sample	-0.419008621101445	0.418923394519859	17	3	0.333074884016771	0.563718789057673
X2023079d8aa6920d055be6308fdabf4b	SampleType	Sample	-0.263889389482233	0.263797846578254	17	3	0.333007672550457	0.563718789057673
X2f4a3ef5de56c8b5b8470e19c136c025	SampleType	Sample	-0.766749577707989	0.768281472318614	17	5	0.334104720660867	0.565067705257091
X8ebe6251e8fbcc226351c3df5884798b	SampleType	Sample	-0.599505640308141	0.604149044422231	17	4	0.336782870314549	0.569200575385383
f158a6309a99a6bb06bab97188e09659	SampleType	Sample	-0.445756745178639	0.450606286711975	17	4	0.338236688201318	0.571259876314961
c2169a2367142d716e13824cef7b215e	SampleType	Sample	-0.564388471334734	0.571341794880655	17	4	0.338903503483747	0.571988040997952
X0cc9c55d721f5f3d43ec8bc2fe132d0e	SampleType	Sample	0.672033006203592	0.680989189732098	17	16	0.33936894295442	0.572375555629172
X91c17131cd04751c175243c37e94f7eb	SampleType	Sample	-0.513821237458135	0.52159821137064	17	4	0.34020376441059	0.573385094600349
X0bbdb9142f35f4f921582b626e73ac05	SampleType	Sample	0.540344014052994	0.550067352329414	17	6	0.341520416432374	0.574407519529711
X38329f153e46c35cf169cc509224ebaf	SampleType	Sample	-0.57089636871104	0.58110253581253	17	4	0.341466485614571	0.574407519529711
X7c8ac152cdc8e3a2522acc386fca48a4	SampleType	Sample	-0.66737547617648	0.679206425194764	17	6	0.34139755765836	0.574407519529711
X45bb43b8bc1f16292a3ff842bf199281	SampleType	Sample	0.786497962624586	0.804219076225156	17	5	0.343601874171993	0.577508136160268
X21021bdd12e09ce57c9809e7f6a75cb2	SampleType	Sample	0.858418776672766	0.87954745446896	17	8	0.344553755016314	0.578307028647714
X2081602c247656e13b84098f86f682fb	SampleType	Sample	0.639984336789255	0.655594364177333	17	9	0.344452244026936	0.578307028647714
c9051647c434169c0c0548c0b891ddcb	SampleType	Sample	0.85024463462015	0.873279293182154	17	9	0.345684299781613	0.579498313555782
db23a4cfcd7511e99cad65c9eb343ca2	SampleType	Sample	0.33700633069184	0.346178429115224	17	3	0.345741062228584	0.579498313555782
X4bfedc0e9de9bed36f6c448669465526	SampleType	Sample	0.793079300617894	0.815494278762623	17	5	0.346217678428702	0.579896691198385
X769084a00704f9d73d2ecca15adf450a	SampleType	Sample	-0.433033888805654	0.445676783149417	17	7	0.34664197716019	0.57991500483462
X53bafb01e969e989f729bfa8d51be782	SampleType	Sample	0.334675565608397	0.344494283938223	17	3	0.346706498564085	0.57991500483462
X0368f3c75f8c9efdd5f053d81dae45d5	SampleType	Sample	-0.270122274107091	0.278378082901271	17	3	0.347263072094126	0.580445920091214
X9c7f57129ddb57343abd55a3fa67f442	SampleType	Sample	0.862951785646981	0.890364015394482	17	11	0.347808618557295	0.580558127399282
X1f3691f5d2bb06e49f0c0c7b0d1fe1ae	SampleType	Sample	-0.655144180109161	0.675770447662728	17	4	0.347680688184327	0.580558127399282
X364785234840506d99d961c082357949	SampleType	Sample	0.546239289245749	0.564019572014352	17	3	0.348164277474043	0.580752372116497
a7e84bbc2f4f197a7b62fc7b60d69e85	SampleType	Sample	-0.251437497461978	0.259811951474555	17	3	0.348506635857352	0.580794418722959
e8bf5aff39fc303f8c5d4c6a8dd71ffc	SampleType	Sample	-0.243429537262775	0.25162411125922	17	3	0.34866809562396	0.580794418722959
ebe09965287411f89cc56280f9790a4d	SampleType	Sample	0.328612489743576	0.340315972756658	17	3	0.349550496871326	0.581067846511444
X1dfa3991ae2e1234910a5e20ed314834	SampleType	Sample	0.515441195603045	0.5335300043769	17	5	0.349315126239509	0.581067846511444
X470136dfe4e4c0181388b5f03b307ee8	SampleType	Sample	0.386348309712904	0.39989677693101	17	3	0.3493034568196	0.581067846511444
X2f6933e38aaa156e1cff2c27c9fc4c43	SampleType	Sample	-0.613318219044428	0.636089946713639	17	3	0.350233694133637	0.581805048365733
X5fb5491fff26b89129586e444601145e	SampleType	Sample	-0.364502069531374	0.378903607070075	17	4	0.351306254805607	0.583187606301784
X1db2aedb3113eb91e4c997379103dce7	SampleType	Sample	0.877543521720863	0.912975142982143	17	10	0.351695522326472	0.583434745513567
e417c151046ba195520fed7677425096	SampleType	Sample	-0.699225328874467	0.73037139176065	17	9	0.353564626096929	0.586134800230359
X45be8d5ffe7ac45f4e6ed5a4743647ba	SampleType	Sample	1.00105618270076	1.04752274474385	17	8	0.354402377262155	0.586322133343729
e77b0bbfbb644a8f848ca8bc69411534	SampleType	Sample	-0.233534825763192	0.244319820923786	17	3	0.354296954023221	0.586322133343729
X7e2adc03ce99bfe7e7a0948323cdce2e	SampleType	Sample	-0.240056285135613	0.251073776642024	17	3	0.354169130937999	0.586322133343729
X6964bb65de0df60688194be5b739b0c2	SampleType	Sample	0.306564631254565	0.322548677118304	17	4	0.356950356526931	0.59013522839977
a86e32c1bd582dcba8d221fd6994482c	SampleType	Sample	-0.263276476274508	0.277221753373254	17	4	0.357318251407998	0.590286582519805
X11ccdf0ac21b472c65e1b4ed6894c37c	SampleType	Sample	-0.363446782689937	0.382870060727068	17	3	0.357528337990982	0.590286582519805
X4a187e4af130163a1f52acc5346105aa	SampleType	Sample	-0.228026058508284	0.241204512670221	17	3	0.359453554103423	0.59306171027125
X64723e321d1e32dcc4001aac6b6e905e	SampleType	Sample	-0.41371361857351	0.438517378871652	17	8	0.36040604185579	0.594229255152176
X806b6077085e15a1de09b12792c21701	SampleType	Sample	0.586412131188767	0.622080462403645	17	5	0.360789351512724	0.594457404019947
X2e681b6d1b933b32f96cf0591725d304	SampleType	Sample	-0.951526319940719	1.011020310411	17	9	0.361536756348953	0.595284740609844
X80adea37b591d7be9f3654798c613c5a	SampleType	Sample	0.571341923831509	0.607996651651652	17	4	0.362252402727471	0.596058699267506
X768c02ad828dacf149957d9fa614fd77	SampleType	Sample	-0.561288117269564	0.599003079062081	17	8	0.363582444127294	0.596458237432303
c5f63d29f715d92a595cde36cccd6d9d	SampleType	Sample	-0.66026337958564	0.703950925051393	17	5	0.363133419987971	0.596458237432303
X03ff4389751571679d504b8b37d762d1	SampleType	Sample	-0.541269495786688	0.577036772245708	17	6	0.363095569622099	0.596458237432303
X5068ff9a570ea542f21f7878288ab253	SampleType	Sample	-0.476490832173159	0.508662320251091	17	6	0.36372401788208	0.596458237432303
X6f8b904426153d38402d33735e59cdda	SampleType	Sample	0.304982370964803	0.325460193925801	17	3	0.363560893627216	0.596458237432303
d5f484658133dd5f0110fa2ae8be5df6	SampleType	Sample	-0.426745359774156	0.456259682572765	17	5	0.364441698383548	0.59723160160491
X6fbfd7a942ccf4066297155037dc0bf1	SampleType	Sample	-0.574179512910048	0.614470843157738	17	4	0.364882273494034	0.59755011995278
X97e3e3c32da6c00e50e7febbd1e9fd2e	SampleType	Sample	-0.5980126494689	0.641797699951273	17	6	0.366207232834585	0.598911694130416
X6fa0ad116c20e73b900b3aac7ac89b32	SampleType	Sample	-0.440680970254957	0.472923230701532	17	4	0.366184225412687	0.598911694130416
X76d519ab883bd8dcd03831ec5807379a	SampleType	Sample	1.24236061906787	1.33638447602349	17	8	0.367276092986146	0.600109669891468
X84311fa56ffef22f7e70b831f3dbda39	SampleType	Sample	-0.633729634384831	0.682284687812909	17	6	0.36768153239745	0.600109669891468
ba7511fd6b8ac09c29d16f45ff52da5f	SampleType	Sample	0.753620335486477	0.8112062126168	17	3	0.367592533194544	0.600109669891468
X730a41c0b1131e10a7dddb613cf11d51	SampleType	Sample	0.525895310740783	0.568219215967074	17	8	0.369349538497724	0.601992195781509
X344d0da289e986bb5c7e86ee7a303bba	SampleType	Sample	-0.41845293920983	0.452045928833035	17	3	0.369263016932284	0.601992195781509
b24d5754e38bfc588903b8f1e97a4f4a	SampleType	Sample	-0.306687421528757	0.331532883613116	17	3	0.369579057154697	0.601992195781509
X7983b81de5c953ff178b31f7a86b47b4	SampleType	Sample	-0.216136569106023	0.233941013769906	17	3	0.370166076217823	0.602543975171466
b0ab4756d37e8b6a29cd917e13bc198a	SampleType	Sample	-0.395530194476981	0.42854394236329	17	4	0.370635220641305	0.602903271110219
X513c058a5ee9aad1897bedee338ea3c1	SampleType	Sample	-0.666100474413239	0.724027195164631	17	6	0.372135055614637	0.603724451856099
c94124146fa5319419d291ad648a77fa	SampleType	Sample	-0.837627887200673	0.909778698307448	17	12	0.371780902718337	0.603724451856099
X0919acf89fa8a15db3c351214f6e4f7c	SampleType	Sample	-0.634283472376863	0.689218205442842	17	6	0.371983122402668	0.603724451856099
X9a6b595dadbedf9c5e93370470ed9b9b	SampleType	Sample	0.607134928317645	0.659490324070127	17	8	0.37182223884161	0.603724451856099
X7307b9ab3f984b0b40815db0440f782a	SampleType	Sample	-0.715936509201791	0.785450156725201	17	2	0.376449134711702	0.610315330624784
X4074ce86cd14964dd221e071bbe22f83	SampleType	Sample	-0.667404796860315	0.733780245848537	17	10	0.377446803216141	0.611524293328154
X6f4e8d53540daa897094612f2e212f68	SampleType	Sample	-0.466302103825091	0.514966409832136	17	4	0.379515570662703	0.614465837223736
X3b540e1a7fc2e82d748a91ea663bd352	SampleType	Sample	0.34582285162174	0.382278599411724	17	4	0.37995885085752	0.614773420687467
X9de6e8f8da09a28410fdbad96c07d9f7	SampleType	Sample	-0.612762862870866	0.678292210255796	17	6	0.380597925729822	0.615397179044822
X1288bd755da25ee95650e54292f8e07c	SampleType	Sample	-0.698997458437427	0.774199108186143	17	8	0.380867869869433	0.615423648583964
d8a0f68e7161889fdaf9a00dee72697b	SampleType	Sample	-0.609511398935939	0.675953637703519	17	5	0.381463911730354	0.615567096921256
X2a4863a84bf70e4da20cf6cda8cc8ec2	SampleType	Sample	-0.784984110630086	0.870417356147363	17	7	0.381390855502265	0.615567096921256
d137f3df2a73a2a19320c6248b490229	SampleType	Sample	-0.665933418417859	0.739072866615232	17	2	0.381807126656339	0.615609150143982
f5b2d59f2e3ba1fd09bb23659d0500f3	SampleType	Sample	-0.66428209585563	0.737542512586117	17	2	0.38199727240084	0.615609150143982
X0c3564a1f6d590f4c978b89fdb3c8695	SampleType	Sample	0.231772191912115	0.25845077950703	17	4	0.38400612985286	0.618435883976703
ebc2335e296915a462ee570d14cd35fa	SampleType	Sample	0.661472445937969	0.738987195730284	17	6	0.384868777034645	0.619388152666139
a4efc797f836690add2cdaf980930c1a	SampleType	Sample	-0.20241287903863	0.226249402496886	17	3	0.385107837813434	0.619388152666139
X3016852842ea9a989cf811fe478ec064	SampleType	Sample	0.951414576396923	1.07056917774999	17	13	0.388194051302176	0.622351386155419
X19970ead855e50ce2d315a00a7215caf	SampleType	Sample	0.373222526232968	0.419959644064501	17	5	0.388188487120044	0.622351386155419
X277b8df5f045f49f93dd4eb9e8e44be1	SampleType	Sample	0.762297555720419	0.857095067271131	17	5	0.387831386107777	0.622351386155419
X298a0f67001986beb8d9b2ea01795c39	SampleType	Sample	0.296453584522049	0.332956885462962	17	3	0.387327266962963	0.622351386155419
d60efa51f6068b616946d407a757c3c2	SampleType	Sample	-0.693828009050532	0.780973901131195	17	4	0.388342905359608	0.622351386155419
X1293b16065581ce0d3ba035cf727ede8	SampleType	Sample	-0.199432088039343	0.224551897854119	17	3	0.388488813360305	0.622351386155419
c66c82398333a5b033cfbc88f2deb5ce	SampleType	Sample	0.556588185776663	0.628921436095028	17	6	0.390129063683667	0.624566779393311
X2d4925c1a6ac3ebe2e5bb80852f9a712	SampleType	Sample	-0.493561543667597	0.558931326930012	17	6	0.391144863181401	0.625367972952082
ab12eb33327a6bf5ca58d8ef6bd91677	SampleType	Sample	-0.393058013883303	0.444878960054626	17	4	0.390898142927126	0.625367972952082
d1300f2f31f9c146c2902a7148dab9b3	SampleType	Sample	0.739177699525637	0.838581146777212	17	8	0.391973458176088	0.626013868997528
a3d9d19831a8f612445392ffc8226fdf	SampleType	Sample	-0.404929752489679	0.459474862904108	17	3	0.392064722239902	0.626013868997528
X5ee4574ba659edac67db88d3179cadb0	SampleType	Sample	0.687971266983047	0.782019656299625	17	7	0.39287829907476	0.62690048116663
X83006155afc51c05d2b42a456d5be9b7	SampleType	Sample	-0.880362634482735	1.00232859674779	17	8	0.39362340949972	0.627676750890815
X6dae6a96934f6c87ba0efd4814350ceb	SampleType	Sample	-0.714924857375936	0.814672392109926	17	4	0.394020838240081	0.627897947740431
acb1afbd01620a6468aa7958c037a05a	SampleType	Sample	-0.566939544968652	0.647499230726856	17	2	0.395061543485094	0.628730731828408
X78d4caa683937a0ef9ef35cac54f9a16	SampleType	Sample	-0.567746020066698	0.64824368092193	17	2	0.39493591747969	0.628730731828408
X53a9b515fa6da39bc9eab3a1495992f1	SampleType	Sample	0.58209416462694	0.666908839355832	17	12	0.396516439784579	0.629359940905437
c3c2ce25cdd0424776e1791a8aa83c13	SampleType	Sample	1.0267888884691	1.17443844277511	17	13	0.395747970465677	0.629359940905437
X6274563587d91b9c54f8dce1209943a8	SampleType	Sample	-0.557875777032397	0.639134601330019	17	2	0.39649691360739	0.629359940905437
dc98908011dd90a64e42a19aad6340d3	SampleType	Sample	0.325801209920948	0.372988746632966	17	4	0.396166065594329	0.629359940905437
X9341e008b618c23788a90eb25556f388	SampleType	Sample	-0.241835860370764	0.277215399552929	17	3	0.396753485614058	0.629359940905437
b7fe19357f45d58a3da15663108da6f1	SampleType	Sample	-0.489791836488822	0.56233162097491	17	6	0.397479346145601	0.630099525209258
X8827f4ed726ba06fd0b28a1ee5478759	SampleType	Sample	-0.546492320752119	0.628634731409245	17	2	0.398362934240662	0.631088016580997
X54852a8e2846df6da292b067da6342fd	SampleType	Sample	-0.537928483519222	0.620650545200642	17	15	0.399749307807725	0.632871213339431
fc3bee12d66371ab8a147dba41d7b247	SampleType	Sample	-0.407501907751066	0.471471103396624	17	4	0.401023056047131	0.633730056453576
X80ec186b20b9b29a3f07caec5604bd64	SampleType	Sample	-0.53070288323216	0.614081597218563	17	2	0.40107514079633	0.633730056453576
bf5c29c3f705178fff0cf1e73a661168	SampleType	Sample	-0.532793645026094	0.61600791091028	17	2	0.400707374891421	0.633730056453576
X418934afc8f36d1666609d0352542a85	SampleType	Sample	-0.522702374783364	0.606712535153621	17	2	0.402507762168671	0.635579921134265
f08922dbd47005a8535f7965ce212e21	SampleType	Sample	-0.516325781062499	0.600841744582739	17	2	0.403679187565332	0.637015206905762
abf5f57f4576f1c70e76f03e5dd15ceb	SampleType	Sample	-0.33843274235167	0.394496213021731	17	3	0.404455127256783	0.63741077522871
d50b6ffa8eca65f22ed88775c32fa409	SampleType	Sample	-0.512424435934999	0.597250997066406	17	2	0.404409253182226	0.63741077522871
X635d1e71cfb4846e1ddec15fc6c06c84	SampleType	Sample	0.251331708292917	0.293774514779801	17	3	0.405718840468964	0.638987427526395
a84550a2d6bf202358c055f0e974c9e2	SampleType	Sample	-0.376794899676129	0.441401643443482	17	4	0.406734448433069	0.639342296856903
X60a19e40f5c622def9527f1574a46077	SampleType	Sample	-0.186210376122457	0.217954394997998	17	3	0.406346917481642	0.639342296856903
d9228688468def12d63b10442b6ff236	SampleType	Sample	0.261731076618163	0.30652407275491	17	4	0.406608191293012	0.639342296856903
X49f822e8a64523a98608a84181db973e	SampleType	Sample	-0.40108997506681	0.470314675080065	17	4	0.407175297943421	0.639562038781986
b6f8c2473b44c27acabda1967f3d3237	SampleType	Sample	-0.221901696561573	0.260328401125378	17	3	0.407401282223713	0.639562038781986
X262e3ade3b1ae7c292c93b0178862679	SampleType	Sample	-0.490943833823345	0.577496753485006	17	2	0.408621197666896	0.64106247365065
X933db767d1b3ad87196e86e7d73f8bd1	SampleType	Sample	-0.381181257060857	0.451330945939722	17	5	0.411618600328272	0.644931144607306
X8e244c5f638a5cefa21683dc026a8c35	SampleType	Sample	-0.58097437170518	0.687495320757994	17	4	0.411354653471215	0.644931144607306
ff3c00a7c251667c047120fba528fc25	SampleType	Sample	-0.546571345490879	0.650513946861919	17	15	0.413980623028736	0.645715728419236
fda33eb8eb9fdd3aa18a81532af319de	SampleType	Sample	0.237127147985021	0.281951631866449	17	3	0.413542985167263	0.645715728419236
X1cc4a6684b455abdfc5de43c979a0f81	SampleType	Sample	0.416153703351313	0.49540825012484	17	7	0.414085405468336	0.645715728419236
X1323a5b6dbbf5e7acf1afa7d8617ff1e	SampleType	Sample	-0.729508700853611	0.867055166741074	17	6	0.413356845697816	0.645715728419236
X34425b47892462604276847bccc5adeb	SampleType	Sample	-0.463544502102575	0.552342812705156	17	2	0.41451384626171	0.645715728419236
X7a254f06c2bd0c01b8569a096c8aba66	SampleType	Sample	-0.464337519775234	0.553070104569676	17	2	0.414334346379065	0.645715728419236
f017ca2c0638d0a59c7637b6da9f7259	SampleType	Sample	-0.466184396329506	0.554764088234724	17	2	0.413918470533331	0.645715728419236
e349d4475d6278f30ad2ac69c5ae592d	SampleType	Sample	-0.467102274726589	0.5556060722594	17	2	0.413712904062159	0.645715728419236
X0846157e9888adaad753f7a4028810d2	SampleType	Sample	0.425082484390863	0.50562732355005	17	5	0.413715345811784	0.645715728419236
X87a3f5f7893202c200578156048ba8c8	SampleType	Sample	0.641701817367544	0.765461498628708	17	4	0.415010442444224	0.64583396858028
X44dae451d68dfd1be8043ec5a63237dd	SampleType	Sample	-0.460876216753746	0.549896015585769	17	2	0.415121957554691	0.64583396858028
e4e38e27fbeb070cf3dd6c66e4af390b	SampleType	Sample	-0.281219661667402	0.335976352865723	17	3	0.415716981182268	0.64634536408031
X4322f4680e8e12c643936186ff94fcc8	SampleType	Sample	-0.543921054217993	0.650535371529265	17	14	0.416212371148791	0.64652064913956
a3c32e718af3eeb60d4cf1f72b05f96c	SampleType	Sample	-0.455519046208825	0.544985133170209	17	2	0.416362494686911	0.64652064913956
af00438e369f9b5f7e406caa9216d383	SampleType	Sample	-0.446319640742796	0.536557235352743	17	2	0.418555947054552	0.649511050832095
a11ee36a8ee99c939881a077c27bb916	SampleType	Sample	-0.297443974881334	0.358325883409457	17	3	0.419501752492879	0.65056278166148
X6482f5ea0786a808c9b5baf5866c5a29	SampleType	Sample	-0.827812606598799	0.998471160831868	17	9	0.420057145138936	0.650824523595735
f1e760669bddfbfddf50f983ff00bcde	SampleType	Sample	-0.439615635959333	0.530419700569872	17	2	0.420206851452211	0.650824523595735
X5fa97937c087ce34a2c5ae09d617b9b1	SampleType	Sample	-0.437856311903872	0.528809644678412	17	2	0.420647678777328	0.651091783413633
X34c4396b5c4837b0104d5e0beeca5519	SampleType	Sample	-0.43389070193274	0.52518144349039	17	2	0.421653177494713	0.652232161746124
X53d78c0b1fafab8eec0dba5b9178deb7	SampleType	Sample	-0.427075951918837	0.518949661096991	17	2	0.423420416919549	0.654548631760348
aa44385e8a3162c46d3a745f987fac22	SampleType	Sample	-0.423177518441105	0.515386552588149	17	2	0.424454412222183	0.655729381580674
b63bbf2aceb2f73c502164dc94831322	SampleType	Sample	-0.385562609836841	0.471017216718225	17	6	0.425843260257106	0.656172389048566
fe037094f4e4d88606f217b5c3d1f59c	SampleType	Sample	-0.240736379617101	0.294715835877654	17	5	0.426802062121993	0.656172389048566
X0cf4d688b407c0268b95700e5ad19d55	SampleType	Sample	-0.633699106092214	0.773856125165835	17	10	0.425671480679102	0.656172389048566
X957a525f57ea30f598c9cdafe5721781	SampleType	Sample	-0.419989090411885	0.512473394805457	17	2	0.425312908592143	0.656172389048566
X8563f00ad4aeffbe720c5a20882f6ad7	SampleType	Sample	-0.230420454145919	0.281947428066585	17	3	0.426578398969783	0.656172389048566
X1025be4b51a1dfbd3df279f3917247c5	SampleType	Sample	-0.411299666176474	0.504538940946997	17	2	0.427713057928955	0.656172389048566
X4213a947b09d5e68fef199524f0e7d27	SampleType	Sample	-0.197337917130853	0.242103058972187	17	3	0.427768664596146	0.656172389048566
X8008747174b514dbe77f8a0dd56ac8b5	SampleType	Sample	0.247877742240354	0.303864204683296	17	3	0.427406547887217	0.656172389048566
X8f0fb68673a8b3c26f3fd210e29b7916	SampleType	Sample	-0.406783308930093	0.500417824650388	17	2	0.428996710039782	0.656172389048566
X6b2f22c9d68ce06d80e96626bc1388dd	SampleType	Sample	-0.435053020522674	0.534466033401599	17	4	0.428380980215422	0.656172389048566
X35ff2ab3cb9e8eb0463cb2a5b057f5ad	SampleType	Sample	0.23938571966262	0.293026827018312	17	4	0.426747249261722	0.656172389048566
X49b85a0cf75f80e6d37888d8532b5215	SampleType	Sample	-0.407585926914358	0.501150057681401	17	2	0.428766732857019	0.656172389048566
eb917a6b3702396a55aeea3d61c4e7fb	SampleType	Sample	-0.266084860816766	0.32738393681623	17	3	0.429066988636207	0.656172389048566
fd6fde4c8f845cf39528c8b0123fce1c	SampleType	Sample	-0.413345400456724	0.506406293912907	17	2	0.427139866586203	0.656172389048566
e877126f247e60eb27a3ac456980bf64	SampleType	Sample	-0.409366179405507	0.502774417217753	17	2	0.428259503213317	0.656172389048566
f5b60cd47a0d202cef625bdd315c96d7	SampleType	Sample	-0.407813988187761	0.501358130829449	17	2	0.428701532934618	0.656172389048566
cf5867993abb6aa99e8ffc18485653c2	SampleType	Sample	-0.405551114632602	0.499293810145016	17	2	0.429351354523352	0.656193789312452
X31ee89e4e2db78a0afe27a57867457e1	SampleType	Sample	-0.637215133236701	0.78589089049505	17	5	0.430147395766714	0.656996683150293
ae7a17d922675255f2c117041385de76	SampleType	Sample	-0.554174895554979	0.685802127745919	17	6	0.431680599200217	0.658893548294504
X2a945663bf660ed3f28afba31164b107	SampleType	Sample	-0.3967802922116	0.491297424585703	17	2	0.431932276611683	0.658893548294504
e7a22e820e63b39344f5ffdeb2d9e040	SampleType	Sample	0.254151891786462	0.315204191332131	17	3	0.432663162976009	0.659262916954383
X5c4df11899de14d45bf79d53da1d225f	SampleType	Sample	-0.394177804879656	0.488926250858022	17	2	0.432717687148056	0.659262916954383
X1d3ac0b179591cfe6e5827d4dc3efba4	SampleType	Sample	-0.392637382194151	0.487523079683571	17	2	0.43318691840748	0.659563771000599
X576cd6100838c548f4cebc7657f7b79a	SampleType	Sample	-0.512541459476179	0.636812900040649	17	11	0.433476579036126	0.659591007724562
X8e70d411c3e4e0b39089cad26f577d3b	SampleType	Sample	-0.518055794431704	0.64433492434759	17	6	0.433945480499316	0.659654092652922
X18b5d26e80637d27c31ff7a5c1eaec65	SampleType	Sample	0.483941899575969	0.602424582572536	17	4	0.434333432245311	0.659654092652922
b9fac3d7a96ab75def322fd2393571a5	SampleType	Sample	-0.389230753373199	0.484420881207343	17	2	0.434236277838061	0.659654092652922
c06de8efeadccec8f33dc90c9a63cc1d	SampleType	Sample	-0.440359159051346	0.548725730786168	17	17	0.434788094403071	0.659664368400462
de87cffa3188e308442d0d392048b2dc	SampleType	Sample	-0.386661879345741	0.482082403761809	17	2	0.43503837478679	0.659664368400462
b713233fb2f7c0a80e7ad84345cd16fd	SampleType	Sample	0.222897665110695	0.277976854433905	17	3	0.43515560519536	0.659664368400462
dc0c1382289972508f62c1eb392febda	SampleType	Sample	0.823986466819113	1.0291223790215	17	15	0.43582218712501	0.660262452030212
X4db96387f4c66e76aec9db6a7c34c19f	SampleType	Sample	-0.379063287506971	0.475169606172755	17	2	0.437466908552826	0.661103478865323
X375439a6fa3ad37c08956df230057fe8	SampleType	Sample	-0.380020490808368	0.476040059681911	17	2	0.437156283408561	0.661103478865323
c7ce086526e9a1b3ffccb039810db208	SampleType	Sample	-0.289444458928245	0.362796012586655	17	3	0.437425905006537	0.661103478865323
X8329d2cabd2bd021c6f2b46a7440dbc8	SampleType	Sample	0.682402100805989	0.854434007782777	17	6	0.436951204970892	0.661103478865323
X8699c066cefba3afa8513da99db61535	SampleType	Sample	0.574715382503742	0.721839530056351	17	5	0.438346252466088	0.661608429561689
X70920fee82c490c00a2b7ef8bd6a5aeb	SampleType	Sample	-0.376823049007312	0.47313280961829	17	2	0.438199307770907	0.661608429561689
d65afac3be5410fa256d7d5e8efdec2d	SampleType	Sample	-0.199991434604123	0.252283551116204	17	3	0.440296925486676	0.663520552003492
X1d7df63486926357c32e4d2ecaad2863	SampleType	Sample	-0.370503376993741	0.467390218380002	17	2	0.440307145971901	0.663520552003492
X065731dc70ca2e0ae56177f7be27e398	SampleType	Sample	0.372118031923578	0.46955932769384	17	3	0.440433295952874	0.663520552003492
c99293daaa3f4b14f0ece7cabc5e88fe	SampleType	Sample	-0.496653250202792	0.627583469713952	17	16	0.441060675724491	0.664048198692294
X3e1100e30e07ea9579addecaf522eb67	SampleType	Sample	0.375131978359572	0.474312237413329	17	3	0.441330755867602	0.664048198692294
X9c3fc1534e14c8a5fc30985b7cf0f83e	SampleType	Sample	-0.365712661637968	0.463040172720587	17	2	0.441947357680313	0.664152468786451
d5b55bcd6d2b91ea79732e7846fe9866	SampleType	Sample	0.214323458385979	0.271271030355826	17	3	0.441798018003572	0.664152468786451
f1a69c7f93f09e5fae3e1be1be9ca0fd	SampleType	Sample	-0.269282815477765	0.341448368368033	17	3	0.442604109951704	0.664727830973258
X58962c54ee5fe91953a64a40060465c3	SampleType	Sample	-0.471372341508758	0.598424482903885	17	4	0.44314847617498	0.665133798192131
X8e4384115dec4cbb35856b67662a45b8	SampleType	Sample	0.859633758352526	1.09372502557522	17	9	0.444125146525956	0.6657762388008
X59df091cad70ff2bacbf82a7c4724f87	SampleType	Sample	0.523486543136824	0.665970740561904	17	5	0.44407881095243	0.6657762388008
X72ddc31dfc0c6c04a76157a5083db612	SampleType	Sample	-0.35698583075493	0.45512345724377	17	2	0.445033346885212	0.666725884500253
X8dca44bec5b3e374eebbc68b22f6aea5	SampleType	Sample	0.784911215150488	1.00339250745089	17	12	0.446237065686681	0.66753854951518
X444a5d2e1edf778209fd4837af7d2e65	SampleType	Sample	-0.386072406163272	0.493296815126485	17	4	0.446020694894162	0.66753854951518
X8169ef0ad1eee6c5b9317e01110716b3	SampleType	Sample	-0.3532331048852	0.45172213230134	17	2	0.446400933606567	0.66753854951518
X640e06157c9273ad826e58c004d5a584	SampleType	Sample	-0.347762530600302	0.446767203915307	17	2	0.44844008537148	0.670174930539767
d436efdbda238017e4ef498dd05e6aee	SampleType	Sample	-0.32472432013633	0.418200935068945	17	3	0.449537592031018	0.671401683605712
d853d3a9f60f64b3d49a96ea6808b900	SampleType	Sample	-0.343712573173704	0.443101646723889	17	2	0.449985604071278	0.671657479139602
e3f39a01ae258adcd033fcd34b843501	SampleType	Sample	0.843460378870339	1.09080312141367	17	13	0.451390386833727	0.672926577914899
b9ef5caa318282f3db8bc9fdaafc09f6	SampleType	Sample	-0.199944635589286	0.258564650984183	17	3	0.451367605788383	0.672926577914899
c367d517deef81ca2861ba1c9596ced1	SampleType	Sample	-0.339091285133537	0.438921830562078	17	2	0.451787730958509	0.6731054776159
f019c487628266edc1ffdb527d9cdac8	SampleType	Sample	-0.566920656667715	0.736131071456672	17	6	0.453178648948514	0.673763490763295
X233f4984b368c629dce62662fbf10513	SampleType	Sample	0.71698053970619	0.930609314902652	17	6	0.453002273415104	0.673763490763295
d0b06589e1e807e67bd97e2693f29e80	SampleType	Sample	-0.335195556993812	0.43540067784602	17	2	0.453339835359069	0.673763490763295
X635a6378b346685f89d1f4fa594c42dd	SampleType	Sample	-0.461875862178534	0.59958596802253	17	3	0.453069796944164	0.673763490763295
X729833d6acec1576dda09a91d2cb8922	SampleType	Sample	0.637658860765216	0.829521467081063	17	15	0.454001139288713	0.67433339354572
d5051a7cc2358984499c6af1bc075bcc	SampleType	Sample	-0.331054249327009	0.431660046276836	17	2	0.455023824909962	0.675439035508549
dd69df7fa0e826fde42d13bc1231e7eb	SampleType	Sample	0.475266829640667	0.620162528702831	17	3	0.455355189926063	0.675517754248506
X479e17f7134df6c5adf0b493bfe050a1	SampleType	Sample	-0.327267270606774	0.42824176237125	17	2	0.456595336681506	0.676668474126655
X07dbf65bdc6baa0783ac99835710288d	SampleType	Sample	-0.327045101944437	0.428041293149528	17	2	0.456688488100313	0.676668474126655
db2bc13858925d4e36cd3b855072727d	SampleType	Sample	-0.2417664317637	0.316975037915348	17	3	0.457452162779437	0.677324814890905
X8f51991964b92e02b15422a8e5eec744	SampleType	Sample	-0.324673389189544	0.425901713948369	17	2	0.457689615336252	0.677324814890905
X71c73b1b3db72019e23daf904bf9e0b6	SampleType	Sample	-0.381108096877449	0.501516492514856	17	5	0.459085398069971	0.678143302388013
cd45a61ccfc5d492f579a779c1ba0f17	SampleType	Sample	0.341796564209749	0.449345025438407	17	5	0.458654166240356	0.678143302388013
dc55ab4c14313d21ee286195d8524e51	SampleType	Sample	-0.320779391129793	0.422390798458901	17	2	0.459360358107085	0.678143302388013
X7ae19414cb6006629429c0dfa5282ec9	SampleType	Sample	-0.321190688845221	0.422761517503939	17	2	0.459182277685581	0.678143302388013
af27577de5edb10c09f7fc19b9ca45ca	SampleType	Sample	-0.319002658727331	0.420789677686736	17	2	0.460134067014445	0.678872571820097
cb5982236c58d8bfc83be336d7a45b01	SampleType	Sample	0.378592848550112	0.500359966922773	17	9	0.460984818837281	0.679714553656185
X535c30c868d3e848792f485e0af176ea	SampleType	Sample	-0.314064146413491	0.416342049927531	17	2	0.462323129222196	0.680860579261091
a060a093330bab0f82c64af9145ddf0d	SampleType	Sample	-0.314064146413488	0.416342049927531	17	2	0.462323129222199	0.680860579261091
X7218b9808c4e16019cef9434b881beda	SampleType	Sample	-0.312668217807196	0.415085625468115	17	2	0.462952370241832	0.681373803867147
X9e492bade21653744bcbfc304be16fb7	SampleType	Sample	-0.416663776465451	0.554875922134582	17	5	0.464322945381736	0.682646834557702
fef971df2990d24434abdcddbf4c9598	SampleType	Sample	-0.309539532568324	0.412270835182781	17	2	0.464379861497637	0.682646834557702
X565f215f8267ea06b8cb664483dfccfb	SampleType	Sample	-0.944171752790275	1.26015903655406	17	13	0.465296309378695	0.683183902129737
b033223a359e0f71390d1caba3e8ef0e	SampleType	Sample	0.191157145129333	0.255138895176114	17	3	0.465308195393677	0.683183902129737
X680bd2312e8619e2209378e47af98710	SampleType	Sample	-0.590598822918819	0.789134461179036	17	4	0.465784632976906	0.683469954192837
bd5e5af5304197e868a2b13976f2ec44	SampleType	Sample	0.444839478682311	0.597338545757048	17	6	0.467959537209896	0.685832002903634
X201a1eeda77a206e3c62d7e7e41608bc	SampleType	Sample	-0.302418609233705	0.405870820648692	17	2	0.467720087997984	0.685832002903634
X720b43663d61f720cbda595a52767410	SampleType	Sample	0.821581269824275	1.10443430192399	17	13	0.468434585771839	0.686113904446743
c35a6b2972c0b43c6d587fb0018a0a66	SampleType	Sample	-0.317001908689716	0.426751760935292	17	3	0.469062177291453	0.686618760124461
d24ba3e2bca71e0ab8255a046debb2a6	SampleType	Sample	-0.298293032538448	0.402167161454249	17	2	0.469715464107176	0.687160597581746
ed59f72e69215cd9dc582ed9cf1928b5	SampleType	Sample	-0.401218810538557	0.541686440032305	17	5	0.47032126798626	0.687210404624673
X84069c073edf7e9dcdbe92b158591126	SampleType	Sample	-0.29679740824283	0.40082528518703	17	2	0.470450106722612	0.687210404624673
ca2afb66ed50f0650ea37bd1efa37708	SampleType	Sample	-0.193537842635627	0.261462369315466	17	3	0.470598966825796	0.687210404624673
X9b04ab8a5ee1f04a55464e5350de1f6a	SampleType	Sample	-0.294471441025506	0.398739276869724	17	2	0.471604773190079	0.688265053837836
X77b742f1171816c6a3e147850262dc15	SampleType	Sample	0.571077774499443	0.77395682928328	17	11	0.471981378711519	0.688400724839457
X97cc73525171abbbe3f8e027650879fd	SampleType	Sample	-0.251540429517083	0.341347193903675	17	4	0.472549620881764	0.688648380539151
X0014f4cfc48631fde5087c9688e561b3	SampleType	Sample	-0.292255789898457	0.396753182457459	17	2	0.472718665833632	0.688648380539151
X715b36cddccc01bdc9d4003dd7ad60d8	SampleType	Sample	-0.289810210663473	0.394562108269246	17	2	0.473964294530475	0.69004879593609
X84698283f0def78e63d1d889c7fad2d5	SampleType	Sample	-0.288616701672275	0.393493239455194	17	2	0.474578441373493	0.690528703365389
faa5c0dcb53dc1ec6e0ad209e4b5f3ba	SampleType	Sample	-0.429709162119522	0.588217871924907	17	15	0.476324172262623	0.69200726612516
f053778ac11218db2855b879731e41f6	SampleType	Sample	-0.46107105353148	0.631741015156097	17	11	0.476730853673622	0.69200726612516
X6860b39f3448ae4572a9b12afcc0a756	SampleType	Sample	-0.366712475381697	0.502574525550351	17	3	0.476834159554807	0.69200726612516
X4019c094da1212af99ed3dce8d950f4f	SampleType	Sample	0.59427213160649	0.813839993429805	17	6	0.476513820213863	0.69200726612516
X4d7e9af66394ec3a9055e049445920e2	SampleType	Sample	-0.392130885348659	0.537641068433228	17	3	0.477020253904982	0.69200726612516
badfe430d2430166a61838ee2179df26	SampleType	Sample	0.591803788956963	0.815406528884125	17	7	0.479146958642614	0.694430705011056
X4a7c189012c53f1ba02a33414b6e98c8	SampleType	Sample	-0.279769511147429	0.385579127017844	17	2	0.479263053520197	0.694430705011056
X0419ceacd5ca9a6dcc7139be048373ec	SampleType	Sample	-0.278115796195485	0.384101660425237	17	2	0.480165345688795	0.695322967772497
a52cb777310616d82a06843afe12cdf6	SampleType	Sample	0.598616362026992	0.827512540856233	17	7	0.480568257585912	0.695491449708412
bde068878d94896f5b0fc3338929f390	SampleType	Sample	-0.276601606088267	0.382749370342621	17	2	0.480999112741301	0.695700146974457
e85205b2c5bbaaeab27dd01c762f7b39	SampleType	Sample	0.447132311149502	0.620284811306538	17	2	0.482086131388955	0.696598011664823
X33572805c2c181e9ba8b6883c878db3a	SampleType	Sample	-0.708788944696797	0.983514379951474	17	9	0.482193926492337	0.696598011664823
af0734d13d54fc12a56ffe1cea938f3b	SampleType	Sample	-0.470487702725906	0.654557028290851	17	11	0.483319297135396	0.697808408178231
e3f59df2dc7e5ca4c29ba16bffb20c65	SampleType	Sample	-0.269084962551079	0.376043992361791	17	2	0.485248816001126	0.700177691102695
X20dfd847063c5f4dc6d7b782f7232199	SampleType	Sample	-0.268340713063347	0.375380770895449	17	2	0.485679899658655	0.700383313411501
X2fe52f02d0f1591c5df302b9f8660faf	SampleType	Sample	-0.334133348328842	0.469753913237649	17	3	0.487816471733352	0.703046660865109
c9d2bb185cccf72c5eabdbc080a6be52	SampleType	Sample	-0.262755904163607	0.37040816082752	17	2	0.488976287261092	0.703882235576911
c422f08020860b0bdac09140be73a9d5	SampleType	Sample	-0.262907322734419	0.370542882636379	17	2	0.488885456007714	0.703882235576911
X81fdc413faba312b03fee1a2241d63fa	SampleType	Sample	-0.261286500485993	0.369101076616757	17	2	0.489862040134937	0.704739283584762
X02a857ce3cd3aa5356ead3f1ae0ce015	SampleType	Sample	-0.257196913973174	0.365466057080501	17	2	0.49236898093693	0.707926253989295
X21839e3490e30ce56ea741cab683a2c5	SampleType	Sample	0.405378280040186	0.576698434260335	17	2	0.49286599132486	0.708221291264319
d574a2b77c8a0a8e2ff4f778cfca093d	SampleType	Sample	-0.255580971789794	0.364030888440051	17	2	0.493376840947517	0.708369211090824
X311d3d484bede4575e8e4882c9cd9de8	SampleType	Sample	-0.162388503692239	0.231460817553481	17	3	0.493682845062406	0.708369211090824
b86c7a7bfb6d8b4e89849713344187cf	SampleType	Sample	-0.25483646445628	0.363369892436562	17	2	0.493844542713504	0.708369211090824
X02a66ea246a43083ba22855338d2aedf	SampleType	Sample	-0.253385793017205	0.362082352716384	17	2	0.49476200291274	0.709266025439586
b9e6b33be217639a80fbbb6cab342c37	SampleType	Sample	-0.259296736000611	0.371241599162974	17	3	0.495577630768818	0.709596996976944
dc597c01ff9d5532f2927e5acf8a3fe0	SampleType	Sample	0.374713517154833	0.536248058815371	17	4	0.495388854824793	0.709596996976944
X2ace65c195895701fd6ba94f06392444	SampleType	Sample	-0.249352689506417	0.358505673533381	17	2	0.49735613186436	0.7116461204104
c1c5f5ea9d61de0d02d9ea1e3a3e04eb	SampleType	Sample	-0.248986071994199	0.358180759882536	17	2	0.497595165363184	0.7116461204104
X9d36c6e7e59d974f9cfc12ce81c58c34	SampleType	Sample	-0.345799534491012	0.498942597665501	17	4	0.498860227685148	0.712615522420161
bfb4c0617b0c11dc1634dfb3d16e1edd	SampleType	Sample	-0.247352075134469	0.356733075231905	17	2	0.498667170024979	0.712615522420161
X033398fd9a06f48d0247ae1a6063f9d0	SampleType	Sample	-0.246037798469858	0.355569181465215	17	2	0.499537369061736	0.712897196332076
b511c5df6f25090d8e637d681e0b9544	SampleType	Sample	-0.245876164350801	0.355426074566675	17	2	0.49964488296698	0.712897196332076
d64f53290e0057135d9600d8b913d263	SampleType	Sample	-0.452085994902186	0.65479999858356	17	3	0.500475507185502	0.71366278257298
dc5d1cf280d5f22e12610d3803b9b61e	SampleType	Sample	-0.48537849887272	0.704753314978889	17	4	0.501513131517592	0.714722472221489
b473d3b9f56f04edbcc9949ac7c997f9	SampleType	Sample	0.262558188902522	0.38155784340881	17	4	0.501879951489386	0.714825494286819
b96ea0d3eaa1a062c1e8411c138f7e28	SampleType	Sample	0.343001695526871	0.501059026715087	17	10	0.504066282148659	0.716371834083993
X2e39714a77fa4eccacec0eacd077218d	SampleType	Sample	-0.468753900038492	0.684889133291817	17	6	0.504146309277075	0.716371834083993
X2b06f7a8b9354342a668f6a1ad2f37b4	SampleType	Sample	-0.239423381069615	0.34971889328948	17	2	0.504027514344893	0.716371834083993
X771dec65238599736e8addc29c56907f	SampleType	Sample	-0.23960737212579	0.349881461116785	17	2	0.50390005994008	0.716371834083993
X25ec277575c4c38dc280e1a28c0fbc15	SampleType	Sample	0.259714184766792	0.380845534943133	17	5	0.505670557166863	0.717277873900629
X31afbb2f7b567f350baa11a70394e708	SampleType	Sample	-0.237614679142165	0.348121311620955	17	2	0.505288412482869	0.717277873900629
ed15742c1be1b062b825d57f61199ed1	SampleType	Sample	-0.237211780124793	0.347765570670423	17	2	0.505571270090664	0.717277873900629
X36ced6d7e229be21b5ac7d3a85b51b2b	SampleType	Sample	-0.299645826235814	0.440349529411721	17	4	0.506573524887719	0.717366028944885
ad74b107d88b3eda15225bde8f2a7611	SampleType	Sample	0.158039120549479	0.232037651725303	17	3	0.506192200631276	0.717366028944885
e9db40c8c6bee07f62ec5d5161167f2c	SampleType	Sample	0.271443979958197	0.399512706924264	17	5	0.507210591540759	0.717366028944885
X4a9c1da085c1d3df30833063ce265277	SampleType	Sample	0.400675343162212	0.589362692846419	17	6	0.506959749838535	0.717366028944885
X35c4e9ce5fbba407bf94a48774e48733	SampleType	Sample	-0.234956851496548	0.345775457254662	17	2	0.507167885409158	0.717366028944885
X033bd05d2345830636f88cb5704f35ea	SampleType	Sample	-0.234087610306443	0.345008702024642	17	2	0.507789551703461	0.717766594050262
X90e592efca2fff3a503a196a7088f7aa	SampleType	Sample	-0.233301316598778	0.34431530997092	17	2	0.508354899627963	0.718147462978501
X4049ddcae10e884e34357d8ef9b06723	SampleType	Sample	-0.472792582257991	0.700912749383022	17	10	0.510232412994928	0.718247825590192
X4cbabed666aa810d62a53e16b8bae40c	SampleType	Sample	0.438444279902208	0.648917847851693	17	7	0.509543097356563	0.718247825590192
X1d2a2e9bf981dff3aa4c2161e2c723c6	SampleType	Sample	-0.232268260504854	0.343404594958393	17	2	0.509102043093001	0.718247825590192
X113cef49142c908128f5e5885db6677f	SampleType	Sample	-0.230850272914433	0.342155064267046	17	2	0.510135747177608	0.718247825590192
X2a19ae6da484242fb42d9a13623ba92a	SampleType	Sample	-0.331713092898604	0.491203462405599	17	4	0.50975772972754	0.718247825590192
badc61383cf0086225982f59d001834c	SampleType	Sample	-0.230357063711571	0.341720593082842	17	2	0.510497527459036	0.718247825590192
X0eecda770d70785de2cf38d31831773e	SampleType	Sample	-0.231761467707845	0.342957938467338	17	2	0.509470402108728	0.718247825590192
X02d6ac442ceffa833eb9dad31596e0bc	SampleType	Sample	-0.246119334980573	0.366934896069322	17	4	0.512579986641035	0.719527510566679
ffdda4a783ffb8bf6000e3974723bb94	SampleType	Sample	-0.265517408274665	0.395867475998609	17	5	0.512592940160605	0.719527510566679
X4bb0e903c6337cf140118344ed11a639	SampleType	Sample	-0.227909229668115	0.339565398412545	17	2	0.512310355721169	0.719527510566679
X84d146160bd500a01dc49f7aeaac35b4	SampleType	Sample	0.298303223960661	0.444297158682173	17	3	0.512170676789783	0.719527510566679
X71b850cc1c59420040864740bd2731b1	SampleType	Sample	-0.225625320795922	0.337556233045181	17	2	0.514028143680602	0.7208631041356
X749744369a2bdf5c07ec590dbd5a4e50	SampleType	Sample	-0.225479816593954	0.33742828867642	17	2	0.514138456225267	0.7208631041356
X72b97646b16e823b5d31b67a794ea974	SampleType	Sample	0.506128612218304	0.758238726256053	17	7	0.514588299713802	0.720914126391493
X116860aee27f70307062cd56aab9c56f	SampleType	Sample	-0.316409775898637	0.474224804477446	17	6	0.514768925025322	0.720914126391493
X90993ec39bf291c0f7b6f220daf66b6a	SampleType	Sample	0.334620560225552	0.503180897339915	17	2	0.516138828942026	0.721999387805359
f9e864a4b56320d9a9d165537511a13a	SampleType	Sample	-0.222995352579874	0.33524471160985	17	2	0.516038444360716	0.721999387805359
a834360740fea7a76b5bf9746ca2f2f2	SampleType	Sample	0.450439720459531	0.677846985387256	17	7	0.516446820893019	0.722014075061841
a66008bd2ac2de565316b665c8449454	SampleType	Sample	-0.22125793201678	0.333718903754612	17	2	0.517385809127552	0.722910396518462
X8491d9d63257ea2240ebeda6bc3b336b	SampleType	Sample	-0.220646213816243	0.333181928763879	17	2	0.517863907959847	0.723162085511248
e60336ff774a125113b2283f95f7c3d7	SampleType	Sample	0.149330571862682	0.226087928564973	17	3	0.518949855115955	0.724261816196907
X7c7f2bf4c5c8298568bc224c04470fec	SampleType	Sample	-0.382499803560636	0.58129067836625	17	4	0.520498165105259	0.725408252573545
X2ad75df55f114f45759fd4f243267a88	SampleType	Sample	-0.510862827447617	0.777251556870878	17	6	0.520966866186934	0.725408252573545
X8c866d6fd971f26428fadc39d12e6224	SampleType	Sample	-0.259962803066951	0.395085011590104	17	4	0.520514451844485	0.725408252573545
X5219f5cb1dbde2f61cc82bd20a4767d7	SampleType	Sample	-0.216945671768753	0.329936222471283	17	2	0.520798135432325	0.725408252573545
d41d405ac891a5de15b14cb4dbd6c846	SampleType	Sample	-0.216307549061798	0.329377003328117	17	2	0.521311514140216	0.725471929368293
X8e88969c02aa4d10048602fe065bddb9	SampleType	Sample	-0.214958714428728	0.328195414835498	17	2	0.52240396006843	0.726575593745604
X93fbcb9f788e2456c357d7d7ef6211f6	SampleType	Sample	-0.212400987793099	0.32595657728577	17	2	0.524503072332263	0.729077294702407
bd8695f734edf25b7e56b3620e01c6d6	SampleType	Sample	0.312695345639813	0.480514299983744	17	2	0.525050666705645	0.72942070297344
fd05da65cb328bfffc23057f4ba68b9a	SampleType	Sample	-0.208620167311122	0.322651418908201	17	2	0.527673680494709	0.73264532183104
X2c6d1025f95ea4a9f5cf17f3877c15c1	SampleType	Sample	-0.207659296886013	0.321812265006154	17	2	0.5284926388111	0.733362855571492
c0ecd9e8ecbe7f9cca2950ca0d1e1bda	SampleType	Sample	-0.206759720850599	0.321026950761094	17	2	0.52926427903956	0.73401394584515
eb1024e79d8a5043080187512b1ebaee	SampleType	Sample	-0.206182790970881	0.320523459641793	17	2	0.529761684516692	0.734284185221023
d1826d2ebfa7bfb2870eaccd969582f6	SampleType	Sample	-0.205502263931721	0.319929718790843	17	2	0.530350961444088	0.734681383233334
X3934eeb5cf9015e02dbd45a3342af237	SampleType	Sample	0.257325954126468	0.400975739512049	17	4	0.530721278129564	0.734774981186796
X533d315d5ee0cc1318bbd2363e63842c	SampleType	Sample	0.291161159894884	0.454038531186134	17	4	0.531024427610188	0.734775533529034
e86aff9d83cae9a0a12ce9418a82f731	SampleType	Sample	-0.203516982273555	0.318198616163932	17	2	0.532086001318236	0.735165506668038
ca9668678d33615fb4e2dd5e594c5216	SampleType	Sample	-0.203299027397621	0.318008657899161	17	2	0.532277944667495	0.735165506668038
e2b25f3dbe28d234b95e4b8cc76614b4	SampleType	Sample	-0.204019066459625	0.31863627607253	17	2	0.531644943027906	0.735165506668038
X300f9736e6e6b6dbba8bbcdba4aee587	SampleType	Sample	-0.20302701014888	0.317771607210224	17	2	0.532517907178579	0.735165506668038
X3932f685f838f186f3f1de610e789887	SampleType	Sample	0.293556261226662	0.46078310639077	17	2	0.533675383886842	0.735729506681611
X45fda4c6e6d36179fa0c4383376116f5	SampleType	Sample	-0.65902777152884	1.03332512034795	17	5	0.533236478685972	0.735729506681611
X3a4db8e6f2af3a836dad1dbbd909cac8	SampleType	Sample	-0.201542116209805	0.31647809256387	17	2	0.533835871967992	0.735729506681611
aaa659efa323c1ef325a599d1de5b93a	SampleType	Sample	0.440367101495733	0.69369852682676	17	7	0.535115632101196	0.736222930290073
d4490020076143bc300dcd67351666a7	SampleType	Sample	-0.199791592997899	0.314954286725833	17	2	0.535407281401722	0.736222930290073
ba334830c3769314c65128ce0bc1fc0a	SampleType	Sample	-0.200591950800057	0.315650837883793	17	2	0.534686424354357	0.736222930290073
X6e45e0e89547e67313b16e31f14e39a6	SampleType	Sample	-0.127947021527137	0.2015319637637	17	3	0.535076524642503	0.736222930290073
ca230262e8f9c1e33852d876eea5b349	SampleType	Sample	-0.373588616369042	0.591275366557841	17	5	0.537005999906698	0.737163316542281
X663669619c2b2ab594ec3b4518ffe1f1	SampleType	Sample	-0.248252422658609	0.393270455552251	17	4	0.537377555926406	0.737163316542281
b560d2dc340f43144cb6a28cb2392f98	SampleType	Sample	-0.197373667281245	0.312851509569196	17	2	0.537609835302776	0.737163316542281
caf8af1d7670436c8234fa82a02ad2b9	SampleType	Sample	-0.19789928315707	0.313308418832357	17	2	0.537127839720857	0.737163316542281
X542099155ac1db5241d11d00a08540f7	SampleType	Sample	-0.197603767926259	0.313051518621752	17	2	0.537398610301951	0.737163316542281
a0039c394cc495783a939e9f7213455d	SampleType	Sample	-0.590445727596696	0.937460203528549	17	7	0.538278638958656	0.737663611943907
b1875574a36bcbb5247e65d0fa09c890	SampleType	Sample	-0.220271543844943	0.350256379520807	17	3	0.538883113925933	0.738075235608487
e2f7633bb16c302b11d516a8f7b390c1	SampleType	Sample	0.329305099586072	0.524668001858628	17	4	0.539674783985854	0.738355155722429
X90bf8c4ae78fcbc99cc9fc3be8d5ec87	SampleType	Sample	-0.195121045301664	0.310894608673622	17	2	0.539695939947091	0.738355155722429
X699df2ed93ea2ec71338ef381492fb73	SampleType	Sample	-0.472088393947364	0.75433185688793	17	10	0.540828637654998	0.739487945683764
X4f05f0f545008d7c3ac9e7c6d470f076	SampleType	Sample	-0.193407954261313	0.309407801964751	17	2	0.541304892257534	0.739722394993826
ad7cea3f47c9e64cbe5f5544c27fb1c5	SampleType	Sample	-0.403622234392324	0.648466961249654	17	16	0.543009048971212	0.740085387465425
b8bee8a38a71d07528af1bd9689f2f1a	SampleType	Sample	-0.191208043183862	0.307500274546949	17	2	0.543400148522204	0.740085387465425
X0fd35b5eb1fa4701fd522ccabe44cffc	SampleType	Sample	-0.631090199156785	1.01159874865368	17	7	0.542095065141299	0.740085387465425
X8546bced511978fc5e145209ffd02af2	SampleType	Sample	-0.19122004904322	0.307510679206553	17	2	0.543388623953098	0.740085387465425
X05d385f8260362e624138cae31e3f909	SampleType	Sample	-0.191829486655023	0.308038917407843	17	2	0.54280491963723	0.740085387465425
e4f7bccf5e48903ec031e290110259df	SampleType	Sample	-0.19233172048771	0.308474353129091	17	2	0.542325805141892	0.740085387465425
X412cfdf27e638b47c5e51696819f5f3b	SampleType	Sample	-0.236018813351088	0.380616746484969	17	5	0.544500865971888	0.741168593221409
X540256172f82babb98a840a4195bca2c	SampleType	Sample	-0.188704074388538	0.305331601137438	17	2	0.545825621048266	0.742555371235505
X96730263ca104bafb3991d0bea756708	SampleType	Sample	-0.37719421367553	0.612294261844302	17	6	0.547107141040295	0.742633686412078
a925f078b34542a7e2745ffde41a3e2c	SampleType	Sample	-0.194471990985303	0.315652078071356	17	3	0.547067424302276	0.742633686412078
X02cc5d245c55e8c6b147bee1bba30607	SampleType	Sample	-0.18747887694615	0.304271450737598	17	2	0.547028475211854	0.742633686412078
X5d1fc4c11c5b0ea4713aecc115686426	SampleType	Sample	-0.187829677347717	0.304574927768628	17	2	0.54668298170322	0.742633686412078
dc26718f6ea99809fc59da715028e1e1	SampleType	Sample	0.370182671007523	0.603347606810009	17	4	0.548705952658028	0.744387561263854
b2502816cf9dc708b96025d23fb925ce	SampleType	Sample	0.263389570912748	0.429805151335396	17	2	0.549179951075117	0.744614380591793
X9ef90d113cba29a6fa3666c185cb6bd8	SampleType	Sample	-0.415815107977306	0.679652081708532	17	5	0.549827719290983	0.745076423628819
X9b85bfcdf367c14a87cc798700aa99f4	SampleType	Sample	-0.184236345397947	0.301468912183723	17	2	0.550263987190163	0.745251504972391
X49363be39f4e73fc08154c4e95e73321	SampleType	Sample	-0.513076609327125	0.846677779944978	17	3	0.553582921551182	0.749005432792645
X12fedf2d58447873ebf5d7c1ed1545ca	SampleType	Sample	-0.180920449459381	0.298607860540383	17	2	0.553652965154514	0.749005432792645
X561068de510e34e29d80bb77cce52380	SampleType	Sample	0.337888337250985	0.558937906705473	17	6	0.55453361449679	0.749103451907357
X2a1d03cc7f363ce20f526e9f1b4187cf	SampleType	Sample	-0.182466508192974	0.301738358154387	17	4	0.554404764499506	0.749103451907357
X1f052b365ef0e0f21b65f59ae1a841be	SampleType	Sample	0.253845605629346	0.420040085515778	17	2	0.554651381572938	0.749103451907357
X3bf46a1fc6f2bccdf5caeb31bd310b09	SampleType	Sample	-0.178869551820769	0.296840826394217	17	2	0.555790856269286	0.750224921115438
X83747839129954a6f9a64ce6dc274b06	SampleType	Sample	0.260810904755951	0.43400979049438	17	4	0.556856858712783	0.750411769070474
X6e698f7d7362b51dd95c2b5cd10e6f6a	SampleType	Sample	-0.231245317123789	0.384772758559228	17	3	0.556818788625209	0.750411769070474
X00c9cf9495b4554873a34eb82fb3788d	SampleType	Sample	-0.1779133570204	0.296017653717233	17	2	0.556798758714903	0.750411769070474
X4c72850cd443f090dd217fc732228e0a	SampleType	Sample	-0.453658654367725	0.756952523247041	17	9	0.557902310094784	0.751018321789986
a171071f11662f45b30b66f388c3dccf	SampleType	Sample	0.3495205581521	0.585462399325826	17	6	0.559412089499662	0.751018321789986
a192c03aff22da6065c44701eea9c11c	SampleType	Sample	0.246590169051611	0.412629336146533	17	2	0.559016894148207	0.751018321789986
X30ee7a915e81f2be6251eabe0c69b187	SampleType	Sample	-0.175121912789476	0.293617044886583	17	2	0.559782506847171	0.751018321789986
bda5f283fa6227873db686f50110e12b	SampleType	Sample	-0.175710958255099	0.294123304030624	17	2	0.559147699342123	0.751018321789986
X21e426b17544acd8bc1a274a448fb043	SampleType	Sample	-0.175236542947105	0.293715551336241	17	2	0.559658752055911	0.751018321789986
X5520169cd6626efa8fc9f7f911be3e58	SampleType	Sample	-0.175527308425575	0.293965446846736	17	2	0.559345316857116	0.751018321789986
ccb4274b4598b50d5de96d2f737e8fd1	SampleType	Sample	-0.175222160246166	0.293703191333648	17	2	0.559674273808087	0.751018321789986
X2a9ded87774bc5d82ec51054bf362b32	SampleType	Sample	0.185216940991372	0.310872238687617	17	3	0.560193749294094	0.751154822948489
X4eec64e26ba6ab8dc0be1e62d7bc5874	SampleType	Sample	-0.328399316665101	0.554671830304805	17	7	0.562628627555269	0.753969396193248
X75b2350101f4e6a267bf7c81d37edab8	SampleType	Sample	-0.140593577618063	0.237640499122274	17	3	0.562914110384081	0.753969396193248
ddb9337473f64582bae31131247a269f	SampleType	Sample	-0.559491361513954	0.94843365793425	17	16	0.564031781765833	0.754239260679428
X7987aaa1343fa88df0c87e81b3f26c41	SampleType	Sample	0.402035107519891	0.682096936711562	17	7	0.564358672185349	0.754239260679428
X5feaa88d4524bd064ae3f58d405ee1cc	SampleType	Sample	0.434519985724617	0.736669657545926	17	6	0.564075655592035	0.754239260679428
X9285aa60b5dc6276cd7e61a87dc708b0	SampleType	Sample	0.258000180568055	0.437323366084069	17	4	0.564004366345769	0.754239260679428
X2f0a05c0c43572b5db4db14cbde14b97	SampleType	Sample	-0.169950789143249	0.289180042727009	17	2	0.565477583358829	0.755318709307582
X2bcdf5ec9d73cfa09fd4005c745f28b8	SampleType	Sample	0.474593583648176	0.810999256825103	17	7	0.567115810805087	0.755842983428856
X755ff3ff99a637ef0c4566d0dbf21728	SampleType	Sample	-0.439768167418007	0.75143262300922	17	9	0.567087266653613	0.755842983428856
ac937dd0986b50b6c0fc3d01f3fde005	SampleType	Sample	-0.345761246588556	0.590721846538067	17	8	0.567034709103766	0.755842983428856
X1d1ba651814e1415fdf4eab3c393b955	SampleType	Sample	-0.169165801215214	0.288507673064238	17	2	0.566361719572656	0.755842983428856
f216f79f0a3e7b2b469c73751e885bc8	SampleType	Sample	-0.167477755488286	0.28706287765823	17	2	0.568280941531577	0.756980156474828
dfbe73d575bbe3c06fb5e35766736596	SampleType	Sample	0.362099448567823	0.621627645668202	17	5	0.568881924490479	0.757365019604165
X93f37695f1b84aaf5b62169b8984beca	SampleType	Sample	-0.391543643067323	0.672771831883029	17	6	0.569220789572591	0.757400688756951
X65524fbf0e3bbd4a2251655f81d4caeb	SampleType	Sample	-0.53786394886258	0.925901522776955	17	6	0.569928165613281	0.757926387914209
b3d73b5df65928a4f8c59f2eb7dcd58b	SampleType	Sample	-0.390507857540827	0.676136540439027	17	17	0.572131015252055	0.758917528678184
X6444657c0f5e7317624f71dc68a429f0	SampleType	Sample	0.568246000077088	0.985100201273374	17	12	0.572602891950048	0.758917528678184
X6432814bdab40c918d17483b5e0c0ae6	SampleType	Sample	0.227355502600465	0.393041306212654	17	2	0.571542675035792	0.758917528678184
X35557045bde9c99dae9ad7a75e219665	SampleType	Sample	0.225453987208595	0.391109803318629	17	2	0.572862345504093	0.758917528678184
a272077e460f6e5dfede0a2c7bc5a27b	SampleType	Sample	0.226198068823094	0.391865507752207	17	2	0.57234409792797	0.758917528678184
X89f38ab057a0b6f64e3ed42f033e1cf2	SampleType	Sample	-0.164927301855047	0.284882774272235	17	2	0.57122800321023	0.758917528678184
X8b4e68d54b90b666cdb6ef50b2144cfa	SampleType	Sample	-0.163616701672277	0.283763830490564	17	2	0.57276498385735	0.758917528678184
X4c6671fad7a0fe506cb3b74786ee8f5c	SampleType	Sample	0.401540396255521	0.697600623976658	17	4	0.573418729953367	0.759240184177207
a5fce72982aa636160694306dae14ff0	SampleType	Sample	0.224200969261361	0.389837539673858	17	2	0.573740481451908	0.759251989358659
X11305527c3c47a972169386531c1deea	SampleType	Sample	-0.216863843401342	0.377653470864752	17	4	0.574316358981744	0.759599892778579
a6041ebe74034791d31efb06695a1651	SampleType	Sample	-0.169781733912134	0.296033216977228	17	4	0.574789735988372	0.759776004175748
X9399074b2afb78f0ca7f137d56a3ab17	SampleType	Sample	-0.161670985849836	0.282104360872667	17	2	0.575075615851194	0.759776004175748
X0a88f777c02c7f724c1fddf73f51f35b	SampleType	Sample	0.221784359024554	0.387920846827779	17	3	0.57597569375437	0.760551147302424
X19b61409df7c30d2664a677418a9277a	SampleType	Sample	-0.4351963906077	0.761834323304234	17	9	0.576291234330031	0.760554010722668
X1224bfb4e4bcd362e1f17dd0978dfff2	SampleType	Sample	0.286536844294305	0.50532224532998	17	6	0.579075954098901	0.763813772064149
f3dd1ef412e09837dcbbb0a3937dc03d	SampleType	Sample	-0.156107040535943	0.277370566633633	17	2	0.581879070803016	0.76709424488806
e31fbd90ae48ef4e5dbc5a70155b3022	SampleType	Sample	-0.528354203164047	0.940553956204269	17	13	0.582584692270758	0.767191019067351
X8d22d93db74dc7edc74caf3f1cda1d87	SampleType	Sample	0.387442073453362	0.689230880611595	17	4	0.582326334426512	0.767191019067351
f555295b7f7f9ed9dbbe329b221d9e07	SampleType	Sample	-0.606574092382079	1.08546494022609	17	8	0.584534730708109	0.767619318862052
X018255ca7287be709143d4edee457b33	SampleType	Sample	0.468356494345055	0.836867200676887	17	4	0.583976218417887	0.767619318862052
X39ac7726042a7e1f67f06aeb672f398e	SampleType	Sample	-0.28817516767794	0.516570400392029	17	5	0.585168867835515	0.767619318862052
X0b0fdb5262a0f096a9447105cf77fe08	SampleType	Sample	-0.159317184660203	0.284929144027791	17	3	0.584314035198137	0.767619318862052
f860501fdaa1eeade80ae16a4d53cc26	SampleType	Sample	0.208912213844338	0.374348541126002	17	2	0.585031452098969	0.767619318862052
a2b6ef925d5401477ec8df3433647502	SampleType	Sample	-0.153288626306112	0.27497943633955	17	2	0.585440197451033	0.767619318862052
X60b3cbed8473cf7bdb4accc9dd276c00	SampleType	Sample	0.210791791511327	0.376249153745298	17	2	0.583583377487666	0.767619318862052
X44e841c41d8ad69577690d9863d5d071	SampleType	Sample	-0.153622576521867	0.275262514535725	17	2	0.585014097873668	0.767619318862052
X1664cae89a69c3de695c2a5c15afacc5	SampleType	Sample	-0.152353239606224	0.274186893771365	17	2	0.586639703685039	0.768361878490875
dfa04716f12120a3c96105bc8f022185	SampleType	Sample	-0.152452791985716	0.274271218561985	17	2	0.586511618296663	0.768361878490875
X53b0bf16a3ebf64cb2ca3854a7853e91	SampleType	Sample	-0.151095778124995	0.273122286648728	17	2	0.588266311057626	0.76891173336493
X39dc76adba771c11dda3986bf001b662	SampleType	Sample	-0.358278544471739	0.646487960460415	17	3	0.587615190495588	0.76891173336493
cb5ec78471cee394f3979e8918c5af2b	SampleType	Sample	0.239636141139253	0.433597311346688	17	3	0.588631411849549	0.76891173336493
X267fde138d7a2db10dff02aa6ebdc7f9	SampleType	Sample	-0.207371507558624	0.374452794743638	17	3	0.587877675330062	0.76891173336493
f3428288134ac8fa7a5b435a47685eda	SampleType	Sample	-0.150805903681514	0.272877005027114	17	2	0.588643593157001	0.76891173336493
X91d3c495e42075de5293ed2d938b0f23	SampleType	Sample	0.509538947031864	0.929758133416368	17	11	0.591731594763405	0.769200696320594
d3ff577f885248bc1829bba8608ceb9f	SampleType	Sample	0.298605010006483	0.542586200769874	17	9	0.590190701758858	0.769200696320594
X875c34bd3f67e4e1972ae8f1a07dead3	SampleType	Sample	-0.568451958345362	1.03375083335727	17	6	0.590487598878954	0.769200696320594
X212501721be7a1789749c014d14d36e8	SampleType	Sample	-0.148269192525957	0.270732720138803	17	2	0.591982686558724	0.769200696320594
X196931e166b0f8fb722f177efeb3814d	SampleType	Sample	-0.148232621850309	0.270701835922936	17	2	0.592031321583029	0.769200696320594
bc00be7d451bf601abfa40fe9e985ab7	SampleType	Sample	-0.149063111483937	0.271403395201592	17	2	0.590930362214825	0.769200696320594
f4fe4d67a1a47ed1afa961671a50b839	SampleType	Sample	-0.150368249192593	0.272506773776552	17	2	0.589214868159727	0.769200696320594
X492965ab1767ee9dc89665985ee3f653	SampleType	Sample	-0.148230489591206	0.270700035239429	17	2	0.592034157695455	0.769200696320594
X520476dfa9708a24c1fbbd9a6844ea25	SampleType	Sample	0.202156516257264	0.367519405238177	17	3	0.590377843546386	0.769200696320594
X1952ea7ccac5272a02dfbbec40e5bee8	SampleType	Sample	-0.148433324249218	0.270871340870104	17	2	0.591764584533909	0.769200696320594
e7648f8dc77383ec9569036610d726fe	SampleType	Sample	-0.427325698267328	0.782569691115799	17	12	0.593057773342865	0.770118360568824
X98a95bff4f362db41ca6b4d88691f079	SampleType	Sample	0.268777999788094	0.493496152614778	17	4	0.594006056933093	0.770608090383352
d55e2ebd983f8f0276403c4f1f411559	SampleType	Sample	0.197673538307753	0.363006596058619	17	2	0.5940699370034	0.770608090383352
X3d1c06be8a866a13307610746a606b8a	SampleType	Sample	-0.146315423789528	0.26908391879131	17	2	0.59460107198614	0.770885043648698
X7686779e16f84e04e1a59099e64ea486	SampleType	Sample	-0.14517418537965	0.268121933557526	17	2	0.596149671673669	0.772480113802453
c2df47694b8c0c62f5a72a5c1b33c492	SampleType	Sample	-0.175848996780325	0.327293287814875	17	3	0.598952925736253	0.77569837287187
X2bbe9ffa11b7f8f8f39949efd572622e	SampleType	Sample	0.376297453840845	0.703496125542419	17	16	0.600561736286291	0.776325775237685
a90d2253d08aa972cbadc8ec44a2ce76	SampleType	Sample	-0.35170068312551	0.657911157597639	17	8	0.600780721453589	0.776325775237685
X8eacb55f129d25a75261128d162eb513	SampleType	Sample	0.230806016184856	0.432449028278811	17	4	0.601356595569365	0.776325775237685
X90c24ac434da9c8294f1caee8b3d44b3	SampleType	Sample	-0.23689405136623	0.443761633827071	17	4	0.601280096341246	0.776325775237685
X45eaf469402754eaea12cc09249c45f6	SampleType	Sample	0.21273172978991	0.398050549405142	17	4	0.600873664159218	0.776325775237685
X162e09e3d9c5f881d4d7a1675aa2f274	SampleType	Sample	0.176842376352103	0.330949969909369	17	3	0.60093182772697	0.776325775237685
b6904b132fa7e312b8dc2803932d7f2d	SampleType	Sample	0.347710364484015	0.653544010092459	17	5	0.602491408941772	0.776551592937696
X3e81313d807b5dcbd1733917ccfd4dda	SampleType	Sample	-0.399632810524728	0.750617435575756	17	7	0.602243271655955	0.776551592937696
X16559825a2ac98bca8a02f2b5b6494e4	SampleType	Sample	-0.141001119392149	0.264611490532386	17	2	0.60193561747224	0.776551592937696
c701bd1e8c2828ad42068b9e62b37d97	SampleType	Sample	-0.312096649988086	0.587190656558377	17	4	0.602849566572955	0.776600795155288
f81af456b74a2caf196dac298c9a6e0f	SampleType	Sample	-0.287718375313028	0.542246539297124	17	6	0.603460629156277	0.776720980199461
X344b89751fc2de8f51385fa631be76ae	SampleType	Sample	0.186687650890388	0.351959607665508	17	2	0.603582928988951	0.776720980199461
X691423f72058019c2c0d097586f16030	SampleType	Sample	0.184454102922346	0.349718794946764	17	2	0.60560542419121	0.778910633021763
X6499e4803df71282d4f276bc5038b9c3	SampleType	Sample	0.44947735800268	0.85613706178061	17	6	0.607252117993608	0.780201635982259
X6d04de8cc4a1df332a852fd85ce91f75	SampleType	Sample	-0.126603258325443	0.240973960334045	17	3	0.606997645472187	0.780201635982259
X54d27bea8f7f00f1666fc2b9457e69c4	SampleType	Sample	-0.136793594597136	0.261083799790364	17	2	0.607972137610419	0.780300570058427
a448fba42706695ea808d59fd73e5449	SampleType	Sample	-0.136948434680605	0.261213407029826	17	2	0.607746273875557	0.780300570058427
a5ce2abe540b5a1f42949458e9f06063	SampleType	Sample	0.386291208916412	0.740952738295038	17	8	0.609738935872993	0.781770296572595
X13236fd3277f5ff81a6e2ab1fa9f4f8d	SampleType	Sample	-0.135573837854967	0.260063398401665	17	2	0.609761504496054	0.781770296572595
X5649447d0222bd34d28a6e5f13981af0	SampleType	Sample	0.62436505602678	1.21115563676618	17	13	0.613709294184587	0.78236945206256
X76b18d0a46a13d4468c03f3ec1970168	SampleType	Sample	0.339265897911382	0.655475639810663	17	10	0.61229488648715	0.78236945206256
X1cb1cab4e83db881e4cc221cb4a980f7	SampleType	Sample	0.383513692204641	0.737571142483354	17	9	0.610674222596615	0.78236945206256
X5f66f15f6cb9a7b556702e828fa430bc	SampleType	Sample	-0.412300622131994	0.798800440695616	17	7	0.613274421107286	0.78236945206256
X81703e7ea9070f5db356c359ddd4731e	SampleType	Sample	0.25739785139815	0.499398486496881	17	6	0.613774798816281	0.78236945206256
X1f3e0e00723a8b239da5ee4874e79498	SampleType	Sample	-0.133214246980294	0.258092427903642	17	2	0.613274650548604	0.78236945206256
ba5dc2aa80c38c642dcbf7b13573e0af	SampleType	Sample	0.317655550928934	0.611281031162013	17	5	0.61088708143967	0.78236945206256
X06e6a378dcec8f409f0fda46a3c2a1db	SampleType	Sample	0.273739102984927	0.530350012319555	17	4	0.613275585865751	0.78236945206256
dd361ff8e55a94f564c69d4c902931ba	SampleType	Sample	-0.134400256209734	0.259082609955104	17	2	0.611500239949271	0.78236945206256
X7200d1d7f5e300df144e7457b43a3429	SampleType	Sample	-0.133577410505564	0.258395521254506	17	2	0.612729458297049	0.78236945206256
X18136ef67494ec6a84c41e9d19c97418	SampleType	Sample	-0.133706018010744	0.25850287866516	17	2	0.61253678264948	0.78236945206256
dba53424e92d8150b0a59c02c1bd24ef	SampleType	Sample	0.173656243002681	0.338912141757348	17	2	0.615837600789499	0.782963750411651
X542daaf55619562eee4302a2341de57f	SampleType	Sample	-0.280214118344982	0.545902463461073	17	5	0.615215357385792	0.782963750411651
X03dbbb8980b7c90d5c7c9f83e16ac7fb	SampleType	Sample	0.17363951864295	0.338895438923001	17	2	0.615854058317199	0.782963750411651
X875323affec03ddd73e936f888fac408	SampleType	Sample	-0.132220545327561	0.257263577144306	17	2	0.614774868061707	0.782963750411651
X3ffde3ddd130f449ab0a7614fba79f67	SampleType	Sample	-0.131970653626147	0.257055253698279	17	2	0.615154093068138	0.782963750411651
X03e1b9a251a4b1e0e8cbd810bf6936aa	SampleType	Sample	-0.130541695646939	0.255864870174343	17	2	0.617337870861176	0.784439273602133
X311b65088573e7d737ac3862dc72d333	SampleType	Sample	-0.237032123100568	0.465764924076311	17	3	0.618219230024243	0.785148127299234
X7a34bd904c04a4f2d6f903b7378bd032	SampleType	Sample	0.169275131129898	0.334540552583994	17	2	0.620216461828015	0.786450027615775
e09cfeed17ee0e5aaf18e62ed186b52e	SampleType	Sample	-0.294257762425797	0.581052040487589	17	5	0.619922122904735	0.786450027615775
a60d853c569f51557b1f6226036ffd45	SampleType	Sample	-0.128924789354294	0.254519731853066	17	2	0.619840559498684	0.786450027615775
X03ff409687c3813261924a6f629fff78	SampleType	Sample	0.168232477420763	0.333501332437682	17	2	0.621278944352367	0.787020896032086
e330f9b7d5ec837cb1f853f827833526	SampleType	Sample	-0.127982230318569	0.253736497511857	17	2	0.621315219117213	0.787020896032086
X5da8dd7b442681c297e5a98c13bdc4b4	SampleType	Sample	-0.26871514828244	0.535710860142271	17	3	0.623227251537976	0.789031058676404
X8e5d84ca83d3dc0c96dd48901592fbb8	SampleType	Sample	-0.291755137100415	0.582556941205713	17	3	0.623767692594687	0.789303540108085
f0f732788ef67da775fd896b57bf1025	SampleType	Sample	-0.145862355941434	0.292502537287261	17	3	0.625244547393354	0.79060111125644
X553df8f491c5320e7db5eee35a62bcc7	SampleType	Sample	0.163531021728276	0.328821104423543	17	2	0.62617035109517	0.79060111125644
X652429f662390e6dff567844b2e233bc	SampleType	Sample	0.163654697016523	0.328944098805774	17	2	0.626039531776711	0.79060111125644
X44133021165ec1f91d55708a65c01f73	SampleType	Sample	-0.141814884153774	0.285364860109916	17	3	0.626421894085758	0.79060111125644
c140cd1b2758b99475a3b107aedfe2c5	SampleType	Sample	0.164198081453952	0.329484570969588	17	2	0.62546615217825	0.79060111125644
ac1c2bb601a53bac8e65b6debe661a8e	SampleType	Sample	-0.268105741392652	0.544281950228941	17	14	0.62943709176204	0.791115391872849
X93b8f4990bcff13031bb21d0feba9ef1	SampleType	Sample	-0.591384410193022	1.20051178777821	17	11	0.629420448384406	0.791115391872849
b0cfc2bcd6d42bd25931b0c9d97b9c0a	SampleType	Sample	0.356637498997118	0.721145813905766	17	12	0.628087317301307	0.791115391872849
X9bc801f7a80ecd8428deaf488161f41a	SampleType	Sample	-0.245064427965874	0.494710818329691	17	4	0.627517793032458	0.791115391872849
X608f80d21233a6261c4ca5704b5096fa	SampleType	Sample	-0.123647621015721	0.250143317494336	17	2	0.628249854251337	0.791115391872849
X2ac9a92b525560524bea4464ed2683fd	SampleType	Sample	-0.123255232996544	0.249818768320307	17	2	0.628890271293033	0.791115391872849
X8a237237cc0a223df5b2b7cb3c47ffc2	SampleType	Sample	-0.291979987123164	0.590558141341521	17	5	0.62817641527992	0.791115391872849
X7bbddf5f2769c69353ac0818cfd095da	SampleType	Sample	-0.123199585226081	0.249772751184591	17	2	0.62898126725841	0.791115391872849
X93ce69bae41a429b122e9515b6ad7d83	SampleType	Sample	-0.122712555601281	0.249370113679832	17	2	0.629779506324909	0.791136056858465
X053770c674f88fc74233d26dd695cc54	SampleType	Sample	-0.301218238150901	0.613699709915314	17	4	0.630654162202226	0.79182496206146
a701ea3d792859ee95d76be492299b56	SampleType	Sample	-0.335777188784032	0.691143791820673	17	17	0.634109285404202	0.793121226308486
a92f67f922033eb44348e4b8ae1a3d16	SampleType	Sample	0.683478770665026	1.40763364346054	17	7	0.634300906577986	0.793121226308486
X33a516f00563ddac500c9d4b43236758	SampleType	Sample	0.425004994003502	0.873326932582722	17	6	0.633539945745834	0.793121226308486
f8831fa35e481423c9bf15d3f4049536	SampleType	Sample	-0.368294545785668	0.755143172119293	17	5	0.63280331826857	0.793121226308486
b3d7c668f62042e81ea4183f4ec0efdb	SampleType	Sample	-0.490107578609747	1.0033072252003	17	6	0.632265702975644	0.793121226308486
X8f66bab95993ad5364ec8c3deb7f9480	SampleType	Sample	0.380647646035901	0.783371689974556	17	10	0.634053113827835	0.793121226308486
X77e7088850ceec846f635abbe8dda69f	SampleType	Sample	-0.217442145622781	0.447324895250125	17	4	0.633924951170716	0.793121226308486
X5f0adfcf206baf26db3d52d915b28548	SampleType	Sample	-0.120709656995054	0.247716269048152	17	2	0.633097321226106	0.793121226308486
ee6661de74f0dc0f622724754546ea35	SampleType	Sample	-0.119594936304175	0.246797221400003	17	2	0.634968625312251	0.793547298472108
X59da3ba21971969e8d421010ad4e2442	SampleType	Sample	-0.11890693605379	0.24623049769668	17	2	0.636132544405373	0.7941839944814
X3667bdb79bae37e87cc801ab34639b3e	SampleType	Sample	-0.119087934515053	0.246379553040895	17	2	0.635825674888057	0.7941839944814
b661cf07b63e11a160347be0584678b4	SampleType	Sample	-0.305988153473399	0.634411836092256	17	3	0.636542661177539	0.794287423484775
e9207667d9e1a42a8a6cf06f11434702	SampleType	Sample	-0.252475266446493	0.527150321655165	17	3	0.638885742293522	0.796801488461654
X8884593e6daeb04434eca7c7ea8728ce	SampleType	Sample	-0.371004936637764	0.776488223227728	17	4	0.639681769466095	0.797292417841352
X05b6f1512bcf69736ac3713898a56f66	SampleType	Sample	0.151108605320692	0.316502614530387	17	2	0.639936394707439	0.797292417841352
ba401d97a3d1fd259b0c9abfb61197a6	SampleType	Sample	0.125466743595966	0.264094734645594	17	3	0.641571870881887	0.79876055666988
be04e5a5f333faeeb89b7922cc154ccb	SampleType	Sample	0.388342843537298	0.818734248460339	17	4	0.642102120339075	0.79876055666988
X68a8a0e2cdb98b1503d6062e8a21153b	SampleType	Sample	0.163228731761481	0.343962169773192	17	4	0.641939599495048	0.79876055666988
X3c406d57ff34fbce9c8690992bdc5f5d	SampleType	Sample	-0.450346005119004	0.951568966544533	17	8	0.64283666133357	0.79926463988554
X8e797b9bf5b1d55c523d094de494888b	SampleType	Sample	0.262105127338805	0.559297303537419	17	5	0.646070033975951	0.802873513804215
ff2e65ab7ee1a994f929993a4cd98b2d	SampleType	Sample	0.329632286522421	0.704864674066207	17	7	0.646754531172449	0.803142143751493
X7111dfa20d08ec967e55b337db0875ea	SampleType	Sample	0.143399511651359	0.30889569822751	17	2	0.649147138237658	0.803142143751493
X8d10ba9ecc60725589a151d802507cb8	SampleType	Sample	0.464442252656529	0.998388047111283	17	4	0.648475691859543	0.803142143751493
b5e4e36584078c5544e0382e9245ccaf	SampleType	Sample	-0.111503465399738	0.240157380500964	17	2	0.649104769130817	0.803142143751493
fdea1742287c08bae060174c36a75564	SampleType	Sample	0.180558308525931	0.389790565138645	17	4	0.649857199373167	0.803142143751493
X260cf5726fb8fff97552a77b6401a9c0	SampleType	Sample	0.278112285191859	0.600518711611984	17	5	0.649926316575168	0.803142143751493
X8439878c2539bca397c91c2cf9a281fa	SampleType	Sample	-0.111205661821856	0.23991408716364	17	2	0.649644234180208	0.803142143751493
d7c33882ba48ddeee37712e1dd95291e	SampleType	Sample	0.144479502875284	0.3099595311446	17	2	0.647823926742167	0.803142143751493
X068d88d98dec7846b3f8a172f4042674	SampleType	Sample	0.162801700805663	0.349436264652265	17	3	0.64798175202185	0.803142143751493
c931bba869089d3dab800f822d3c2714	SampleType	Sample	-0.111419219978178	0.240088547418396	17	2	0.64925723566578	0.803142143751493
X6a7d9908806f5f833730b5dcb318948c	SampleType	Sample	-0.111431700706139	0.240098744451664	17	2	0.649234641088122	0.803142143751493
X00107bdafa378f95637473669a5b62cc	SampleType	Sample	-0.266644170973045	0.580614064578691	17	3	0.652643126829677	0.806088991763678
X420a7e9189ee45140114a4c7dfafcd5e	SampleType	Sample	0.139777947245073	0.305332863732524	17	2	0.653665527552134	0.806941116667868
fd378a4547ac236b57eaaa8f4a03bfc4	SampleType	Sample	-0.181757346150038	0.397794721996013	17	4	0.654281072880083	0.807290373096066
X4d375362825e9fd1a68050a148667590	SampleType	Sample	0.0990613387749926	0.21796056237679	17	3	0.655982528850907	0.807747132177144
X727b8389b538dd0b722a5ef79a07c175	SampleType	Sample	-0.208983061571529	0.459518956298541	17	4	0.65577535382682	0.807747132177144
X705f5d0a989ba0710a478c1374551909	SampleType	Sample	-0.107872510034546	0.23719649960203	17	2	0.655779144288181	0.807747132177144
a2faeb0726a585595ef31b573bd21881	SampleType	Sample	-0.108154884676968	0.237426332295002	17	2	0.655252426105991	0.807747132177144
X0071e3a7018acbb96f3a73be20821daf	SampleType	Sample	-0.107344590844824	0.236767009107316	17	2	0.656767399139293	0.808303487683095
X1221a418fe7897e1c143b4facb261233	SampleType	Sample	-0.106489186958425	0.236071642696984	17	2	0.658378490546382	0.809875619136376
cd07a64ceddbf8311cb8a72075cbfa67	SampleType	Sample	-0.412282053261489	0.920470181318739	17	11	0.660623847840281	0.811149841396309
d5fefa6a95119dbe2aa218d7e707b6b6	SampleType	Sample	0.411502199501891	0.919355143296901	17	6	0.660839081637485	0.811149841396309
X9a39e55dd18c687bfcd64fad3aa56174	SampleType	Sample	0.128745754662873	0.287585331810132	17	3	0.660782831696037	0.811149841396309
X883c621a94c8c41fb099d57470e16755	SampleType	Sample	-0.105066323273831	0.234916504981576	17	2	0.661085449642316	0.811149841396309
X1e56591e48022cd75744a0735eb9b273	SampleType	Sample	-0.105732442571317	0.235457049239704	17	2	0.659813937490752	0.811149841396309
X12479d8565e104f02af902b8c165c23d	SampleType	Sample	-0.228075603870769	0.511592240546265	17	14	0.662098211345155	0.81198199036619
X13497d30d81f50bda8169ee13b224952	SampleType	Sample	-0.273198877769863	0.615570688856889	17	5	0.663512295466269	0.812074806402741
X529170f84bd6b3cc571c789a249e2ffd	SampleType	Sample	-0.234846245182213	0.528758175962302	17	4	0.663277040162167	0.812074806402741
X586fd1105d7630baa71c5c77aee1196a	SampleType	Sample	0.184107013358658	0.414020177489306	17	4	0.662899308911569	0.812074806402741
c5675b36d4dea35804b0c87762f7249b	SampleType	Sample	0.132314954651435	0.298013867944185	17	2	0.663388393834587	0.812074806402741
X58b0265db6ad82d9f233c8a3fa8b1235	SampleType	Sample	-0.103251417276002	0.233445890700914	17	2	0.664588115547294	0.812571967976465
e506fed0a99720b790dbcb04fd26b9c8	SampleType	Sample	0.356148431207456	0.80486751043441	17	7	0.664446265441868	0.812571967976465
X0296bb5d13421ce997f2c4e6eb1a52f7	SampleType	Sample	-0.298630504293562	0.677746031040797	17	10	0.665769782271509	0.813606878939049
ebf00dd6a9329614e82c0a214cb16490	SampleType	Sample	0.290202494262652	0.659835122684106	17	7	0.666345062070878	0.813886938535229
X1bb6d17ee817eb6f0510a5f445e627ac	SampleType	Sample	0.129892288229175	0.295644894921841	17	2	0.6666696472221	0.813886938535229
X9b08bed331b09ad329f05f289f6f6b1c	SampleType	Sample	0.553977560093911	1.26504354008931	17	13	0.667690464717685	0.814723357400614
X9fc216e9061a3a0e7f1564040cb4c92a	SampleType	Sample	0.396372416028906	0.908128949666031	17	9	0.668711827720455	0.815149977839048
X2214099515b01034cfcd604b413c5df3	SampleType	Sample	-0.101183504727486	0.231774161386433	17	2	0.668648519304312	0.815149977839048
X9a06ac9191854e0a48b66496324388c9	SampleType	Sample	0.285763703844619	0.656544762443086	17	7	0.66957574107846	0.815793335139269
X31b174cf4b11aa7566700df0802f4014	SampleType	Sample	-0.100087547834421	0.230889886216359	17	2	0.670830998942554	0.816502925994774
e85e86d755e07e2b8a388feecdc83362	SampleType	Sample	-0.100172719948302	0.230958564564661	17	2	0.670660621197995	0.816502925994774
X392f12d7facbcb27beba31a0ed941026	SampleType	Sample	-0.206509373304548	0.476921188909306	17	3	0.671172574911065	0.816509192636168
X84c2f9084a75be51cdee8d3bbc091469	SampleType	Sample	0.126357320697452	0.292194657443933	17	2	0.671572601745202	0.816586525268339
X26b941552eaad9d941eff16910335833	SampleType	Sample	0.473824117269755	1.10326865157838	17	15	0.673684144705923	0.818596049899415
X00d118907f9e925af430d287d4c42e47	SampleType	Sample	0.123051745935537	0.28672033168724	17	3	0.673899838359716	0.818596049899415
X7cc608136bbc17022985f32fa805406d	SampleType	Sample	-0.0983850822962621	0.229518640251617	17	2	0.674263979648517	0.818628653630291
X1c81758c43c0ca40c7aad4c9d82e3dc9	SampleType	Sample	0.184064632391249	0.430913119300795	17	6	0.67533795323599	0.819522606251874
X94a02b5190bb536fd547d1fee9ccdba9	SampleType	Sample	-0.20541518254826	0.484295418568912	17	4	0.677474747578923	0.821704753810118
X49dd13d9b323fe9e074eefde2bbcd317	SampleType	Sample	-0.0965536368393596	0.228046810436862	17	2	0.678016041141869	0.821950515410248
X503c322982d287ae459c8f2d4d246316	SampleType	Sample	0.120768982941087	0.286756331265469	17	2	0.679614159471291	0.823315519234856
X6e04d0bf5886d26a7e7c95e57647b71e	SampleType	Sample	-0.095683487655992	0.227348738681663	17	2	0.679820478181562	0.823315519234856
c742bd5804b23fe1bae2f04ec30d5c4b	SampleType	Sample	-0.187210108080972	0.446935405475068	17	5	0.681243762108982	0.823442942096349
e2d59cd304f40b1a8a42c6453f74cb17	SampleType	Sample	-0.192236989766463	0.458996187393272	17	3	0.6812828297196	0.823442942096349
X5834af9910429434e8c9c508cfb85157	SampleType	Sample	0.131783793058979	0.314336674452184	17	3	0.680979950134251	0.823442942096349
X2ba67af8399fd2f51ce16752f263851c	SampleType	Sample	0.120192243949953	0.286196231352644	17	2	0.680465059566169	0.823442942096349
X8837586ffddd9338f2c4fe7f542ff123	SampleType	Sample	-0.298268972470669	0.714798314871605	17	7	0.682386715369543	0.824366629269229
X75e049d0d093319fee0b6088d81aaf3d	SampleType	Sample	-0.191780758757484	0.460255547513742	17	3	0.682811703479859	0.824469653903293
X8e319d9b771e7886f5ea522fa3b444ae	SampleType	Sample	0.173260376366874	0.416341661090716	17	17	0.683193712761272	0.824520706549779
X674a4c9375f88394b927fcf0a3b8ad7c	SampleType	Sample	0.118063319817852	0.284130655241223	17	2	0.683641006696659	0.824650458873156
X9e82ed15ea0def7fc2797fddca438b12	SampleType	Sample	-0.193205155153906	0.465833097343956	17	4	0.684194511126192	0.82490813636526
a7f93049424ef4e35da79187bc5de3c0	SampleType	Sample	0.328446340555509	0.797581119650359	17	7	0.6863080953105	0.8258154423989
X683ed5e895196c4c2f6f9d15b9d20d2a	SampleType	Sample	0.191794869251748	0.465590656015344	17	5	0.686210718828323	0.8258154423989
X53b227995a6a99a320f4efd39444e8ff	SampleType	Sample	0.116416442960961	0.282534895079634	17	2	0.686136221703445	0.8258154423989
fc2bcb7cea8478b10765ee0b3a7a9079	SampleType	Sample	-0.0929151045177061	0.225133142366303	17	2	0.685656458653978	0.8258154423989
a88a19c329baf8c273d8741211a68186	SampleType	Sample	-0.373678295319476	0.913229613626823	17	7	0.688188093918012	0.827667246748769
f936cc0095df2ce79b485df5f7fe631a	SampleType	Sample	-0.35795337919178	0.876458689854764	17	7	0.688744341170502	0.827925961377319
a0863c974f365a3be5dc0df1d6569284	SampleType	Sample	0.114074049280235	0.280268447491501	17	2	0.68974420551631	0.828717419202022
X1263b941de1a0c2fb61d10f6b7e273da	SampleType	Sample	-0.313176376045114	0.771912822415116	17	5	0.690680497668014	0.829431750539471
X0077b1c328d7c6d76713c77105393caf	SampleType	Sample	-0.317448580964329	0.784809859026459	17	14	0.691560634599869	0.830077972390644
f94bc1597f513a65a6eb6eee20e9ef63	SampleType	Sample	0.107901134028341	0.267802329195556	17	3	0.692696146478465	0.831029929561658
cc8f106544aa3a06a7f5ae350c8d3d47	SampleType	Sample	-0.307308060559084	0.76596254663547	17	9	0.693926481568051	0.831535747847683
X0b84f4dd505d194c6ab896130bd862be	SampleType	Sample	0.171547181914988	0.427941342464549	17	5	0.694170715341136	0.831535747847683
a1b1b70a3a7772a4826cca570fc9ed63	SampleType	Sample	-0.260353245439683	0.651090207129107	17	6	0.694886650832664	0.831535747847683
X621f8ddee7c51b714a2fefbeb3f5940b	SampleType	Sample	-0.0889669797023936	0.221987766384555	17	2	0.694236913433963	0.831535747847683
X4e361470e81c37b7332058c229f1143c	SampleType	Sample	0.188701456725599	0.472127004678249	17	3	0.695022972543633	0.831535747847683
X497410d6fd55e49412a7aed1f2f9e0b6	SampleType	Sample	-0.0885445021025742	0.221652216597169	17	2	0.695173478526143	0.831535747847683
X89ed587eafc3b94e83432b434e2e898b	SampleType	Sample	-0.352954257313238	0.885121467479618	17	6	0.695686396367462	0.831739351716173
cf19d8069aa53ba775e5e19c9fa65aa5	SampleType	Sample	0.194481607030249	0.488921568475353	17	6	0.696398349357506	0.832080482517746
X2aed2e4339d8dc4bf6d71006b930b902	SampleType	Sample	0.109709463657653	0.276055824286815	17	2	0.696657412639497	0.832080482517746
X117e2ebeb25f17a7989fa76a7863d66d	SampleType	Sample	0.289112901550418	0.732051153828661	17	8	0.698449644897625	0.833753686147534
X1dcf716abc1f94a90854a9d155550633	SampleType	Sample	-0.212599148998039	0.538872272816402	17	4	0.698745363668761	0.833753686147534
X1687d1d71904a59df757dbb0a48c35d9	SampleType	Sample	0.123893877650191	0.315790351944282	17	3	0.700333089765313	0.835237547351555
X2005002db75f1c8dc00b4ee4ba74b9b7	SampleType	Sample	-0.186134665374574	0.476859596291814	17	4	0.701776544179135	0.83613729637838
X4606e5a8b45cd256c0e043c41198e57e	SampleType	Sample	0.0868542382818813	0.222337141720921	17	3	0.701553829485679	0.83613729637838
c4733fa05dc3db3a9cb9752c6f409755	SampleType	Sample	0.18167884935144	0.466779091103455	17	4	0.702584637829571	0.836303908557821
X269689d5610b300e6b875925f70d2e83	SampleType	Sample	-0.0852485617781355	0.219041452261851	17	2	0.702605549876142	0.836303908557821
db30bfa14b0cd36a31d9d1bd5aae464f	SampleType	Sample	0.357535653814116	0.921353968852711	17	15	0.703427281452353	0.836461544382588
X6efcd9846560ff414ec2d5d259c0ec88	SampleType	Sample	0.224332403582416	0.5780346548932	17	4	0.703397965252868	0.836461544382588
X86b30873b5a53654038175bf96772f4d	SampleType	Sample	0.104863894819613	0.271395553222	17	2	0.704635290149973	0.837077752909439
b2a3de8c0af5d09f31f320464ff7db75	SampleType	Sample	-0.0844984963403782	0.218449078626789	17	2	0.704328463046056	0.837077752909439
X7e082f297945c886ab711479d86ae7ef	SampleType	Sample	-0.420235603324978	1.09165569885186	17	12	0.705675986018612	0.837903922733449
dbf6d7757be706cf55237aa9474e6fe2	SampleType	Sample	-0.0832042546223803	0.21742850320398	17	2	0.707329418799003	0.838361165629203
e4900c79f81ac774749962612c701fa9	SampleType	Sample	0.305981326187434	0.798468993417491	17	5	0.706940354759593	0.838361165629203
X5e160fcb069f0ac9410412d37fae88e0	SampleType	Sample	-0.0832112164199928	0.217433987584219	17	2	0.707313180755747	0.838361165629203
d0bf2a78a088be2dc1edade2fb0f3789	SampleType	Sample	-0.0830077319221755	0.2172737101265	17	2	0.707788227595483	0.838361165629203
X552ad056fcd4dde8e80508025745ece6	SampleType	Sample	0.103006166708723	0.269613677595026	17	2	0.707781878707262	0.838361165629203
X0ae14e4ca61b4d8ec1579f833a4afc3a	SampleType	Sample	-0.195500872375682	0.515127513094503	17	4	0.709621283597736	0.839712752458169
X0e5bb3b72148d1f430252f78d3c1f88e	SampleType	Sample	-0.0822843916085518	0.216704364670528	17	2	0.709484132757559	0.839712752458169
ef3b1aa602afb5a04b3d850c82e1607c	SampleType	Sample	-0.242019683127507	0.638588918233239	17	3	0.710005164786902	0.839757570632461
e1fe0d870c76a03daec395104ceae55c	SampleType	Sample	0.194863382256123	0.516591948399448	17	7	0.711301235471027	0.840377178809221
X5c6188171e7915e579f6830c80049438	SampleType	Sample	0.304879163990824	0.80903468620803	17	5	0.711567821365038	0.840377178809221
X153b706dc39620f464baf39da352cc57	SampleType	Sample	-0.0816491985572888	0.216204923196083	17	2	0.710982722280676	0.840377178809221
be24af0c21448fdc4c360e0ed4e81c27	SampleType	Sample	0.285482406606435	0.763729512813639	17	8	0.71378342997439	0.841530662454081
X1936998e7cb4e2a37e5ae5f1caaba7f0	SampleType	Sample	-0.229024589531589	0.61226607237785	17	3	0.713593894738988	0.841530662454081
f96e7d22183bc9eca4cf73c6a327910b	SampleType	Sample	-0.0808074121111321	0.215543800069427	17	2	0.712982297314141	0.841530662454081
b4659221c7ea769ffcf3379092a67a4b	SampleType	Sample	0.103559131898665	0.277194568321909	17	3	0.713931451995448	0.841530662454081
fda92df4fad27f969b71f944af93d9c9	SampleType	Sample	0.0975971723333545	0.264441391294416	17	2	0.717233832159669	0.845012869248309
X033214354a91af0c2372acdbcddf917a	SampleType	Sample	-0.423884682219801	1.15337755486335	17	12	0.718367964133941	0.845938403179561
b1c7a85af1d7c5606009ad7ecae291b2	SampleType	Sample	-0.283620242492321	0.777016771722953	17	5	0.720197956425212	0.846844224846597
X5178e9441cf8c8b2c71fabcd4068b15c	SampleType	Sample	0.186069939904894	0.510404801673507	17	4	0.720532890114637	0.846844224846597
X57b95a28e499db839fc745b99d80e1f9	SampleType	Sample	0.207543203783122	0.56785385640206	17	3	0.719850517422143	0.846844224846597
X45fabcfc2094cbd81d7f265624c51b8e	SampleType	Sample	-0.239606739233172	0.655025711266655	17	3	0.719623596153487	0.846844224846597
X094b90b37ab7cbb5661727bdf30972b8	SampleType	Sample	-0.101629977393601	0.279694370950584	17	3	0.721405341301458	0.846933969389425
X7962e05010d48d659881432184e5938b	SampleType	Sample	0.125630370952418	0.346071987362371	17	4	0.721656138729843	0.846933969389425
X07422705f42a249506c2942c4df6c7dd	SampleType	Sample	0.0952515167143477	0.262205980439898	17	2	0.721471926843289	0.846933969389425
X1ecfc371b8787946db63d89d307b0693	SampleType	Sample	-0.345154515665025	0.953393118153822	17	8	0.722381028213409	0.847374942230036
be3cb677392518f2eb047d5691a05c87	SampleType	Sample	0.25014165257878	0.693231344763747	17	4	0.723254575775964	0.847510393289321
X935f3388748f455cb6362705f4582773	SampleType	Sample	-0.22303619306506	0.618790462079506	17	8	0.723544101728666	0.847510393289321
b3d28761310626fc312b9144c77eb5e8	SampleType	Sample	-0.192032791314775	0.53154999472868	17	3	0.722935931200803	0.847510393289321
cdfa5bee668ff3eb1caa79fd0dd15408	SampleType	Sample	0.358736941874603	0.996655172695145	17	11	0.723908928829643	0.84752868802197
X86f63e39a4dcc396cb0e3426c1581ec7	SampleType	Sample	0.0935820074464854	0.26061783257878	17	2	0.724541467249207	0.847591219923944
aee44702f6ba3e291161e1b019781301	SampleType	Sample	0.0935175869846568	0.260556600529121	17	2	0.724660808134398	0.847591219923944
X4d728d3c71fc9f2f4d90cdd34c4bb2f5	SampleType	Sample	-0.144606833768186	0.404663310824581	17	4	0.725807046213242	0.848522977437157
fca8a899f0212537b4749fcd0cfe9572	SampleType	Sample	-0.229889824109024	0.644206816521923	17	6	0.726169170364371	0.84853759098427
X99ab4d49d5793fe65a88a0b67daa05fc	SampleType	Sample	0.175654968561997	0.493576231407187	17	5	0.726884377695217	0.848964573949129
ffdc379ce4e6cc286de85b251ec6d8ab	SampleType	Sample	0.149030478779571	0.420167914661162	17	4	0.727757244939401	0.849575196473269
X0302b6711c3421fd4463c37658685463	SampleType	Sample	0.115968618718832	0.327450066622758	17	4	0.728150715159711	0.849625858506067
X610842603a4bd8cb8d6f80c310912a0c	SampleType	Sample	-0.0962473147006165	0.272780122987074	17	3	0.729118694081556	0.849938074224753
X5559cc8d1d8efe55e43397b2498feb60	SampleType	Sample	0.0912636696047378	0.258416562119851	17	2	0.728878899916559	0.849938074224753
db1e957f641eea77586f338d6883f316	SampleType	Sample	-0.0869884559884328	0.247203725424886	17	3	0.729815635398175	0.850342077345834
X4b57c93aef543ae42241d05de5df6ac4	SampleType	Sample	0.255664614944045	0.728802921846963	17	6	0.730615941063323	0.85061876218303
X743701a156f188bc190c1cbe80a67e4b	SampleType	Sample	0.0895448779224784	0.256787694558408	17	2	0.73215209174433	0.85061876218303
X6de7a8b86171c6585fa037e920daf262	SampleType	Sample	-0.225348340447278	0.646240881147926	17	6	0.732155992665987	0.85061876218303
ea31672fb76c2d720f74a11c27f7c17d	SampleType	Sample	-0.227424520095274	0.650778371508431	17	5	0.731597746792162	0.85061876218303
c39ea129388a077989abed2081b5fe88	SampleType	Sample	-0.28759683945084	0.820844090890807	17	5	0.730934658622981	0.85061876218303
X1c3b6f2980036a986430756477910c11	SampleType	Sample	-0.255285483232294	0.729546476759138	17	5	0.731260849049608	0.85061876218303
X2ca0ad9d8f59b9f317a89a5b6566f385	SampleType	Sample	-0.212805349603362	0.611217124583835	17	3	0.73255317916286	0.850672998003952
X7e64efeca8fe17cc836ce410951b2aee	SampleType	Sample	-0.175888677057784	0.506672216323214	17	4	0.733305009486962	0.850964377577482
X655a6ba2f375a3d0f1ebb3b829419e28	SampleType	Sample	-0.232650393231569	0.670708215153445	17	5	0.733505347297937	0.850964377577482
d29f81bb963e451423a48f884dbc05b0	SampleType	Sample	0.0879167393136767	0.255247248262238	17	2	0.73529873077775	0.851416994082824
X23546c76839072bf2cefbde86181042d	SampleType	Sample	0.0880814059272104	0.255483517021057	17	3	0.735058558198048	0.851416994082824
X05e092e03eb18588060216b83c8c35f0	SampleType	Sample	-0.0718380666920143	0.208555289521363	17	2	0.735285335616299	0.851416994082824
X9951140d9fe224a3b5a91dd2083a435b	SampleType	Sample	0.0881632979093362	0.255480368326956	17	2	0.734819302830556	0.851416994082824
b9e49e24eed13e9d42be624184d6232b	SampleType	Sample	0.167801980521838	0.489529042679398	17	3	0.736518520894054	0.852422723037611
d4326a70982173389e9c9c2dc7fd1602	SampleType	Sample	-0.204629015243258	0.598455784471177	17	3	0.737148282362561	0.852744938652972
X7109b433163f6a01631b5d15d0401bc9	SampleType	Sample	-0.188543870597896	0.553600336625774	17	3	0.738144659129954	0.853490751647641
X4803c16216b172f3051fcc898f35e4cb	SampleType	Sample	0.0861468174793527	0.253575479527024	17	2	0.738771223195072	0.853808456521162
X8fdf2422d7f1da92c7b91f0751a324fb	SampleType	Sample	-0.0700016311801651	0.207137565917144	17	2	0.740086052282281	0.854920918081435
X2230a611b5446444fc86fa3be6b3e84e	SampleType	Sample	0.147649683245579	0.437567108976243	17	6	0.740465908815402	0.854952788151752
X5aaaaa5a63365189cd48ff82ace504ec	SampleType	Sample	-0.113595062775337	0.337945557868809	17	3	0.741425642759343	0.855247164912988
X7f346c66f05f3e8b0e04b876f3c3dbd0	SampleType	Sample	0.0849399859533449	0.252437290319498	17	2	0.741170456717542	0.855247164912988
X2a4cbe325a7902e1b791a53b1895487d	SampleType	Sample	-0.0692326028074689	0.206545262759495	17	2	0.742121023409828	0.855642624140452
de4b78e5c5921dd5feb02902353082ee	SampleType	Sample	0.0842744813969497	0.251810241757503	17	2	0.742504580931099	0.855678356087263
ac717b5192cf2846e6c36f3fce80cad1	SampleType	Sample	-0.165218395209025	0.494979752117409	17	3	0.743160035598974	0.856027245561799
X0b4fcf6a6dabf532fe549245c1d82bba	SampleType	Sample	-0.31165920254245	0.935179139562064	17	12	0.743549610906526	0.85606968959684
X59da0ed6c4b6626c26b73745b1a3ef93	SampleType	Sample	-0.183726634422389	0.556753440154579	17	3	0.745966307123832	0.858444868368677
X7d1f6c73c26ccba52591155d9b9c9d9d	SampleType	Sample	-0.138903264510533	0.422803781970122	17	3	0.747053393337449	0.859288429208525
X38421d66789673e27b13640ba5c87f82	SampleType	Sample	-0.134140039163775	0.409988950762667	17	5	0.748053383184619	0.86003105683992
bf0fc57d701c5060d650485ca2bca7b0	SampleType	Sample	0.275529628379716	0.847525270507443	17	9	0.749596334568207	0.860108993995967
X1e63564dc26ca56c52b18f6f5fe808d9	SampleType	Sample	-0.11672173331669	0.360006317601055	17	3	0.750247523811068	0.860108993995967
d375307681fd8a321dd28c294db7605e	SampleType	Sample	0.150629217065514	0.463779198645219	17	4	0.749828191590451	0.860108993995967
X908fd8303003e54b1d027d33153c2cda	SampleType	Sample	0.0932696427618523	0.285797256529498	17	3	0.748669253855357	0.860108993995967
X91f1493bfa6c6cabb7cba0c5c637a50e	SampleType	Sample	0.0807714418344194	0.248516838985571	17	2	0.749659431490048	0.860108993995967
X6a939acb9b8183ceb840368972671191	SampleType	Sample	-0.0663115110146357	0.204303052370809	17	2	0.749985658037322	0.860108993995967
f7f02e7234f183160ac7d43463f37eec	SampleType	Sample	0.119600627069151	0.370362061996319	17	4	0.751206792984092	0.860802118306134
X367dc19d41820be96c3139b17ad88393	SampleType	Sample	0.181638022687272	0.564069838314144	17	6	0.751886622864237	0.861174532180983
X4949fe0db03d05998d5074355e66760e	SampleType	Sample	-0.214329929499951	0.671001590863467	17	7	0.753814925753192	0.861566764842177
f376fc5aa7f1de9c19efec8dafb961d1	SampleType	Sample	0.0786968666691279	0.246572268184691	17	2	0.754004041419359	0.861566764842177
bb72e07f1c082a327362d170476a7a02	SampleType	Sample	0.219500101213511	0.685898061290216	17	4	0.753368530823943	0.861566764842177
d7e42c94c508fed0d0f68a1973c20d10	SampleType	Sample	-0.0653578704879012	0.203573696973256	17	2	0.752600205561029	0.861566764842177
X0235929dce25e4c6cbc3b251a9f15980	SampleType	Sample	0.0787413907642644	0.246613955471797	17	2	0.753909942419476	0.861566764842177
X42f547d0fb7d6723665eaaa73d95e2c1	SampleType	Sample	0.170839221186655	0.539004639084133	17	6	0.755647706135853	0.861834096298279
X066524fff17a44dd6e850b2f0d29c551	SampleType	Sample	-0.256817463718178	0.810306244654676	17	8	0.755658408291198	0.861834096298279
X992d4d84004e921e2356b0a17d4a66a8	SampleType	Sample	0.199907343466716	0.628391133804642	17	8	0.75477564996449	0.861834096298279
X146dfc521129a89b0a2790242dfbdfea	SampleType	Sample	-0.111106925475689	0.35021338981686	17	3	0.755423224602162	0.861834096298279
f8f3e2a9e73c50bd626bf4f8467b3eb2	SampleType	Sample	0.145499558493248	0.461001842391072	17	5	0.756642640785701	0.862551286607279
e351f300e5104c20098190800b467b43	SampleType	Sample	0.0767425762848064	0.244744542014016	17	2	0.758171862789556	0.863888784502466
fa3be2840777c910e6ffcce73ddc962d	SampleType	Sample	0.0762838308075049	0.244316091908202	17	2	0.759160944529583	0.864204321000609
ed565b271e6416f9c7eaeba653a384f8	SampleType	Sample	0.0763709609985356	0.244397450762929	17	2	0.758972770028836	0.864204321000609
b9daea5529d55d97d57ccee11ca966fc	SampleType	Sample	0.193512123978565	0.622517255271924	17	9	0.760189329358715	0.864969293180311
X06c86234afafee939f040c2898a1481f	SampleType	Sample	-0.0624788769461452	0.201379933521312	17	2	0.760636991252307	0.865073091738214
X9a0231d0c3bbf229f3f5c1dc21907e58	SampleType	Sample	-0.0926383278954725	0.304085224588189	17	6	0.764821780415056	0.869018006117669
X89d3822e3d6b793c5bf9e4876685079c	SampleType	Sample	0.0737801216160782	0.241981727542553	17	2	0.764632352289645	0.869018006117669
ba118af331e20ce430657c050ec1b9f7	SampleType	Sample	-0.28115651520766	0.926770440513131	17	6	0.765773257259	0.869375173075108
X8d5bf30fedb4082a61464fcba830e224	SampleType	Sample	-0.131667821769724	0.43416578155156	17	3	0.765852542247458	0.869375173075108
e7821b39688d56edb6e80f33ae1b60df	SampleType	Sample	0.259895743623327	0.862425165966586	17	11	0.767281502689083	0.870183274311404
X5c2e9259ed132e03f65aeae8a712c4d4	SampleType	Sample	0.0727009968683207	0.240977710309287	17	2	0.767029353147842	0.870183274311404
X4c5d9a2d50929ad6a992c966b9d1694f	SampleType	Sample	-0.153940389756714	0.517290954391399	17	5	0.770098320136743	0.872969931327359
ee81ff6b5c3eca7e14f53f92e2da9103	SampleType	Sample	-0.0590023517905334	0.198747581021852	17	2	0.770636460461715	0.873172123968526
f4a831fa091eab6956331ba126b986e6	SampleType	Sample	0.147890241744443	0.504453023447167	17	7	0.773409515385303	0.875859766175583
X2fa2dc6154f7245a709e8743261f20ec	SampleType	Sample	-0.107137795046142	0.365980677977845	17	4	0.773730259036032	0.875859766175583
X787bbff233fbcff5337306f46745d2b7	SampleType	Sample	-0.057754340718955	0.197807205925735	17	2	0.774306720961044	0.876103688472007
e844a43db6f67a04cf90d6557c076dce	SampleType	Sample	-0.057589668613516	0.197683310248768	17	2	0.774794235250556	0.876246788887745
ab8339b4333073e07ce3db3b188a5af3	SampleType	Sample	0.068576198861221	0.237152114789462	17	2	0.77641299561256	0.877668533000318
a4249126c5ab1a9f4915ed66a50f9693	SampleType	Sample	-0.150042115143695	0.520382962107855	17	8	0.777040007388633	0.877884654339408
c8d1e9e05032d7101f7074ce7ce123af	SampleType	Sample	0.173878941594776	0.605884207202979	17	3	0.778051047171021	0.877884654339408
f01725ca29548cf9a088d79d5d1e988a	SampleType	Sample	0.104095806645138	0.361988244155496	17	3	0.777613184999087	0.877884654339408
X7f862d47af52669cc0105ef893caaf4e	SampleType	Sample	-0.0565894646921842	0.196931711810351	17	2	0.7777716689891	0.877884654339408
X02948f2590237f71b368732df72ccff0	SampleType	Sample	0.0676922975879711	0.236334887898177	17	2	0.778470524294724	0.877949796683687
fe41e7deccdae4a599789b415e1ffedd	SampleType	Sample	-0.0560876789731691	0.196555254735544	17	2	0.779276008431012	0.878450010432915
f78896c17375fddf1669649a2df1e91c	SampleType	Sample	0.0668049162091092	0.235515372777223	17	2	0.780553100941037	0.879481140196796
X8953074f0e4992f695be92b545ae4a33	SampleType	Sample	-0.125014512311403	0.44259660862048	17	3	0.781453325284841	0.880086877246547
c197bfccc6da06a321f59bc2c96c7162	SampleType	Sample	-0.208053959080787	0.748099667397921	17	5	0.78472487543887	0.880388000189336
X6e5cc304920962afe59765d10a842ea3	SampleType	Sample	0.190621469311078	0.686170257393239	17	4	0.784954598760908	0.880388000189336
e5db0c3d75cc082603df6476ccc68669	SampleType	Sample	0.0652736259013917	0.234103412812157	17	2	0.784187274354611	0.880388000189336
X09190385d902f343aaa2d03a744571d0	SampleType	Sample	-0.118489969817778	0.422724440696562	17	3	0.78307558556282	0.880388000189336
X583c26950423e3430f6a56507ce4729d	SampleType	Sample	0.0647890110179041	0.233657154848131	17	2	0.785348174870174	0.880388000189336
fcf01bed0a2b53b6331df92e326d6663	SampleType	Sample	0.106994612092994	0.383938847698168	17	3	0.78429849412232	0.880388000189336
c2d6b8dcf040d4b2a2cb2cd150f993e0	SampleType	Sample	0.0716528682973219	0.256876708536795	17	3	0.784100800359269	0.880388000189336
b62db71170bf69b124d283a06f6c9dbd	SampleType	Sample	0.0647935149771694	0.233661301001803	17	2	0.785337361555739	0.880388000189336
X519120921a053fe907b87e6983394653	SampleType	Sample	-0.15284793660171	0.550161904638588	17	3	0.784940558841274	0.880388000189336
X24cf33237dad8f173799ba804793e275	SampleType	Sample	-0.124750763682615	0.449030230870172	17	3	0.784941249385578	0.880388000189336
X609170e64cd103eb09eb3a2bdebbf018	SampleType	Sample	-0.135372805502316	0.491753253971736	17	5	0.786852373478742	0.881666994659699
X18ceabbe49341c54f3cb8029445f547f	SampleType	Sample	0.124857582070012	0.455057712766141	17	4	0.787537255623597	0.881747647337665
X76886d61e047e21f8ffde1bb7f489843	SampleType	Sample	0.238017657046854	0.86795965464307	17	4	0.78765096803793	0.881747647337665
e2218e94bcd7aaaa8721124c1f9a149a	SampleType	Sample	0.287936435360318	1.05648534406439	17	10	0.788921519455482	0.881949575181232
b9ab4c688a7413bdaadb9e60af6fe0cc	SampleType	Sample	0.0634232930214859	0.232401083936692	17	2	0.788647989490487	0.881949575181232
acf3b07ab5b3b78c3ff988cb3edf7d48	SampleType	Sample	0.0820579579810119	0.300791104759223	17	3	0.788721401346074	0.881949575181232
X6443898054518f4a3520abd88ae8a640	SampleType	Sample	-0.152338239696989	0.562248517981482	17	3	0.790126526555032	0.88248369993054
affa96f338dec1417ea547440a695ab2	SampleType	Sample	0.0936226499929823	0.345399482589539	17	3	0.790042409044361	0.88248369993054
eaec7d4c22b16671657fd9b8f0a7b1fb	SampleType	Sample	0.0623188006256435	0.231386960793	17	2	0.791347437838405	0.883440768920795
ed0068a3e570f369a0a2cffadff203ba	SampleType	Sample	0.0619550979978016	0.231053351640911	17	2	0.79224244068485	0.884033288984888
db89d941ee5dc2935674d8799463294d	SampleType	Sample	-0.206293447527483	0.777810607721968	17	11	0.794447729029607	0.885273020364948
d995ad7e73b6423e5de694a241b24079	SampleType	Sample	-0.0723281884169359	0.2721935115807	17	3	0.794069685025463	0.885273020364948
d14c1faa51576437b3519e8ce676bf28	SampleType	Sample	-0.0512200137925718	0.192924947761323	17	2	0.794244649285736	0.885273020364948
afaf822789355640d58e014c15b20bc5	SampleType	Sample	0.0608867564244957	0.230074377518888	17	2	0.794889038724611	0.885358282232506
X4c619a5f9a3cfde4d9c049639f84a587	SampleType	Sample	0.33585986466687	1.27311746297201	17	8	0.795516921565279	0.885651178274739
f682ab7ce14f68292ea45a066404b92e	SampleType	Sample	0.261059639067706	0.992576424778056	17	8	0.796119577270804	0.885915733166548
X08d5f62db2ed11b14b8cd442334e7d00	SampleType	Sample	-0.0960217905627023	0.369562953649203	17	3	0.798531026202647	0.888191934277646
X385e7cd456dee8b8a4093f46bd6d9a8c	SampleType	Sample	0.183692349571509	0.708582793758255	17	17	0.798974812376331	0.888262784467316
X7cd8e743e8f0ec465964cfa86eb00a2b	SampleType	Sample	0.0591189922569049	0.228457709943158	17	2	0.799326708395804	0.888262784467316
fa46d1a76dfc0b07319a62528d41dbff	SampleType	Sample	-0.0924080184941388	0.358303156639993	17	3	0.799985411698432	0.888587914962057
e147b59672d5b3fd45f1892b61ca78e3	SampleType	Sample	-0.140589071249066	0.54756609319754	17	3	0.800857990355925	0.889079659803416
X5695bb2d26462786fad40742c74407a6	SampleType	Sample	-0.133949961249755	0.523508579837057	17	3	0.801527109868098	0.889079659803416
X883dc6a0ea6f4729c3096bbf06d06699	SampleType	Sample	0.0699566393095288	0.27312121053711	17	3	0.8013239833013	0.889079659803416
X813404d7d0bc23f20805e2c9773812e1	SampleType	Sample	0.0578963520773701	0.22734196085439	17	2	0.802439154557576	0.88968470905036
e713171ed431d19b4820994d09efdbb2	SampleType	Sample	-0.159206503059388	0.629150573036089	17	12	0.803664826981385	0.889824149217072
b7f6e3af62686cd7f2c8f4016f835784	SampleType	Sample	0.104639455065602	0.412791651718053	17	3	0.803329432539651	0.889824149217072
X87a6ea9e5a8d3b6912fd3a6aa9d47012	SampleType	Sample	0.0576497934817099	0.227117197679042	17	2	0.803071145150654	0.889824149217072
ad2ba11296c74fbe8adc62ece4adccac	SampleType	Sample	-0.103556078575338	0.414530181308949	17	4	0.806118896713903	0.892134319345482
X1daf95ae2c2b41cd186dc772c0ac8d25	SampleType	Sample	0.0558488462825317	0.225477923627642	17	2	0.807732041322143	0.892908535445722
X1bd4b3b01b4144a568fe250d4577f03f	SampleType	Sample	0.0756758892551372	0.305834537043892	17	3	0.807922185347674	0.892908535445722
dfb2439a2c33d00aafd07980b040919c	SampleType	Sample	-0.132075362375663	0.533393638641368	17	5	0.807791029550374	0.892908535445722
e0aa4a8c67cf4588b30e621b6a218c31	SampleType	Sample	-0.223552976026227	0.906457079221946	17	6	0.808543434707952	0.893188400562677
X74b5a6b749924965c5034b2da7326ed1	SampleType	Sample	0.13581511567459	0.553473210807706	17	4	0.809482450562641	0.893818884219986
X1e6f7d8a634b6ec13fe0d65e698aee68	SampleType	Sample	-0.0461165063279294	0.189162505239987	17	2	0.81069400237429	0.894749587886495
X85a37660aaf46d110b2d9c403cb12131	SampleType	Sample	0.122396968730899	0.505339645778039	17	5	0.811899829995277	0.895396287601034
X5aecbb5146b057457c6587cee552b38f	SampleType	Sample	0.13567873773319	0.561331365916747	17	8	0.812279021123852	0.895396287601034
aa33d363ce39b1dfb721c593bbac61db	SampleType	Sample	0.101085021832736	0.418455075916315	17	4	0.81238674301503	0.895396287601034
d1885576ab9730a5b6f4b8fa7129d089	SampleType	Sample	0.0535939919220323	0.223431728481466	17	2	0.813680060533152	0.896414664963214
X4bbec3bb723375416616a87d785ac74a	SampleType	Sample	-0.133486915195269	0.558641554355747	17	5	0.8143789914312	0.89662054025054
X27cc3062316246796eebed7deb37c6a4	SampleType	Sample	-0.0931918611168759	0.391289651496398	17	3	0.814975241776963	0.89662054025054
X466e594af8210172304016b059f8fe31	SampleType	Sample	-0.0448393563761875	0.188228272322815	17	2	0.814935617663688	0.89662054025054
X27f246cd4fee5eefc5b9dbed86c802b1	SampleType	Sample	0.0522740861984146	0.222237253111688	17	2	0.817220922400502	0.897870157838849
X5ccb4f78733eebae6e1f005f88ffe275	SampleType	Sample	-0.0441717155968182	0.187741092111353	17	2	0.817173320057954	0.897870157838849
X5eccc95ffdce6df08f16b39a02d2efb6	SampleType	Sample	0.0523645154157691	0.222319010254726	17	2	0.816976920883511	0.897870157838849
X91b454f9d907fc43a1b5f570da0f773a	SampleType	Sample	0.136809129874284	0.583623901267289	17	4	0.817833809701165	0.898136948481778
X53bc8adad8a2eb8fcea6a2d2cd6106eb	SampleType	Sample	-0.107262673478749	0.461624939677707	17	10	0.819399719764936	0.899072485094347
X8188598a9b197d172cfc57da67efb2ab	SampleType	Sample	0.170392917797644	0.73480192165261	17	12	0.819757591852995	0.899072485094347
X36048b1f84af11b18b82552d19b1b40f	SampleType	Sample	0.150282851667863	0.648223929536779	17	4	0.819797037294516	0.899072485094347
X8ddc52ff32005e285f904d6b3cf4d82c	SampleType	Sample	-0.234828508693594	1.0228622116081	17	9	0.821519443034227	0.899463596928113
ba2f196ebaf40e40a61e9436051457fe	SampleType	Sample	0.275252305092568	1.19834705383087	17	12	0.821432839548228	0.899463596928113
c18423578bc01b00706b60cd784c3425	SampleType	Sample	0.158485100444259	0.68815730915379	17	7	0.820967248535456	0.899463596928113
c41e38ec0abb37da79acd32fd3cd7c66	SampleType	Sample	-0.0427437676186382	0.186701909574901	17	2	0.822006698799569	0.899463596928113
X4322acd5a167e253ec184242f906b8e5	SampleType	Sample	0.0505691447087482	0.220698004820486	17	2	0.821860548895679	0.899463596928113
ccc9fe4018425bd588c0dc6966d53d6d	SampleType	Sample	0.141226537706629	0.623827341570128	17	9	0.823956307959931	0.900810108310237
a8e653f42c93a1aa20f54601a9f2966f	SampleType	Sample	0.104117802051887	0.459972169113917	17	3	0.823979579912948	0.900810108310237
X658dab86edda812552985442be9236c4	SampleType	Sample	-0.0414018874217646	0.185728883266985	17	2	0.826608190634299	0.903276937716994
ec624f757380fc47e78ad2a090d6dcbc	SampleType	Sample	-0.0779005956376674	0.353699707974138	17	4	0.828649833898348	0.905100426134695
X4bb00ff635bc24788a9b5d0cf25109fd	SampleType	Sample	0.0882312098192363	0.401936614256294	17	5	0.829207939501944	0.905302595218721
e23f13c4880a9bef120d582d3b9cc6f8	SampleType	Sample	0.112862829359239	0.517623470911724	17	3	0.830336126373744	0.905750783634138
b4c360599c2cf690cdf0df5b8033e8dd	SampleType	Sample	0.0870367098551256	0.399245729705023	17	4	0.830364851086097	0.905750783634138
X9d1af6a7baf99a0c43b2a2834384d911	SampleType	Sample	0.143754688383365	0.66246865543351	17	9	0.831133389984399	0.906181822772748
X2c21ea3d32d17453f602080ac726244f	SampleType	Sample	0.0465739888537084	0.217107806445271	17	2	0.833030567192282	0.907453955598199
X4c2cb6ea3b40bbadef673c8397d4aabb	SampleType	Sample	0.0465678826151142	0.217102337479786	17	2	0.833047965831391	0.907453955598199
X5070a6a4673dc83f8c9070a35b48d1be	SampleType	Sample	0.0794481027462307	0.371904045324903	17	5	0.833715817893996	0.907774019752682
X8f23fca78d2153ed64bf5dbb1a22cd82	SampleType	Sample	-0.0662349808598307	0.313308143941292	17	3	0.835416498536066	0.909217866343961
c50ab1039fce426af6b69a1a61c8f84f	SampleType	Sample	0.045456915002163	0.216108266083947	17	2	0.83623033991873	0.909695667854217
a567d871c9a9435a151554f86aa1de97	SampleType	Sample	0.113209639591811	0.540783187092326	17	4	0.836996391092539	0.910121075798204
a1739d3bee669e97b8e1b01f65d97a95	SampleType	Sample	-0.0382989073880338	0.183492213390362	17	2	0.837472953476469	0.910231463541151
X8b31ff60df3e94cd2cc15a2909b46752	SampleType	Sample	0.112424957972613	0.540139340725609	17	3	0.837918893310578	0.910308484362029
X3414832da4ebb865f6dd8cef2960f3ae	SampleType	Sample	0.0840748674533086	0.405412457839981	17	3	0.838501404739734	0.910342956043918
bb4aaa7fd0f22205885a3c83c2ba5c00	SampleType	Sample	-0.127395360558806	0.615076750241431	17	3	0.838700803343305	0.910342956043918
e76a0ff525a9d7313bc9ff6c2f164462	SampleType	Sample	-0.0370569902117802	0.182602370123657	17	2	0.84191048887192	0.91341830866882
fc00e5297e414e061517e3517e41bc8c	SampleType	Sample	-0.139731829487109	0.692676915598633	17	7	0.842840186031206	0.913518824003276
e9c5f705e62b934d60ffc48bf6c116a7	SampleType	Sample	-0.0367175492444324	0.182359699795196	17	2	0.84313233035325	0.913518824003276
X0a64ca9ff10aae62532c59205fc45853	SampleType	Sample	-0.0368365389064036	0.182444740273705	17	2	0.842703578537272	0.913518824003276
badeae06f9f02ed7567ab02f37fc1612	SampleType	Sample	-0.160725312697306	0.820492279452549	17	14	0.847326168682397	0.917243805259669
f63e23c3a430142af6e9ba5eea24e58a	SampleType	Sample	0.0648702035692905	0.33103544175299	17	3	0.847270331434185	0.917243805259669
a951e9a2944330a971325f5906d10d40	SampleType	Sample	-0.110583180079636	0.566392718205286	17	4	0.847824176262276	0.917373729731852
X733f5a346b282389a45d1ec10c786fc7	SampleType	Sample	0.0658597033554785	0.341749390566403	17	3	0.849768340149207	0.919067629920733
X8b9f9f5311c00090d15c955528889ca4	SampleType	Sample	-0.188951594651965	0.986459926835109	17	9	0.850667275925987	0.919110041101039
a1ae9616b621213b6f5255a65e4a7888	SampleType	Sample	-0.131684395806027	0.692340093898686	17	3	0.851701064044597	0.919110041101039
X0ca75d95055116f27b2d5c7da3df3e8c	SampleType	Sample	-0.0949178667403747	0.497016255923951	17	3	0.851105737089494	0.919110041101039
X3aaa1850c1e23933445434d1abdae751	SampleType	Sample	0.0406800969061027	0.21185615071019	17	2	0.850303764697273	0.919110041101039
X1e69e8e352003f18131892f799b9d6e0	SampleType	Sample	-0.0930089199969383	0.488613051536458	17	3	0.851584816988069	0.919110041101039
X04db8fa0f286c42335556af597b5c346	SampleType	Sample	0.105165878046972	0.560254914674774	17	10	0.853619038938334	0.920770403334816
X490311f3d1a99ebe1e75fc9ab2946594	SampleType	Sample	-0.0935249554126485	0.50077120077773	17	6	0.854349881355203	0.921149338982265
adb741c1bf4a08a13bdcc5433e8d3f6c	SampleType	Sample	0.167645845942667	0.905556528349021	17	10	0.855606892005999	0.922025593831738
X8af2b79a4e1bdc37b200c6fda2dea9c0	SampleType	Sample	0.0387084298721537	0.210111854720722	17	2	0.856302302635656	0.922025593831738
X710ce684c65361504403d8cd2d841fa8	SampleType	Sample	0.148401354342511	0.804434343589175	17	7	0.856108560242006	0.922025593831738
X62f66d4c2a7fa871b17c06f5385d4984	SampleType	Sample	0.0382872333970186	0.209740072829826	17	2	0.857598451958085	0.923011726342471
X31a174191f7ce10077fc97463573c544	SampleType	Sample	0.148125145526817	0.826472625132738	17	9	0.860158958697138	0.924290589848002
cbd797e49a45acaedc5d0a4b01b94a38	SampleType	Sample	0.0733406382160025	0.406904826551495	17	3	0.859376409223394	0.924290589848002
X558be274779e44ca86a6196f2b26f8d4	SampleType	Sample	0.037411526610157	0.208968066110835	17	2	0.860310029858524	0.924290589848002
X264fe18138e8a12d6b4a85a6c61eedc7	SampleType	Sample	-0.0901090143037518	0.500826970809885	17	3	0.859623079426851	0.924290589848002
adac632de09439e770c9c543ca1bbffb	SampleType	Sample	-0.0315966560966393	0.178727688597466	17	2	0.862040924446275	0.925740408686331
X604135a276fd1286a903f69cf07f4900	SampleType	Sample	-0.0313873314732191	0.17858040661106	17	2	0.862833089525308	0.926181295125132
fdcf6dc62b2ba950d1f777eade33b2e2	SampleType	Sample	-0.123372101413955	0.707141153466847	17	4	0.863832200066623	0.926843832697477
c3100f3032c793be2b99ca23ab1824ee	SampleType	Sample	-0.120212662697279	0.693355774344168	17	4	0.864672297171161	0.927335247562708
X3d99e08c5cb5e965b01862c852980cb1	SampleType	Sample	-0.122498075553712	0.711107852634157	17	16	0.865532912860179	0.927848224165925
aa6fbd578bead0e4af7ef245cc30555f	SampleType	Sample	0.206548229237021	1.2038717688249	17	8	0.866068797103807	0.928012790539047
c66406bc16ec9d13755f01073df22cb9	SampleType	Sample	-0.0820013822435294	0.479791722989644	17	4	0.866578354324248	0.928149014097506
X9b1687e3f44ec77e101fdcb240a42150	SampleType	Sample	0.0879467917775746	0.518240647473595	17	5	0.867511557657207	0.928738663623309
X698587ddaa71957432b1610e89ae58b0	SampleType	Sample	0.0691659387140653	0.409813066920868	17	4	0.868228930259197	0.929096831454617
X6d5814cf85b9295a0732580d936c03c3	SampleType	Sample	0.0724602881095383	0.432222000173983	17	3	0.869101116121225	0.92962027713804
X179a2aa993179c08304c982daabf4cb2	SampleType	Sample	0.0344733592898403	0.206387501513762	17	2	0.869575630018704	0.929718085486958
d9b7b6fee2b056ad73593d175bf71cb9	SampleType	Sample	0.0935914315350402	0.564006794347555	17	5	0.870419926976624	0.930210991973697
dfefc4e20424ac54d7b4dc07caca2adf	SampleType	Sample	-0.214766125080519	1.31868557153834	17	10	0.872799531845525	0.931933332067351
b4918ca05ca56eb640aa8aabf485ef04	SampleType	Sample	0.0335791747889418	0.205605163963493	17	2	0.872447556825769	0.931933332067351
ffefed58f8b224cb6a79f6d31dfac69d	SampleType	Sample	0.0330133799063826	0.205110880927475	17	2	0.874277503427371	0.933100923842669
X0d91c2a2269c88a37e40035c04cfbde4	SampleType	Sample	-0.028038672173708	0.176237333441062	17	2	0.875715511850624	0.934224855939105
X81fe5149b9ca7e2b0083baa138a1b10c	SampleType	Sample	-0.0558477688368535	0.354521300212341	17	4	0.87692807293683	0.935107395877718
X0e41f8b37cf8bb646fa840984726b47f	SampleType	Sample	-0.0483445937226106	0.312439280565244	17	3	0.879094812522377	0.93595631176472
X1b373861a092db91abe8094a4a55ad41	SampleType	Sample	0.0315465944808342	0.203832192152027	17	2	0.879067917664502	0.93595631176472
X959a46e605731e65c95adf5fb6389a5f	SampleType	Sample	0.031369035443367	0.203677670416689	17	2	0.879652388601288	0.93595631176472
X56f1f2b68f909d9cc22db60fdade3570	SampleType	Sample	-0.027052407358157	0.175552011314786	17	2	0.879585773105095	0.93595631176472
b67a95e930026efee852ea33c4886d29	SampleType	Sample	-0.0272825080031735	0.175711703112909	17	2	0.878679697810948	0.93595631176472
e65d5ebd6b672929b53b5e0b8bad5586	SampleType	Sample	0.0718563898530812	0.468570059300346	17	4	0.880164305071326	0.936090608417226
X2bcd393aaeeb61b3e0234bb5659e821c	SampleType	Sample	-0.0265117240741549	0.17517724813914	17	2	0.881722346137717	0.937336896222619
a7c0e5b81d8f91d217059d6d45bb4a9c	SampleType	Sample	-0.0644938215201308	0.429872433737586	17	16	0.882739605621162	0.937592602223975
c29856c6d70ce77484414e69d5fceec9	SampleType	Sample	0.125038962190292	0.835763605828089	17	3	0.883065029551813	0.937592602223975
X6ad9c44452ac293914339b93c3ee34b4	SampleType	Sample	0.0843319153685864	0.563952806973323	17	5	0.883121832997118	0.937592602223975
X5a00b3ec705a2045f468b9f02ea01f08	SampleType	Sample	0.0408969479956014	0.275856329584408	17	3	0.884116525458266	0.938238219189861
X2d5737c747c7b3ef5ab09216258dcf34	SampleType	Sample	-0.079666154747564	0.54013811267768	17	6	0.884707798237875	0.938455343672781
fccca080bd9210e75a1abb27ff913854	SampleType	Sample	0.0732231565102294	0.501712153428364	17	8	0.885906840725362	0.939008807834164
a6fd2b03ca23928d929d4518fb95144b	SampleType	Sample	0.0687895646611227	0.475407127279456	17	3	0.88687708037131	0.939008807834164
X784170b1b453d1178247da8c3928139f	SampleType	Sample	-0.0743599530396138	0.51305329340595	17	3	0.88669084171982	0.939008807834164
X9302518dc0f83dcb8115a0da465ef86b	SampleType	Sample	0.0671640790531546	0.465362734730435	17	5	0.887164069371133	0.939008807834164
X28e1af2226735cdaccf3a39c7e8ab9b1	SampleType	Sample	0.0756526063088204	0.520627969088085	17	3	0.886400496743339	0.939008807834164
da71c37613ac4f11e563ef4e1393f3d4	SampleType	Sample	0.0677761313714122	0.474919785173447	17	4	0.888418001059691	0.939107355649769
X4946aacd3ea9b498d45d8293c0ad50ef	SampleType	Sample	0.129149207093784	0.903359383045147	17	7	0.888220230535096	0.939107355649769
f3e4d3993e67d237461aeed380f89296	SampleType	Sample	-0.0717119383186643	0.500742442265469	17	3	0.888029485486014	0.939107355649769
X17dacf7c43412bb67f4c42b274418b48	SampleType	Sample	-0.107245897814203	0.764541257125791	17	6	0.890309146994314	0.940443363189965
X8d32cb7d685931e9669b78d2cde217c5	SampleType	Sample	-0.0243286221673614	0.173670943210379	17	2	0.890456880350449	0.940443363189965
X14cbfbff578d66019bd47d58c798b4c3	SampleType	Sample	-0.061714440933998	0.443162142079235	17	5	0.891097804068541	0.94071090494752
X320c38dc57faa9b5f686810d51121f54	SampleType	Sample	0.0278111238907258	0.200593834262656	17	2	0.891575705000077	0.940806189580516
X113f7fdc7dd11b33b04dabb466e452ab	SampleType	Sample	-0.0403157956839027	0.292695942798272	17	3	0.892278246774231	0.940819691284528
e6e577fa80ca68dd597e77d65f91e991	SampleType	Sample	-0.0238577069826066	0.173347480831724	17	2	0.892363794535222	0.940819691284528
X438b33941dc5c0d7d0ebe3ec528c62b1	SampleType	Sample	-0.122942144749789	0.899653385415457	17	7	0.893120763275814	0.941208898163439
X8b682136896b3cf6de6e2f41823bc96e	SampleType	Sample	-0.0231506610612377	0.172862811831838	17	2	0.895242182421575	0.942927255898841
X79ee2fe49b49eb577ecba4f586c0f124	SampleType	Sample	-0.0230806110957851	0.172814858492751	17	2	0.895528357992101	0.942927255898841
ee2c1f17bfe3ed557ed385fd7aae0446	SampleType	Sample	0.0440322794278192	0.333187537236301	17	3	0.89661838991037	0.943212248387357
X3eda1bcd6c45d2bb6c693e7fc5584579	SampleType	Sample	-0.0227296361156792	0.172574772145782	17	2	0.896964923476728	0.943212248387357
b967e65d550e53455fbf8ab6a0d76b03	SampleType	Sample	-0.0227296361156825	0.172574772145782	17	2	0.896964923476713	0.943212248387357
ff9e1d490073bf90476e598d4e773774	SampleType	Sample	0.108814140830837	0.830823460900879	17	9	0.897538332580049	0.943406467376258
X0fd3bbf5c2b8a4e73d01cec80573ea27	SampleType	Sample	0.0876098440479281	0.683820198931808	17	16	0.899757309140905	0.94382605600337
ded6d067d1f5b7ffd2ed86e0788ec67a	SampleType	Sample	-0.0825879812283998	0.638303886678722	17	3	0.898770765119562	0.94382605600337
X93006e75c917df32eff6cbd0cffb9eb6	SampleType	Sample	0.0424368314941572	0.330490895554854	17	3	0.899533907110041	0.94382605600337
X6ef0ba7972a3d850ab53b4cff1ecc30a	SampleType	Sample	-0.0800441701235622	0.629087709808305	17	7	0.900441686079237	0.94382605600337
X3d6435fc5d7905cdd4faf05bc6967343	SampleType	Sample	0.0250682358254383	0.198233078989713	17	2	0.901048608059253	0.94382605600337
X30cdc9ad668901fcd5c69ae54aaf463f	SampleType	Sample	-0.0223528047475257	0.172317327698834	17	2	0.898512386404786	0.94382605600337
X9d41c79b07ef6db009a70e0cb2f5858f	SampleType	Sample	0.0251666958882726	0.198317564130569	17	2	0.900704251996034	0.94382605600337
X90bc67e1699517b9b0b0158c43d6477b	SampleType	Sample	0.0252358731811352	0.198376934354894	17	2	0.900462503571492	0.94382605600337
ad31131cc1adbe40a92576e6b651c188	SampleType	Sample	0.024861023815075	0.198055341091583	17	2	0.901774373420304	0.944178776657065
db66d87d00a29a7cae7f21e5385cd9e9	SampleType	Sample	-0.0741774708800522	0.598197408552324	17	5	0.902960370734826	0.944605525764406
c4aa8c393514cdb149032e5183fe484b	SampleType	Sample	0.0725925840045233	0.584044705526376	17	7	0.90273373665009	0.944605525764406
df1b3002bfae3461157d8d55d0eed9b0	SampleType	Sample	-0.0592843695394259	0.486212062956308	17	6	0.90457211071551	0.945883891730522
b0a0cfe74f60beff16ab69097c133927	SampleType	Sample	-0.0375093916624188	0.312617346991728	17	3	0.906087361676401	0.946652615922783
X37c1744c70e8c16049c6135037d02f8f	SampleType	Sample	0.023690793941544	0.197053192424897	17	2	0.90590018107093	0.946652615922783
X1a04461b51bc23b48c24529fbdb95d2b	SampleType	Sample	-0.0826162854981848	0.694618354317338	17	11	0.906902981262051	0.946910634957123
bef4944cd7c1a9d609dc3c64589591ba	SampleType	Sample	0.0635969121240366	0.538204446855327	17	5	0.907504794771433	0.946910634957123
X0074238c998c7fb81601ba6ca910cee2	SampleType	Sample	0.0846031221888249	0.713859712690869	17	7	0.90723212482953	0.946910634957123
b61dce58a8a096848b5a56becd454525	SampleType	Sample	-0.0199647268580688	0.170693857415316	17	2	0.908441697410695	0.94748087650011
X79fabf27c5775bc636bf52ee0be3c599	SampleType	Sample	-0.0539619129863763	0.463839875528622	17	7	0.908928448542473	0.94758133359647
X58c4c519152238addd28ad789a0e3adc	SampleType	Sample	0.0603546780244632	0.528137466338833	17	8	0.910532765742142	0.948032184665886
X53b5292952d746da18bdd79e508d3926	SampleType	Sample	0.10503491927874	0.91567869794138	17	16	0.910198604861023	0.948032184665886
fb706aac74597b6451e954ba734adca5	SampleType	Sample	0.0224609211635675	0.196002979198305	17	2	0.910286176823183	0.948032184665886
X936cb431dee6e4d49f4da3dad0c107f8	SampleType	Sample	-0.0351324478192716	0.309059788207534	17	4	0.911002757858044	0.948114791304234
c1ffb16041d03c51f266ce6f78dbc65c	SampleType	Sample	0.0817276088216568	0.726158652693913	17	12	0.91188140524874	0.948472569201918
fd2777eb3de596ba15923dd212653463	SampleType	Sample	-0.0728278281325301	0.648908208447188	17	8	0.912128132063155	0.948472569201918
f9acb324a4060a71557a25c32fcb64b9	SampleType	Sample	0.0215665937831787	0.19524126122086	17	2	0.913507970672817	0.949500575941297
ed692081bc5bb7a3cb698843daaf5451	SampleType	Sample	0.0727898902056096	0.66643920704822	17	6	0.914474104564257	0.950097881754046
X09de3dde6c465b74bcb8e6f8a478e4e0	SampleType	Sample	-0.0182417067608602	0.169531269187587	17	2	0.915738372377512	0.951004291724528
X31fb49d7319338818e5c561cc3e8f134	SampleType	Sample	-0.0178658973496463	0.169278689029872	17	2	0.917344728586006	0.952265036902582
aef2d0315f579d3e34ca9c06ed461aa8	SampleType	Sample	-0.0587127351016725	0.57555705450137	17	9	0.920099699514412	0.953194968489395
X51072144763d6f2480df1cad15babda4	SampleType	Sample	0.0465027948472394	0.454380321128512	17	3	0.919839802633572	0.953194968489395
X77112dc05174d9e7f1eb82817b2c6220	SampleType	Sample	-0.039097568604417	0.376938658368336	17	5	0.918762531141276	0.953194968489395
X47509f15faafe996fc21047f5f99fc1e	SampleType	Sample	-0.0171999719067121	0.168832005871461	17	2	0.920204289728328	0.953194968489395
X2b2b07518b9464a40cf120230ab78ff4	SampleType	Sample	-0.0173760764919872	0.168950021470064	17	2	0.91944644075142	0.953194968489395
X97eb5bfddf2cfed5231c1b5d16b1e2d9	SampleType	Sample	-0.0339925106499127	0.340875113564112	17	3	0.921886155336404	0.954529735068879
X6d69f4cc18ff3607840c25606afc392d	SampleType	Sample	-0.030833150191869	0.320119234436902	17	3	0.924543332340604	0.956872779356352
ff46a90a0e7cdb17b2e870dbda7aeaf5	SampleType	Sample	-0.0570743050278578	0.596545130516576	17	4	0.925045392420383	0.956984299831317
b693b51af195619b7b6b04af97bb69d5	SampleType	Sample	0.0722417617549722	0.769410263589782	17	7	0.926437343307259	0.958015948958977
X935ded79f407d3d848e6fe33b3f476cd	SampleType	Sample	0.046662026919037	0.499893100621359	17	3	0.926865646979409	0.958050649582208
X8bec49129fd7f391f8f2af0dcbac22bd	SampleType	Sample	-0.0568040652281532	0.621899504801384	17	14	0.928431369075678	0.959260507767847
c2ee5e684940ba21ed32aca647f2d6a8	SampleType	Sample	0.0389227018388929	0.428795580818721	17	3	0.928874693937041	0.959310162632
X3bf9403115d5b9db41356ea16133dcca	SampleType	Sample	0.0171796407734685	0.191529471445041	17	2	0.929714636515532	0.959769214301657
X5b3b0872d278327e82c4b8b55d328345	SampleType	Sample	-0.0375766017617457	0.434293136787814	17	5	0.932194631662059	0.961920225783936
X90c0035ae54087a647e0e82a190ee448	SampleType	Sample	-0.040079692498282	0.471330301306178	17	7	0.933357964886194	0.962711339047511
X8eb1aa0d5cbad21b5af75ec62e0604d0	SampleType	Sample	-0.046247946008383	0.571150077490431	17	4	0.936533662470899	0.965169489493466
X7868c2184da631282f76dc3aaa063044	SampleType	Sample	-0.0385954627929864	0.47666545877122	17	4	0.93653652565188	0.965169489493466
X0c4a3d0ef52b9bd1cc850f6b5e880ba6	SampleType	Sample	0.0472858852375549	0.599864434832711	17	3	0.938211723554616	0.966171415770109
b34449e7ac6bde54616af2f1263133e6	SampleType	Sample	-0.0281868801717881	0.358117509795912	17	3	0.938304914285186	0.966171415770109
X204a89ca64a3143e8c1c00483f85dd85	SampleType	Sample	0.0146986190731305	0.189449059666564	17	2	0.939182757080152	0.966665204170284
f279dac433b48ad24db7f2ca56648712	SampleType	Sample	0.0144653530674872	0.189254178681879	17	2	0.940084401749119	0.967183061909755
X9cfa7308cf0257267ed64e6d303abb0a	SampleType	Sample	0.0342897335735982	0.458599037197183	17	3	0.941385278828453	0.968111047337566
X1f60a36156b7291f4b6543ae3ff27823	SampleType	Sample	0.0138604401437921	0.188749391778267	17	2	0.942431822310098	0.968111703235871
X53387e257ffc543c3c7bb27f25fe275a	SampleType	Sample	0.0404827882040623	0.552738921463335	17	7	0.942582593632618	0.968111703235871
X6e9509e5cc965b817c9e811c040ae49c	SampleType	Sample	-0.030759790335719	0.41662195965163	17	4	0.942120108319671	0.968111703235871
X52fb9f37e3a50fbefb8895765e0b897b	SampleType	Sample	-0.0440066803810652	0.620173328156018	17	4	0.944368072913807	0.969535242369632
X5a16530a54a20f3f083344efc7cc27f7	SampleType	Sample	-0.0218311187743656	0.316196902561823	17	3	0.945867553975999	0.970664081818076
b0fa33069cecc58c00671932986cc3e7	SampleType	Sample	0.0501939948678713	0.766112265213905	17	7	0.948626966796317	0.972025682343335
X8eb8dce5dd7b27b32e2f85e8dadf9c79	SampleType	Sample	-0.0233055798815995	0.351806511387129	17	3	0.948057301838482	0.972025682343335
X1cc11fd20b7dc30873002bbe870bb18e	SampleType	Sample	-0.0111951698848014	0.168675900531276	17	2	0.947959095925551	0.972025682343335
a91a511545159879d35403f5e3bb2b1f	SampleType	Sample	0.0122374338898903	0.187399243622417	17	2	0.948796391211933	0.972025682343335
X1cc26edba5b978511667a29b0dca865d	SampleType	Sample	0.0120088740295299	0.187209607800188	17	2	0.94970049240232	0.972541390320857
X7c9cd50b902bc19d4e71fe495945c73a	SampleType	Sample	-0.010686584600681	0.169065212311028	17	2	0.950434047439056	0.972882089048751
ce42a8efbdff7786bf4e272aa4faeb2f	SampleType	Sample	-0.0235752556526465	0.384543717777793	17	3	0.951924063526274	0.973996501761496
af811ac88e4707a63f57d5c95483773e	SampleType	Sample	0.0204265946610545	0.337070278601963	17	3	0.952477506453308	0.974152089406734
X2991c3b434900ecc60487ed314bfc27f	SampleType	Sample	0.0338237858159029	0.605199364855442	17	5	0.956168148919006	0.975870520364351
e0c4a345382c1b00b71c37cf7af0672b	SampleType	Sample	0.0189929088347418	0.337298234159831	17	3	0.955838904594746	0.975870520364351
ae154a5c03ab5070a1a0eacf408da36f	SampleType	Sample	0.0246505666012768	0.436803966197219	17	3	0.955740992879988	0.975870520364351
cfefa53506bfd400c2163986df6f768c	SampleType	Sample	-0.00978810924140485	0.16975501531111	17	2	0.954780398394165	0.975870520364351
X624f32e02d0566eac6ecce2d3c3ee520	SampleType	Sample	0.0105175006068893	0.185975285584718	17	2	0.955647550966041	0.975870520364351
X7cd35a4b9e944317318b02eb142118e8	SampleType	Sample	-0.0403403310802615	0.787753117146191	17	9	0.959834418404414	0.978378048495386
X2b72428ebbcbfc529a8aecf2ea37157c	SampleType	Sample	-0.0151922845071375	0.295778069651716	17	3	0.959713399290482	0.978378048495386
fecea8d7e4c0244724344deb0f149857	SampleType	Sample	0.026446849558589	0.508771819171024	17	6	0.959229176996955	0.978378048495386
X0e877af721259340b19029ae0231c64a	SampleType	Sample	0.00914531306604569	0.18484437193149	17	2	0.96119295738791	0.978940540319118
X1b67220e59157676a58f9f1badc682d7	SampleType	Sample	0.0138019636469852	0.277053156929892	17	3	0.960925505956446	0.978940540319118
X81d480aa124518d47f3e50da0a25381c	SampleType	Sample	0.0245229958560446	0.506832992639292	17	7	0.962047963178351	0.979400338353129
aa3b685972051a4b15173adc81d71667	SampleType	Sample	0.00864601640091237	0.184434017671971	17	2	0.963228398667774	0.980190911348716
X24c645a13f6ee8c910f5c215a94b4fdf	SampleType	Sample	0.0224598920139908	0.50997990409088	17	14	0.965452865601789	0.98204279330073
X33cdd20ec287f2d5ee20e418a2652df1	SampleType	Sample	0.00791584402923003	0.183835032809359	17	2	0.96622207426602	0.982413478945802
edcfb96c9964f3f9dc6f0621861a0b2f	SampleType	Sample	-0.019954374467716	0.50390054533823	17	7	0.968934425663072	0.983111977878042
X358e020d780326d26aabc971a1ef8876	SampleType	Sample	0.0157075953384783	0.377825511822164	17	4	0.967386894471503	0.983111977878042
X4378e11353a8c16da59f8df8bb03370b	SampleType	Sample	0.0285291321147577	0.718055999512051	17	6	0.968831526065616	0.983111977878042
X518d0d5cbecbf77c754e50c82d0b8bb3	SampleType	Sample	-0.00693993855009483	0.171958570608283	17	2	0.968339831948271	0.983111977878042
X3ff72574fc9dbbec021870db071bbd5c	SampleType	Sample	0.00747871422438286	0.183477080767691	17	2	0.968024009093979	0.983111977878042
X91e74632630a5384ffaa44974cb17119	SampleType	Sample	-0.0199721467441458	0.520680219037187	17	10	0.969908264163084	0.983688824539826
d77309793f82eb417d1458904160e46a	SampleType	Sample	0.00691142696786001	0.183013267246223	17	2	0.970373373294239	0.983749447362205
X395a88a00302383f951cfa297e8f0f66	SampleType	Sample	-0.0295687594061798	0.858968844639801	17	9	0.972993309641961	0.985656607395303
X2904654002b342bca2a88d10f08cdd84	SampleType	Sample	0.0152320273884106	0.443697153679998	17	4	0.973066844383661	0.985656607395303
b856d2f44127d2af47e509909e4b762c	SampleType	Sample	0.00580017062547157	0.182107085900635	17	2	0.975011351825558	0.986391225877711
X6e497759c13a3e3547e83497f2ebd822	SampleType	Sample	-0.0149773077317161	0.460904758061466	17	3	0.974505400437096	0.986391225877711
X2668a80948284d525b772c62016aaef7	SampleType	Sample	-0.0182498441696034	0.564529489000509	17	5	0.974637094633213	0.986391225877711
db3eb57f3f4bee539fa96bb93046e3c3	SampleType	Sample	0.0122266142437684	0.411600259222268	17	4	0.976693900187921	0.987681706565035
X589ff3c69b59b32cfc733ea6c991cc22	SampleType	Sample	-0.00503191152480557	0.173448751415299	17	2	0.977238336626802	0.987820675965534
cc88d93d607745892996eb2eea940bd6	SampleType	Sample	0.0150129662352015	0.528900207632472	17	4	0.977729102438763	0.987905300424179
d736edb475ef5e5a4096b206cc0fb9e3	SampleType	Sample	-0.00455280366961579	0.173824659352975	17	2	0.979449531527205	0.989231799008126
X7d1daa55acb23fe2a3081a89ebffe193	SampleType	Sample	-0.0102573980638196	0.426533638117708	17	4	0.981131106737458	0.990517968407575
df65d8c39aa857d761d7138e1012a592	SampleType	Sample	-0.00995372353827438	0.439638440418278	17	6	0.982235315692988	0.991220420451926
X2a102392f4667b13b2357317e3cd8b6a	SampleType	Sample	0.00383086452086736	0.180509072777802	17	2	0.983347856730215	0.991930693384967
X1b479b5bf21e42e99e4238c1fca02aec	SampleType	Sample	0.0206004324542028	1.04859207258396	17	10	0.984584872437867	0.991941670986593
X84776907a1d77f7ba9ef074fbb2eb86f	SampleType	Sample	-0.0190459265953075	0.95123008428311	17	10	0.984289401450356	0.991941670986593
X2dbcc75e512ef4ca8510cd08890dd243	SampleType	Sample	-0.0112041634344812	0.567279673787375	17	3	0.98450258549218	0.991941670986593
f37fdde7f16787d978cbda79b16b1354	SampleType	Sample	0.0214174203788938	1.24758685519705	17	14	0.986529591349079	0.993313731962447
X81b1d854fa98dcfc7217f209ac736c09	SampleType	Sample	0.00864187883431679	0.519430346057096	17	5	0.986945307765607	0.993313731962447
f77f6eb1c870b0d161a0978d973695b1	SampleType	Sample	0.00293864155133899	0.17978844127775	17	2	0.987174586523866	0.993313731962447
f947e47838e617ee7fffd37b941290cb	SampleType	Sample	0.0054360001122867	0.352424843220556	17	3	0.987896757728373	0.99362844219095
X7454e5573466dfa6018c7cd0181711a3	SampleType	Sample	-0.00602639328304642	0.484531501630849	17	5	0.990240430462921	0.994565700428842
X212b340b7771fc75695ffeb983538990	SampleType	Sample	-0.0061326735330947	0.504837342238236	17	3	0.990467778300993	0.994565700428842
X44d8a016183a253bc0e43c071918bc00	SampleType	Sample	-0.00225437659219309	0.175637414264031	17	2	0.989928274853306	0.994565700428842
X62b00c1f41f0fddd69eed8378cba6c0a	SampleType	Sample	-0.00232470439047055	0.175581719022087	17	2	0.989610801154853	0.994565700428842
f966f5315b4ea943670cd7370c960df6	SampleType	Sample	0.00616905100705915	0.564880581188971	17	13	0.991430417561201	0.994709228367521
X07b77f8e4f3da3713de8e4fdc8c52b31	SampleType	Sample	0.00197874703913908	0.179015541153263	17	2	0.991326442483366	0.994709228367521
d94f8044c0b073db8b386d38e506c2ff	SampleType	Sample	-0.00168900236222136	0.176085672060589	17	2	0.992473270856358	0.995344061309249
X6f7da6d62ca47bbc3f1dbec7f3c519a8	SampleType	Sample	-0.00318765887049865	0.357779618707996	17	4	0.993008710809756	0.995469698940635
X35c9f2904eb6080634ec9c50380f8805	SampleType	Sample	0.00242246793097995	0.343206516848494	17	3	0.994461325820781	0.996514301307612
X46c7350c550155a374eb1f4f2a3dc9ed	SampleType	Sample	-0.0034545424020547	0.671272376984827	17	16	0.995961715981393	0.997605895454742
X54b2938845517c66a88daab1b15b06a8	SampleType	Sample	-0.000823444246973065	0.465800726489875	17	4	0.998612794026063	0.998969189060037
fc27c909d92c30000f2fce40bdda1cf7	SampleType	Sample	-0.000939775124054339	0.715404959087275	17	4	0.998969189060037	0.998969189060037
ac19714327a55354547f5bfe46591c30	SampleType	Sample	0.000714822217064728	0.476988230471606	17	4	0.998824026976606	0.998969189060037
X2829d308274e89f4fae5159464beadf4	SampleType	Sample	-0.000779219502060519	0.383736725407721	17	4	0.99840656892174	0.998969189060037
