2026-09-04 15:38:12.393619 INFO::Writing function arguments to log file
2026-09-04 15:38:12.396414 DEBUG::Function arguments
2026-09-04 15:38:12.397818 DEBUG::Output folder: 3_maaslin2/Rhamphostomella_bilaminata
2026-09-04 15:38:12.399016 DEBUG::Min Abundance: 0.000000
2026-09-04 15:38:12.399938 DEBUG::Min Prevalence: 0.000000
2026-09-04 15:38:12.400856 DEBUG::Normalization: TSS
2026-09-04 15:38:12.401799 DEBUG::Transform: LOG
2026-09-04 15:38:12.402778 DEBUG::Analysis method: LM
2026-09-04 15:38:12.403654 DEBUG::Max significance: 0.250000
2026-09-04 15:38:12.404995 DEBUG::Random effects:
2026-09-04 15:38:12.406275 DEBUG::Fixed effects: SampleType
2026-09-04 15:38:12.407469 DEBUG::Correction method: BH
2026-09-04 15:38:12.409683 DEBUG::Standardize: FALSE
2026-09-04 15:38:12.411074 DEBUG::Cores: 1
2026-09-04 15:38:12.412285 INFO::Verifying options selected are valid
2026-09-04 15:38:12.4147 INFO::Determining format of input files
2026-09-04 15:38:12.416348 INFO::Input format is data samples as rows and metadata samples as rows
2026-09-04 15:38:12.434129 DEBUG::A total of 17 samples were found in both the data and metadata
2026-09-04 15:38:12.435131 DEBUG::Reordering data/metadata to use same sample ordering
2026-09-04 15:38:12.447559 INFO::Formula for fixed effects: expr ~  SampleType
2026-09-04 15:38:12.449633 INFO::Filter data based on min abundance and min prevalence
2026-09-04 15:38:12.451243 INFO::Total samples in data: 17
2026-09-04 15:38:12.452825 INFO::Min samples required with min abundance for a feature not to be filtered: 0.000000
2026-09-04 15:38:12.474105 INFO::Total filtered features: 0
2026-09-04 15:38:12.477 INFO::Filtered feature names from abundance and prevalence filtering:
2026-09-04 15:38:12.526402 INFO::Total filtered features with variance filtering: 0
2026-09-04 15:38:12.530082 INFO::Filtered feature names from variance filtering:
2026-09-04 15:38:12.532867 INFO::Running selected normalization method: TSS
2026-09-04 15:38:12.559876 INFO::Bypass z-score application to metadata
2026-09-04 15:38:12.562875 INFO::Running selected transform method: LOG
2026-09-04 15:38:12.607505 INFO::Running selected analysis method: LM
2026-09-04 15:38:12.610015 INFO::Fitting model to feature number 1, e3bd4c321c5364d01871ebb503a1dc7e
2026-09-04 15:38:12.614332 INFO::Fitting model to feature number 2, X146391f29d4cc4afb7fb24facf6df8df
2026-09-04 15:38:12.617924 INFO::Fitting model to feature number 3, X8662d7fe59758d24c796165bc7bf94f8
2026-09-04 15:38:12.621361 INFO::Fitting model to feature number 4, X111e656543ece411bd2a1eb66fe7c829
2026-09-04 15:38:12.624702 INFO::Fitting model to feature number 5, X1a04461b51bc23b48c24529fbdb95d2b
2026-09-04 15:38:12.628069 INFO::Fitting model to feature number 6, X2a75921d722ef2e9c11a55f7655f5fb1
2026-09-04 15:38:12.631554 INFO::Fitting model to feature number 7, X9b08bed331b09ad329f05f289f6f6b1c
2026-09-04 15:38:12.63505 INFO::Fitting model to feature number 8, ed962067f3d3472675d24f92d6dda3b0
2026-09-04 15:38:12.638335 INFO::Fitting model to feature number 9, X811b45d386b7b6dd81665a0bac6761d6
2026-09-04 15:38:12.641604 INFO::Fitting model to feature number 10, X06dbffb3667d421322f3cdc067c1bb95
2026-09-04 15:38:12.644959 INFO::Fitting model to feature number 11, X385e7cd456dee8b8a4093f46bd6d9a8c
2026-09-04 15:38:12.648328 INFO::Fitting model to feature number 12, X5d10eace291cd6e21a10aa0b539c6675
2026-09-04 15:38:12.651666 INFO::Fitting model to feature number 13, b214782a3adc6746dd9982ea97ad27b4
2026-09-04 15:38:12.655131 INFO::Fitting model to feature number 14, f93c80f7ba93cb010f8e195429e296e5
2026-09-04 15:38:12.658546 INFO::Fitting model to feature number 15, a701ea3d792859ee95d76be492299b56
2026-09-04 15:38:12.686156 INFO::Fitting model to feature number 16, cd595c4d4718f235de7afa8a4fb1d827
2026-09-04 15:38:12.692825 INFO::Fitting model to feature number 17, a634a2821a34209d91ff6a23afaf0749
2026-09-04 15:38:12.699721 INFO::Fitting model to feature number 18, e6801e54dd3a2654fc19dab0af47c35c
2026-09-04 15:38:12.705941 INFO::Fitting model to feature number 19, X495c1bd1608a1dad54d3e2824ce899ef
2026-09-04 15:38:12.712159 INFO::Fitting model to feature number 20, a30387bf30a75f6ab45d6e8ba3082804
2026-09-04 15:38:12.718215 INFO::Fitting model to feature number 21, b7279007573da839dc7d022d326a795c
2026-09-04 15:38:12.724071 INFO::Fitting model to feature number 22, X667056e7769500e21052bd12d4ffde76
2026-09-04 15:38:12.728701 INFO::Fitting model to feature number 23, X56335ac95e507e0bbb08dc360850bfe5
2026-09-04 15:38:12.733034 INFO::Fitting model to feature number 24, X2f5f939a9cb1a84c481d0d730257edfc
2026-09-04 15:38:12.738837 INFO::Fitting model to feature number 25, f6907f697361593491030f7dc8a198aa
2026-09-04 15:38:12.744884 INFO::Fitting model to feature number 26, X75db9b4fe7a0f119947425627d6891bd
2026-09-04 15:38:12.75044 INFO::Fitting model to feature number 27, X9c872286b28ea46be348ce877c3c656d
2026-09-04 15:38:12.756166 INFO::Fitting model to feature number 28, X041792056bd7be0d5d925d8a6546e833
2026-09-04 15:38:12.75983 INFO::Fitting model to feature number 29, X97e3e3c32da6c00e50e7febbd1e9fd2e
2026-09-04 15:38:12.764556 INFO::Fitting model to feature number 30, f495d6392152b685fee3ac09dfa0f382
2026-09-04 15:38:12.769519 INFO::Fitting model to feature number 31, be67b02f02948b2fce8ad5af987afdb4
2026-09-04 15:38:12.774442 INFO::Fitting model to feature number 32, X38379288db02e084c195974a32fd0290
2026-09-04 15:38:12.779324 INFO::Fitting model to feature number 33, eda779de9198f9be9317ecf6596927a1
2026-09-04 15:38:12.784382 INFO::Fitting model to feature number 34, X35ff08387a9dc10e2d5bbf790b759f08
2026-09-04 15:38:12.789841 INFO::Fitting model to feature number 35, X6f22e76ddce23b52576bded16632b532
2026-09-04 15:38:12.795317 INFO::Fitting model to feature number 36, a34bef55267cd0e29ab88c1749b5f67f
2026-09-04 15:38:12.799247 INFO::Fitting model to feature number 37, ad7cea3f47c9e64cbe5f5544c27fb1c5
2026-09-04 15:38:12.803274 INFO::Fitting model to feature number 38, a86091032bf65639a7bae7d5232f0378
2026-09-04 15:38:12.807583 INFO::Fitting model to feature number 39, f37fdde7f16787d978cbda79b16b1354
2026-09-04 15:38:12.811678 INFO::Fitting model to feature number 40, a92a70a830ce3912a908e38da18d2966
2026-09-04 15:38:12.815222 INFO::Fitting model to feature number 41, eba5bfd092583ac8fee5fa9f326dbf28
2026-09-04 15:38:12.818575 INFO::Fitting model to feature number 42, ffcf4ed82045665508e925b0f4531d28
2026-09-04 15:38:12.822035 INFO::Fitting model to feature number 43, X749d814406a2b1cf400824f23cae8af6
2026-09-04 15:38:12.825462 INFO::Fitting model to feature number 44, X6e0546931ed7eab1f41201aabb92be68
2026-09-04 15:38:12.829905 INFO::Fitting model to feature number 45, X3d99e08c5cb5e965b01862c852980cb1
2026-09-04 15:38:12.834925 INFO::Fitting model to feature number 46, X6ace4e7664815b50cab6e2db8056b113
2026-09-04 15:38:12.840377 INFO::Fitting model to feature number 47, c8487b182705eaad35c8578b81969d20
2026-09-04 15:38:12.847393 INFO::Fitting model to feature number 48, X67b0631399914fc300a8246571dd2fc0
2026-09-04 15:38:12.851367 INFO::Fitting model to feature number 49, X1d52609177ce303a019c3ee3f9142239
2026-09-04 15:38:12.857337 INFO::Fitting model to feature number 50, a7c0e5b81d8f91d217059d6d45bb4a9c
2026-09-04 15:38:12.864148 INFO::Fitting model to feature number 51, X8cff7bc3fb5f7586f26e4837583cb108
2026-09-04 15:38:12.870243 INFO::Fitting model to feature number 52, X02ec9e816407b031507396c81c182019
2026-09-04 15:38:12.875092 INFO::Fitting model to feature number 53, X0e4324eee7005e82de8f34a668a35d53
2026-09-04 15:38:12.881531 INFO::Fitting model to feature number 54, b3d73b5df65928a4f8c59f2eb7dcd58b
2026-09-04 15:38:12.888461 INFO::Fitting model to feature number 55, a6041ebe74034791d31efb06695a1651
2026-09-04 15:38:12.895382 INFO::Fitting model to feature number 56, b6904b132fa7e312b8dc2803932d7f2d
2026-09-04 15:38:12.902273 INFO::Fitting model to feature number 57, bae957b9ca156334a740e37e8e72fffa
2026-09-04 15:38:12.908618 INFO::Fitting model to feature number 58, X8e319d9b771e7886f5ea522fa3b444ae
2026-09-04 15:38:12.915665 INFO::Fitting model to feature number 59, X094b90b37ab7cbb5661727bdf30972b8
2026-09-04 15:38:12.922821 INFO::Fitting model to feature number 60, X61130f51b6bcbf8a0951ab51792f7f5b
2026-09-04 15:38:12.929237 INFO::Fitting model to feature number 61, X8425d4cf5f4dc882ae2abe971230a45c
2026-09-04 15:38:12.933273 INFO::Fitting model to feature number 62, dc0c1382289972508f62c1eb392febda
2026-09-04 15:38:12.937421 INFO::Fitting model to feature number 63, X19483975848ef1e1f6ba304df2b90196
2026-09-04 15:38:12.944075 INFO::Fitting model to feature number 64, fbcc4b1b852cf931033fb27fbc44e355
2026-09-04 15:38:12.950559 INFO::Fitting model to feature number 65, X4c99063a98b560e23602bb9a246bf6f9
2026-09-04 15:38:12.954939 INFO::Fitting model to feature number 66, bd668a93dee04617bc24da957aaee6e3
2026-09-04 15:38:12.958944 INFO::Fitting model to feature number 67, X2b171e4c26f481ddc20506b79877b519
2026-09-04 15:38:12.964095 INFO::Fitting model to feature number 68, X74f0d139f1d4ad74fb1be85bce6934a9
2026-09-04 15:38:12.969969 INFO::Fitting model to feature number 69, X4d833bf0162967d91310d1a93db92ed2
2026-09-04 15:38:12.975826 INFO::Fitting model to feature number 70, faa5c0dcb53dc1ec6e0ad209e4b5f3ba
2026-09-04 15:38:12.981015 INFO::Fitting model to feature number 71, X624e722f9ce73da36d9972d68241ef8e
2026-09-04 15:38:12.985962 INFO::Fitting model to feature number 72, X8940efad20d6105be9d06b29420046f8
2026-09-04 15:38:12.990685 INFO::Fitting model to feature number 73, X58c4c519152238addd28ad789a0e3adc
2026-09-04 15:38:12.995883 INFO::Fitting model to feature number 74, X5234d703355574c2c5651a4064ff536f
2026-09-04 15:38:13.00082 INFO::Fitting model to feature number 75, f7460ef647b461ee5ad49fbeb5705652
2026-09-04 15:38:13.006974 INFO::Fitting model to feature number 76, b5cd41c77bc4eb8356b15ed52bb1cf5d
2026-09-04 15:38:13.012319 INFO::Fitting model to feature number 77, c99293daaa3f4b14f0ece7cabc5e88fe
2026-09-04 15:38:13.017701 INFO::Fitting model to feature number 78, X54852a8e2846df6da292b067da6342fd
2026-09-04 15:38:13.021795 INFO::Fitting model to feature number 79, X168dee81a28715fc5595ac791708e750
2026-09-04 15:38:13.02676 INFO::Fitting model to feature number 80, db30bfa14b0cd36a31d9d1bd5aae464f
2026-09-04 15:38:13.03366 INFO::Fitting model to feature number 81, fd76516fb77cc77fc8dae8d0343da17d
2026-09-04 15:38:13.040274 INFO::Fitting model to feature number 82, X2b6e42bf9200244b950fdda2491dd4ca
2026-09-04 15:38:13.046708 INFO::Fitting model to feature number 83, X9bd20c6dd9e216eb9c62ab933e134da3
2026-09-04 15:38:13.05207 INFO::Fitting model to feature number 84, cf2752910266aa9986d441f815389f2c
2026-09-04 15:38:13.057081 INFO::Fitting model to feature number 85, X01b65b807c4e7fdf80dc247b058c652b
2026-09-04 15:38:13.066181 INFO::Fitting model to feature number 86, X2bbe9ffa11b7f8f8f39949efd572622e
2026-09-04 15:38:13.071217 INFO::Fitting model to feature number 87, X7abeba37600c1cd5f7d3cdf665467bd7
2026-09-04 15:38:13.07518 INFO::Fitting model to feature number 88, X3022aecd3cf0ed1b4e11f5f364b31690
2026-09-04 15:38:13.080018 INFO::Fitting model to feature number 89, d350ed02e3e8ac5ff62590f2f6fa3906
2026-09-04 15:38:13.085996 INFO::Fitting model to feature number 90, X85d1f849e5799e97c5b3e48d1c87488d
2026-09-04 15:38:13.092097 INFO::Fitting model to feature number 91, X36602542caa215eaa04c5068fe515205
2026-09-04 15:38:13.098066 INFO::Fitting model to feature number 92, X0cc9c55d721f5f3d43ec8bc2fe132d0e
2026-09-04 15:38:13.10296 INFO::Fitting model to feature number 93, ae6d65029da85c4ac1884b3cd9e27767
2026-09-04 15:38:13.109522 INFO::Fitting model to feature number 94, d23c235f41d3398df2e2f5edbac63604
2026-09-04 15:38:13.115146 INFO::Fitting model to feature number 95, X55177c21ecc38c408908762a95ca460f
2026-09-04 15:38:13.119838 INFO::Fitting model to feature number 96, X729833d6acec1576dda09a91d2cb8922
2026-09-04 15:38:13.123565 INFO::Fitting model to feature number 97, X55f551c495c9fbdf4e7605b2c22444bb
2026-09-04 15:38:13.127247 INFO::Fitting model to feature number 98, b5fb61584fb688918ec8c5431cdd4547
2026-09-04 15:38:13.131184 INFO::Fitting model to feature number 99, c06de8efeadccec8f33dc90c9a63cc1d
2026-09-04 15:38:13.136748 INFO::Fitting model to feature number 100, a630681ba72a80c92a426efb3e574ab2
2026-09-04 15:38:13.142475 INFO::Fitting model to feature number 101, edcfb96c9964f3f9dc6f0621861a0b2f
2026-09-04 15:38:13.147516 INFO::Fitting model to feature number 102, X46c7350c550155a374eb1f4f2a3dc9ed
2026-09-04 15:38:13.151177 INFO::Fitting model to feature number 103, X169b6455530e3a2dc5bab9634bf5464d
2026-09-04 15:38:13.154666 INFO::Fitting model to feature number 104, b6b5e5683e22e7ccbc945f50aa1bfb52
2026-09-04 15:38:13.160546 INFO::Fitting model to feature number 105, X7d372fe772be67fbd518123f6300b372
2026-09-04 15:38:13.16505 INFO::Fitting model to feature number 106, b28d50f8401c6660191fcf0576c96b5a
2026-09-04 15:38:13.16886 INFO::Fitting model to feature number 107, X9fdf06c3cb2d32b8b07e5644e95d18ca
2026-09-04 15:38:13.17387 INFO::Fitting model to feature number 108, X44cc17826fd7cbbd611d6ba70982a3e9
2026-09-04 15:38:13.177462 INFO::Fitting model to feature number 109, c50b0835bf381d4453071f135ed88b39
2026-09-04 15:38:13.182868 INFO::Fitting model to feature number 110, X982b14ee9c90473a50e554429277cc32
2026-09-04 15:38:13.188257 INFO::Fitting model to feature number 111, X5db358d5116eb6aeeda5e581c4325cc7
2026-09-04 15:38:13.191904 INFO::Fitting model to feature number 112, badeae06f9f02ed7567ab02f37fc1612
2026-09-04 15:38:13.196087 INFO::Fitting model to feature number 113, X92fd25d988fa75e53fcaa4c1e6ec8e26
2026-09-04 15:38:13.201078 INFO::Fitting model to feature number 114, X8dca44bec5b3e374eebbc68b22f6aea5
2026-09-04 15:38:13.20486 INFO::Fitting model to feature number 115, X2d1a60b2982025a0959cff244436778b
2026-09-04 15:38:13.208471 INFO::Fitting model to feature number 116, ea5114b2e35c6ea63901f2e114fa7f39
2026-09-04 15:38:13.212019 INFO::Fitting model to feature number 117, bb729ad32f334da79f02ba537d1bd5f2
2026-09-04 15:38:13.216351 INFO::Fitting model to feature number 118, X19ffcc8f06422b6b81f2a65bbf134dea
2026-09-04 15:38:13.21994 INFO::Fitting model to feature number 119, X6efcd9846560ff414ec2d5d259c0ec88
2026-09-04 15:38:13.223644 INFO::Fitting model to feature number 120, X9424c4cde9ac3d8bb3707412cb09cac6
2026-09-04 15:38:13.227128 INFO::Fitting model to feature number 121, X2bcdf5ec9d73cfa09fd4005c745f28b8
2026-09-04 15:38:13.230894 INFO::Fitting model to feature number 122, b96ea0d3eaa1a062c1e8411c138f7e28
2026-09-04 15:38:13.234394 INFO::Fitting model to feature number 123, ddaebe95bb6bee3bffec43486832e623
2026-09-04 15:38:13.237776 INFO::Fitting model to feature number 124, X6845fe55f2b4f051a22bc167ef2b80ea
2026-09-04 15:38:13.241043 INFO::Fitting model to feature number 125, X720b43663d61f720cbda595a52767410
2026-09-04 15:38:13.244692 INFO::Fitting model to feature number 126, X93e881f05978d18bc8c18f476ac8dd3a
2026-09-04 15:38:13.247965 INFO::Fitting model to feature number 127, dc186c356120425c8b044a49772944c6
2026-09-04 15:38:13.251147 INFO::Fitting model to feature number 128, c39fd6fc4661167fed13f8f1f43e9966
2026-09-04 15:38:13.2545 INFO::Fitting model to feature number 129, X91d3c495e42075de5293ed2d938b0f23
2026-09-04 15:38:13.257718 INFO::Fitting model to feature number 130, X183b1085ec7d9b20001265937f063710
2026-09-04 15:38:13.261364 INFO::Fitting model to feature number 131, X68e97f8c00f3cf84de842890290838fe
2026-09-04 15:38:13.264601 INFO::Fitting model to feature number 132, X022ea353da449030f117bb27f6ca5713
2026-09-04 15:38:13.267803 INFO::Fitting model to feature number 133, fe5112809e597ffaed49705c6953ec36
2026-09-04 15:38:13.271009 INFO::Fitting model to feature number 134, dcb71cc699d841c3ef3a379f802904e6
2026-09-04 15:38:13.274215 INFO::Fitting model to feature number 135, X0fd3bbf5c2b8a4e73d01cec80573ea27
2026-09-04 15:38:13.278312 INFO::Fitting model to feature number 136, X681fa292ab8bf1f2f448f5a3345bd94e
2026-09-04 15:38:13.281751 INFO::Fitting model to feature number 137, e293739f6148cc06666621b943e98b5c
2026-09-04 15:38:13.286145 INFO::Fitting model to feature number 138, X00d773da90524e1aafd3b82ecf6b2555
2026-09-04 15:38:13.291296 INFO::Fitting model to feature number 139, X31f24c0e3e16424592a91c6b4756c393
2026-09-04 15:38:13.295286 INFO::Fitting model to feature number 140, X80380f29e51d9ff29653a529d29d3fc4
2026-09-04 15:38:13.298906 INFO::Fitting model to feature number 141, X53b5292952d746da18bdd79e508d3926
2026-09-04 15:38:13.302747 INFO::Fitting model to feature number 142, b640a831f0c28e6d60ba3f6b278f38fa
2026-09-04 15:38:13.308464 INFO::Fitting model to feature number 143, X95422d4c51dc656f4d593b07f4842850
2026-09-04 15:38:13.313296 INFO::Fitting model to feature number 144, X36fa32bf1591f6e26e457bdd4c882661
2026-09-04 15:38:13.318524 INFO::Fitting model to feature number 145, X577ab2fd63927a467fc472aa93939c74
2026-09-04 15:38:13.322633 INFO::Fitting model to feature number 146, ff838d7d86df5d3fb7a0317b605da95c
2026-09-04 15:38:13.328057 INFO::Fitting model to feature number 147, X53bc8adad8a2eb8fcea6a2d2cd6106eb
2026-09-04 15:38:13.332025 INFO::Fitting model to feature number 148, ff3c00a7c251667c047120fba528fc25
2026-09-04 15:38:13.337213 INFO::Fitting model to feature number 149, X6579b9e9f5dd9b16b74ee8ae0a5cbe12
2026-09-04 15:38:13.343541 INFO::Fitting model to feature number 150, X979ba1913764709d6f067f0096f7e73a
2026-09-04 15:38:13.348358 INFO::Fitting model to feature number 151, X96d5943942c7edf511b73c474e1e59f5
2026-09-04 15:38:13.352101 INFO::Fitting model to feature number 152, X1b479b5bf21e42e99e4238c1fca02aec
2026-09-04 15:38:13.35589 INFO::Fitting model to feature number 153, X49ceb09eaa75e328c204399aeee948c8
2026-09-04 15:38:13.359793 INFO::Fitting model to feature number 154, f5115ccf98df08b2412f105c64777e96
2026-09-04 15:38:13.364179 INFO::Fitting model to feature number 155, eeb0bf9b6e59d4d8ae7d6ae822a35d8a
2026-09-04 15:38:13.367702 INFO::Fitting model to feature number 156, X7fc232ef701a576c52973c27d641a62b
2026-09-04 15:38:13.371156 INFO::Fitting model to feature number 157, X4c619a5f9a3cfde4d9c049639f84a587
2026-09-04 15:38:13.374776 INFO::Fitting model to feature number 158, X12479d8565e104f02af902b8c165c23d
2026-09-04 15:38:13.380456 INFO::Fitting model to feature number 159, e31fbd90ae48ef4e5dbc5a70155b3022
2026-09-04 15:38:13.385961 INFO::Fitting model to feature number 160, X3441776b98130021c6d426dfd2725cf6
2026-09-04 15:38:13.39126 INFO::Fitting model to feature number 161, a7233f84db0360ad7535619a0b20e8bf
2026-09-04 15:38:13.397127 INFO::Fitting model to feature number 162, X368d8403c6cc4e29e24c23cfce3bcd0f
2026-09-04 15:38:13.403736 INFO::Fitting model to feature number 163, f053778ac11218db2855b879731e41f6
2026-09-04 15:38:13.409155 INFO::Fitting model to feature number 164, b63bbf2aceb2f73c502164dc94831322
2026-09-04 15:38:13.41402 INFO::Fitting model to feature number 165, X53a9b515fa6da39bc9eab3a1495992f1
2026-09-04 15:38:13.419772 INFO::Fitting model to feature number 166, X4bca09b0e91f744c4183dd594d3790f4
2026-09-04 15:38:13.42492 INFO::Fitting model to feature number 167, bf0fc57d701c5060d650485ca2bca7b0
2026-09-04 15:38:13.431848 INFO::Fitting model to feature number 168, a7508469f5091d6822c4a1846a20ae8a
2026-09-04 15:38:13.439943 INFO::Fitting model to feature number 169, X6444657c0f5e7317624f71dc68a429f0
2026-09-04 15:38:13.446138 INFO::Fitting model to feature number 170, X8b1ed291986a9ba287b8306889282c9c
2026-09-04 15:38:13.451506 INFO::Fitting model to feature number 171, X398b27b58cd45cd00d44f536a9411b08
2026-09-04 15:38:13.45735 INFO::Fitting model to feature number 172, X12367a7c220bd6a2c224b7edbfe6b8cc
2026-09-04 15:38:13.461595 INFO::Fitting model to feature number 173, dc59078827f8caef7ddfa5b9090e86c3
2026-09-04 15:38:13.465167 INFO::Fitting model to feature number 174, c38eed8f2f2f07fc99e6135205c57cff
2026-09-04 15:38:13.470072 INFO::Fitting model to feature number 175, X982925871472c4f876909ed322877969
2026-09-04 15:38:13.477642 INFO::Fitting model to feature number 176, c8cee77322d19f044bf1e8017b8add93
2026-09-04 15:38:13.485008 INFO::Fitting model to feature number 177, X4e67b78eba413547c5a0c3abe7b533fc
2026-09-04 15:38:13.494064 INFO::Fitting model to feature number 178, f59dd44d4b98efdaf4996d73bea49c66
2026-09-04 15:38:13.500414 INFO::Fitting model to feature number 179, X3f4e886a94876f4e7a1eb775822a3804
2026-09-04 15:38:13.505334 INFO::Fitting model to feature number 180, e710ba8eeb660e6dff2f183bb30d5c0b
2026-09-04 15:38:13.510021 INFO::Fitting model to feature number 181, X3745c356ad1072eb6338d9b3808a4b31
2026-09-04 15:38:13.514757 INFO::Fitting model to feature number 182, d88c1b4a0db578b43dc2d789dbcd36e8
2026-09-04 15:38:13.519229 INFO::Fitting model to feature number 183, X5469b4f52bb3f11250795aa47af5fff5
2026-09-04 15:38:13.523877 INFO::Fitting model to feature number 184, ebe09965287411f89cc56280f9790a4d
2026-09-04 15:38:13.528607 INFO::Fitting model to feature number 185, c0cbc7be02ab7ab71ae694861accc33d
2026-09-04 15:38:13.533297 INFO::Fitting model to feature number 186, db1e957f641eea77586f338d6883f316
2026-09-04 15:38:13.537921 INFO::Fitting model to feature number 187, a0039c394cc495783a939e9f7213455d
2026-09-04 15:38:13.542355 INFO::Fitting model to feature number 188, X8cf2d6c9fedeb3cb3dbd20d6d82eabc3
2026-09-04 15:38:13.54693 INFO::Fitting model to feature number 189, X7fb90deff7e4c9d723398463bac7c595
2026-09-04 15:38:13.551623 INFO::Fitting model to feature number 190, e7ec7f4a6af87d8d8cbb1a4dbf5f55ef
2026-09-04 15:38:13.556564 INFO::Fitting model to feature number 191, a0f7f6e63c67b3bc93697958bda66962
2026-09-04 15:38:13.561438 INFO::Fitting model to feature number 192, c7cb7643fc5fafa0a5bf16c565c2a49b
2026-09-04 15:38:13.565826 INFO::Fitting model to feature number 193, daa83b35584cb31b1770ad7d863ac3a1
2026-09-04 15:38:13.570212 INFO::Fitting model to feature number 194, f9bbc6849eb6a19aa9edd4bd1fa8946c
2026-09-04 15:38:13.5753 INFO::Fitting model to feature number 195, f3b41d47dbf8327add98c18f2b98468c
2026-09-04 15:38:13.579505 INFO::Fitting model to feature number 196, X97cb2352342fd78079411b83c853d2c7
2026-09-04 15:38:13.584159 INFO::Fitting model to feature number 197, X31fb49d7319338818e5c561cc3e8f134
2026-09-04 15:38:13.58835 INFO::Fitting model to feature number 198, c5e09db0eecbf5db9483cf3278206a7e
2026-09-04 15:38:13.592646 INFO::Fitting model to feature number 199, X24c645a13f6ee8c910f5c215a94b4fdf
2026-09-04 15:38:13.60104 INFO::Fitting model to feature number 200, X0f46c35d6629feaffa5e8f4b256e255b
2026-09-04 15:38:13.609577 INFO::Fitting model to feature number 201, X26b941552eaad9d941eff16910335833
2026-09-04 15:38:13.616385 INFO::Fitting model to feature number 202, X3b354dc575ff72cae474c8c6917d32de
2026-09-04 15:38:13.62647 INFO::Fitting model to feature number 203, d137f3df2a73a2a19320c6248b490229
2026-09-04 15:38:13.630913 INFO::Fitting model to feature number 204, X756de14d7ff3198c158caaa15cb45bfa
2026-09-04 15:38:13.634679 INFO::Fitting model to feature number 205, X934803696e9c94174f3c3c8a94844bb2
2026-09-04 15:38:13.639254 INFO::Fitting model to feature number 206, d77309793f82eb417d1458904160e46a
2026-09-04 15:38:13.643207 INFO::Fitting model to feature number 207, X0a05ee4d171b0d8a22c44965669531a1
2026-09-04 15:38:13.647828 INFO::Fitting model to feature number 208, X124a32e627a3fcf5847dd0939885c442
2026-09-04 15:38:13.652039 INFO::Fitting model to feature number 209, e7da42f9000caabfe585a8d3d507975e
2026-09-04 15:38:13.656179 INFO::Fitting model to feature number 210, X5d0f35ba3e7d0ebce9788d34229f1ade
2026-09-04 15:38:13.660339 INFO::Fitting model to feature number 211, db79242c961c3c2e613ebd14d7e1e3ce
2026-09-04 15:38:13.664527 INFO::Fitting model to feature number 212, X565f215f8267ea06b8cb664483dfccfb
2026-09-04 15:38:13.669002 INFO::Fitting model to feature number 213, c146d938280275cf9b6e6d039d76486e
2026-09-04 15:38:13.67309 INFO::Fitting model to feature number 214, X61771b37cea411a6c3f65546fcb0d14d
2026-09-04 15:38:13.67733 INFO::Fitting model to feature number 215, X659058dc692923e0741772981e6fc52e
2026-09-04 15:38:13.681993 INFO::Fitting model to feature number 216, X45b0423d1013166f5e0436130e71527a
2026-09-04 15:38:13.686059 INFO::Fitting model to feature number 217, e018027ae4ac53f0766656b67ac716cd
2026-09-04 15:38:13.689928 INFO::Fitting model to feature number 218, X0ba0d4c5a289facc80e0e481377a9e18
2026-09-04 15:38:13.695096 INFO::Fitting model to feature number 219, X8e4384115dec4cbb35856b67662a45b8
2026-09-04 15:38:13.700584 INFO::Fitting model to feature number 220, ae2030ace237249b32ce15b9b2443b93
2026-09-04 15:38:13.704622 INFO::Fitting model to feature number 221, X0077b1c328d7c6d76713c77105393caf
2026-09-04 15:38:13.708472 INFO::Fitting model to feature number 222, X3e1100e30e07ea9579addecaf522eb67
2026-09-04 15:38:13.712617 INFO::Fitting model to feature number 223, be24af0c21448fdc4c360e0ed4e81c27
2026-09-04 15:38:13.716453 INFO::Fitting model to feature number 224, ae61ac440027532b090eaade93729a41
2026-09-04 15:38:13.722066 INFO::Fitting model to feature number 225, e2b87ba027da4610ce0901256fe147de
2026-09-04 15:38:13.726227 INFO::Fitting model to feature number 226, fd23e9bbf9949af42e4783b8c669a8ad
2026-09-04 15:38:13.730044 INFO::Fitting model to feature number 227, ef6fa89883420a6f10066f925a001d80
2026-09-04 15:38:13.733654 INFO::Fitting model to feature number 228, c6c422e7937936cc8b3aa5a8b979de90
2026-09-04 15:38:13.737429 INFO::Fitting model to feature number 229, X7085d7d16bb648dac711d69848d9be74
2026-09-04 15:38:13.74125 INFO::Fitting model to feature number 230, b5de712b93a82e4723968c0839061699
2026-09-04 15:38:13.746189 INFO::Fitting model to feature number 231, a8c1050a587c5351b60d6de197951534
2026-09-04 15:38:13.749926 INFO::Fitting model to feature number 232, c400bb9ef12cb34392453dd557713e2b
2026-09-04 15:38:13.753485 INFO::Fitting model to feature number 233, X2de7cba081c75a92792e11063972dd1a
2026-09-04 15:38:13.757112 INFO::Fitting model to feature number 234, e750785f4ec0290b5b57ccbb9f86296c
2026-09-04 15:38:13.760795 INFO::Fitting model to feature number 235, X45ed967d7872177cb7a2c99505c352f4
2026-09-04 15:38:13.764992 INFO::Fitting model to feature number 236, e7648f8dc77383ec9569036610d726fe
2026-09-04 15:38:13.768712 INFO::Fitting model to feature number 237, X2c674dd5dcc493fc0bad82c12f46397e
2026-09-04 15:38:13.772668 INFO::Fitting model to feature number 238, X7c17dc1a855a11dfc9beb31f5cd52fc3
2026-09-04 15:38:13.7763 INFO::Fitting model to feature number 239, X3c0deb5ca627c2080a4a80c7d89c6096
2026-09-04 15:38:13.780114 INFO::Fitting model to feature number 240, X87840ae42f96525d12342d1c69d1461c
2026-09-04 15:38:13.784095 INFO::Fitting model to feature number 241, X77b742f1171816c6a3e147850262dc15
2026-09-04 15:38:13.787934 INFO::Fitting model to feature number 242, X63825a52c887578db44e20ba49781313
2026-09-04 15:38:13.791989 INFO::Fitting model to feature number 243, X664ddcd6b4bdb13116e4a71964fda54f
2026-09-04 15:38:13.796174 INFO::Fitting model to feature number 244, X46388c59bff00613f3fda8851510ccc7
2026-09-04 15:38:13.79998 INFO::Fitting model to feature number 245, a3512dec19c020cc96c0e195ac468aac
2026-09-04 15:38:13.803696 INFO::Fitting model to feature number 246, e1fe0d870c76a03daec395104ceae55c
2026-09-04 15:38:13.808089 INFO::Fitting model to feature number 247, af0734d13d54fc12a56ffe1cea938f3b
2026-09-04 15:38:13.815062 INFO::Fitting model to feature number 248, X8837586ffddd9338f2c4fe7f542ff123
2026-09-04 15:38:13.821515 INFO::Fitting model to feature number 249, X6cc11d3c63b78e99b16e67e996f43658
2026-09-04 15:38:13.832736 INFO::Fitting model to feature number 250, b86a8e8151ed7a7539be26190c47ce0c
2026-09-04 15:38:13.841124 INFO::Fitting model to feature number 251, X31b63d934ca6afba84fdbb3174a7723f
2026-09-04 15:38:13.84783 INFO::Fitting model to feature number 252, X7d90d5ed128c6d4519c33e4e5b4deda9
2026-09-04 15:38:13.854856 INFO::Fitting model to feature number 253, ebf00dd6a9329614e82c0a214cb16490
2026-09-04 15:38:13.862805 INFO::Fitting model to feature number 254, X3106ea771f08d96b8963c628fee0d234
2026-09-04 15:38:13.869821 INFO::Fitting model to feature number 255, X4d375362825e9fd1a68050a148667590
2026-09-04 15:38:13.877104 INFO::Fitting model to feature number 256, a92f67f922033eb44348e4b8ae1a3d16
2026-09-04 15:38:13.885418 INFO::Fitting model to feature number 257, X54bc24af2573a5765ab4ee324d1d63be
2026-09-04 15:38:13.894518 INFO::Fitting model to feature number 258, X284ca267c1da0d9a1a431b600e43bbac
2026-09-04 15:38:13.901277 INFO::Fitting model to feature number 259, X8c98595b50153db05b95a7c15b260525
2026-09-04 15:38:13.906558 INFO::Fitting model to feature number 260, X513c058a5ee9aad1897bedee338ea3c1
2026-09-04 15:38:13.935644 INFO::Fitting model to feature number 261, e0c54024e47e5c289016e750ef81331c
2026-09-04 15:38:13.941185 INFO::Fitting model to feature number 262, X86be5888dd2d3ab174b406bd0756ef62
2026-09-04 15:38:13.948212 INFO::Fitting model to feature number 263, X8bec49129fd7f391f8f2af0dcbac22bd
2026-09-04 15:38:13.954828 INFO::Fitting model to feature number 264, X185474c3dc53ff6ff5abb3d7d564841a
2026-09-04 15:38:13.961096 INFO::Fitting model to feature number 265, X13bfbe035d4afd772a36eb36a3175948
2026-09-04 15:38:13.968196 INFO::Fitting model to feature number 266, X2438c6bded651e17749490fb3d360a95
2026-09-04 15:38:13.972669 INFO::Fitting model to feature number 267, X76d519ab883bd8dcd03831ec5807379a
2026-09-04 15:38:13.976775 INFO::Fitting model to feature number 268, dd3feb8bca4f233f9df1a182c90ff495
2026-09-04 15:38:13.981418 INFO::Fitting model to feature number 269, X9695ab42557ea68383a7fa889b522976
2026-09-04 15:38:13.985463 INFO::Fitting model to feature number 270, X4bdc1afca33aabf7e6ffccfb3989baba
2026-09-04 15:38:13.989239 INFO::Fitting model to feature number 271, X749b1e195ab505b26d20951f53834d11
2026-09-04 15:38:13.992965 INFO::Fitting model to feature number 272, X42f547d0fb7d6723665eaaa73d95e2c1
2026-09-04 15:38:13.997007 INFO::Fitting model to feature number 273, b2c7f912f0c9c47667ab4ecdc1bff415
2026-09-04 15:38:14.000604 INFO::Fitting model to feature number 274, X6a09d5845ed7314d9bb521c0d1a7a336
2026-09-04 15:38:14.00627 INFO::Fitting model to feature number 275, X0dd15502ce697238545269d117d510d2
2026-09-04 15:38:14.010084 INFO::Fitting model to feature number 276, X54b2938845517c66a88daab1b15b06a8
2026-09-04 15:38:14.013783 INFO::Fitting model to feature number 277, a7f93049424ef4e35da79187bc5de3c0
2026-09-04 15:38:14.017472 INFO::Fitting model to feature number 278, X99adee39d4a68f7259d23b10d85c577f
2026-09-04 15:38:14.02102 INFO::Fitting model to feature number 279, X4bbec3bb723375416616a87d785ac74a
2026-09-04 15:38:14.024427 INFO::Fitting model to feature number 280, X987027dc44208ccada49fa8ca6ab884a
2026-09-04 15:38:14.028012 INFO::Fitting model to feature number 281, X5649447d0222bd34d28a6e5f13981af0
2026-09-04 15:38:14.031917 INFO::Fitting model to feature number 282, a834360740fea7a76b5bf9746ca2f2f2
2026-09-04 15:38:14.035743 INFO::Fitting model to feature number 283, X7ccceb323aa33324446ba0ef7fad7817
2026-09-04 15:38:14.03944 INFO::Fitting model to feature number 284, X8188598a9b197d172cfc57da67efb2ab
2026-09-04 15:38:14.043034 INFO::Fitting model to feature number 285, ba118af331e20ce430657c050ec1b9f7
2026-09-04 15:38:14.047403 INFO::Fitting model to feature number 286, ae2c3c090e68c8b04cfa960a607e3b8e
2026-09-04 15:38:14.051036 INFO::Fitting model to feature number 287, X4eec64e26ba6ab8dc0be1e62d7bc5874
2026-09-04 15:38:14.054479 INFO::Fitting model to feature number 288, a2d13a41cb93aa83a2d49960951ffdf4
2026-09-04 15:38:14.057852 INFO::Fitting model to feature number 289, adb741c1bf4a08a13bdcc5433e8d3f6c
2026-09-04 15:38:14.062448 INFO::Fitting model to feature number 290, X31f02db7276788649e73005201477002
2026-09-04 15:38:14.066529 INFO::Fitting model to feature number 291, dd4288754e567d2598eb7d479a0c1051
2026-09-04 15:38:14.070312 INFO::Fitting model to feature number 292, X09e719a2acca4d1cc7ad3ebe7582810d
2026-09-04 15:38:14.076041 INFO::Fitting model to feature number 293, X45f0818a8f498f865175020def40c661
2026-09-04 15:38:14.080527 INFO::Fitting model to feature number 294, fa23daf33387ebacfe81878df1c3c54b
2026-09-04 15:38:14.08464 INFO::Fitting model to feature number 295, X10f2ac072c9e248cc02a345e88e2b361
2026-09-04 15:38:14.088435 INFO::Fitting model to feature number 296, f42eeea87cf2ddb3a7941923d3918516
2026-09-04 15:38:14.092169 INFO::Fitting model to feature number 297, X03ff409687c3813261924a6f629fff78
2026-09-04 15:38:14.096848 INFO::Fitting model to feature number 298, ac60ad741ae6189321c85d3ef49885d6
2026-09-04 15:38:14.101604 INFO::Fitting model to feature number 299, X311b65088573e7d737ac3862dc72d333
2026-09-04 15:38:14.105749 INFO::Fitting model to feature number 300, ddb9337473f64582bae31131247a269f
2026-09-04 15:38:14.109827 INFO::Fitting model to feature number 301, X65adede6cf41317f400f09c12f0b4a73
2026-09-04 15:38:14.115917 INFO::Fitting model to feature number 302, X8d638697c84d2328381bcb2ab9598d91
2026-09-04 15:38:14.120363 INFO::Fitting model to feature number 303, X76b18d0a46a13d4468c03f3ec1970168
2026-09-04 15:38:14.124781 INFO::Fitting model to feature number 304, c44ff307960c98eb2c3f6c5cf28a5e59
2026-09-04 15:38:14.129116 INFO::Fitting model to feature number 305, f966f5315b4ea943670cd7370c960df6
2026-09-04 15:38:14.133112 INFO::Fitting model to feature number 306, X730a41c0b1131e10a7dddb613cf11d51
2026-09-04 15:38:14.138637 INFO::Fitting model to feature number 307, X81d480aa124518d47f3e50da0a25381c
2026-09-04 15:38:14.142233 INFO::Fitting model to feature number 308, X7bbc62177baff660f822fd1f5ec70b87
2026-09-04 15:38:14.14717 INFO::Fitting model to feature number 309, e7821b39688d56edb6e80f33ae1b60df
2026-09-04 15:38:14.15094 INFO::Fitting model to feature number 310, X8e70d411c3e4e0b39089cad26f577d3b
2026-09-04 15:38:14.154585 INFO::Fitting model to feature number 311, e85205b2c5bbaaeab27dd01c762f7b39
2026-09-04 15:38:14.15818 INFO::Fitting model to feature number 312, X0bea4866ccde81552fde378c0f2e439a
2026-09-04 15:38:14.162038 INFO::Fitting model to feature number 313, X04db8fa0f286c42335556af597b5c346
2026-09-04 15:38:14.165595 INFO::Fitting model to feature number 314, X4322f4680e8e12c643936186ff94fcc8
2026-09-04 15:38:14.169269 INFO::Fitting model to feature number 315, X7e082f297945c886ab711479d86ae7ef
2026-09-04 15:38:14.172793 INFO::Fitting model to feature number 316, e211862b5de01edab4175e1977cdbf8c
2026-09-04 15:38:14.176311 INFO::Fitting model to feature number 317, X450b0f9dbaf395de258b2b6c62a5f5aa
2026-09-04 15:38:14.180036 INFO::Fitting model to feature number 318, X4231c0e22d02619ed9ba049d6dc49d00
2026-09-04 15:38:14.183766 INFO::Fitting model to feature number 319, X078e358a168dbe0799176248b157e046
2026-09-04 15:38:14.187547 INFO::Fitting model to feature number 320, X9278c3ba31355d47f18a60ce54266a48
2026-09-04 15:38:14.191237 INFO::Fitting model to feature number 321, be3cb677392518f2eb047d5691a05c87
2026-09-04 15:38:14.196143 INFO::Fitting model to feature number 322, X4b57c93aef543ae42241d05de5df6ac4
2026-09-04 15:38:14.200584 INFO::Fitting model to feature number 323, c251ad2522d7bcf25e41815542a477f4
2026-09-04 15:38:14.20435 INFO::Fitting model to feature number 324, X8a44a4e06b1a74f11ee8e2686464e0d5
2026-09-04 15:38:14.208458 INFO::Fitting model to feature number 325, cd78e353ff7460b7e9e77db2ede05397
2026-09-04 15:38:14.213626 INFO::Fitting model to feature number 326, cd07a64ceddbf8311cb8a72075cbfa67
2026-09-04 15:38:14.217978 INFO::Fitting model to feature number 327, e42e54374ced0e0901b3492bf7e26fd9
2026-09-04 15:38:14.221921 INFO::Fitting model to feature number 328, ccc9fe4018425bd588c0dc6966d53d6d
2026-09-04 15:38:14.225794 INFO::Fitting model to feature number 329, fd378a4547ac236b57eaaa8f4a03bfc4
2026-09-04 15:38:14.231308 INFO::Fitting model to feature number 330, X75bb0a0b7853fefe490cb476018ab14a
2026-09-04 15:38:14.235284 INFO::Fitting model to feature number 331, X15e508d7033194f0da8e0cd7631ece66
2026-09-04 15:38:14.240053 INFO::Fitting model to feature number 332, X81740d08517e1c4878c4af397bae845b
2026-09-04 15:38:14.243896 INFO::Fitting model to feature number 333, X033214354a91af0c2372acdbcddf917a
2026-09-04 15:38:14.248201 INFO::Fitting model to feature number 334, X169a0f5e6200d8505cc9a7bab3b1db9d
2026-09-04 15:38:14.252111 INFO::Fitting model to feature number 335, X8e57f969178d1b7b927cf520942dbdbc
2026-09-04 15:38:14.255682 INFO::Fitting model to feature number 336, b7a2bc450146ff938fb3354ecc36444a
2026-09-04 15:38:14.259294 INFO::Fitting model to feature number 337, X8ddc52ff32005e285f904d6b3cf4d82c
2026-09-04 15:38:14.265721 INFO::Fitting model to feature number 338, b0fa33069cecc58c00671932986cc3e7
2026-09-04 15:38:14.271376 INFO::Fitting model to feature number 339, X8f4c101dad164251d4878936cbc25ece
2026-09-04 15:38:14.275212 INFO::Fitting model to feature number 340, X519c6acaa408476b29fc7dfdeea67efe
2026-09-04 15:38:14.279822 INFO::Fitting model to feature number 341, d716a2ded258ca46c50a32125c36cb8c
2026-09-04 15:38:14.283669 INFO::Fitting model to feature number 342, X1b894e7b3abc023b445b8edae5056a21
2026-09-04 15:38:14.287155 INFO::Fitting model to feature number 343, X5ee4574ba659edac67db88d3179cadb0
2026-09-04 15:38:14.290489 INFO::Fitting model to feature number 344, da18bc80dccb72d316759572ebad4ccf
2026-09-04 15:38:14.295288 INFO::Fitting model to feature number 345, X720e20ef0af502df74e5dc4b4fd9ee6e
2026-09-04 15:38:14.299728 INFO::Fitting model to feature number 346, X0f067d3b0fcbcbb517d57a849a9928db
2026-09-04 15:38:14.304292 INFO::Fitting model to feature number 347, X755ff3ff99a637ef0c4566d0dbf21728
2026-09-04 15:38:14.3085 INFO::Fitting model to feature number 348, X91e74632630a5384ffaa44974cb17119
2026-09-04 15:38:14.313079 INFO::Fitting model to feature number 349, X4c5d68fe9f0b36f32638abc717a65ad3
2026-09-04 15:38:14.317173 INFO::Fitting model to feature number 350, a4249126c5ab1a9f4915ed66a50f9693
2026-09-04 15:38:14.32149 INFO::Fitting model to feature number 351, aa6fbd578bead0e4af7ef245cc30555f
2026-09-04 15:38:14.326658 INFO::Fitting model to feature number 352, X79fabf27c5775bc636bf52ee0be3c599
2026-09-04 15:38:14.332172 INFO::Fitting model to feature number 353, db89d941ee5dc2935674d8799463294d
2026-09-04 15:38:14.336823 INFO::Fitting model to feature number 354, bd704202329f8ef0e1b2266e6861ca88
2026-09-04 15:38:14.340772 INFO::Fitting model to feature number 355, e713171ed431d19b4820994d09efdbb2
2026-09-04 15:38:14.345255 INFO::Fitting model to feature number 356, X4074ce86cd14964dd221e071bbe22f83
2026-09-04 15:38:14.351533 INFO::Fitting model to feature number 357, X7493d1aedb2c77d663590d82ec640fd4
2026-09-04 15:38:14.356322 INFO::Fitting model to feature number 358, X34b93394ad2057aa52c4ca717f1bf4a1
2026-09-04 15:38:14.362871 INFO::Fitting model to feature number 359, dba53424e92d8150b0a59c02c1bd24ef
2026-09-04 15:38:14.367595 INFO::Fitting model to feature number 360, c3dc32f96291667501f1b97b830e734a
2026-09-04 15:38:14.372416 INFO::Fitting model to feature number 361, a6905f293d92223e65dd6e1631fc40e8
2026-09-04 15:38:14.376602 INFO::Fitting model to feature number 362, X8e346461669207cab6d70c3446911f43
2026-09-04 15:38:14.38175 INFO::Fitting model to feature number 363, X84311fa56ffef22f7e70b831f3dbda39
2026-09-04 15:38:14.386479 INFO::Fitting model to feature number 364, d20f9a5bc3810caaba5b2c041c10e0cd
2026-09-04 15:38:14.393525 INFO::Fitting model to feature number 365, X9fc216e9061a3a0e7f1564040cb4c92a
2026-09-04 15:38:14.399815 INFO::Fitting model to feature number 366, a65cf30f8f9830e623f92a7ad8f180f0
2026-09-04 15:38:14.404139 INFO::Fitting model to feature number 367, c94124146fa5319419d291ad648a77fa
2026-09-04 15:38:14.407953 INFO::Fitting model to feature number 368, e06d134d202f3e94fe4e3017d3664e11
2026-09-04 15:38:14.411935 INFO::Fitting model to feature number 369, d68e97c77530e15c3774f6830604a0cc
2026-09-04 15:38:14.41705 INFO::Fitting model to feature number 370, X683ed5e895196c4c2f6f9d15b9d20d2a
2026-09-04 15:38:14.430409 INFO::Fitting model to feature number 371, X19b61409df7c30d2664a677418a9277a
2026-09-04 15:38:14.441731 INFO::Fitting model to feature number 372, b48a66a13d96875cba60b1e2f35f600e
2026-09-04 15:38:14.451431 INFO::Fitting model to feature number 373, X75ba6f1992139fb3fe848d91a1721d29
2026-09-04 15:38:14.458304 INFO::Fitting model to feature number 374, X70c039d8c51974900eb441e93620c97e
2026-09-04 15:38:14.464974 INFO::Fitting model to feature number 375, X019bed84669410b5d384f6e3280da1b9
2026-09-04 15:38:14.471945 INFO::Fitting model to feature number 376, X4e5dde1edf6195d5cc053de052ecd126
2026-09-04 15:38:14.476252 INFO::Fitting model to feature number 377, X071ffeef795ecc8f1d3a0c0823692721
2026-09-04 15:38:14.482783 INFO::Fitting model to feature number 378, cab28bc37c5d62b75a6b8b9e2ba2c9cb
2026-09-04 15:38:14.487714 INFO::Fitting model to feature number 379, X10dbbe438378754c4dc5e77443b7fac4
2026-09-04 15:38:14.491677 INFO::Fitting model to feature number 380, X7987aaa1343fa88df0c87e81b3f26c41
2026-09-04 15:38:14.49594 INFO::Fitting model to feature number 381, X3b437c4d2375e717fe51983c24c322da
2026-09-04 15:38:14.499666 INFO::Fitting model to feature number 382, f59d7c1cddb8b746750780d02843581d
2026-09-04 15:38:14.50331 INFO::Fitting model to feature number 383, ae80f6274f1e55721cc5be8fc0a0e271
2026-09-04 15:38:14.506819 INFO::Fitting model to feature number 384, ad0c664dea2cf8fdbaa4a4257eb7befd
2026-09-04 15:38:14.510558 INFO::Fitting model to feature number 385, X9edbb39537860983ef807fee6c2635c5
2026-09-04 15:38:14.514523 INFO::Fitting model to feature number 386, a23b5047a994e4335c9629c0d1bc31df
2026-09-04 15:38:14.519672 INFO::Fitting model to feature number 387, de0ded10c202a9f6049bc7f0e453694b
2026-09-04 15:38:14.526277 INFO::Fitting model to feature number 388, X9c7f57129ddb57343abd55a3fa67f442
2026-09-04 15:38:14.53263 INFO::Fitting model to feature number 389, fda33eb8eb9fdd3aa18a81532af319de
2026-09-04 15:38:14.538694 INFO::Fitting model to feature number 390, dbfb582c73805f1a26459ff564c0d568
2026-09-04 15:38:14.546231 INFO::Fitting model to feature number 391, X73f95638ad5e78c543092b62f5631caa
2026-09-04 15:38:14.553052 INFO::Fitting model to feature number 392, X60e2e500caea157083afa0e7994e7656
2026-09-04 15:38:14.559961 INFO::Fitting model to feature number 393, f0f732788ef67da775fd896b57bf1025
2026-09-04 15:38:14.566548 INFO::Fitting model to feature number 394, X89ed587eafc3b94e83432b434e2e898b
2026-09-04 15:38:14.572475 INFO::Fitting model to feature number 395, e9c7ca3a06b4e65273b0a22923f82313
2026-09-04 15:38:14.578276 INFO::Fitting model to feature number 396, X4049ddcae10e884e34357d8ef9b06723
2026-09-04 15:38:14.583403 INFO::Fitting model to feature number 397, c1341686134e4ccf6ff9204c6079811f
2026-09-04 15:38:14.587425 INFO::Fitting model to feature number 398, ff9e1d490073bf90476e598d4e773774
2026-09-04 15:38:14.591249 INFO::Fitting model to feature number 399, d5fcf5df971a070340323457c4cb20ce
2026-09-04 15:38:14.595068 INFO::Fitting model to feature number 400, X933db767d1b3ad87196e86e7d73f8bd1
2026-09-04 15:38:14.601818 INFO::Fitting model to feature number 401, X533d315d5ee0cc1318bbd2363e63842c
2026-09-04 15:38:14.609146 INFO::Fitting model to feature number 402, ac1c2bb601a53bac8e65b6debe661a8e
2026-09-04 15:38:14.616761 INFO::Fitting model to feature number 403, X11b7c459db9e25981b9e929a8098b1d9
2026-09-04 15:38:14.624152 INFO::Fitting model to feature number 404, e81f6d9916ef6ba0c290e586b2183b5f
2026-09-04 15:38:14.631222 INFO::Fitting model to feature number 405, X5c6188171e7915e579f6830c80049438
2026-09-04 15:38:14.63749 INFO::Fitting model to feature number 406, X8b682136896b3cf6de6e2f41823bc96e
2026-09-04 15:38:14.644396 INFO::Fitting model to feature number 407, X4bff8d96fb4e0a5ebceb210074d463ae
2026-09-04 15:38:14.64898 INFO::Fitting model to feature number 408, X2131436b842ab74769e118306cb5eb47
2026-09-04 15:38:14.6554 INFO::Fitting model to feature number 409, c1ffb16041d03c51f266ce6f78dbc65c
2026-09-04 15:38:14.659933 INFO::Fitting model to feature number 410, X75c8a82d29330620f3f954ce98f33905
2026-09-04 15:38:14.664237 INFO::Fitting model to feature number 411, X4bfedc0e9de9bed36f6c448669465526
2026-09-04 15:38:14.66834 INFO::Fitting model to feature number 412, e0aa4a8c67cf4588b30e621b6a218c31
2026-09-04 15:38:14.672562 INFO::Fitting model to feature number 413, cc8f106544aa3a06a7f5ae350c8d3d47
2026-09-04 15:38:14.676774 INFO::Fitting model to feature number 414, f5013385fa67e8c9dc55ebe2ac1c50f8
2026-09-04 15:38:14.681624 INFO::Fitting model to feature number 415, X4c6671fad7a0fe506cb3b74786ee8f5c
2026-09-04 15:38:14.685448 INFO::Fitting model to feature number 416, X7737a411e7f276fae1d2c38a6188f723
2026-09-04 15:38:14.689522 INFO::Fitting model to feature number 417, X5d0c548e712a3061cb02d0cb6856fd22
2026-09-04 15:38:14.695029 INFO::Fitting model to feature number 418, X1cb1cab4e83db881e4cc221cb4a980f7
2026-09-04 15:38:14.699461 INFO::Fitting model to feature number 419, ff901874ac79617b42a96c2b0b7364be
2026-09-04 15:38:14.7031 INFO::Fitting model to feature number 420, X7cd35a4b9e944317318b02eb142118e8
2026-09-04 15:38:14.706975 INFO::Fitting model to feature number 421, e53d40931998c5c89278f8b7d89112fa
2026-09-04 15:38:14.711647 INFO::Fitting model to feature number 422, a17fd0f8d4eee41ef864153c9c21b286
2026-09-04 15:38:14.715567 INFO::Fitting model to feature number 423, e61f88ea85ada65244b3b8bda8659227
2026-09-04 15:38:14.719382 INFO::Fitting model to feature number 424, X7253d54afaf98cdc5250fb3743ccb37b
2026-09-04 15:38:14.72313 INFO::Fitting model to feature number 425, ba7511fd6b8ac09c29d16f45ff52da5f
2026-09-04 15:38:14.72733 INFO::Fitting model to feature number 426, X55357d6cc58549d420cccd3c467f8a16
2026-09-04 15:38:14.731391 INFO::Fitting model to feature number 427, fc27695e28ac38ed08ba2e033a58d1ce
2026-09-04 15:38:14.735464 INFO::Fitting model to feature number 428, f34cdcd73e535507d29c29b19d01f658
2026-09-04 15:38:14.739361 INFO::Fitting model to feature number 429, X4c72850cd443f090dd217fc732228e0a
2026-09-04 15:38:14.744119 INFO::Fitting model to feature number 430, X3016852842ea9a989cf811fe478ec064
2026-09-04 15:38:14.750214 INFO::Fitting model to feature number 431, X0b4fcf6a6dabf532fe549245c1d82bba
2026-09-04 15:38:14.754571 INFO::Fitting model to feature number 432, X561068de510e34e29d80bb77cce52380
2026-09-04 15:38:14.758787 INFO::Fitting model to feature number 433, X7ea06d2bb42e27fa68406d4602c2d01a
2026-09-04 15:38:14.762959 INFO::Fitting model to feature number 434, cdfa5bee668ff3eb1caa79fd0dd15408
2026-09-04 15:38:14.767473 INFO::Fitting model to feature number 435, X3a218447b4453c013ce47c49e91976ab
2026-09-04 15:38:14.771634 INFO::Fitting model to feature number 436, X631e1451e27bd0c65644a3c6d9f7b42c
2026-09-04 15:38:14.775712 INFO::Fitting model to feature number 437, X1667a608ce9dcd9173cc4a7ea408e61a
2026-09-04 15:38:14.780099 INFO::Fitting model to feature number 438, ff2e65ab7ee1a994f929993a4cd98b2d
2026-09-04 15:38:14.784371 INFO::Fitting model to feature number 439, e3f39a01ae258adcd033fcd34b843501
2026-09-04 15:38:14.788502 INFO::Fitting model to feature number 440, f12f5ba8c80d765b2f9120da917d196f
2026-09-04 15:38:14.794737 INFO::Fitting model to feature number 441, a2ef984d2fbacbecde31dcca67e3a54b
2026-09-04 15:38:14.799094 INFO::Fitting model to feature number 442, e91a544742f83b8662d1ebf6674f646d
2026-09-04 15:38:14.803083 INFO::Fitting model to feature number 443, badfe430d2430166a61838ee2179df26
2026-09-04 15:38:14.807003 INFO::Fitting model to feature number 444, X3932f685f838f186f3f1de610e789887
2026-09-04 15:38:14.81104 INFO::Fitting model to feature number 445, X768c02ad828dacf149957d9fa614fd77
2026-09-04 15:38:14.815176 INFO::Fitting model to feature number 446, X2a102392f4667b13b2357317e3cd8b6a
2026-09-04 15:38:14.818823 INFO::Fitting model to feature number 447, a619caa5848df9525980658feb62675b
2026-09-04 15:38:14.82253 INFO::Fitting model to feature number 448, X4dee2f4d0a9682e994e943ab8cb6914b
2026-09-04 15:38:14.82625 INFO::Fitting model to feature number 449, e417c151046ba195520fed7677425096
2026-09-04 15:38:14.830292 INFO::Fitting model to feature number 450, X1daf95ae2c2b41cd186dc772c0ac8d25
2026-09-04 15:38:14.834176 INFO::Fitting model to feature number 451, b614e00062fca5a42aee5c0ffad06177
2026-09-04 15:38:14.838111 INFO::Fitting model to feature number 452, X38421d66789673e27b13640ba5c87f82
2026-09-04 15:38:14.842 INFO::Fitting model to feature number 453, c1e3d6a4f2a02d70acc7c3258e889732
2026-09-04 15:38:14.84636 INFO::Fitting model to feature number 454, X066524fff17a44dd6e850b2f0d29c551
2026-09-04 15:38:14.85054 INFO::Fitting model to feature number 455, X1b21d2b71f96b4a59b392aee9aa1d655
2026-09-04 15:38:14.855697 INFO::Fitting model to feature number 456, X71f35c7407e256690536046a7c26dfb5
2026-09-04 15:38:14.859932 INFO::Fitting model to feature number 457, dfefc4e20424ac54d7b4dc07caca2adf
2026-09-04 15:38:14.86648 INFO::Fitting model to feature number 458, X06aa8371756490aa26b512dac0839f29
2026-09-04 15:38:14.872912 INFO::Fitting model to feature number 459, X66804a3c3e40f8572119e3c624478909
2026-09-04 15:38:14.879336 INFO::Fitting model to feature number 460, X7e6d49ee79001adc19db0967b5346d7c
2026-09-04 15:38:14.886018 INFO::Fitting model to feature number 461, X19970ead855e50ce2d315a00a7215caf
2026-09-04 15:38:14.892889 INFO::Fitting model to feature number 462, X2bbb28b70c3a3757e48663f4d0003ecc
2026-09-04 15:38:14.899937 INFO::Fitting model to feature number 463, f936cc0095df2ce79b485df5f7fe631a
2026-09-04 15:38:14.906168 INFO::Fitting model to feature number 464, X0bbdb9142f35f4f921582b626e73ac05
2026-09-04 15:38:14.911241 INFO::Fitting model to feature number 465, X3ad1c8aad6bdd6f9f60902f08beaf0b1
2026-09-04 15:38:14.916244 INFO::Fitting model to feature number 466, X0003367c233ad8b39a1434737ecbe030
2026-09-04 15:38:14.920547 INFO::Fitting model to feature number 467, X1f93c77d645099d4e473c8ae649b23bf
2026-09-04 15:38:14.924734 INFO::Fitting model to feature number 468, X4781f563195b71c4989c72a742732717
2026-09-04 15:38:14.928519 INFO::Fitting model to feature number 469, X21d2b8c9984ed702253bcab5a7a35210
2026-09-04 15:38:14.933543 INFO::Fitting model to feature number 470, X743701a156f188bc190c1cbe80a67e4b
2026-09-04 15:38:14.938855 INFO::Fitting model to feature number 471, debc0007bfdcefb74927da6756a0e949
2026-09-04 15:38:14.942856 INFO::Fitting model to feature number 472, X9d1af6a7baf99a0c43b2a2834384d911
2026-09-04 15:38:14.948604 INFO::Fitting model to feature number 473, d9f3cd010e62ed14267428e00eb063af
2026-09-04 15:38:14.953617 INFO::Fitting model to feature number 474, b9daea5529d55d97d57ccee11ca966fc
2026-09-04 15:38:14.959118 INFO::Fitting model to feature number 475, X2e39714a77fa4eccacec0eacd077218d
2026-09-04 15:38:14.964487 INFO::Fitting model to feature number 476, fccca080bd9210e75a1abb27ff913854
2026-09-04 15:38:14.969352 INFO::Fitting model to feature number 477, f0c772873a1c03d317ac0d02e5d88258
2026-09-04 15:38:14.975092 INFO::Fitting model to feature number 478, X436db6859b6a63d0a853ddf0ad09723c
2026-09-04 15:38:14.980114 INFO::Fitting model to feature number 479, X5fbd78d2d6de66b97eaf8f2b1487761e
2026-09-04 15:38:14.984628 INFO::Fitting model to feature number 480, a6fd2b03ca23928d929d4518fb95144b
2026-09-04 15:38:14.991387 INFO::Fitting model to feature number 481, X31a174191f7ce10077fc97463573c544
2026-09-04 15:38:14.997811 INFO::Fitting model to feature number 482, X84776907a1d77f7ba9ef074fbb2eb86f
2026-09-04 15:38:15.003252 INFO::Fitting model to feature number 483, X0919acf89fa8a15db3c351214f6e4f7c
2026-09-04 15:38:15.009625 INFO::Fitting model to feature number 484, X33a516f00563ddac500c9d4b43236758
2026-09-04 15:38:15.01585 INFO::Fitting model to feature number 485, X452de8dd2cd2ef65e74ca756cc3f995f
2026-09-04 15:38:15.020815 INFO::Fitting model to feature number 486, fd573b99b95e615dd1288c05055c86fe
2026-09-04 15:38:15.025553 INFO::Fitting model to feature number 487, bef4944cd7c1a9d609dc3c64589591ba
2026-09-04 15:38:15.030991 INFO::Fitting model to feature number 488, dc5f2dd3c3d2c044e4a0b92b66404ba7
2026-09-04 15:38:15.03499 INFO::Fitting model to feature number 489, b693b51af195619b7b6b04af97bb69d5
2026-09-04 15:38:15.040092 INFO::Fitting model to feature number 490, c968d53c0418f0b1ea2686794e5464cd
2026-09-04 15:38:15.045963 INFO::Fitting model to feature number 491, X0348c09cb1ff1cd1e1208e2794eea6c1
2026-09-04 15:38:15.051705 INFO::Fitting model to feature number 492, X310aae89ac71938da77feea20c4e7e64
2026-09-04 15:38:15.056264 INFO::Fitting model to feature number 493, X6964bb65de0df60688194be5b739b0c2
2026-09-04 15:38:15.061421 INFO::Fitting model to feature number 494, X1db2aedb3113eb91e4c997379103dce7
2026-09-04 15:38:15.066866 INFO::Fitting model to feature number 495, X040f76448324b926b56477c33fa5c72f
2026-09-04 15:38:15.072973 INFO::Fitting model to feature number 496, ff46a90a0e7cdb17b2e870dbda7aeaf5
2026-09-04 15:38:15.079704 INFO::Fitting model to feature number 497, fe037094f4e4d88606f217b5c3d1f59c
2026-09-04 15:38:15.085187 INFO::Fitting model to feature number 498, bd7e0ad74eda8fa1477cf524f4f19e6f
2026-09-04 15:38:15.091309 INFO::Fitting model to feature number 499, X576cd6100838c548f4cebc7657f7b79a
2026-09-04 15:38:15.096912 INFO::Fitting model to feature number 500, X4563fde74ffe06000388f04756869d56
2026-09-04 15:38:15.101943 INFO::Fitting model to feature number 501, f690e76a3de3a7b1cd99d01daef0d027
2026-09-04 15:38:15.106721 INFO::Fitting model to feature number 502, ac79a9d71daed031027868720625612d
2026-09-04 15:38:15.111461 INFO::Fitting model to feature number 503, da71c37613ac4f11e563ef4e1393f3d4
2026-09-04 15:38:15.116874 INFO::Fitting model to feature number 504, X2f4a3ef5de56c8b5b8470e19c136c025
2026-09-04 15:38:15.122878 INFO::Fitting model to feature number 505, X0ae14e4ca61b4d8ec1579f833a4afc3a
2026-09-04 15:38:15.129461 INFO::Fitting model to feature number 506, X2598412b8a24c6874da8610e4f9deded
2026-09-04 15:38:15.218724 INFO::Fitting model to feature number 507, d9b7b6fee2b056ad73593d175bf71cb9
2026-09-04 15:38:15.225364 INFO::Fitting model to feature number 508, bb2cf948f512a69d0968ac5d81d5c237
2026-09-04 15:38:15.230358 INFO::Fitting model to feature number 509, X6de7a8b86171c6585fa037e920daf262
2026-09-04 15:38:15.236634 INFO::Fitting model to feature number 510, a46c68ade453c5b8cdc418a30ff62c46
2026-09-04 15:38:15.24309 INFO::Fitting model to feature number 511, X46ca097e633fe69ec90772cf148a72eb
2026-09-04 15:38:15.250091 INFO::Fitting model to feature number 512, c3c2ce25cdd0424776e1791a8aa83c13
2026-09-04 15:38:15.256715 INFO::Fitting model to feature number 513, X72f863cafb495d6e0f463b001e7dc17b
2026-09-04 15:38:15.265159 INFO::Fitting model to feature number 514, X6f4e8d53540daa897094612f2e212f68
2026-09-04 15:38:15.274026 INFO::Fitting model to feature number 515, X0368f3c75f8c9efdd5f053d81dae45d5
2026-09-04 15:38:15.282602 INFO::Fitting model to feature number 516, X65f9c4fd5a84479707002fd015bf0a45
2026-09-04 15:38:15.294187 INFO::Fitting model to feature number 517, dee7e9e6328e4af5e481f88a1f796b2a
2026-09-04 15:38:15.303637 INFO::Fitting model to feature number 518, X134a793f609e157b315d5ecc6e6b182e
2026-09-04 15:38:15.323874 INFO::Fitting model to feature number 519, fc00e5297e414e061517e3517e41bc8c
2026-09-04 15:38:15.329523 INFO::Fitting model to feature number 520, c30cad9fcfd8f81ab1ad5e4fd7791450
2026-09-04 15:38:15.335534 INFO::Fitting model to feature number 521, X5f66f15f6cb9a7b556702e828fa430bc
2026-09-04 15:38:15.342687 INFO::Fitting model to feature number 522, X8d13e288b62a6627cc9a6d410ebfc193
2026-09-04 15:38:15.351305 INFO::Fitting model to feature number 523, X0074a48d66fc98db6cedc317176f1fd9
2026-09-04 15:38:15.360554 INFO::Fitting model to feature number 524, X0224b1b988a65f1c0c1e138d525d736f
2026-09-04 15:38:15.36972 INFO::Fitting model to feature number 525, X4f5d5c70f37db3c66d86b59a75e416ee
2026-09-04 15:38:15.37778 INFO::Fitting model to feature number 526, d378a4de03e02db5daae83d3cd223cf4
2026-09-04 15:38:15.385232 INFO::Fitting model to feature number 527, X0c4a3d0ef52b9bd1cc850f6b5e880ba6
2026-09-04 15:38:15.395097 INFO::Fitting model to feature number 528, X19d8685c1c767a1204159aed4fb29258
2026-09-04 15:38:15.403883 INFO::Fitting model to feature number 529, e2f0bac1ec09a88649e2789aa212b782
2026-09-04 15:38:15.411013 INFO::Fitting model to feature number 530, X1cc4a6684b455abdfc5de43c979a0f81
2026-09-04 15:38:15.417527 INFO::Fitting model to feature number 531, f8831fa35e481423c9bf15d3f4049536
2026-09-04 15:38:15.425651 INFO::Fitting model to feature number 532, f79f7e82be925ea7d56a504a2dbefef1
2026-09-04 15:38:15.433981 INFO::Fitting model to feature number 533, X7b3b47b36e3b19f25b8c6d80c16f3d2b
2026-09-04 15:38:15.442137 INFO::Fitting model to feature number 534, X6389d560c5036679e1bff639b7f5a5bb
2026-09-04 15:38:15.451873 INFO::Fitting model to feature number 535, X6482f5ea0786a808c9b5baf5866c5a29
2026-09-04 15:38:15.464174 INFO::Fitting model to feature number 536, X11b0e60705f547f47f549d2146d2cfac
2026-09-04 15:38:15.475523 INFO::Fitting model to feature number 537, b9046294dc718e28ad978492a3508376
2026-09-04 15:38:15.484991 INFO::Fitting model to feature number 538, dc9ed72ba2a4e89a9eb4f04ede08aa4c
2026-09-04 15:38:15.493568 INFO::Fitting model to feature number 539, fcd4f1369a7e61e6dfda99e1710ccc16
2026-09-04 15:38:15.504615 INFO::Fitting model to feature number 540, d99c975c4769ca942e4ad18aad95ed25
2026-09-04 15:38:15.512178 INFO::Fitting model to feature number 541, X9879a750c4dcbe94271efc3a64a8dcc6
2026-09-04 15:38:15.519936 INFO::Fitting model to feature number 542, X0b84f4dd505d194c6ab896130bd862be
2026-09-04 15:38:15.528293 INFO::Fitting model to feature number 543, X1cd64a5ff62650fb5f56476e255ea941
2026-09-04 15:38:15.535356 INFO::Fitting model to feature number 544, X84a995c94371b6ba6a6c1272da8e1b24
2026-09-04 15:38:15.543267 INFO::Fitting model to feature number 545, X4cbabed666aa810d62a53e16b8bae40c
2026-09-04 15:38:15.550202 INFO::Fitting model to feature number 546, X2b72428ebbcbfc529a8aecf2ea37157c
2026-09-04 15:38:15.555903 INFO::Fitting model to feature number 547, X0074238c998c7fb81601ba6ca910cee2
2026-09-04 15:38:15.564243 INFO::Fitting model to feature number 548, X1263b941de1a0c2fb61d10f6b7e273da
2026-09-04 15:38:15.572932 INFO::Fitting model to feature number 549, c1a91a0726e45a33397ed6b628812bcc
2026-09-04 15:38:15.580847 INFO::Fitting model to feature number 550, X367dc19d41820be96c3139b17ad88393
2026-09-04 15:38:15.589493 INFO::Fitting model to feature number 551, X7d5aa56880a9ec00a7bb78f06f5c2d92
2026-09-04 15:38:15.599487 INFO::Fitting model to feature number 552, c1a84bb089208453669acc73b1803058
2026-09-04 15:38:15.608167 INFO::Fitting model to feature number 553, ba2f196ebaf40e40a61e9436051457fe
2026-09-04 15:38:15.617278 INFO::Fitting model to feature number 554, cb5982236c58d8bfc83be336d7a45b01
2026-09-04 15:38:15.625446 INFO::Fitting model to feature number 555, aef2d0315f579d3e34ca9c06ed461aa8
2026-09-04 15:38:15.633436 INFO::Fitting model to feature number 556, a7545bbd4b4b7719c8d9e432d4d8fc44
2026-09-04 15:38:15.641543 INFO::Fitting model to feature number 557, X9b807181eb796f6f8658db88e02c3ab1
2026-09-04 15:38:15.64932 INFO::Fitting model to feature number 558, X699df2ed93ea2ec71338ef381492fb73
2026-09-04 15:38:15.657993 INFO::Fitting model to feature number 559, X81b1d854fa98dcfc7217f209ac736c09
2026-09-04 15:38:15.666271 INFO::Fitting model to feature number 560, f555295b7f7f9ed9dbbe329b221d9e07
2026-09-04 15:38:15.673573 INFO::Fitting model to feature number 561, X861ad48b8db4560e579ed93f20485f52
2026-09-04 15:38:15.681443 INFO::Fitting model to feature number 562, X9f5bf0bf0fa780be0b7ab197316e91c4
2026-09-04 15:38:15.68849 INFO::Fitting model to feature number 563, X7111dfa20d08ec967e55b337db0875ea
2026-09-04 15:38:15.694962 INFO::Fitting model to feature number 564, X2e681b6d1b933b32f96cf0591725d304
2026-09-04 15:38:15.70275 INFO::Fitting model to feature number 565, X16ff6fdb8b9bbe665e7ec8c665e78183
2026-09-04 15:38:15.710519 INFO::Fitting model to feature number 566, d2455d996ba8da5f6a914c5bf2e76bdb
2026-09-04 15:38:15.715987 INFO::Fitting model to feature number 567, X2c9d05509cf16e1df0a09d06af6e35ee
2026-09-04 15:38:15.723052 INFO::Fitting model to feature number 568, X6499e4803df71282d4f276bc5038b9c3
2026-09-04 15:38:15.730869 INFO::Fitting model to feature number 569, X93b8f4990bcff13031bb21d0feba9ef1
2026-09-04 15:38:15.740231 INFO::Fitting model to feature number 570, fdcf6dc62b2ba950d1f777eade33b2e2
2026-09-04 15:38:15.749778 INFO::Fitting model to feature number 571, f0a6b61b8a65998ec885aeefd17019df
2026-09-04 15:38:15.757427 INFO::Fitting model to feature number 572, cfbc760bc9177688ef8445fd670910ac
2026-09-04 15:38:15.769003 INFO::Fitting model to feature number 573, X117e2ebeb25f17a7989fa76a7863d66d
2026-09-04 15:38:15.777838 INFO::Fitting model to feature number 574, b40fb7908173ee6634e537189d7d9f03
2026-09-04 15:38:15.785375 INFO::Fitting model to feature number 575, f019c487628266edc1ffdb527d9cdac8
2026-09-04 15:38:15.793899 INFO::Fitting model to feature number 576, X993a6609cb6120cb5758850bd2226422
2026-09-04 15:38:15.802368 INFO::Fitting model to feature number 577, db349d0f9b8d202b77bccedd5ec284b1
2026-09-04 15:38:15.810542 INFO::Fitting model to feature number 578, e2218e94bcd7aaaa8721124c1f9a149a
2026-09-04 15:38:15.819061 INFO::Fitting model to feature number 579, X10821628e3e458fde4ded1a39c3926af
2026-09-04 15:38:15.82834 INFO::Fitting model to feature number 580, X0e877af721259340b19029ae0231c64a
2026-09-04 15:38:15.835717 INFO::Fitting model to feature number 581, d29f81bb963e451423a48f884dbc05b0
2026-09-04 15:38:15.842579 INFO::Fitting model to feature number 582, b033223a359e0f71390d1caba3e8ef0e
2026-09-04 15:38:15.848683 INFO::Fitting model to feature number 583, d4e79f7c3c4a14a242a2ec54f7854a20
2026-09-04 15:38:15.85758 INFO::Fitting model to feature number 584, a130124737fcdfbd98b30e43310f4735
2026-09-04 15:38:15.866068 INFO::Fitting model to feature number 585, X3179789dd5bc82ead4c4d25f9b405e08
2026-09-04 15:38:15.874734 INFO::Fitting model to feature number 586, addff1327c8b525422a1a38bac47f59a
2026-09-04 15:38:15.884583 INFO::Fitting model to feature number 587, X51072144763d6f2480df1cad15babda4
2026-09-04 15:38:15.894098 INFO::Fitting model to feature number 588, X8af2b79a4e1bdc37b200c6fda2dea9c0
2026-09-04 15:38:15.903051 INFO::Fitting model to feature number 589, X7853a5d53a679ba8fd1e537fe9c7c8d1
2026-09-04 15:38:15.911966 INFO::Fitting model to feature number 590, a38d50093be16bece9e77cad438baf5b
2026-09-04 15:38:15.920722 INFO::Fitting model to feature number 591, e41e9d9d19eaa06e99b9b74fbe60fdd4
2026-09-04 15:38:15.930323 INFO::Fitting model to feature number 592, X4d5ea57ba7338b0aca057fb93a24b82b
2026-09-04 15:38:15.939301 INFO::Fitting model to feature number 593, c742bd5804b23fe1bae2f04ec30d5c4b
2026-09-04 15:38:15.946612 INFO::Fitting model to feature number 594, d8a0f68e7161889fdaf9a00dee72697b
2026-09-04 15:38:15.954732 INFO::Fitting model to feature number 595, b408f008ba73a691f5bf6c95eb64f578
2026-09-04 15:38:15.96388 INFO::Fitting model to feature number 596, X8e1dadcb1b5483dbcc99038f091ba50e
2026-09-04 15:38:15.973974 INFO::Fitting model to feature number 597, f7f02e7234f183160ac7d43463f37eec
2026-09-04 15:38:15.982747 INFO::Fitting model to feature number 598, X7bacf0ae26a001f354c5aaee38c26e5b
2026-09-04 15:38:15.991273 INFO::Fitting model to feature number 599, X8595fe44ffc2097137b3548ddceb90ee
2026-09-04 15:38:16.000218 INFO::Fitting model to feature number 600, f716fb59c9bee1b0c02ad64865f0de70
2026-09-04 15:38:16.009289 INFO::Fitting model to feature number 601, X38d92afaf362fa03e3d60c6e1cbcc941
2026-09-04 15:38:16.01857 INFO::Fitting model to feature number 602, ea35e19076b89bd364590d06ab875623
2026-09-04 15:38:16.027169 INFO::Fitting model to feature number 603, X27e997926a556e38007174107ce8d5c1
2026-09-04 15:38:16.03658 INFO::Fitting model to feature number 604, ded6d067d1f5b7ffd2ed86e0788ec67a
2026-09-04 15:38:16.043929 INFO::Fitting model to feature number 605, X85a37660aaf46d110b2d9c403cb12131
2026-09-04 15:38:16.052304 INFO::Fitting model to feature number 606, X72b97646b16e823b5d31b67a794ea974
2026-09-04 15:38:16.061052 INFO::Fitting model to feature number 607, X46be24de915fbc76ac5ab88523cb7235
2026-09-04 15:38:16.071192 INFO::Fitting model to feature number 608, a171071f11662f45b30b66f388c3dccf
2026-09-04 15:38:16.081128 INFO::Fitting model to feature number 609, X1f60a36156b7291f4b6543ae3ff27823
2026-09-04 15:38:16.091132 INFO::Fitting model to feature number 610, X88bedff2b082a15d43678825e9e73304
2026-09-04 15:38:16.09886 INFO::Fitting model to feature number 611, X553df8f491c5320e7db5eee35a62bcc7
2026-09-04 15:38:16.108624 INFO::Fitting model to feature number 612, d322a9c851baaa3669e9403ca5fa71db
2026-09-04 15:38:16.117768 INFO::Fitting model to feature number 613, X8c1aa42e3f38caaf82eb47d5bd3ecab3
2026-09-04 15:38:16.123698 INFO::Fitting model to feature number 614, c0ecd9e8ecbe7f9cca2950ca0d1e1bda
2026-09-04 15:38:16.12991 INFO::Fitting model to feature number 615, d5fefa6a95119dbe2aa218d7e707b6b6
2026-09-04 15:38:16.136258 INFO::Fitting model to feature number 616, db66d87d00a29a7cae7f21e5385cd9e9
2026-09-04 15:38:16.144414 INFO::Fitting model to feature number 617, ece90a7187114a07725d074efe460109
2026-09-04 15:38:16.15317 INFO::Fitting model to feature number 618, X616996b708fff13f5146961f7ab1d376
2026-09-04 15:38:16.161497 INFO::Fitting model to feature number 619, X23a99157e2d7180e199cdc7822f7492e
2026-09-04 15:38:16.170506 INFO::Fitting model to feature number 620, X4adae9a07fd6254c8191147328ef3c67
2026-09-04 15:38:16.179803 INFO::Fitting model to feature number 621, X86f63e39a4dcc396cb0e3426c1581ec7
2026-09-04 15:38:16.189018 INFO::Fitting model to feature number 622, X6860b39f3448ae4572a9b12afcc0a756
2026-09-04 15:38:16.19782 INFO::Fitting model to feature number 623, X293d3b7066f15134a2bd6a9370d9352a
2026-09-04 15:38:16.206128 INFO::Fitting model to feature number 624, X330511b25fce830f4ad4b90a0e70a290
2026-09-04 15:38:16.216185 INFO::Fitting model to feature number 625, X49b49aa4f854bfe985ddbf1f9ab8f276
2026-09-04 15:38:16.224413 INFO::Fitting model to feature number 626, X15c30ec5a5cb5f3fc6073508809a8ae8
2026-09-04 15:38:16.233364 INFO::Fitting model to feature number 627, c197bfccc6da06a321f59bc2c96c7162
2026-09-04 15:38:16.241846 INFO::Fitting model to feature number 628, d31f1c384392a34edcfb997bda7c234a
2026-09-04 15:38:16.250467 INFO::Fitting model to feature number 629, X02a66ea246a43083ba22855338d2aedf
2026-09-04 15:38:16.257492 INFO::Fitting model to feature number 630, X7ec8be180094b588aa83a84c0d44387e
2026-09-04 15:38:16.265073 INFO::Fitting model to feature number 631, X46b77c3ab50ad76792ced826d2122353
2026-09-04 15:38:16.273065 INFO::Fitting model to feature number 632, ab2a3e824df82facfae0d793da4705ce
2026-09-04 15:38:16.28039 INFO::Fitting model to feature number 633, X15f70377a20620ede76a1f2a910a5fa2
2026-09-04 15:38:16.288102 INFO::Fitting model to feature number 634, X48d0ad0ba5e315d80a2b745e4a64a14a
2026-09-04 15:38:16.296199 INFO::Fitting model to feature number 635, X7857d3187944415a804e443783213d31
2026-09-04 15:38:16.303774 INFO::Fitting model to feature number 636, X6fbfd7a942ccf4066297155037dc0bf1
2026-09-04 15:38:16.311792 INFO::Fitting model to feature number 637, ac937dd0986b50b6c0fc3d01f3fde005
2026-09-04 15:38:16.318332 INFO::Fitting model to feature number 638, X22ef78c3377fcf8d1e02f991eecd2893
2026-09-04 15:38:16.326031 INFO::Fitting model to feature number 639, af00438e369f9b5f7e406caa9216d383
2026-09-04 15:38:16.33411 INFO::Fitting model to feature number 640, X5b9961796686e071205ce9e49bd57a66
2026-09-04 15:38:16.343248 INFO::Fitting model to feature number 641, X1ecfc371b8787946db63d89d307b0693
2026-09-04 15:38:16.353146 INFO::Fitting model to feature number 642, ec6812a21da26b469193c7689c7e300b
2026-09-04 15:38:16.362155 INFO::Fitting model to feature number 643, X36ced6d7e229be21b5ac7d3a85b51b2b
2026-09-04 15:38:16.370966 INFO::Fitting model to feature number 644, X642e827f460c5d95f59e194ffe648b44
2026-09-04 15:38:16.378177 INFO::Fitting model to feature number 645, X116860aee27f70307062cd56aab9c56f
2026-09-04 15:38:16.387941 INFO::Fitting model to feature number 646, d892e186f5d0faef3dcb94743201ac8a
2026-09-04 15:38:16.396922 INFO::Fitting model to feature number 647, ba401d97a3d1fd259b0c9abfb61197a6
2026-09-04 15:38:16.404054 INFO::Fitting model to feature number 648, X53b0bf16a3ebf64cb2ca3854a7853e91
2026-09-04 15:38:16.413559 INFO::Fitting model to feature number 649, f41e58594369399a98ca43a5bc116814
2026-09-04 15:38:16.422113 INFO::Fitting model to feature number 650, d1300f2f31f9c146c2902a7148dab9b3
2026-09-04 15:38:16.431108 INFO::Fitting model to feature number 651, X7d1daa55acb23fe2a3081a89ebffe193
2026-09-04 15:38:16.439486 INFO::Fitting model to feature number 652, d3ff577f885248bc1829bba8608ceb9f
2026-09-04 15:38:16.448542 INFO::Fitting model to feature number 653, bd5e5af5304197e868a2b13976f2ec44
2026-09-04 15:38:16.457733 INFO::Fitting model to feature number 654, X8b9f9f5311c00090d15c955528889ca4
2026-09-04 15:38:16.466333 INFO::Fitting model to feature number 655, X5070a6a4673dc83f8c9070a35b48d1be
2026-09-04 15:38:16.474749 INFO::Fitting model to feature number 656, e6acf6e76691883091b8419f0a670f59
2026-09-04 15:38:16.482916 INFO::Fitting model to feature number 657, X5a16530a54a20f3f083344efc7cc27f7
2026-09-04 15:38:16.491427 INFO::Fitting model to feature number 658, X8158dcac1d1fed642b0f35ade437767e
2026-09-04 15:38:16.50139 INFO::Fitting model to feature number 659, X4946aacd3ea9b498d45d8293c0ad50ef
2026-09-04 15:38:16.510243 INFO::Fitting model to feature number 660, X9ee24a36e3740e27fde374d20bc45806
2026-09-04 15:38:16.518478 INFO::Fitting model to feature number 661, c4b4eb88228f525fa5022dc43b06db26
2026-09-04 15:38:16.527559 INFO::Fitting model to feature number 662, X93f37695f1b84aaf5b62169b8984beca
2026-09-04 15:38:16.539456 INFO::Fitting model to feature number 663, X2f6933e38aaa156e1cff2c27c9fc4c43
2026-09-04 15:38:16.551137 INFO::Fitting model to feature number 664, ac717b5192cf2846e6c36f3fce80cad1
2026-09-04 15:38:16.559885 INFO::Fitting model to feature number 665, aae0049765cb105fc79821c26ece84f1
2026-09-04 15:38:16.569885 INFO::Fitting model to feature number 666, X769084a00704f9d73d2ecca15adf450a
2026-09-04 15:38:16.578387 INFO::Fitting model to feature number 667, X57f316f2b8bb8cd1fcfdfe2c557148f0
2026-09-04 15:38:16.58474 INFO::Fitting model to feature number 668, X0cf4d688b407c0268b95700e5ad19d55
2026-09-04 15:38:16.590865 INFO::Fitting model to feature number 669, X1f9d114e8d3a20c7bb9811eeab731b17
2026-09-04 15:38:16.596968 INFO::Fitting model to feature number 670, X22cff5314e438d12ca41cb76554b2010
2026-09-04 15:38:16.60432 INFO::Fitting model to feature number 671, X3c406d57ff34fbce9c8690992bdc5f5d
2026-09-04 15:38:16.612292 INFO::Fitting model to feature number 672, X15dd721c2cadf5fa9486db1a75cf3091
2026-09-04 15:38:16.619775 INFO::Fitting model to feature number 673, X002085ea8c3c04471dd214414320a048
2026-09-04 15:38:16.624631 INFO::Fitting model to feature number 674, X6d5814cf85b9295a0732580d936c03c3
2026-09-04 15:38:16.632595 INFO::Fitting model to feature number 675, X2991c3b434900ecc60487ed314bfc27f
2026-09-04 15:38:16.639686 INFO::Fitting model to feature number 676, X49363be39f4e73fc08154c4e95e73321
2026-09-04 15:38:16.646775 INFO::Fitting model to feature number 677, X90d45b2e65bd23f17189e9455878f884
2026-09-04 15:38:16.656501 INFO::Fitting model to feature number 678, X7ec69f2c62aad60e060e588ef687bdd0
2026-09-04 15:38:16.669363 INFO::Fitting model to feature number 679, X8223dcff6e9b96f3e9285ce3a260cfde
2026-09-04 15:38:16.678781 INFO::Fitting model to feature number 680, e02ad2cc899cc62e9a5df522a8e3c451
2026-09-04 15:38:16.686976 INFO::Fitting model to feature number 681, X14cbfbff578d66019bd47d58c798b4c3
2026-09-04 15:38:16.693063 INFO::Fitting model to feature number 682, X70f34d28cc14b3b96bb169c9203961f1
2026-09-04 15:38:16.700529 INFO::Fitting model to feature number 683, X46a7475bfbd3a0d1254bcf3bf02c594a
2026-09-04 15:38:16.708711 INFO::Fitting model to feature number 684, ad74b107d88b3eda15225bde8f2a7611
2026-09-04 15:38:16.717435 INFO::Fitting model to feature number 685, ca230262e8f9c1e33852d876eea5b349
2026-09-04 15:38:16.724612 INFO::Fitting model to feature number 686, X1e8eba533d1486327c9205aa00ff16b5
2026-09-04 15:38:16.730834 INFO::Fitting model to feature number 687, fc7b257064027e1bc2b6fbfb4584677d
2026-09-04 15:38:16.737983 INFO::Fitting model to feature number 688, b3d7c668f62042e81ea4183f4ec0efdb
2026-09-04 15:38:16.746603 INFO::Fitting model to feature number 689, X64db8404bb5d297d9e37f6fb3ad2010c
2026-09-04 15:38:16.755469 INFO::Fitting model to feature number 690, X72355d57027d23aca5dc5c7619a2cd96
2026-09-04 15:38:16.763476 INFO::Fitting model to feature number 691, b7f8c3ecb00ba91604938b183ca1933f
2026-09-04 15:38:16.77195 INFO::Fitting model to feature number 692, X3f612f36a4139fcb7af195ee2cb0834d
2026-09-04 15:38:16.780371 INFO::Fitting model to feature number 693, X59df091cad70ff2bacbf82a7c4724f87
2026-09-04 15:38:16.787898 INFO::Fitting model to feature number 694, X1e63564dc26ca56c52b18f6f5fe808d9
2026-09-04 15:38:16.79624 INFO::Fitting model to feature number 695, d3a60d931aed828666a7818a3da0ee38
2026-09-04 15:38:16.806436 INFO::Fitting model to feature number 696, a86e32c1bd582dcba8d221fd6994482c
2026-09-04 15:38:16.815015 INFO::Fitting model to feature number 697, fbb3aaf32c640635c86a7c829a85ed34
2026-09-04 15:38:16.821447 INFO::Fitting model to feature number 698, ffdc379ce4e6cc286de85b251ec6d8ab
2026-09-04 15:38:16.826344 INFO::Fitting model to feature number 699, X1288bd755da25ee95650e54292f8e07c
2026-09-04 15:38:16.83163 INFO::Fitting model to feature number 700, X90c0035ae54087a647e0e82a190ee448
2026-09-04 15:38:16.836125 INFO::Fitting model to feature number 701, X3a4629502b41450600e793677caa5387
2026-09-04 15:38:16.840628 INFO::Fitting model to feature number 702, a84550a2d6bf202358c055f0e974c9e2
2026-09-04 15:38:16.84468 INFO::Fitting model to feature number 703, f4bceeae772fe5d1c10e76993f2775fa
2026-09-04 15:38:16.849564 INFO::Fitting model to feature number 704, ac4ac274d280050de041eaa56cbe3c92
2026-09-04 15:38:16.854068 INFO::Fitting model to feature number 705, f04fe6bfafef10ac2ab7c0525ef2b09d
2026-09-04 15:38:16.85808 INFO::Fitting model to feature number 706, d0759c304fc7b0b7642fb564dbce4e55
2026-09-04 15:38:16.86277 INFO::Fitting model to feature number 707, X06c409910eaf5f75ef54e303b000111b
2026-09-04 15:38:16.867707 INFO::Fitting model to feature number 708, f71db93be1c531888484e813725fa680
2026-09-04 15:38:16.871896 INFO::Fitting model to feature number 709, ea31672fb76c2d720f74a11c27f7c17d
2026-09-04 15:38:16.876141 INFO::Fitting model to feature number 710, X179a2aa993179c08304c982daabf4cb2
2026-09-04 15:38:16.880293 INFO::Fitting model to feature number 711, X2a1d03cc7f363ce20f526e9f1b4187cf
2026-09-04 15:38:16.884275 INFO::Fitting model to feature number 712, X2ea0ae7a46fdf3b091edc5449a40e332
2026-09-04 15:38:16.888249 INFO::Fitting model to feature number 713, X5f58cd871494492269ff595cbf4c6c44
2026-09-04 15:38:16.894074 INFO::Fitting model to feature number 714, X74b5a6b749924965c5034b2da7326ed1
2026-09-04 15:38:16.899308 INFO::Fitting model to feature number 715, e3a427a6309663e735d0f377619867d1
2026-09-04 15:38:16.903545 INFO::Fitting model to feature number 716, c66c82398333a5b033cfbc88f2deb5ce
2026-09-04 15:38:16.9083 INFO::Fitting model to feature number 717, fca8a899f0212537b4749fcd0cfe9572
2026-09-04 15:38:16.914009 INFO::Fitting model to feature number 718, X2b40c022fbe562c3b2f221f0b2d29305
2026-09-04 15:38:16.920686 INFO::Fitting model to feature number 719, c48971a2478c87d8d863fbfb715440bc
2026-09-04 15:38:16.925542 INFO::Fitting model to feature number 720, X944bad048e0ea316aa96276bef89f178
2026-09-04 15:38:16.931023 INFO::Fitting model to feature number 721, X1c81758c43c0ca40c7aad4c9d82e3dc9
2026-09-04 15:38:16.936162 INFO::Fitting model to feature number 722, f52cc48609defa77a00f73123ba2b223
2026-09-04 15:38:16.942313 INFO::Fitting model to feature number 723, ae7a17d922675255f2c117041385de76
2026-09-04 15:38:16.949171 INFO::Fitting model to feature number 724, X3a6a103fe8adb17da246884f091c89f0
2026-09-04 15:38:16.95412 INFO::Fitting model to feature number 725, X81496373f17893e8c78889b21b9d9781
2026-09-04 15:38:16.958846 INFO::Fitting model to feature number 726, b473d3b9f56f04edbcc9949ac7c997f9
2026-09-04 15:38:16.963082 INFO::Fitting model to feature number 727, X09de3dde6c465b74bcb8e6f8a478e4e0
2026-09-04 15:38:16.967648 INFO::Fitting model to feature number 728, fda92df4fad27f969b71f944af93d9c9
2026-09-04 15:38:16.971729 INFO::Fitting model to feature number 729, X21021bdd12e09ce57c9809e7f6a75cb2
2026-09-04 15:38:16.975859 INFO::Fitting model to feature number 730, c8d1e9e05032d7101f7074ce7ce123af
2026-09-04 15:38:16.98081 INFO::Fitting model to feature number 731, X490311f3d1a99ebe1e75fc9ab2946594
2026-09-04 15:38:16.985191 INFO::Fitting model to feature number 732, ad6847c64a5f55160daf02a9ee834d94
2026-09-04 15:38:16.989678 INFO::Fitting model to feature number 733, X6052c6018dc1a0fb3bccec096b0d74b8
2026-09-04 15:38:16.994139 INFO::Fitting model to feature number 734, X754e12c467abe38b8d8aa9c79952a7f9
2026-09-04 15:38:16.998421 INFO::Fitting model to feature number 735, X577d976591e1cfe7603340048dfd1299
2026-09-04 15:38:17.002727 INFO::Fitting model to feature number 736, d9bddde92ab4f75fcbdb3bc11a37c41e
2026-09-04 15:38:17.006937 INFO::Fitting model to feature number 737, X0086dc5db7606294d31e898aa5bef5f8
2026-09-04 15:38:17.012108 INFO::Fitting model to feature number 738, X86e12c61dee6a1e1bcc9035764d7dcd9
2026-09-04 15:38:17.016547 INFO::Fitting model to feature number 739, X29d249d9deca741ac3ed4eea1e7819ff
2026-09-04 15:38:17.020773 INFO::Fitting model to feature number 740, X1323a5b6dbbf5e7acf1afa7d8617ff1e
2026-09-04 15:38:17.02509 INFO::Fitting model to feature number 741, X644e54b8ec5af158bba8bd750443f3aa
2026-09-04 15:38:17.03061 INFO::Fitting model to feature number 742, X81fe5149b9ca7e2b0083baa138a1b10c
2026-09-04 15:38:17.035748 INFO::Fitting model to feature number 743, X2dbc12bcb5aaaebfa0557243c998cf0f
2026-09-04 15:38:17.040381 INFO::Fitting model to feature number 744, X82c31a86b5c777f9decb3e08c1b59b58
2026-09-04 15:38:17.045217 INFO::Fitting model to feature number 745, X10dd3e8bab030cf25f3cdfcad69d50aa
2026-09-04 15:38:17.050946 INFO::Fitting model to feature number 746, X0296bb5d13421ce997f2c4e6eb1a52f7
2026-09-04 15:38:17.055378 INFO::Fitting model to feature number 747, b0cfc2bcd6d42bd25931b0c9d97b9c0a
2026-09-04 15:38:17.059668 INFO::Fitting model to feature number 748, X68fb4f4c2c976da006edc8e3fa0280eb
2026-09-04 15:38:17.065269 INFO::Fitting model to feature number 749, X58b61ab2faf46b2e723b61cb75d41d73
2026-09-04 15:38:17.071565 INFO::Fitting model to feature number 750, X05cef76f349996d7fc093cda2219554f
2026-09-04 15:38:17.076284 INFO::Fitting model to feature number 751, X306ffef6d899eed21bb000c5bed42948
2026-09-04 15:38:17.082298 INFO::Fitting model to feature number 752, dd14a85d55ab61c29b273f575f1632d7
2026-09-04 15:38:17.086677 INFO::Fitting model to feature number 753, e9db40c8c6bee07f62ec5d5161167f2c
2026-09-04 15:38:17.090448 INFO::Fitting model to feature number 754, X992d4d84004e921e2356b0a17d4a66a8
2026-09-04 15:38:17.09437 INFO::Fitting model to feature number 755, X935f3388748f455cb6362705f4582773
2026-09-04 15:38:17.100271 INFO::Fitting model to feature number 756, X23546c76839072bf2cefbde86181042d
2026-09-04 15:38:17.10463 INFO::Fitting model to feature number 757, X732268b2cde7f6e4eeb959b9904a856a
2026-09-04 15:38:17.10923 INFO::Fitting model to feature number 758, de0d0a9506b63613c69beff09b81c44d
2026-09-04 15:38:17.113444 INFO::Fitting model to feature number 759, X9dfb6bd9f3f28f7bef21b5b782962026
2026-09-04 15:38:17.118819 INFO::Fitting model to feature number 760, X7ae3ca18d2f3f7b1df4b5e8030049437
2026-09-04 15:38:17.123495 INFO::Fitting model to feature number 761, X8d10ba9ecc60725589a151d802507cb8
2026-09-04 15:38:17.127592 INFO::Fitting model to feature number 762, X7a34bd904c04a4f2d6f903b7378bd032
2026-09-04 15:38:17.133173 INFO::Fitting model to feature number 763, e03940331073c6b255c2e172c2ebcee0
2026-09-04 15:38:17.160878 INFO::Fitting model to feature number 764, X7fe3b0d4a42d00b6320e1351766ff6aa
2026-09-04 15:38:17.166764 INFO::Fitting model to feature number 765, X2d4925c1a6ac3ebe2e5bb80852f9a712
2026-09-04 15:38:17.171638 INFO::Fitting model to feature number 766, X31b6bd37545a70f63343ae664b031625
2026-09-04 15:38:17.176582 INFO::Fitting model to feature number 767, e3f59df2dc7e5ca4c29ba16bffb20c65
2026-09-04 15:38:17.180978 INFO::Fitting model to feature number 768, X1b0326bf0a6dcef5d958da5e0b43a284
2026-09-04 15:38:17.185779 INFO::Fitting model to feature number 769, a41e4eb0370d0a492d555987eb141d89
2026-09-04 15:38:17.19083 INFO::Fitting model to feature number 770, X8fab9328be04b72fba4817db9e48b9ef
2026-09-04 15:38:17.194986 INFO::Fitting model to feature number 771, X94a7a76b924dad1eeb46b645b35ce42c
2026-09-04 15:38:17.200259 INFO::Fitting model to feature number 772, X358e020d780326d26aabc971a1ef8876
2026-09-04 15:38:17.20421 INFO::Fitting model to feature number 773, X4bfd33f4a11c52fbf680ca831858fd7e
2026-09-04 15:38:17.208101 INFO::Fitting model to feature number 774, e147b59672d5b3fd45f1892b61ca78e3
2026-09-04 15:38:17.212828 INFO::Fitting model to feature number 775, X6875688039d84275ed42ac41f5035aca
2026-09-04 15:38:17.217347 INFO::Fitting model to feature number 776, X86b30873b5a53654038175bf96772f4d
2026-09-04 15:38:17.221861 INFO::Fitting model to feature number 777, b64810a9bcdbb39e6ea6607148fa08ee
2026-09-04 15:38:17.225665 INFO::Fitting model to feature number 778, X117a12b24ca312fb2c8304666d637467
2026-09-04 15:38:17.23031 INFO::Fitting model to feature number 779, X45be8d5ffe7ac45f4e6ed5a4743647ba
2026-09-04 15:38:17.234748 INFO::Fitting model to feature number 780, e86aff9d83cae9a0a12ce9418a82f731
2026-09-04 15:38:17.238629 INFO::Fitting model to feature number 781, fc1ddc74a546b88d1915f9a1e6c6c184
2026-09-04 15:38:17.243512 INFO::Fitting model to feature number 782, dfbe73d575bbe3c06fb5e35766736596
2026-09-04 15:38:17.248878 INFO::Fitting model to feature number 783, X6debe21a611ad931d1e4d465a609dc4a
2026-09-04 15:38:17.253234 INFO::Fitting model to feature number 784, X45fda4c6e6d36179fa0c4383376116f5
2026-09-04 15:38:17.257475 INFO::Fitting model to feature number 785, X444a5d2e1edf778209fd4837af7d2e65
2026-09-04 15:38:17.262451 INFO::Fitting model to feature number 786, X65ad44ad8d7d96c9f810fbed5c8066eb
2026-09-04 15:38:17.267435 INFO::Fitting model to feature number 787, X5228684e612e6b373dc2539e6e5b9baa
2026-09-04 15:38:17.272792 INFO::Fitting model to feature number 788, b286420e1358b25de3044d4210998bd0
2026-09-04 15:38:17.277971 INFO::Fitting model to feature number 789, X83298e13001ffe21fbe2234f3081383c
2026-09-04 15:38:17.284763 INFO::Fitting model to feature number 790, X2a4863a84bf70e4da20cf6cda8cc8ec2
2026-09-04 15:38:17.290681 INFO::Fitting model to feature number 791, X83006155afc51c05d2b42a456d5be9b7
2026-09-04 15:38:17.294814 INFO::Fitting model to feature number 792, b1c7a85af1d7c5606009ad7ecae291b2
2026-09-04 15:38:17.299376 INFO::Fitting model to feature number 793, df827a58f6b377fcf5b6860d49301447
2026-09-04 15:38:17.303856 INFO::Fitting model to feature number 794, X3d2cb4d432637a967953485f20f9eec5
2026-09-04 15:38:17.307519 INFO::Fitting model to feature number 795, X9e492bade21653744bcbfc304be16fb7
2026-09-04 15:38:17.310916 INFO::Fitting model to feature number 796, X55008a2eb4479de244e822f55b015c7a
2026-09-04 15:38:17.315363 INFO::Fitting model to feature number 797, f4a831fa091eab6956331ba126b986e6
2026-09-04 15:38:17.318924 INFO::Fitting model to feature number 798, X05e092e03eb18588060216b83c8c35f0
2026-09-04 15:38:17.322282 INFO::Fitting model to feature number 799, X495eb06d2fa84bc70027d6a048f86977
2026-09-04 15:38:17.325559 INFO::Fitting model to feature number 800, X29bcbd6e828d6286c99f762d0da66bfa
2026-09-04 15:38:17.32933 INFO::Fitting model to feature number 801, X680bd2312e8619e2209378e47af98710
2026-09-04 15:38:17.333538 INFO::Fitting model to feature number 802, X5295f710a2863493c3fa6f5d104b7f85
2026-09-04 15:38:17.337068 INFO::Fitting model to feature number 803, ebc2335e296915a462ee570d14cd35fa
2026-09-04 15:38:17.340651 INFO::Fitting model to feature number 804, be3cd5fc2d7aa7318a3cfe2900e669cf
2026-09-04 15:38:17.344309 INFO::Fitting model to feature number 805, ff4a3ae241768379bc4514556b875686
2026-09-04 15:38:17.348233 INFO::Fitting model to feature number 806, efaa83a0d66634a59d37855c60f19aae
2026-09-04 15:38:17.352047 INFO::Fitting model to feature number 807, X8699c066cefba3afa8513da99db61535
2026-09-04 15:38:17.355661 INFO::Fitting model to feature number 808, X45136f2b52460b13f94fab4e2a6f2927
2026-09-04 15:38:17.359351 INFO::Fitting model to feature number 809, X08cc5ca9bbbb0709cef52dde95e762f2
2026-09-04 15:38:17.362856 INFO::Fitting model to feature number 810, X0e9d334f913b5ff2d32252ec7e90a28f
2026-09-04 15:38:17.36636 INFO::Fitting model to feature number 811, X2f660457bd1d8d841364e08e96507d08
2026-09-04 15:38:17.371183 INFO::Fitting model to feature number 812, X344d0da289e986bb5c7e86ee7a303bba
2026-09-04 15:38:17.375799 INFO::Fitting model to feature number 813, X5b3b0872d278327e82c4b8b55d328345
2026-09-04 15:38:17.379992 INFO::Fitting model to feature number 814, X382df3e0baaef58683f1815a6dd0082f
2026-09-04 15:38:17.38464 INFO::Fitting model to feature number 815, c5f63d29f715d92a595cde36cccd6d9d
2026-09-04 15:38:17.38913 INFO::Fitting model to feature number 816, X4949fe0db03d05998d5074355e66760e
2026-09-04 15:38:17.394195 INFO::Fitting model to feature number 817, X27f246cd4fee5eefc5b9dbed86c802b1
2026-09-04 15:38:17.399422 INFO::Fitting model to feature number 818, c9ff625533f762323c7053f121cdc82e
2026-09-04 15:38:17.404233 INFO::Fitting model to feature number 819, X91d04e3057a53158682f8c3742e6266a
2026-09-04 15:38:17.408274 INFO::Fitting model to feature number 820, X8b21e9b07a620afad875efd5cf5cc17b
2026-09-04 15:38:17.412207 INFO::Fitting model to feature number 821, aadf15eecadb292d444c66b51235c196
2026-09-04 15:38:17.416165 INFO::Fitting model to feature number 822, X7f821b26f148d93626119f434dd5b5a5
2026-09-04 15:38:17.419933 INFO::Fitting model to feature number 823, X9630f9ee63cc0be75cd903690c6ea353
2026-09-04 15:38:17.42358 INFO::Fitting model to feature number 824, X93006e75c917df32eff6cbd0cffb9eb6
2026-09-04 15:38:17.427676 INFO::Fitting model to feature number 825, X2737b612b737ccb40655db0662dbbcb1
2026-09-04 15:38:17.432051 INFO::Fitting model to feature number 826, fde8e84cce41b1ce4694d7b9a136fed0
2026-09-04 15:38:17.435708 INFO::Fitting model to feature number 827, X2081602c247656e13b84098f86f682fb
2026-09-04 15:38:17.439475 INFO::Fitting model to feature number 828, d4aebdb2bbeade9511456476cf129fa7
2026-09-04 15:38:17.443174 INFO::Fitting model to feature number 829, b2502816cf9dc708b96025d23fb925ce
2026-09-04 15:38:17.446992 INFO::Fitting model to feature number 830, X609c7403d0fd197b074e66e173439e02
2026-09-04 15:38:17.450679 INFO::Fitting model to feature number 831, X27af17b435f0eaea0b8e0f73e1cea442
2026-09-04 15:38:17.45441 INFO::Fitting model to feature number 832, fc3bee12d66371ab8a147dba41d7b247
2026-09-04 15:38:17.458072 INFO::Fitting model to feature number 833, c9051647c434169c0c0548c0b891ddcb
2026-09-04 15:38:17.46212 INFO::Fitting model to feature number 834, X3414832da4ebb865f6dd8cef2960f3ae
2026-09-04 15:38:17.466602 INFO::Fitting model to feature number 835, X9bb14823fcd15f4631be21a5676ec15b
2026-09-04 15:38:17.47081 INFO::Fitting model to feature number 836, df38aff51861c1ca55a59efc8c912829
2026-09-04 15:38:17.476042 INFO::Fitting model to feature number 837, e11a7c3dc2f795a675bfb440c319bbc4
2026-09-04 15:38:17.481017 INFO::Fitting model to feature number 838, X3448d53788dd6e07e471735ade91cfb1
2026-09-04 15:38:17.485629 INFO::Fitting model to feature number 839, X1d04bfbed61d8ca564d0c090bf7158dc
2026-09-04 15:38:17.490573 INFO::Fitting model to feature number 840, aaa659efa323c1ef325a599d1de5b93a
2026-09-04 15:38:17.49485 INFO::Fitting model to feature number 841, X4a187e4af130163a1f52acc5346105aa
2026-09-04 15:38:17.499867 INFO::Fitting model to feature number 842, X8cbf652a2d158b381d513998bf5e8f82
2026-09-04 15:38:17.503874 INFO::Fitting model to feature number 843, X2449d31f99d74b795c23c0fab50f6376
2026-09-04 15:38:17.507731 INFO::Fitting model to feature number 844, d284a43c85080ee7cba1cf0e98e25965
2026-09-04 15:38:17.511581 INFO::Fitting model to feature number 845, f682ab7ce14f68292ea45a066404b92e
2026-09-04 15:38:17.516197 INFO::Fitting model to feature number 846, X75b2350101f4e6a267bf7c81d37edab8
2026-09-04 15:38:17.52057 INFO::Fitting model to feature number 847, f888888f4cee84688d9a087f2ac4071a
2026-09-04 15:38:17.525003 INFO::Fitting model to feature number 848, ff9757c22b00ea283f7e9f5bbf55a1aa
2026-09-04 15:38:17.529058 INFO::Fitting model to feature number 849, X53387e257ffc543c3c7bb27f25fe275a
2026-09-04 15:38:17.533879 INFO::Fitting model to feature number 850, X4c8e74f02805453642c1235e61de06ef
2026-09-04 15:38:17.539831 INFO::Fitting model to feature number 851, X578cabc2ffdc8324871bfe6fcb86c8a9
2026-09-04 15:38:17.543671 INFO::Fitting model to feature number 852, X1478b162047da31a857ff642ada627f4
2026-09-04 15:38:17.547693 INFO::Fitting model to feature number 853, X22d47ace5170b49b15c402d08c27745a
2026-09-04 15:38:17.553025 INFO::Fitting model to feature number 854, dbf6d7757be706cf55237aa9474e6fe2
2026-09-04 15:38:17.557143 INFO::Fitting model to feature number 855, X9b1687e3f44ec77e101fdcb240a42150
2026-09-04 15:38:17.561217 INFO::Fitting model to feature number 856, X4cbabcefe79806b5273823ebec22fb24
2026-09-04 15:38:17.56742 INFO::Fitting model to feature number 857, aa3b685972051a4b15173adc81d71667
2026-09-04 15:38:17.577648 INFO::Fitting model to feature number 858, X030df865d6a5b66005c10179478c26b7
2026-09-04 15:38:17.58627 INFO::Fitting model to feature number 859, X9d6427c97ea07c6303f0e3ff22d324ba
2026-09-04 15:38:17.59348 INFO::Fitting model to feature number 860, e38b7ae95345775d32afcf5aefaf7dcb
2026-09-04 15:38:17.599514 INFO::Fitting model to feature number 861, X5feaa88d4524bd064ae3f58d405ee1cc
2026-09-04 15:38:17.604212 INFO::Fitting model to feature number 862, X98a95bff4f362db41ca6b4d88691f079
2026-09-04 15:38:17.61199 INFO::Fitting model to feature number 863, a66008bd2ac2de565316b665c8449454
2026-09-04 15:38:17.618813 INFO::Fitting model to feature number 864, X0302b6711c3421fd4463c37658685463
2026-09-04 15:38:17.625293 INFO::Fitting model to feature number 865, X45bab4fbcb036809afc69312addc38d1
2026-09-04 15:38:17.631108 INFO::Fitting model to feature number 866, bac9d994315abce521dffab2bbcd284d
2026-09-04 15:38:17.635644 INFO::Fitting model to feature number 867, e44c0dc26e57981a91a305cb77e9b4ff
2026-09-04 15:38:17.639985 INFO::Fitting model to feature number 868, X49dd13d9b323fe9e074eefde2bbcd317
2026-09-04 15:38:17.643727 INFO::Fitting model to feature number 869, b0dbb8722e6bae57ffc2b42325d33a40
2026-09-04 15:38:17.647316 INFO::Fitting model to feature number 870, X427b8ead127fc0b334406fbaca3f38d7
2026-09-04 15:38:17.65125 INFO::Fitting model to feature number 871, ad2ba11296c74fbe8adc62ece4adccac
2026-09-04 15:38:17.655588 INFO::Fitting model to feature number 872, X8f66bab95993ad5364ec8c3deb7f9480
2026-09-04 15:38:17.660992 INFO::Fitting model to feature number 873, X5b11c2cd60e7d52df73e742888194fd8
2026-09-04 15:38:17.665248 INFO::Fitting model to feature number 874, a5ce2abe540b5a1f42949458e9f06063
2026-09-04 15:38:17.669182 INFO::Fitting model to feature number 875, b7fe19357f45d58a3da15663108da6f1
2026-09-04 15:38:17.673985 INFO::Fitting model to feature number 876, X08d5f62db2ed11b14b8cd442334e7d00
2026-09-04 15:38:17.677934 INFO::Fitting model to feature number 877, X2bbe52154caa4c2adf279cb6aa9f2db5
2026-09-04 15:38:17.682517 INFO::Fitting model to feature number 878, c816e73177f1bb2f0de31e8d6a787e9c
2026-09-04 15:38:17.686499 INFO::Fitting model to feature number 879, X4f55bb19baeb2eb8268302eb1c84cd1c
2026-09-04 15:38:17.690786 INFO::Fitting model to feature number 880, d24ba3e2bca71e0ab8255a046debb2a6
2026-09-04 15:38:17.695118 INFO::Fitting model to feature number 881, c12f852b60667c53ae671fc9bf6fdb9f
2026-09-04 15:38:17.699934 INFO::Fitting model to feature number 882, X5178e9441cf8c8b2c71fabcd4068b15c
2026-09-04 15:38:17.703981 INFO::Fitting model to feature number 883, b30ef6035ca7aec724ef80d596bc1bab
2026-09-04 15:38:17.709409 INFO::Fitting model to feature number 884, X18fe26b58f7f762c2a528f6d580c0362
2026-09-04 15:38:17.715121 INFO::Fitting model to feature number 885, X789fd7219bb913aa0edeea9c040d3d06
2026-09-04 15:38:17.720156 INFO::Fitting model to feature number 886, X5c4119c2af078778441726ad7e04a253
2026-09-04 15:38:17.724399 INFO::Fitting model to feature number 887, e23f13c4880a9bef120d582d3b9cc6f8
2026-09-04 15:38:17.728637 INFO::Fitting model to feature number 888, X589ec485d0d65062e45cc72b27c2fa31
2026-09-04 15:38:17.733691 INFO::Fitting model to feature number 889, bdb04738a220c8cb21f48e9d10133113
2026-09-04 15:38:17.7387 INFO::Fitting model to feature number 890, f33d699ff38dbd7df406767cd6f880a6
2026-09-04 15:38:17.742892 INFO::Fitting model to feature number 891, X91e4caa23286a4f018b8d5f9c2b038ff
2026-09-04 15:38:17.746814 INFO::Fitting model to feature number 892, X9ef90d113cba29a6fa3666c185cb6bd8
2026-09-04 15:38:17.750171 INFO::Fitting model to feature number 893, X7f7f581b24451331c4f5dc0950c90ca9
2026-09-04 15:38:17.754963 INFO::Fitting model to feature number 894, X8eb1aa0d5cbad21b5af75ec62e0604d0
2026-09-04 15:38:17.759342 INFO::Fitting model to feature number 895, X726a7a94581d1987e230ae082232763f
2026-09-04 15:38:17.76524 INFO::Fitting model to feature number 896, X9910b78ecfcab8367a1b3ae162fb4cee
2026-09-04 15:38:17.76918 INFO::Fitting model to feature number 897, X35c9f2904eb6080634ec9c50380f8805
2026-09-04 15:38:17.772829 INFO::Fitting model to feature number 898, a1b1b70a3a7772a4826cca570fc9ed63
2026-09-04 15:38:17.77668 INFO::Fitting model to feature number 899, X7192fde7619b605afa8fdcbe100ccbd7
2026-09-04 15:38:17.78065 INFO::Fitting model to feature number 900, X78862a97f19271c27609cee73c7f4e00
2026-09-04 15:38:17.784512 INFO::Fitting model to feature number 901, cb06a4bdf66bbe038337ac2fc29f2d8e
2026-09-04 15:38:17.787936 INFO::Fitting model to feature number 902, X55e845ec2b2dde77fc20c136d78ee7ad
2026-09-04 15:38:17.791432 INFO::Fitting model to feature number 903, X948ce947e78ef542e7f7bdacc4eb2bf7
2026-09-04 15:38:17.794853 INFO::Fitting model to feature number 904, X106b7487135f87660fd21dff1dfffa47
2026-09-04 15:38:17.798997 INFO::Fitting model to feature number 905, X39dc76adba771c11dda3986bf001b662
2026-09-04 15:38:17.802733 INFO::Fitting model to feature number 906, X445b68d5068cb22a86b6f544371c0736
2026-09-04 15:38:17.806432 INFO::Fitting model to feature number 907, X6432814bdab40c918d17483b5e0c0ae6
2026-09-04 15:38:17.8099 INFO::Fitting model to feature number 908, X59481ceedcab178c028e0a4bee01db63
2026-09-04 15:38:17.813566 INFO::Fitting model to feature number 909, X5c72bfc5c2c03f4ce353dab0ca1335e7
2026-09-04 15:38:17.819953 INFO::Fitting model to feature number 910, X8cdc57833ef0f9307e17386efbd280b3
2026-09-04 15:38:17.824182 INFO::Fitting model to feature number 911, X65524fbf0e3bbd4a2251655f81d4caeb
2026-09-04 15:38:17.828171 INFO::Fitting model to feature number 912, X5b4006d0de913f6642cf183cb20be492
2026-09-04 15:38:17.83251 INFO::Fitting model to feature number 913, a88a19c329baf8c273d8741211a68186
2026-09-04 15:38:17.836081 INFO::Fitting model to feature number 914, ae3a0d1a42996c3597632985f8aaff20
2026-09-04 15:38:17.839589 INFO::Fitting model to feature number 915, X600155146fad6f59263d24767048df92
2026-09-04 15:38:17.843545 INFO::Fitting model to feature number 916, be1c022b7913c07466599480771ca475
2026-09-04 15:38:17.847902 INFO::Fitting model to feature number 917, X66c75141b6cc5f29b38f794ad6433eef
2026-09-04 15:38:17.852254 INFO::Fitting model to feature number 918, X957a525f57ea30f598c9cdafe5721781
2026-09-04 15:38:17.855997 INFO::Fitting model to feature number 919, X9bc801f7a80ecd8428deaf488161f41a
2026-09-04 15:38:17.86079 INFO::Fitting model to feature number 920, X8e244c5f638a5cefa21683dc026a8c35
2026-09-04 15:38:17.86724 INFO::Fitting model to feature number 921, X9cf24ad9887eff6ca510f3629e38c25a
2026-09-04 15:38:17.873365 INFO::Fitting model to feature number 922, d3018222cd4861e92dc00f9181533682
2026-09-04 15:38:17.878946 INFO::Fitting model to feature number 923, X8654abeb03051c3103bd59723fd23af2
2026-09-04 15:38:17.883915 INFO::Fitting model to feature number 924, X8884593e6daeb04434eca7c7ea8728ce
2026-09-04 15:38:17.888023 INFO::Fitting model to feature number 925, b8bee8a38a71d07528af1bd9689f2f1a
2026-09-04 15:38:17.892303 INFO::Fitting model to feature number 926, X1bd4b3b01b4144a568fe250d4577f03f
2026-09-04 15:38:17.896345 INFO::Fitting model to feature number 927, f51d7d86f0745a9d94f20d141552f940
2026-09-04 15:38:17.901562 INFO::Fitting model to feature number 928, X8a9be522625d780ad4262efbc53eda02
2026-09-04 15:38:17.905776 INFO::Fitting model to feature number 929, acb1afbd01620a6468aa7958c037a05a
2026-09-04 15:38:17.910567 INFO::Fitting model to feature number 930, X39fd59fb6b1d1ca7580f5f4b0648e9bd
2026-09-04 15:38:17.914939 INFO::Fitting model to feature number 931, X018255ca7287be709143d4edee457b33
2026-09-04 15:38:17.919281 INFO::Fitting model to feature number 932, X08c4cbab33c288015ae8edb5d04c5b95
2026-09-04 15:38:17.925541 INFO::Fitting model to feature number 933, X6e9509e5cc965b817c9e811c040ae49c
2026-09-04 15:38:17.929633 INFO::Fitting model to feature number 934, a60edcd9947213e9b1a06066205fc4af
2026-09-04 15:38:17.933972 INFO::Fitting model to feature number 935, fc27c909d92c30000f2fce40bdda1cf7
2026-09-04 15:38:17.939415 INFO::Fitting model to feature number 936, X02d6ac442ceffa833eb9dad31596e0bc
2026-09-04 15:38:17.945412 INFO::Fitting model to feature number 937, e7a22e820e63b39344f5ffdeb2d9e040
2026-09-04 15:38:17.951097 INFO::Fitting model to feature number 938, X1f3691f5d2bb06e49f0c0c7b0d1fe1ae
2026-09-04 15:38:17.956808 INFO::Fitting model to feature number 939, X81703e7ea9070f5db356c359ddd4731e
2026-09-04 15:38:17.962276 INFO::Fitting model to feature number 940, X1406cab91377de7a3ba021fc160fc8d6
2026-09-04 15:38:17.96811 INFO::Fitting model to feature number 941, X60a19e40f5c622def9527f1574a46077
2026-09-04 15:38:17.973933 INFO::Fitting model to feature number 942, X395a88a00302383f951cfa297e8f0f66
2026-09-04 15:38:17.980239 INFO::Fitting model to feature number 943, abac8c518d7f245e65bd8706c57736b9
2026-09-04 15:38:17.984922 INFO::Fitting model to feature number 944, X85a2838176a44416fb97822da4d8ed58
2026-09-04 15:38:17.990118 INFO::Fitting model to feature number 945, X1f3e0e00723a8b239da5ee4874e79498
2026-09-04 15:38:17.995075 INFO::Fitting model to feature number 946, X1d2900cdf7b591798cced5d7d2989635
2026-09-04 15:38:18.001466 INFO::Fitting model to feature number 947, X0b7ee59778fc8e0377f8091c86b4f678
2026-09-04 15:38:18.007252 INFO::Fitting model to feature number 948, adac632de09439e770c9c543ca1bbffb
2026-09-04 15:38:18.012685 INFO::Fitting model to feature number 949, X57b95a28e499db839fc745b99d80e1f9
2026-09-04 15:38:18.018097 INFO::Fitting model to feature number 950, X437d37103a43df7c01b9cb40e5963d67
2026-09-04 15:38:18.023758 INFO::Fitting model to feature number 951, X869778ce835a1bca866993c3b2bec4f2
2026-09-04 15:38:18.029214 INFO::Fitting model to feature number 952, X9e1f9f747807bfb1b7eb38abe5018c13
2026-09-04 15:38:18.035291 INFO::Fitting model to feature number 953, X2e2d0d2f648a8ce511450a4df9c71794
2026-09-04 15:38:18.042392 INFO::Fitting model to feature number 954, a70b8ee02e5e6777c5d09ca1bfb7a0a3
2026-09-04 15:38:18.049607 INFO::Fitting model to feature number 955, d513e452420cfc3cb7bd4040afee7b4b
2026-09-04 15:38:18.055929 INFO::Fitting model to feature number 956, X29f32f20f1e1b7a2fe8251f54a6fbc12
2026-09-04 15:38:18.062464 INFO::Fitting model to feature number 957, X3ac8b44e9af87ad4d70b0ad308967655
2026-09-04 15:38:18.07179 INFO::Fitting model to feature number 958, X8ebe6251e8fbcc226351c3df5884798b
2026-09-04 15:38:18.080323 INFO::Fitting model to feature number 959, e4e38e27fbeb070cf3dd6c66e4af390b
2026-09-04 15:38:18.089255 INFO::Fitting model to feature number 960, cd695e19068c7dfedb4ca99b2278d3fb
2026-09-04 15:38:18.098094 INFO::Fitting model to feature number 961, X39362d6e524e22ea207e7d0c2aaf4338
2026-09-04 15:38:18.10565 INFO::Fitting model to feature number 962, b742d2c5dc2d56380a963392a7e31ede
2026-09-04 15:38:18.112457 INFO::Fitting model to feature number 963, X25c2a523e62ce2efdbcf4f66f8ec1697
2026-09-04 15:38:18.118724 INFO::Fitting model to feature number 964, X125fd13beded469cd0956fa00aab7082
2026-09-04 15:38:18.12568 INFO::Fitting model to feature number 965, X6dbacb6ebb0e5277e16495a5f13bb7f5
2026-09-04 15:38:18.134366 INFO::Fitting model to feature number 966, X1d2a2e9bf981dff3aa4c2161e2c723c6
2026-09-04 15:38:18.141893 INFO::Fitting model to feature number 967, X3e81313d807b5dcbd1733917ccfd4dda
2026-09-04 15:38:18.149286 INFO::Fitting model to feature number 968, b4c360599c2cf690cdf0df5b8033e8dd
2026-09-04 15:38:18.156256 INFO::Fitting model to feature number 969, a0aff308fbdbad79f16ee571a7caa033
2026-09-04 15:38:18.162456 INFO::Fitting model to feature number 970, X4019c094da1212af99ed3dce8d950f4f
2026-09-04 15:38:18.16917 INFO::Fitting model to feature number 971, X94a02b5190bb536fd547d1fee9ccdba9
2026-09-04 15:38:18.178024 INFO::Fitting model to feature number 972, b5e4e36584078c5544e0382e9245ccaf
2026-09-04 15:38:18.189649 INFO::Fitting model to feature number 973, e8f2e18ef1bee75aaa8f0b2445249e19
2026-09-04 15:38:18.198225 INFO::Fitting model to feature number 974, X01487c30cce81a4d51bf50bc0a4a4d9c
2026-09-04 15:38:18.206633 INFO::Fitting model to feature number 975, X38347ddf4838b66ee2500f3a03790f41
2026-09-04 15:38:18.215654 INFO::Fitting model to feature number 976, X93afba93bc36d98f9c6a31e4514a8163
2026-09-04 15:38:18.22361 INFO::Fitting model to feature number 977, e03d7fcc980a61ee6e09d62c0e492804
2026-09-04 15:38:18.231371 INFO::Fitting model to feature number 978, X5cb9ff1558153dc1978771930b23c34b
2026-09-04 15:38:18.239254 INFO::Fitting model to feature number 979, X3d1c06be8a866a13307610746a606b8a
2026-09-04 15:38:18.247442 INFO::Fitting model to feature number 980, X007d4b40d9694fa55d876daeac9a79df
2026-09-04 15:38:18.2575 INFO::Fitting model to feature number 981, e30f2240792c6b70b56bf50df34be4b6
2026-09-04 15:38:18.268324 INFO::Fitting model to feature number 982, f9491c3e6b9696bee439b98d32336180
2026-09-04 15:38:18.276469 INFO::Fitting model to feature number 983, X6ef0ba7972a3d850ab53b4cff1ecc30a
2026-09-04 15:38:18.284501 INFO::Fitting model to feature number 984, X0fd35b5eb1fa4701fd522ccabe44cffc
2026-09-04 15:38:18.292443 INFO::Fitting model to feature number 985, X25ec277575c4c38dc280e1a28c0fbc15
2026-09-04 15:38:18.30025 INFO::Fitting model to feature number 986, dc686f93caf01671dd3a684642347753
2026-09-04 15:38:18.307426 INFO::Fitting model to feature number 987, X7033ccccde026128f2772d727174f63c
2026-09-04 15:38:18.314804 INFO::Fitting model to feature number 988, f6dc0d9bb4478adb020c279e21ee3727
2026-09-04 15:38:18.322131 INFO::Fitting model to feature number 989, ee81ff6b5c3eca7e14f53f92e2da9103
2026-09-04 15:38:18.330244 INFO::Fitting model to feature number 990, X38329f153e46c35cf169cc509224ebaf
2026-09-04 15:38:18.339587 INFO::Fitting model to feature number 991, X97cc73525171abbbe3f8e027650879fd
2026-09-04 15:38:18.348916 INFO::Fitting model to feature number 992, ffedec13f25b2f7f21e150ddd69a539b
2026-09-04 15:38:18.356362 INFO::Fitting model to feature number 993, fdea1742287c08bae060174c36a75564
2026-09-04 15:38:18.364732 INFO::Fitting model to feature number 994, cc6e5c1f049e75d17464dfb8855aaecc
2026-09-04 15:38:18.374629 INFO::Fitting model to feature number 995, X18ceabbe49341c54f3cb8029445f547f
2026-09-04 15:38:18.383273 INFO::Fitting model to feature number 996, ab12eb33327a6bf5ca58d8ef6bd91677
2026-09-04 15:38:18.392391 INFO::Fitting model to feature number 997, c191261eecdb2363498ade5aaa7c186a
2026-09-04 15:38:18.401194 INFO::Fitting model to feature number 998, X6efa0b46047eed9d7fa7ce4f3eb76694
2026-09-04 15:38:18.409909 INFO::Fitting model to feature number 999, X7959e4a1f3af0b7246a5f6684f36f684
2026-09-04 15:38:18.419677 INFO::Fitting model to feature number 1000, c4aa8c393514cdb149032e5183fe484b
2026-09-04 15:38:18.429177 INFO::Fitting model to feature number 1001, d995ad7e73b6423e5de694a241b24079
2026-09-04 15:38:18.438638 INFO::Fitting model to feature number 1002, X6f7da6d62ca47bbc3f1dbec7f3c519a8
2026-09-04 15:38:18.451009 INFO::Fitting model to feature number 1003, X11ccdf0ac21b472c65e1b4ed6894c37c
2026-09-04 15:38:18.460164 INFO::Fitting model to feature number 1004, X90993ec39bf291c0f7b6f220daf66b6a
2026-09-04 15:38:18.468957 INFO::Fitting model to feature number 1005, X5a74db6cdc06a2c143f0f054a65f5e00
2026-09-04 15:38:18.477061 INFO::Fitting model to feature number 1006, b7174e274cad227ca968c65ff464fc55
2026-09-04 15:38:18.484606 INFO::Fitting model to feature number 1007, X33572805c2c181e9ba8b6883c878db3a
2026-09-04 15:38:18.492155 INFO::Fitting model to feature number 1008, X6274563587d91b9c54f8dce1209943a8
2026-09-04 15:38:18.500694 INFO::Fitting model to feature number 1009, b661cf07b63e11a160347be0584678b4
2026-09-04 15:38:18.508982 INFO::Fitting model to feature number 1010, X153b706dc39620f464baf39da352cc57
2026-09-04 15:38:18.517557 INFO::Fitting model to feature number 1011, X6727c3bf49aac216bd6f65c6de201a53
2026-09-04 15:38:18.526849 INFO::Fitting model to feature number 1012, X262e3ade3b1ae7c292c93b0178862679
2026-09-04 15:38:18.537491 INFO::Fitting model to feature number 1013, X19ca26d8259240ea391ed8b914b35e56
2026-09-04 15:38:18.546492 INFO::Fitting model to feature number 1014, X438b33941dc5c0d7d0ebe3ec528c62b1
2026-09-04 15:38:18.554357 INFO::Fitting model to feature number 1015, X1224bfb4e4bcd362e1f17dd0978dfff2
2026-09-04 15:38:18.562518 INFO::Fitting model to feature number 1016, c814f16ff326fbb584191065487c8abf
2026-09-04 15:38:18.570651 INFO::Fitting model to feature number 1017, X727b8389b538dd0b722a5ef79a07c175
2026-09-04 15:38:18.57874 INFO::Fitting model to feature number 1018, a0031fd87a392b31af3d4f21599b77c9
2026-09-04 15:38:18.586262 INFO::Fitting model to feature number 1019, X9cdc2384084acd3e75e3b664d9b32f64
2026-09-04 15:38:18.63512 INFO::Fitting model to feature number 1020, X784170b1b453d1178247da8c3928139f
2026-09-04 15:38:18.644861 INFO::Fitting model to feature number 1021, ad84d18a785105a88de19e3f9062680a
2026-09-04 15:38:18.653813 INFO::Fitting model to feature number 1022, X542daaf55619562eee4302a2341de57f
2026-09-04 15:38:18.663413 INFO::Fitting model to feature number 1023, X9de652f243e7581b82bcf0e7e54f4425
2026-09-04 15:38:18.672233 INFO::Fitting model to feature number 1024, ec159155f5070da81cea4db2782b2fb4
2026-09-04 15:38:18.680375 INFO::Fitting model to feature number 1025, e8289c779b0fde2a266a55255d17f340
2026-09-04 15:38:18.688282 INFO::Fitting model to feature number 1026, X99ab4d49d5793fe65a88a0b67daa05fc
2026-09-04 15:38:18.696715 INFO::Fitting model to feature number 1027, X2230a611b5446444fc86fa3be6b3e84e
2026-09-04 15:38:18.70456 INFO::Fitting model to feature number 1028, de8ad47c92c3af3d78ddb1672ca0a06e
2026-09-04 15:38:18.712394 INFO::Fitting model to feature number 1029, X7936316304361aebc82335f89ddfba39
2026-09-04 15:38:18.720899 INFO::Fitting model to feature number 1030, cb0b67a8052ee758053ab5e22c1553ec
2026-09-04 15:38:18.729778 INFO::Fitting model to feature number 1031, X9a0231d0c3bbf229f3f5c1dc21907e58
2026-09-04 15:38:18.737069 INFO::Fitting model to feature number 1032, c4733fa05dc3db3a9cb9752c6f409755
2026-09-04 15:38:18.745678 INFO::Fitting model to feature number 1033, a72f9cdd7da6834e54f8810659e51943
2026-09-04 15:38:18.754508 INFO::Fitting model to feature number 1034, ec624f757380fc47e78ad2a090d6dcbc
2026-09-04 15:38:18.762719 INFO::Fitting model to feature number 1035, X710ce684c65361504403d8cd2d841fa8
2026-09-04 15:38:18.770776 INFO::Fitting model to feature number 1036, f1afa21e4c2e6af7e1fbfef4f2cd5ee8
2026-09-04 15:38:18.779713 INFO::Fitting model to feature number 1037, X6d551d61633c9ec386c192f03bb931c4
2026-09-04 15:38:18.789227 INFO::Fitting model to feature number 1038, X100c2a43ee71e19b2d15def65bbbddf1
2026-09-04 15:38:18.798745 INFO::Fitting model to feature number 1039, X459efdcdf6b61c9966c8261abe31d692
2026-09-04 15:38:18.807606 INFO::Fitting model to feature number 1040, X93ce69bae41a429b122e9515b6ad7d83
2026-09-04 15:38:18.81524 INFO::Fitting model to feature number 1041, e36abf8dae2cc4c40613bde27cbd5dfa
2026-09-04 15:38:18.822781 INFO::Fitting model to feature number 1042, ed59f72e69215cd9dc582ed9cf1928b5
2026-09-04 15:38:18.83137 INFO::Fitting model to feature number 1043, X931c681f98c83cc6cfa618cafba4ce14
2026-09-04 15:38:18.839608 INFO::Fitting model to feature number 1044, f53b33bd3d2753c5781bd871f0b909ff
2026-09-04 15:38:18.847448 INFO::Fitting model to feature number 1045, d41d405ac891a5de15b14cb4dbd6c846
2026-09-04 15:38:18.854952 INFO::Fitting model to feature number 1046, e2d59cd304f40b1a8a42c6453f74cb17
2026-09-04 15:38:18.863055 INFO::Fitting model to feature number 1047, X8b3cd304d438f52eb5ef55332df50d3c
2026-09-04 15:38:18.870903 INFO::Fitting model to feature number 1048, d2b19279061849ecf8239e195457ede0
2026-09-04 15:38:18.878916 INFO::Fitting model to feature number 1049, X96730263ca104bafb3991d0bea756708
2026-09-04 15:38:18.886101 INFO::Fitting model to feature number 1050, edfbbf3ed5de4f8727453b4e452c4250
2026-09-04 15:38:18.89498 INFO::Fitting model to feature number 1051, X0e41f8b37cf8bb646fa840984726b47f
2026-09-04 15:38:18.902214 INFO::Fitting model to feature number 1052, X81e4d0cfd0a3c3f0298bb897e22715d0
2026-09-04 15:38:18.909794 INFO::Fitting model to feature number 1053, X22e4f460ea863fec216efcdf516b28ee
2026-09-04 15:38:18.918687 INFO::Fitting model to feature number 1054, X609170e64cd103eb09eb3a2bdebbf018
2026-09-04 15:38:18.92749 INFO::Fitting model to feature number 1055, X875c34bd3f67e4e1972ae8f1a07dead3
2026-09-04 15:38:18.938512 INFO::Fitting model to feature number 1056, a07bead8269358c612b6f4f5e57ed03f
2026-09-04 15:38:18.946438 INFO::Fitting model to feature number 1057, X8d22d93db74dc7edc74caf3f1cda1d87
2026-09-04 15:38:18.955031 INFO::Fitting model to feature number 1058, X319aab5b67538c018b47b24b49ff3bfc
2026-09-04 15:38:18.962832 INFO::Fitting model to feature number 1059, X4c43948937b9d0fed28beda09ad518f4
2026-09-04 15:38:18.971365 INFO::Fitting model to feature number 1060, da34409fca04c2c9d9279cd015a8f611
2026-09-04 15:38:18.979519 INFO::Fitting model to feature number 1061, X83747839129954a6f9a64ce6dc274b06
2026-09-04 15:38:18.98738 INFO::Fitting model to feature number 1062, X490f7022ae9936cc74482d629b706226
2026-09-04 15:38:18.995667 INFO::Fitting model to feature number 1063, X59da3ba21971969e8d421010ad4e2442
2026-09-04 15:38:19.004557 INFO::Fitting model to feature number 1064, X5831990e19d088be53719b143f7860e6
2026-09-04 15:38:19.013271 INFO::Fitting model to feature number 1065, c3ff5c573fb0e919a4b6e39d5db06dd8
2026-09-04 15:38:19.020369 INFO::Fitting model to feature number 1066, X9302518dc0f83dcb8115a0da465ef86b
2026-09-04 15:38:19.028212 INFO::Fitting model to feature number 1067, ffcecb25784e016f346eb481a85629d4
2026-09-04 15:38:19.037566 INFO::Fitting model to feature number 1068, f711584fbfd1d8df087a195443c53e6b
2026-09-04 15:38:19.046093 INFO::Fitting model to feature number 1069, X3f4febfa03efd875886ff5766327f50a
2026-09-04 15:38:19.0556 INFO::Fitting model to feature number 1070, X86ef25d804ba15d8439a773d51d3edda
2026-09-04 15:38:19.064871 INFO::Fitting model to feature number 1071, X9bc141b376d39d2f50ad26c632075a42
2026-09-04 15:38:19.074313 INFO::Fitting model to feature number 1072, X93cc5ea790525e0577db4007eeb52d35
2026-09-04 15:38:19.083692 INFO::Fitting model to feature number 1073, c39ea129388a077989abed2081b5fe88
2026-09-04 15:38:19.091798 INFO::Fitting model to feature number 1074, f79217c4b280d1253ae23f419495d4e8
2026-09-04 15:38:19.103643 INFO::Fitting model to feature number 1075, X4db96387f4c66e76aec9db6a7c34c19f
2026-09-04 15:38:19.113009 INFO::Fitting model to feature number 1076, X698587ddaa71957432b1610e89ae58b0
2026-09-04 15:38:19.121313 INFO::Fitting model to feature number 1077, X705f5d0a989ba0710a478c1374551909
2026-09-04 15:38:19.135528 INFO::Fitting model to feature number 1078, X975e2cc2780fd75ae872dfa91096a231
2026-09-04 15:38:19.142635 INFO::Fitting model to feature number 1079, X4449b17589a37c0ce7471a656c28168f
2026-09-04 15:38:19.148998 INFO::Fitting model to feature number 1080, a5d55d5ad4853e30e4f801023e11f3c1
2026-09-04 15:38:19.155812 INFO::Fitting model to feature number 1081, X03ff4389751571679d504b8b37d762d1
2026-09-04 15:38:19.161986 INFO::Fitting model to feature number 1082, X447fafcd4605f30e0e711a9b948cdcaf
2026-09-04 15:38:19.170114 INFO::Fitting model to feature number 1083, f4667215c7b7194e69731dadb04fcc35
2026-09-04 15:38:19.179034 INFO::Fitting model to feature number 1084, X04a19bf7f368bb14b2ce0bf00b9f925d
2026-09-04 15:38:19.190796 INFO::Fitting model to feature number 1085, X0c547f558c7b4df083b47ff27fa3d3a2
2026-09-04 15:38:19.19903 INFO::Fitting model to feature number 1086, X72da9bd2dac35c1c366f11e4e243b498
2026-09-04 15:38:19.207971 INFO::Fitting model to feature number 1087, X79cd1321c71f319cff20e166247bdf01
2026-09-04 15:38:19.215681 INFO::Fitting model to feature number 1088, cef5bb23779e859a0852e1d4a3159738
2026-09-04 15:38:19.22383 INFO::Fitting model to feature number 1089, X2fa2dc6154f7245a709e8743261f20ec
2026-09-04 15:38:19.232491 INFO::Fitting model to feature number 1090, e1460b8b3d21411dded928a66d8cbc0a
2026-09-04 15:38:19.241279 INFO::Fitting model to feature number 1091, X4c5d9a2d50929ad6a992c966b9d1694f
2026-09-04 15:38:19.250418 INFO::Fitting model to feature number 1092, X6d04de8cc4a1df332a852fd85ce91f75
2026-09-04 15:38:19.25853 INFO::Fitting model to feature number 1093, X8c7e73284af4da78355fb99eb86372f4
2026-09-04 15:38:19.266771 INFO::Fitting model to feature number 1094, X2214099515b01034cfcd604b413c5df3
2026-09-04 15:38:19.274995 INFO::Fitting model to feature number 1095, X1dcf716abc1f94a90854a9d155550633
2026-09-04 15:38:19.285237 INFO::Fitting model to feature number 1096, e4aa3c052cde514e565b6ee3b56cc4ba
2026-09-04 15:38:19.294337 INFO::Fitting model to feature number 1097, dfd9708382414cc730758dd3ffc425a4
2026-09-04 15:38:19.302228 INFO::Fitting model to feature number 1098, edab60a0874cc7cdbd6b175d7c0e57da
2026-09-04 15:38:19.310308 INFO::Fitting model to feature number 1099, fb98d9d8aa92f0e970cb70c080580bd7
2026-09-04 15:38:19.317931 INFO::Fitting model to feature number 1100, bd8695f734edf25b7e56b3620e01c6d6
2026-09-04 15:38:19.326087 INFO::Fitting model to feature number 1101, X1f3719dee285b2b4d5a72defe8ad0b6f
2026-09-04 15:38:19.336707 INFO::Fitting model to feature number 1102, cb524ac73dd4d0d36b6f99b4629a18c0
2026-09-04 15:38:19.348003 INFO::Fitting model to feature number 1103, X0830b68bd49f97e71badf1a0ff2312c1
2026-09-04 15:38:19.360396 INFO::Fitting model to feature number 1104, f77b6d08afc43cb826f8b96dbbcc2033
2026-09-04 15:38:19.372968 INFO::Fitting model to feature number 1105, X4a6654db0e78cf338a12f9b2dfcff522
2026-09-04 15:38:19.383863 INFO::Fitting model to feature number 1106, X77112dc05174d9e7f1eb82817b2c6220
2026-09-04 15:38:19.392682 INFO::Fitting model to feature number 1107, b34449e7ac6bde54616af2f1263133e6
2026-09-04 15:38:19.400761 INFO::Fitting model to feature number 1108, X3d6435fc5d7905cdd4faf05bc6967343
2026-09-04 15:38:19.408838 INFO::Fitting model to feature number 1109, X5f78e404ee15aa019b6e457dfbf23976
2026-09-04 15:38:19.416731 INFO::Fitting model to feature number 1110, bc1af3607ef8780ce9550e1d6a2923f9
2026-09-04 15:38:19.425308 INFO::Fitting model to feature number 1111, f08922dbd47005a8535f7965ce212e21
2026-09-04 15:38:19.433603 INFO::Fitting model to feature number 1112, X8fdf2422d7f1da92c7b91f0751a324fb
2026-09-04 15:38:19.445641 INFO::Fitting model to feature number 1113, X540256172f82babb98a840a4195bca2c
2026-09-04 15:38:19.457855 INFO::Fitting model to feature number 1114, e2f7633bb16c302b11d516a8f7b390c1
2026-09-04 15:38:19.467257 INFO::Fitting model to feature number 1115, X1eeb3a951603a4c877a4ba59a204763e
2026-09-04 15:38:19.477614 INFO::Fitting model to feature number 1116, c9f1ce70b80baad0ea9f9cdc6db6a53d
2026-09-04 15:38:19.486704 INFO::Fitting model to feature number 1117, ba5dc2aa80c38c642dcbf7b13573e0af
2026-09-04 15:38:19.494462 INFO::Fitting model to feature number 1118, X2d5737c747c7b3ef5ab09216258dcf34
2026-09-04 15:38:19.501059 INFO::Fitting model to feature number 1119, X6e698f7d7362b51dd95c2b5cd10e6f6a
2026-09-04 15:38:19.51075 INFO::Fitting model to feature number 1120, X3fc2a13eab9269ca3d9d83c0e19ddd25
2026-09-04 15:38:19.519291 INFO::Fitting model to feature number 1121, X7109b433163f6a01631b5d15d0401bc9
2026-09-04 15:38:19.527044 INFO::Fitting model to feature number 1122, b1875574a36bcbb5247e65d0fa09c890
2026-09-04 15:38:19.534879 INFO::Fitting model to feature number 1123, e724787e149c8c5d9b21af7ac73806f8
2026-09-04 15:38:19.543093 INFO::Fitting model to feature number 1124, X64723e321d1e32dcc4001aac6b6e905e
2026-09-04 15:38:19.549961 INFO::Fitting model to feature number 1125, X20bc8994bf1b1033af267147b81c8b37
2026-09-04 15:38:19.557379 INFO::Fitting model to feature number 1126, X605d9cdb3db925f292fbd97c53837837
2026-09-04 15:38:19.565364 INFO::Fitting model to feature number 1127, X9b2afb5dc1633a1864a599769e736c32
2026-09-04 15:38:19.571047 INFO::Fitting model to feature number 1128, X2596745052fb1de2180dafff012b66a4
2026-09-04 15:38:19.578251 INFO::Fitting model to feature number 1129, X640e06157c9273ad826e58c004d5a584
2026-09-04 15:38:19.585485 INFO::Fitting model to feature number 1130, a52cb777310616d82a06843afe12cdf6
2026-09-04 15:38:19.592772 INFO::Fitting model to feature number 1131, a925f078b34542a7e2745ffde41a3e2c
2026-09-04 15:38:19.599115 INFO::Fitting model to feature number 1132, ef39b6d9edaac95667c91740a755adfa
2026-09-04 15:38:19.604426 INFO::Fitting model to feature number 1133, d410143c4dd12a8a9f584f007f7cb72a
2026-09-04 15:38:19.609485 INFO::Fitting model to feature number 1134, e0c4a345382c1b00b71c37cf7af0672b
2026-09-04 15:38:19.614424 INFO::Fitting model to feature number 1135, X6ef19c53611505ed27fa12c9ec3d242f
2026-09-04 15:38:19.619735 INFO::Fitting model to feature number 1136, d436efdbda238017e4ef498dd05e6aee
2026-09-04 15:38:19.624963 INFO::Fitting model to feature number 1137, a951e9a2944330a971325f5906d10d40
2026-09-04 15:38:19.630027 INFO::Fitting model to feature number 1138, e4a3d9d5dfd30a8d66dade955b16db6e
2026-09-04 15:38:19.635008 INFO::Fitting model to feature number 1139, e09cfeed17ee0e5aaf18e62ed186b52e
2026-09-04 15:38:19.639703 INFO::Fitting model to feature number 1140, a80a62ba30fea2eed0c6c8d5daf9b2da
2026-09-04 15:38:19.644542 INFO::Fitting model to feature number 1141, X19178e9039383c16712445f0a3f830d5
2026-09-04 15:38:19.649457 INFO::Fitting model to feature number 1142, X58740cf13d9e581cd704dfa8a4de6948
2026-09-04 15:38:19.654707 INFO::Fitting model to feature number 1143, d752d1f2acd3b350a3bcbb745aac4c25
2026-09-04 15:38:19.660463 INFO::Fitting model to feature number 1144, fd92f4da74ea03ca0a951431ebf0149a
2026-09-04 15:38:19.666411 INFO::Fitting model to feature number 1145, X091ed7e253fbc9754fe1597381337c51
2026-09-04 15:38:19.674498 INFO::Fitting model to feature number 1146, X9399074b2afb78f0ca7f137d56a3ab17
2026-09-04 15:38:19.681119 INFO::Fitting model to feature number 1147, d66ec984864acb717e8bedd53409b162
2026-09-04 15:38:19.686394 INFO::Fitting model to feature number 1148, b856d2f44127d2af47e509909e4b762c
2026-09-04 15:38:19.691781 INFO::Fitting model to feature number 1149, X18a47b13b6250cc908af72f722d2cfe6
2026-09-04 15:38:19.69707 INFO::Fitting model to feature number 1150, X1c3b6f2980036a986430756477910c11
2026-09-04 15:38:19.704123 INFO::Fitting model to feature number 1151, X53b227995a6a99a320f4efd39444e8ff
2026-09-04 15:38:19.712941 INFO::Fitting model to feature number 1152, X935ded79f407d3d848e6fe33b3f476cd
2026-09-04 15:38:19.719322 INFO::Fitting model to feature number 1153, df1b3002bfae3461157d8d55d0eed9b0
2026-09-04 15:38:19.725378 INFO::Fitting model to feature number 1154, a567d871c9a9435a151554f86aa1de97
2026-09-04 15:38:19.731165 INFO::Fitting model to feature number 1155, c66406bc16ec9d13755f01073df22cb9
2026-09-04 15:38:19.736855 INFO::Fitting model to feature number 1156, X65c564131c2543400ca374a16bd51ef4
2026-09-04 15:38:19.742226 INFO::Fitting model to feature number 1157, X9746789056f51c1d02d324ad9fe44ef5
2026-09-04 15:38:19.747252 INFO::Fitting model to feature number 1158, X883a5821a6ef45bd3e7825075d1a1a2a
2026-09-04 15:38:19.752681 INFO::Fitting model to feature number 1159, e06db7dc9d71e1bb9d9b9abdab7f3ab9
2026-09-04 15:38:19.758216 INFO::Fitting model to feature number 1160, X1b300b2833c6617af2341d7df7997cdc
2026-09-04 15:38:19.763161 INFO::Fitting model to feature number 1161, X2c6d1025f95ea4a9f5cf17f3877c15c1
2026-09-04 15:38:19.768151 INFO::Fitting model to feature number 1162, dc26718f6ea99809fc59da715028e1e1
2026-09-04 15:38:19.773205 INFO::Fitting model to feature number 1163, X269689d5610b300e6b875925f70d2e83
2026-09-04 15:38:19.778182 INFO::Fitting model to feature number 1164, d9feec8235be0ffac8f36ea3ca8cd990
2026-09-04 15:38:19.783041 INFO::Fitting model to feature number 1165, X392f12d7facbcb27beba31a0ed941026
2026-09-04 15:38:19.78777 INFO::Fitting model to feature number 1166, X3a07efeae3200676550db6882808e462
2026-09-04 15:38:19.792346 INFO::Fitting model to feature number 1167, X541703dce27469eac4123100880a390d
2026-09-04 15:38:19.797096 INFO::Fitting model to feature number 1168, X27cc3062316246796eebed7deb37c6a4
2026-09-04 15:38:19.802321 INFO::Fitting model to feature number 1169, X5d324ba2a6460de903662ef6460eca18
2026-09-04 15:38:19.807558 INFO::Fitting model to feature number 1170, X412cfdf27e638b47c5e51696819f5f3b
2026-09-04 15:38:19.81276 INFO::Fitting model to feature number 1171, a90d2253d08aa972cbadc8ec44a2ce76
2026-09-04 15:38:19.818243 INFO::Fitting model to feature number 1172, d39a46f68a57269dd32b1088c531e628
2026-09-04 15:38:19.823245 INFO::Fitting model to feature number 1173, f376fc5aa7f1de9c19efec8dafb961d1
2026-09-04 15:38:19.828202 INFO::Fitting model to feature number 1174, b5515fced34c8b058c893356adb5da33
2026-09-04 15:38:19.833287 INFO::Fitting model to feature number 1175, X293395256202248e3b9c023ee1a074be
2026-09-04 15:38:19.838642 INFO::Fitting model to feature number 1176, bb72e07f1c082a327362d170476a7a02
2026-09-04 15:38:19.843696 INFO::Fitting model to feature number 1177, X549d14931548412e9a6a570d41cc8828
2026-09-04 15:38:19.849059 INFO::Fitting model to feature number 1178, X892007b0cf39fd7a0a52602d7d3891ff
2026-09-04 15:38:19.854172 INFO::Fitting model to feature number 1179, X4ea7833e20479f7f51d1a0725301792f
2026-09-04 15:38:19.859274 INFO::Fitting model to feature number 1180, d65afac3be5410fa256d7d5e8efdec2d
2026-09-04 15:38:19.865231 INFO::Fitting model to feature number 1181, e384a2cb752123b31cf9d69916c3e346
2026-09-04 15:38:19.87111 INFO::Fitting model to feature number 1182, X1b6fd54b16548fb378ea911f3a5c3e69
2026-09-04 15:38:19.876821 INFO::Fitting model to feature number 1183, f158a6309a99a6bb06bab97188e09659
2026-09-04 15:38:19.883625 INFO::Fitting model to feature number 1184, bb86d81b2927d423550b2938914d3f70
2026-09-04 15:38:19.890437 INFO::Fitting model to feature number 1185, X9951140d9fe224a3b5a91dd2083a435b
2026-09-04 15:38:19.896314 INFO::Fitting model to feature number 1186, X7983b81de5c953ff178b31f7a86b47b4
2026-09-04 15:38:19.902885 INFO::Fitting model to feature number 1187, X1936998e7cb4e2a37e5ae5f1caaba7f0
2026-09-04 15:38:19.909364 INFO::Fitting model to feature number 1188, f947e47838e617ee7fffd37b941290cb
2026-09-04 15:38:19.91525 INFO::Fitting model to feature number 1189, f6a07aafa12c7f7f304ef630c3576c21
2026-09-04 15:38:19.921271 INFO::Fitting model to feature number 1190, cbd797e49a45acaedc5d0a4b01b94a38
2026-09-04 15:38:19.926308 INFO::Fitting model to feature number 1191, d99337a60b9830490a59b14f62e1eb46
2026-09-04 15:38:19.93141 INFO::Fitting model to feature number 1192, X4e569a411cfd20e27f89d231b691d3bc
2026-09-04 15:38:19.937964 INFO::Fitting model to feature number 1193, a6c829cec93751270c5308b909c33973
2026-09-04 15:38:19.945862 INFO::Fitting model to feature number 1194, X6f1b755fc85589a70e8698497f0e0663
2026-09-04 15:38:19.953823 INFO::Fitting model to feature number 1195, e82c8533f62da7b4f2f73a4eabccc8fd
2026-09-04 15:38:19.961944 INFO::Fitting model to feature number 1196, X9a06ac9191854e0a48b66496324388c9
2026-09-04 15:38:19.969034 INFO::Fitting model to feature number 1197, X212501721be7a1789749c014d14d36e8
2026-09-04 15:38:19.980308 INFO::Fitting model to feature number 1198, X1ae94a50d152dd62a6bf367dbafd4daa
2026-09-04 15:38:19.992266 INFO::Fitting model to feature number 1199, b24862dfbb76f24007528f15e4f40ea3
2026-09-04 15:38:20.002508 INFO::Fitting model to feature number 1200, X3d82ec25e4405fb978b0801aae37f3d9
2026-09-04 15:38:20.011188 INFO::Fitting model to feature number 1201, X23e79c786386a012505f5d5b273eacbf
2026-09-04 15:38:20.019688 INFO::Fitting model to feature number 1202, e9c5f705e62b934d60ffc48bf6c116a7
2026-09-04 15:38:20.029575 INFO::Fitting model to feature number 1203, X4c318e3c3191c5d95ac39fa54559b9cd
2026-09-04 15:38:20.036764 INFO::Fitting model to feature number 1204, f279dac433b48ad24db7f2ca56648712
2026-09-04 15:38:20.04467 INFO::Fitting model to feature number 1205, ec4b4d4280b1e0a1601b2ca2dfc98eaf
2026-09-04 15:38:20.052364 INFO::Fitting model to feature number 1206, X62f146519941b4569056e0bbd7e139c6
2026-09-04 15:38:20.060291 INFO::Fitting model to feature number 1207, e65d5ebd6b672929b53b5e0b8bad5586
2026-09-04 15:38:20.068316 INFO::Fitting model to feature number 1208, b22bcbfbabe25781b4f5e4c8a34127a0
2026-09-04 15:38:20.076619 INFO::Fitting model to feature number 1209, e10ae45489e525f1d908687787a7354f
2026-09-04 15:38:20.085124 INFO::Fitting model to feature number 1210, X7962e05010d48d659881432184e5938b
2026-09-04 15:38:20.093246 INFO::Fitting model to feature number 1211, X30cdc9ad668901fcd5c69ae54aaf463f
2026-09-04 15:38:20.105361 INFO::Fitting model to feature number 1212, X420a7e9189ee45140114a4c7dfafcd5e
2026-09-04 15:38:20.117493 INFO::Fitting model to feature number 1213, X260cf5726fb8fff97552a77b6401a9c0
2026-09-04 15:38:20.126197 INFO::Fitting model to feature number 1214, X250eff414ba3de003b8ddd7f5f264dc0
2026-09-04 15:38:20.131537 INFO::Fitting model to feature number 1215, X7399c5c473fce0dca57710a56022e6bb
2026-09-04 15:38:20.138356 INFO::Fitting model to feature number 1216, X42effdac1fe2cfcb2ccd7af252442f91
2026-09-04 15:38:20.146464 INFO::Fitting model to feature number 1217, X21455f1e63f2dd7ea2522e983fbcf550
2026-09-04 15:38:20.155636 INFO::Fitting model to feature number 1218, X6882b4c1d276f5904f8d791be8d4df17
2026-09-04 15:38:20.164354 INFO::Fitting model to feature number 1219, X82c56fba54a6e974c430ddba263f7ed7
2026-09-04 15:38:20.174726 INFO::Fitting model to feature number 1220, a3d9d19831a8f612445392ffc8226fdf
2026-09-04 15:38:20.184939 INFO::Fitting model to feature number 1221, ed692081bc5bb7a3cb698843daaf5451
2026-09-04 15:38:20.196738 INFO::Fitting model to feature number 1222, X5695bb2d26462786fad40742c74407a6
2026-09-04 15:38:20.205589 INFO::Fitting model to feature number 1223, X8e5d84ca83d3dc0c96dd48901592fbb8
2026-09-04 15:38:20.21422 INFO::Fitting model to feature number 1224, X222fb06799fd248024d7a08001eb6681
2026-09-04 15:38:20.220841 INFO::Fitting model to feature number 1225, X31d265fd1f8922e3c8d191226939a7e6
2026-09-04 15:38:20.231467 INFO::Fitting model to feature number 1226, X2a945663bf660ed3f28afba31164b107
2026-09-04 15:38:20.241468 INFO::Fitting model to feature number 1227, f1a69c7f93f09e5fae3e1be1be9ca0fd
2026-09-04 15:38:20.250468 INFO::Fitting model to feature number 1228, b0a0cfe74f60beff16ab69097c133927
2026-09-04 15:38:20.258886 INFO::Fitting model to feature number 1229, X7cb4feed7e601700f491fef1e73ee7da
2026-09-04 15:38:20.26704 INFO::Fitting model to feature number 1230, X05f1fda242ba4e7e01dbde2a950ef2b0
2026-09-04 15:38:20.277063 INFO::Fitting model to feature number 1231, X9988e892e2f16bee1e208b1e4b7275e0
2026-09-04 15:38:20.284923 INFO::Fitting model to feature number 1232, beed98991657851771a5400a5bf1f490
2026-09-04 15:38:20.292779 INFO::Fitting model to feature number 1233, f5b2d59f2e3ba1fd09bb23659d0500f3
2026-09-04 15:38:20.300617 INFO::Fitting model to feature number 1234, c367d517deef81ca2861ba1c9596ced1
2026-09-04 15:38:20.314434 INFO::Fitting model to feature number 1235, f78896c17375fddf1669649a2df1e91c
2026-09-04 15:38:20.32275 INFO::Fitting model to feature number 1236, b2ec0c366fd68090f7f876d279e9b01a
2026-09-04 15:38:20.330789 INFO::Fitting model to feature number 1237, X3f07c5798efd8deb6095045db89ee137
2026-09-04 15:38:20.338347 INFO::Fitting model to feature number 1238, X07422705f42a249506c2942c4df6c7dd
2026-09-04 15:38:20.346506 INFO::Fitting model to feature number 1239, eaf8653dc9a480cef4217f52a4cd519c
2026-09-04 15:38:20.355237 INFO::Fitting model to feature number 1240, b8a30d80e460567357a5449acd5c1d18
2026-09-04 15:38:20.363985 INFO::Fitting model to feature number 1241, X35d4889389d56aa9fa7ef7fa15885880
2026-09-04 15:38:20.374292 INFO::Fitting model to feature number 1242, a1c4ef7fd12edd0d8ffbd24bbccc8e91
2026-09-04 15:38:20.383103 INFO::Fitting model to feature number 1243, X1dfa3991ae2e1234910a5e20ed314834
2026-09-04 15:38:20.391394 INFO::Fitting model to feature number 1244, X21b9cbf64d93982164fcf8c2231d630a
2026-09-04 15:38:20.399327 INFO::Fitting model to feature number 1245, X57dd29a8b76bb3179b9f7a6db796fc0b
2026-09-04 15:38:20.407736 INFO::Fitting model to feature number 1246, X659115d1d166e9dad51da5de9a288d83
2026-09-04 15:38:20.415758 INFO::Fitting model to feature number 1247, fd2777eb3de596ba15923dd212653463
2026-09-04 15:38:20.42357 INFO::Fitting model to feature number 1248, X0d91c2a2269c88a37e40035c04cfbde4
2026-09-04 15:38:20.43203 INFO::Fitting model to feature number 1249, be04e5a5f333faeeb89b7922cc154ccb
2026-09-04 15:38:20.439716 INFO::Fitting model to feature number 1250, e77b0bbfbb644a8f848ca8bc69411534
2026-09-04 15:38:20.449757 INFO::Fitting model to feature number 1251, a80eca7c4eaa9b9866458f8ab2f1837f
2026-09-04 15:38:20.46027 INFO::Fitting model to feature number 1252, X34c4396b5c4837b0104d5e0beeca5519
2026-09-04 15:38:20.47082 INFO::Fitting model to feature number 1253, X73559856950a5d6dabd4d45634d9939a
2026-09-04 15:38:20.481418 INFO::Fitting model to feature number 1254, X35557045bde9c99dae9ad7a75e219665
2026-09-04 15:38:20.492444 INFO::Fitting model to feature number 1255, X5068ff9a570ea542f21f7878288ab253
2026-09-04 15:38:20.501063 INFO::Fitting model to feature number 1256, X47b468346512c1ac0eba1b1732757602
2026-09-04 15:38:20.509183 INFO::Fitting model to feature number 1257, X4bb00ff635bc24788a9b5d0cf25109fd
2026-09-04 15:38:20.517349 INFO::Fitting model to feature number 1258, X12a4c37d5d84b58da9b510771582088c
2026-09-04 15:38:20.525983 INFO::Fitting model to feature number 1259, X80adea37b591d7be9f3654798c613c5a
2026-09-04 15:38:20.534102 INFO::Fitting model to feature number 1260, X466e594af8210172304016b059f8fe31
2026-09-04 15:38:20.542534 INFO::Fitting model to feature number 1261, X99605c171fa9d7c6bd5905dcebf8e50b
2026-09-04 15:38:20.550956 INFO::Fitting model to feature number 1262, X9de6e8f8da09a28410fdbad96c07d9f7
2026-09-04 15:38:20.560169 INFO::Fitting model to feature number 1263, X001851dd86793ab72464b089244efd1e
2026-09-04 15:38:20.568477 INFO::Fitting model to feature number 1264, X8d9bef223d5be16f6137b9bb81ca3822
2026-09-04 15:38:20.576351 INFO::Fitting model to feature number 1265, X00c9cf9495b4554873a34eb82fb3788d
2026-09-04 15:38:20.58387 INFO::Fitting model to feature number 1266, d0db327e93111a416612395e91517d29
2026-09-04 15:38:20.591077 INFO::Fitting model to feature number 1267, X1a9f6dc8ea60ccc6a41f023eba35d657
2026-09-04 15:38:20.59825 INFO::Fitting model to feature number 1268, X93fbcb9f788e2456c357d7d7ef6211f6
2026-09-04 15:38:20.605552 INFO::Fitting model to feature number 1269, X29eb8e3a54c817ab8e7b37dd9a6a9c77
2026-09-04 15:38:20.612387 INFO::Fitting model to feature number 1270, d4326a70982173389e9c9c2dc7fd1602
2026-09-04 15:38:20.617458 INFO::Fitting model to feature number 1271, e60336ff774a125113b2283f95f7c3d7
2026-09-04 15:38:20.621577 INFO::Fitting model to feature number 1272, X0ee17acea997e093c1e319ed06302394
2026-09-04 15:38:20.626632 INFO::Fitting model to feature number 1273, X375439a6fa3ad37c08956df230057fe8
2026-09-04 15:38:20.632617 INFO::Fitting model to feature number 1274, X9e761733a7cce2ee236b78765b5e4dd7
2026-09-04 15:38:20.676997 INFO::Fitting model to feature number 1275, X0cd519632b2b79b0ff874f2dd08b0a14
2026-09-04 15:38:20.693908 INFO::Fitting model to feature number 1276, ffdda4a783ffb8bf6000e3974723bb94
2026-09-04 15:38:20.699826 INFO::Fitting model to feature number 1277, X8c144512a28543b968423f7aca83032d
2026-09-04 15:38:20.706027 INFO::Fitting model to feature number 1278, a1ebcde24a6f0057dc302c21bddf9027
2026-09-04 15:38:20.711879 INFO::Fitting model to feature number 1279, X5aecbb5146b057457c6587cee552b38f
2026-09-04 15:38:20.721643 INFO::Fitting model to feature number 1280, X5c4df11899de14d45bf79d53da1d225f
2026-09-04 15:38:20.729395 INFO::Fitting model to feature number 1281, X06f825b512d903b9230e1a55d87359ee
2026-09-04 15:38:20.736811 INFO::Fitting model to feature number 1282, X663669619c2b2ab594ec3b4518ffe1f1
2026-09-04 15:38:20.74508 INFO::Fitting model to feature number 1283, X21b6def07419f4dddd70dadd154b5a3a
2026-09-04 15:38:20.751195 INFO::Fitting model to feature number 1284, X27a5742fab8fe222716040faccaa23a3
2026-09-04 15:38:20.759581 INFO::Fitting model to feature number 1285, X7f7c3f929d7cb2651564ae40261e7357
2026-09-04 15:38:20.76817 INFO::Fitting model to feature number 1286, c18423578bc01b00706b60cd784c3425
2026-09-04 15:38:20.776454 INFO::Fitting model to feature number 1287, X6e5cc304920962afe59765d10a842ea3
2026-09-04 15:38:20.784964 INFO::Fitting model to feature number 1288, X24c4f8fc214a98c1a695f950719f2c6b
2026-09-04 15:38:20.791507 INFO::Fitting model to feature number 1289, X871715acb197776c3540892cd9de2295
2026-09-04 15:38:20.79921 INFO::Fitting model to feature number 1290, a20eb37d50abf4ef13197bd4a0ea8c84
2026-09-04 15:38:20.805311 INFO::Fitting model to feature number 1291, X608f80d21233a6261c4ca5704b5096fa
2026-09-04 15:38:20.815277 INFO::Fitting model to feature number 1292, X3662fc336ea5d5581e6783d2b2f5466a
2026-09-04 15:38:20.828649 INFO::Fitting model to feature number 1293, X5fb5491fff26b89129586e444601145e
2026-09-04 15:38:20.841569 INFO::Fitting model to feature number 1294, X49f822e8a64523a98608a84181db973e
2026-09-04 15:38:20.854168 INFO::Fitting model to feature number 1295, X610842603a4bd8cb8d6f80c310912a0c
2026-09-04 15:38:20.86448 INFO::Fitting model to feature number 1296, X9570ec83b9859e60c098e9000ca9a3dd
2026-09-04 15:38:20.872928 INFO::Fitting model to feature number 1297, X1d1ba651814e1415fdf4eab3c393b955
2026-09-04 15:38:20.88238 INFO::Fitting model to feature number 1298, X687e1d94d2bfc46843a21e7706df067e
2026-09-04 15:38:20.890872 INFO::Fitting model to feature number 1299, f81af456b74a2caf196dac298c9a6e0f
2026-09-04 15:38:20.899814 INFO::Fitting model to feature number 1300, X7e64efeca8fe17cc836ce410951b2aee
2026-09-04 15:38:20.909579 INFO::Fitting model to feature number 1301, X58962c54ee5fe91953a64a40060465c3
2026-09-04 15:38:20.918003 INFO::Fitting model to feature number 1302, fecea8d7e4c0244724344deb0f149857
2026-09-04 15:38:20.927641 INFO::Fitting model to feature number 1303, b69c5e45d1a3c99ca5e6b1c93e9f24a3
2026-09-04 15:38:20.93649 INFO::Fitting model to feature number 1304, X87354936f787e26a3abe698417a07e03
2026-09-04 15:38:20.946215 INFO::Fitting model to feature number 1305, b2bc621396297801417e60a17bc5f66b
2026-09-04 15:38:20.955489 INFO::Fitting model to feature number 1306, X9a39e55dd18c687bfcd64fad3aa56174
2026-09-04 15:38:20.964885 INFO::Fitting model to feature number 1307, e2368144424b4f084562dd92c76772bd
2026-09-04 15:38:20.973879 INFO::Fitting model to feature number 1308, c4a302c6460506f092150a4d51971909
2026-09-04 15:38:20.982319 INFO::Fitting model to feature number 1309, X6dae6a96934f6c87ba0efd4814350ceb
2026-09-04 15:38:20.990776 INFO::Fitting model to feature number 1310, X63eb15027711090a0a263be7532edebd
2026-09-04 15:38:21.000486 INFO::Fitting model to feature number 1311, cf19d8069aa53ba775e5e19c9fa65aa5
2026-09-04 15:38:21.012144 INFO::Fitting model to feature number 1312, X983e197471ad3483cbf7561c9cc9b4fa
2026-09-04 15:38:21.021178 INFO::Fitting model to feature number 1313, f7b6eef75d287ee269ae6b5d4fb04608
2026-09-04 15:38:21.029584 INFO::Fitting model to feature number 1314, X3d71ada20fbdc5743e1753b62a264f6e
2026-09-04 15:38:21.041904 INFO::Fitting model to feature number 1315, af27577de5edb10c09f7fc19b9ca45ca
2026-09-04 15:38:21.054233 INFO::Fitting model to feature number 1316, X17dacf7c43412bb67f4c42b274418b48
2026-09-04 15:38:21.066352 INFO::Fitting model to feature number 1317, ee97d00e3162d7084496c487aeeb0080
2026-09-04 15:38:21.079191 INFO::Fitting model to feature number 1318, dd69df7fa0e826fde42d13bc1231e7eb
2026-09-04 15:38:21.09163 INFO::Fitting model to feature number 1319, X81eb9613c7b46fdbfd42f65d244633bd
2026-09-04 15:38:21.102399 INFO::Fitting model to feature number 1320, dfb2439a2c33d00aafd07980b040919c
2026-09-04 15:38:21.111811 INFO::Fitting model to feature number 1321, X70fb471210c4a636bd89045a227e89eb
2026-09-04 15:38:21.120751 INFO::Fitting model to feature number 1322, X90d4cfadf373fb19e749951cd9000ab6
2026-09-04 15:38:21.129993 INFO::Fitting model to feature number 1323, X277b8df5f045f49f93dd4eb9e8e44be1
2026-09-04 15:38:21.138764 INFO::Fitting model to feature number 1324, X298a0f67001986beb8d9b2ea01795c39
2026-09-04 15:38:21.148096 INFO::Fitting model to feature number 1325, e9207667d9e1a42a8a6cf06f11434702
2026-09-04 15:38:21.16047 INFO::Fitting model to feature number 1326, X5fe8a79baa0e9601bc73ff3938dbf497
2026-09-04 15:38:21.171047 INFO::Fitting model to feature number 1327, X0b81d8a08a3175423a0b32b8c1924fbb
2026-09-04 15:38:21.177893 INFO::Fitting model to feature number 1328, X4a5857b5065185674bbe65c2f06d10b5
2026-09-04 15:38:21.184637 INFO::Fitting model to feature number 1329, X6ab76585a82b49ea75d3b88f014abe49
2026-09-04 15:38:21.191295 INFO::Fitting model to feature number 1330, a192c03aff22da6065c44701eea9c11c
2026-09-04 15:38:21.197564 INFO::Fitting model to feature number 1331, X8546bced511978fc5e145209ffd02af2
2026-09-04 15:38:21.205382 INFO::Fitting model to feature number 1332, X2dbcc75e512ef4ca8510cd08890dd243
2026-09-04 15:38:21.211318 INFO::Fitting model to feature number 1333, X97eb5bfddf2cfed5231c1b5d16b1e2d9
2026-09-04 15:38:21.219745 INFO::Fitting model to feature number 1334, X5a00b3ec705a2045f468b9f02ea01f08
2026-09-04 15:38:21.227834 INFO::Fitting model to feature number 1335, ccf04449706ceb90043c6c266e6ae954
2026-09-04 15:38:21.233304 INFO::Fitting model to feature number 1336, X21839e3490e30ce56ea741cab683a2c5
2026-09-04 15:38:21.239763 INFO::Fitting model to feature number 1337, c344c6c584c663a222c735d50eabb47d
2026-09-04 15:38:21.247724 INFO::Fitting model to feature number 1338, X508e4d4db7e2c0220a19fafa294e0670
2026-09-04 15:38:21.255916 INFO::Fitting model to feature number 1339, X479e17f7134df6c5adf0b493bfe050a1
2026-09-04 15:38:21.26387 INFO::Fitting model to feature number 1340, c2df47694b8c0c62f5a72a5c1b33c492
2026-09-04 15:38:21.270895 INFO::Fitting model to feature number 1341, c7ce086526e9a1b3ffccb039810db208
2026-09-04 15:38:21.279057 INFO::Fitting model to feature number 1342, X9285aa60b5dc6276cd7e61a87dc708b0
2026-09-04 15:38:21.287708 INFO::Fitting model to feature number 1343, d375307681fd8a321dd28c294db7605e
2026-09-04 15:38:21.296128 INFO::Fitting model to feature number 1344, a8e653f42c93a1aa20f54601a9f2966f
2026-09-04 15:38:21.304382 INFO::Fitting model to feature number 1345, X679851382058cf63aed5afad912fbd49
2026-09-04 15:38:21.312918 INFO::Fitting model to feature number 1346, c41e38ec0abb37da79acd32fd3cd7c66
2026-09-04 15:38:21.321582 INFO::Fitting model to feature number 1347, X08d7f58a060027555e4beffab9d04b67
2026-09-04 15:38:21.330121 INFO::Fitting model to feature number 1348, X4a9c1da085c1d3df30833063ce265277
2026-09-04 15:38:21.339973 INFO::Fitting model to feature number 1349, f94bc1597f513a65a6eb6eee20e9ef63
2026-09-04 15:38:21.347981 INFO::Fitting model to feature number 1350, af811ac88e4707a63f57d5c95483773e
2026-09-04 15:38:21.356857 INFO::Fitting model to feature number 1351, X45fabcfc2094cbd81d7f265624c51b8e
2026-09-04 15:38:21.365294 INFO::Fitting model to feature number 1352, X04ecfad5772d2e09a84a0f5ef460536c
2026-09-04 15:38:21.376202 INFO::Fitting model to feature number 1353, ac5907843b39907367bffa3ae074ee56
2026-09-04 15:38:21.3867 INFO::Fitting model to feature number 1354, X44adee8b1663e3d9d2361196f5cec159
2026-09-04 15:38:21.396869 INFO::Fitting model to feature number 1355, f1e760669bddfbfddf50f983ff00bcde
2026-09-04 15:38:21.409322 INFO::Fitting model to feature number 1356, dd58878721711c036b87553f6d7a9a38
2026-09-04 15:38:21.421239 INFO::Fitting model to feature number 1357, X4a7c189012c53f1ba02a33414b6e98c8
2026-09-04 15:38:21.432933 INFO::Fitting model to feature number 1358, e5b4dac9e46c36ef880099e11d07e7c7
2026-09-04 15:38:21.443062 INFO::Fitting model to feature number 1359, X8953074f0e4992f695be92b545ae4a33
2026-09-04 15:38:21.451384 INFO::Fitting model to feature number 1360, X8eb8dce5dd7b27b32e2f85e8dadf9c79
2026-09-04 15:38:21.459934 INFO::Fitting model to feature number 1361, e3b31d07a8e0862ddf92c69f8c82caee
2026-09-04 15:38:21.468658 INFO::Fitting model to feature number 1362, fad775c021f0e428be386683b5c13785
2026-09-04 15:38:21.479548 INFO::Fitting model to feature number 1363, X58b0265db6ad82d9f233c8a3fa8b1235
2026-09-04 15:38:21.489871 INFO::Fitting model to feature number 1364, dc5d1cf280d5f22e12610d3803b9b61e
2026-09-04 15:38:21.499 INFO::Fitting model to feature number 1365, X3a4eb179f35f1cd7c05aa27a674f2708
2026-09-04 15:38:21.507714 INFO::Fitting model to feature number 1366, b185f57f40198db04639beeb79ebb9c8
2026-09-04 15:38:21.517659 INFO::Fitting model to feature number 1367, bb23a9ce44ee3a69cccad6ae72107707
2026-09-04 15:38:21.52775 INFO::Fitting model to feature number 1368, X63f71034e0a3b1e9b5f3fe25d094318d
2026-09-04 15:38:21.540051 INFO::Fitting model to feature number 1369, e714be7f86afba615a37e8823199a4bf
2026-09-04 15:38:21.55049 INFO::Fitting model to feature number 1370, X196931e166b0f8fb722f177efeb3814d
2026-09-04 15:38:21.559887 INFO::Fitting model to feature number 1371, X025f9ce361f0785a6d027041c20bd83b
2026-09-04 15:38:21.568341 INFO::Fitting model to feature number 1372, X9041402ea33d75d7d3b596c88b16cf48
2026-09-04 15:38:21.576653 INFO::Fitting model to feature number 1373, X4a96e805d002149e7c390a78dc7f744e
2026-09-04 15:38:21.585401 INFO::Fitting model to feature number 1374, X865bc3660cbff3e921474cd55b1167bd
2026-09-04 15:38:21.594118 INFO::Fitting model to feature number 1375, X0b62d5a1bfde73edada58d8923b380d6
2026-09-04 15:38:21.604019 INFO::Fitting model to feature number 1376, af0dda8f319b41ab2b15fa0c4a5e8a05
2026-09-04 15:38:21.612289 INFO::Fitting model to feature number 1377, b7f6e3af62686cd7f2c8f4016f835784
2026-09-04 15:38:21.618583 INFO::Fitting model to feature number 1378, ca9668678d33615fb4e2dd5e594c5216
2026-09-04 15:38:21.623915 INFO::Fitting model to feature number 1379, b9ab4c688a7413bdaadb9e60af6fe0cc
2026-09-04 15:38:21.630291 INFO::Fitting model to feature number 1380, X7871aaea66563e5ebfb4efc7f5599c44
2026-09-04 15:38:21.634905 INFO::Fitting model to feature number 1381, X31ee89e4e2db78a0afe27a57867457e1
2026-09-04 15:38:21.639357 INFO::Fitting model to feature number 1382, a2afcad6722a75f5b1ec79e56e6fdf02
2026-09-04 15:38:21.643744 INFO::Fitting model to feature number 1383, X48fcba36a1de64bd249659a9091884a2
2026-09-04 15:38:21.647886 INFO::Fitting model to feature number 1384, X7868c2184da631282f76dc3aaa063044
2026-09-04 15:38:21.651707 INFO::Fitting model to feature number 1385, X7e2adc03ce99bfe7e7a0948323cdce2e
2026-09-04 15:38:21.655305 INFO::Fitting model to feature number 1386, aa33d363ce39b1dfb721c593bbac61db
2026-09-04 15:38:21.662738 INFO::Fitting model to feature number 1387, X7c9cd50b902bc19d4e71fe495945c73a
2026-09-04 15:38:21.670633 INFO::Fitting model to feature number 1388, X87a3f5f7893202c200578156048ba8c8
2026-09-04 15:38:21.677011 INFO::Fitting model to feature number 1389, X34425b47892462604276847bccc5adeb
2026-09-04 15:38:21.682342 INFO::Fitting model to feature number 1390, X09082b3232546c50be71f72613059b2c
2026-09-04 15:38:21.690525 INFO::Fitting model to feature number 1391, c3a93e0352815a9aa1233a126210eb2f
2026-09-04 15:38:21.696356 INFO::Fitting model to feature number 1392, ebd6f8278dc89c7cfeb7a95185ba9bda
2026-09-04 15:38:21.701417 INFO::Fitting model to feature number 1393, X652429f662390e6dff567844b2e233bc
2026-09-04 15:38:21.70782 INFO::Fitting model to feature number 1394, X35b596e109f9ee464ceb59e22f9c188d
2026-09-04 15:38:21.712702 INFO::Fitting model to feature number 1395, X4fa0335215cc2dc477195b206712ff9d
2026-09-04 15:38:21.717266 INFO::Fitting model to feature number 1396, d574a2b77c8a0a8e2ff4f778cfca093d
2026-09-04 15:38:21.722374 INFO::Fitting model to feature number 1397, f3085612606c1365160c183a78783d29
2026-09-04 15:38:21.728934 INFO::Fitting model to feature number 1398, be845c0d36cf7c0d55305b61e13eec5f
2026-09-04 15:38:21.736552 INFO::Fitting model to feature number 1399, fbd78b3cf1b094edbcd6f7674c38a6a5
2026-09-04 15:38:21.743871 INFO::Fitting model to feature number 1400, X2a9ded87774bc5d82ec51054bf362b32
2026-09-04 15:38:21.751434 INFO::Fitting model to feature number 1401, ff05b3f94fc778d9cabb2a8b4e70a5d6
2026-09-04 15:38:21.75845 INFO::Fitting model to feature number 1402, X71b850cc1c59420040864740bd2731b1
2026-09-04 15:38:21.765745 INFO::Fitting model to feature number 1403, X79d1ad2dbd4d8f70633a4cf6027ad04f
2026-09-04 15:38:21.774954 INFO::Fitting model to feature number 1404, X91fd8961af37b5fd26c713305041544e
2026-09-04 15:38:21.783808 INFO::Fitting model to feature number 1405, X215f6b9380f0892e9e490572221f021c
2026-09-04 15:38:21.794274 INFO::Fitting model to feature number 1406, X9a685eaf10fbdce87df058243568944f
2026-09-04 15:38:21.804987 INFO::Fitting model to feature number 1407, X5ccb4f78733eebae6e1f005f88ffe275
2026-09-04 15:38:21.815578 INFO::Fitting model to feature number 1408, X7f9b0beeb727eac95f16479e0f7f0e7e
2026-09-04 15:38:21.825442 INFO::Fitting model to feature number 1409, X85f275f07245d382de56e5343580a261
2026-09-04 15:38:21.83589 INFO::Fitting model to feature number 1410, b9e6b33be217639a80fbbb6cab342c37
2026-09-04 15:38:21.846626 INFO::Fitting model to feature number 1411, bc56a7361c9a3b49f1f1c51874321e12
2026-09-04 15:38:21.857141 INFO::Fitting model to feature number 1412, X4b9a9d8c4e661b02fad5ef87318e4020
2026-09-04 15:38:21.867101 INFO::Fitting model to feature number 1413, X806b6077085e15a1de09b12792c21701
2026-09-04 15:38:21.877105 INFO::Fitting model to feature number 1414, X08eacd0794f8e78fe68a9767eb425654
2026-09-04 15:38:21.88799 INFO::Fitting model to feature number 1415, X0c3e72d3c62c8ecda00bd4056dff3eec
2026-09-04 15:38:21.899484 INFO::Fitting model to feature number 1416, X8563f00ad4aeffbe720c5a20882f6ad7
2026-09-04 15:38:21.910808 INFO::Fitting model to feature number 1417, X7c7f2bf4c5c8298568bc224c04470fec
2026-09-04 15:38:21.920664 INFO::Fitting model to feature number 1418, X45bb43b8bc1f16292a3ff842bf199281
2026-09-04 15:38:21.93165 INFO::Fitting model to feature number 1419, X733f5a346b282389a45d1ec10c786fc7
2026-09-04 15:38:21.942557 INFO::Fitting model to feature number 1420, e5db0c3d75cc082603df6476ccc68669
2026-09-04 15:38:21.951339 INFO::Fitting model to feature number 1421, X87a7893b4c1f49d3e8bc80c4280a4fa8
2026-09-04 15:38:21.959535 INFO::Fitting model to feature number 1422, X4510829df6c8c7dc0703168b60dda458
2026-09-04 15:38:21.967626 INFO::Fitting model to feature number 1423, X79fba01b70404d08a88c20c5bda9aec3
2026-09-04 15:38:21.975595 INFO::Fitting model to feature number 1424, X77793968684168383deccae3147b5843
2026-09-04 15:38:21.983601 INFO::Fitting model to feature number 1425, X2813b398fb55e30eca35689d666be95b
2026-09-04 15:38:21.992249 INFO::Fitting model to feature number 1426, X8e88969c02aa4d10048602fe065bddb9
2026-09-04 15:38:22.000311 INFO::Fitting model to feature number 1427, X5834af9910429434e8c9c508cfb85157
2026-09-04 15:38:22.008261 INFO::Fitting model to feature number 1428, X674a4c9375f88394b927fcf0a3b8ad7c
2026-09-04 15:38:22.016275 INFO::Fitting model to feature number 1429, X322a5b348bf6b1f290646f2cf2b18fcd
2026-09-04 15:38:22.024337 INFO::Fitting model to feature number 1430, X8e7ea53195da7c5b83031cbf25dd92d6
2026-09-04 15:38:22.031684 INFO::Fitting model to feature number 1431, X908fd8303003e54b1d027d33153c2cda
2026-09-04 15:38:22.039302 INFO::Fitting model to feature number 1432, ff91ace99a00c2509fbb6554956e5a53
2026-09-04 15:38:22.046851 INFO::Fitting model to feature number 1433, X5da8dd7b442681c297e5a98c13bdc4b4
2026-09-04 15:38:22.054812 INFO::Fitting model to feature number 1434, X74c062e09de1ce463b5536bd85323b87
2026-09-04 15:38:22.06419 INFO::Fitting model to feature number 1435, d20320795c3b89e52f49baf9541d6840
2026-09-04 15:38:22.074306 INFO::Fitting model to feature number 1436, X621f8ddee7c51b714a2fefbeb3f5940b
2026-09-04 15:38:22.083934 INFO::Fitting model to feature number 1437, X18b5d26e80637d27c31ff7a5c1eaec65
2026-09-04 15:38:22.094612 INFO::Fitting model to feature number 1438, X3eab4a9a3169e751c7acd7b5adf1842a
2026-09-04 15:38:22.104797 INFO::Fitting model to feature number 1439, X06ff31945d69765df98526d7918a7026
2026-09-04 15:38:22.116055 INFO::Fitting model to feature number 1440, d9644d7516e859669c1c1d7a09070313
2026-09-04 15:38:22.126982 INFO::Fitting model to feature number 1441, c701bd1e8c2828ad42068b9e62b37d97
2026-09-04 15:38:22.137674 INFO::Fitting model to feature number 1442, cb77f895e621296f9ac44ad0a1531f42
2026-09-04 15:38:22.147878 INFO::Fitting model to feature number 1443, X8eb403bdafad1da016df1da14f7aa6c6
2026-09-04 15:38:22.154062 INFO::Fitting model to feature number 1444, a24d222dbc42aaf0f1b7f08d66ac41b8
2026-09-04 15:38:22.160816 INFO::Fitting model to feature number 1445, be26719008e0a28040f4982b00a94897
2026-09-04 15:38:22.169493 INFO::Fitting model to feature number 1446, X2005002db75f1c8dc00b4ee4ba74b9b7
2026-09-04 15:38:22.17778 INFO::Fitting model to feature number 1447, X233f4984b368c629dce62662fbf10513
2026-09-04 15:38:22.185967 INFO::Fitting model to feature number 1448, X52fb9f37e3a50fbefb8895765e0b897b
2026-09-04 15:38:22.194523 INFO::Fitting model to feature number 1449, e9dc54fb43320564ed0d379c0a98268f
2026-09-04 15:38:22.20363 INFO::Fitting model to feature number 1450, X39ac7726042a7e1f67f06aeb672f398e
2026-09-04 15:38:22.2126 INFO::Fitting model to feature number 1451, X803e9dc8e8c4c4fd8c7e399c8eb89a5c
2026-09-04 15:38:22.218963 INFO::Fitting model to feature number 1452, X61d96b86c674ec6276984c9be7a81efc
2026-09-04 15:38:22.224772 INFO::Fitting model to feature number 1453, X558be274779e44ca86a6196f2b26f8d4
2026-09-04 15:38:22.232847 INFO::Fitting model to feature number 1454, X65df4691a33a8f2bdc095277f5664baf
2026-09-04 15:38:22.239416 INFO::Fitting model to feature number 1455, b81f1e416c474295bb09d075882ecbf6
2026-09-04 15:38:22.248073 INFO::Fitting model to feature number 1456, ca019dc1f7991a3f2a30faf861bee144
2026-09-04 15:38:22.255827 INFO::Fitting model to feature number 1457, X05b6f1512bcf69736ac3713898a56f66
2026-09-04 15:38:22.264783 INFO::Fitting model to feature number 1458, bc28c778694f7371e8ef1f497a38c591
2026-09-04 15:38:22.273222 INFO::Fitting model to feature number 1459, X8f23fca78d2153ed64bf5dbb1a22cd82
2026-09-04 15:38:22.281974 INFO::Fitting model to feature number 1460, X69a3960ccd2966ed767064381136c82a
2026-09-04 15:38:22.290203 INFO::Fitting model to feature number 1461, X36048b1f84af11b18b82552d19b1b40f
2026-09-04 15:38:22.29869 INFO::Fitting model to feature number 1462, X1d1d68c0261030f6885f385754f10174
2026-09-04 15:38:22.307236 INFO::Fitting model to feature number 1463, cb5ec78471cee394f3979e8918c5af2b
2026-09-04 15:38:22.315239 INFO::Fitting model to feature number 1464, X868e0165fe32a8925b7f20afa5e1dbfc
2026-09-04 15:38:22.322164 INFO::Fitting model to feature number 1465, X7307b9ab3f984b0b40815db0440f782a
2026-09-04 15:38:22.330546 INFO::Fitting model to feature number 1466, X3bf46a1fc6f2bccdf5caeb31bd310b09
2026-09-04 15:38:22.339423 INFO::Fitting model to feature number 1467, X7a047bcee0100ae8d774044f6256397f
2026-09-04 15:38:22.34765 INFO::Fitting model to feature number 1468, e4900c79f81ac774749962612c701fa9
2026-09-04 15:38:22.356517 INFO::Fitting model to feature number 1469, X9b47359b873d0db870ba791ae924d1bd
2026-09-04 15:38:22.36451 INFO::Fitting model to feature number 1470, X7c8ac152cdc8e3a2522acc386fca48a4
2026-09-04 15:38:22.372403 INFO::Fitting model to feature number 1471, d926a474b6f14253c1ebbbcd5687f6d0
2026-09-04 15:38:22.38155 INFO::Fitting model to feature number 1472, cb1376d9bfc50f0364a892ead4c03f74
2026-09-04 15:38:22.391251 INFO::Fitting model to feature number 1473, X9c3fc1534e14c8a5fc30985b7cf0f83e
2026-09-04 15:38:22.400651 INFO::Fitting model to feature number 1474, f77f6eb1c870b0d161a0978d973695b1
2026-09-04 15:38:22.410324 INFO::Fitting model to feature number 1475, fefb7efc7206ffcbca1d722da915d1e0
2026-09-04 15:38:22.419566 INFO::Fitting model to feature number 1476, X4ab47d2ee1b7cfe5eb06c13f1153e3ce
2026-09-04 15:38:22.427791 INFO::Fitting model to feature number 1477, X1f052b365ef0e0f21b65f59ae1a841be
2026-09-04 15:38:22.435889 INFO::Fitting model to feature number 1478, f5b2a6ee95f086f07e65c59cb963da7f
2026-09-04 15:38:22.444094 INFO::Fitting model to feature number 1479, e2b25f3dbe28d234b95e4b8cc76614b4
2026-09-04 15:38:22.452218 INFO::Fitting model to feature number 1480, X720708e339d91e5adace23fb384531f4
2026-09-04 15:38:22.460189 INFO::Fitting model to feature number 1481, X776b7e98b60fdd8c18b8bbcda851d0d5
2026-09-04 15:38:22.468234 INFO::Fitting model to feature number 1482, X8eacb55f129d25a75261128d162eb513
2026-09-04 15:38:22.476062 INFO::Fitting model to feature number 1483, X0d3a3d1cf7d4f42efdf5f41ab5a1c3b0
2026-09-04 15:38:22.484087 INFO::Fitting model to feature number 1484, X44133021165ec1f91d55708a65c01f73
2026-09-04 15:38:22.492053 INFO::Fitting model to feature number 1485, bc00be7d451bf601abfa40fe9e985ab7
2026-09-04 15:38:22.499859 INFO::Fitting model to feature number 1486, X2be723bd0dc53b993b03b5d8417b9601
2026-09-04 15:38:22.507465 INFO::Fitting model to feature number 1487, X5da53ce7e4c6e7c9814fe702d0d62b21
2026-09-04 15:38:22.514628 INFO::Fitting model to feature number 1488, c011a520057f65fdfb3d1b184da37220
2026-09-04 15:38:22.521524 INFO::Fitting model to feature number 1489, X781dc7df561ebf1857310bc358310e9c
2026-09-04 15:38:22.528441 INFO::Fitting model to feature number 1490, X2ad75df55f114f45759fd4f243267a88
2026-09-04 15:38:22.535345 INFO::Fitting model to feature number 1491, X52f2a7b9f43c6931542b9615556e1c61
2026-09-04 15:38:22.541692 INFO::Fitting model to feature number 1492, X635e6e47de83b03a66c62c798d09e7e3
2026-09-04 15:38:22.548688 INFO::Fitting model to feature number 1493, X2e1b161a2a5d6649ae0ceacf2979d747
2026-09-04 15:38:22.55541 INFO::Fitting model to feature number 1494, X14b49bd6810f9f7c4dc71a217016e964
2026-09-04 15:38:22.561768 INFO::Fitting model to feature number 1495, X7fce74cb443a745e3d77a49d56e0de1e
2026-09-04 15:38:22.568397 INFO::Fitting model to feature number 1496, X9a6b595dadbedf9c5e93370470ed9b9b
2026-09-04 15:38:22.575211 INFO::Fitting model to feature number 1497, X77e8df44b8c5a58b722170d99eba098f
2026-09-04 15:38:22.582066 INFO::Fitting model to feature number 1498, X08461d2340bdd46779d426d3a0a2a2ef
2026-09-04 15:38:22.588591 INFO::Fitting model to feature number 1499, bc73346bf0a44abb6a190813b03b316b
2026-09-04 15:38:22.594747 INFO::Fitting model to feature number 1500, X90c24ac434da9c8294f1caee8b3d44b3
2026-09-04 15:38:22.601675 INFO::Fitting model to feature number 1501, c827714e50b7ea5d673f0bfb8dafd9fb
2026-09-04 15:38:22.606553 INFO::Fitting model to feature number 1502, X5bb4493caabb56b78b99ee150f358d3c
2026-09-04 15:38:22.615532 INFO::Fitting model to feature number 1503, ee23936eb7d1dd1c67d0bfa7f12f9454
2026-09-04 15:38:22.624237 INFO::Fitting model to feature number 1504, X883c621a94c8c41fb099d57470e16755
2026-09-04 15:38:22.632795 INFO::Fitting model to feature number 1505, X1025be4b51a1dfbd3df279f3917247c5
2026-09-04 15:38:22.641545 INFO::Fitting model to feature number 1506, c83409cd0b6240bd0121f961a601cb83
2026-09-04 15:38:22.650967 INFO::Fitting model to feature number 1507, X8f60b4663eba42735add79c7655f8337
2026-09-04 15:38:22.660683 INFO::Fitting model to feature number 1508, d64f53290e0057135d9600d8b913d263
2026-09-04 15:38:22.668762 INFO::Fitting model to feature number 1509, X787bbff233fbcff5337306f46745d2b7
2026-09-04 15:38:22.675022 INFO::Fitting model to feature number 1510, X2a4cbe325a7902e1b791a53b1895487d
2026-09-04 15:38:22.683065 INFO::Fitting model to feature number 1511, X940097833eb7d2ef2747302c1da644d7
2026-09-04 15:38:22.690925 INFO::Fitting model to feature number 1512, X348bb73e43e5c23f7e171ffe032e6216
2026-09-04 15:38:22.698952 INFO::Fitting model to feature number 1513, b560d2dc340f43144cb6a28cb2392f98
2026-09-04 15:38:22.707106 INFO::Fitting model to feature number 1514, edace155e4b31c185330bcc89327ce21
2026-09-04 15:38:22.715477 INFO::Fitting model to feature number 1515, X2a23013dc8d92c3d6904ea9171324339
2026-09-04 15:38:22.724189 INFO::Fitting model to feature number 1516, c2169a2367142d716e13824cef7b215e
2026-09-04 15:38:22.733017 INFO::Fitting model to feature number 1517, c71cda81c8ad1a8ea1bdb4709f569e9e
2026-09-04 15:38:22.741735 INFO::Fitting model to feature number 1518, X169db9e1d85f6d602cbe49b3a496432f
2026-09-04 15:38:22.750331 INFO::Fitting model to feature number 1519, X2b4e6ccd11a78681bceaffed2053907f
2026-09-04 15:38:22.759282 INFO::Fitting model to feature number 1520, X655a6ba2f375a3d0f1ebb3b829419e28
2026-09-04 15:38:22.767949 INFO::Fitting model to feature number 1521, a60d853c569f51557b1f6226036ffd45
2026-09-04 15:38:22.776376 INFO::Fitting model to feature number 1522, X44a417a5e1e59d28acf006c21f087920
2026-09-04 15:38:22.785402 INFO::Fitting model to feature number 1523, X530d24908759df11439f922b6b553c34
2026-09-04 15:38:22.794554 INFO::Fitting model to feature number 1524, X30ee7a915e81f2be6251eabe0c69b187
2026-09-04 15:38:22.803775 INFO::Fitting model to feature number 1525, X9889d0b7e20cf6b5ec191c5d47526786
2026-09-04 15:38:22.813574 INFO::Fitting model to feature number 1526, X050175c3e7912f3e8b518370eb7c1c10
2026-09-04 15:38:22.822866 INFO::Fitting model to feature number 1527, eeed025cf73d55fed9f0ed4848a8b09e
2026-09-04 15:38:22.831995 INFO::Fitting model to feature number 1528, X38bc5be59918b9e3086bec0881545ea2
2026-09-04 15:38:22.841417 INFO::Fitting model to feature number 1529, f3e4d3993e67d237461aeed380f89296
2026-09-04 15:38:22.892419 INFO::Fitting model to feature number 1530, df65d8c39aa857d761d7138e1012a592
2026-09-04 15:38:22.906497 INFO::Fitting model to feature number 1531, X9f57186e68298fd99139b866e9a8155e
2026-09-04 15:38:22.916191 INFO::Fitting model to feature number 1532, X97878b17a03213633ae3741c628aff95
2026-09-04 15:38:22.92687 INFO::Fitting model to feature number 1533, X1d7df63486926357c32e4d2ecaad2863
2026-09-04 15:38:22.937012 INFO::Fitting model to feature number 1534, X113f7fdc7dd11b33b04dabb466e452ab
2026-09-04 15:38:22.946777 INFO::Fitting model to feature number 1535, X7a254f06c2bd0c01b8569a096c8aba66
2026-09-04 15:38:22.956371 INFO::Fitting model to feature number 1536, X4606e5a8b45cd256c0e043c41198e57e
2026-09-04 15:38:22.966101 INFO::Fitting model to feature number 1537, X68b53a41984766acbc35f670d3975526
2026-09-04 15:38:22.975844 INFO::Fitting model to feature number 1538, f53287ebc21f0c7e12926a12007164ed
2026-09-04 15:38:22.985562 INFO::Fitting model to feature number 1539, X08aaf1bb0d597052d230a7195070a3b1
2026-09-04 15:38:22.995358 INFO::Fitting model to feature number 1540, X0a64ca9ff10aae62532c59205fc45853
2026-09-04 15:38:23.005895 INFO::Fitting model to feature number 1541, X25462d378e3fa6b2ab8a17c3053e7038
2026-09-04 15:38:23.016178 INFO::Fitting model to feature number 1542, X1c299b09c95f87a1e61c6006fc968cd9
2026-09-04 15:38:23.027021 INFO::Fitting model to feature number 1543, X8b31ff60df3e94cd2cc15a2909b46752
2026-09-04 15:38:23.036692 INFO::Fitting model to feature number 1544, X4213a947b09d5e68fef199524f0e7d27
2026-09-04 15:38:23.050162 INFO::Fitting model to feature number 1545, X15eca2e791831146ecf24ffdc39cf960
2026-09-04 15:38:23.057672 INFO::Fitting model to feature number 1546, X0d847a51c64ca11d363ef5fd6ab45d9c
2026-09-04 15:38:23.066079 INFO::Fitting model to feature number 1547, X00107bdafa378f95637473669a5b62cc
2026-09-04 15:38:23.074602 INFO::Fitting model to feature number 1548, dc98908011dd90a64e42a19aad6340d3
2026-09-04 15:38:23.083595 INFO::Fitting model to feature number 1549, abfdf870db951c1ae73cfb98e64549c8
2026-09-04 15:38:23.092615 INFO::Fitting model to feature number 1550, f66369959553e15e8ca0d41447b63d95
2026-09-04 15:38:23.101804 INFO::Fitting model to feature number 1551, X922414fd1c48a7f30c1c59fa8536ce2c
2026-09-04 15:38:23.110193 INFO::Fitting model to feature number 1552, efa7dfa75231c216add7ea599de53155
2026-09-04 15:38:23.118747 INFO::Fitting model to feature number 1553, X523b0fd903458cb27c21267f3eff89b9
2026-09-04 15:38:23.12784 INFO::Fitting model to feature number 1554, X8bd7eae7b06e68da18ec96166ab803b6
2026-09-04 15:38:23.137272 INFO::Fitting model to feature number 1555, X939bc9462e0842a9c6e7c7b1462fe546
2026-09-04 15:38:23.146794 INFO::Fitting model to feature number 1556, X418934afc8f36d1666609d0352542a85
2026-09-04 15:38:23.156293 INFO::Fitting model to feature number 1557, fc297f203633dcbd4c162adfddc177b0
2026-09-04 15:38:23.165761 INFO::Fitting model to feature number 1558, db3eb57f3f4bee539fa96bb93046e3c3
2026-09-04 15:38:23.175189 INFO::Fitting model to feature number 1559, a1ae9616b621213b6f5255a65e4a7888
2026-09-04 15:38:23.181869 INFO::Fitting model to feature number 1560, X0e5bb3b72148d1f430252f78d3c1f88e
2026-09-04 15:38:23.191469 INFO::Fitting model to feature number 1561, X226ca6b52d7af139c06f232fd38e3569
2026-09-04 15:38:23.200804 INFO::Fitting model to feature number 1562, X0a806cfaee2902dd1d62834cc24850e6
2026-09-04 15:38:23.210378 INFO::Fitting model to feature number 1563, X846ed899f8d8ae5228d0aa0a4e294f47
2026-09-04 15:38:23.220437 INFO::Fitting model to feature number 1564, e086c1f6ce0623de5930879188ff033a
2026-09-04 15:38:23.22971 INFO::Fitting model to feature number 1565, X90092fb7b4c8dc4c436221e7809ae062
2026-09-04 15:38:23.239037 INFO::Fitting model to feature number 1566, X669a8cbc4c3018bdd25d7ae1afd409d1
2026-09-04 15:38:23.247793 INFO::Fitting model to feature number 1567, X71c73b1b3db72019e23daf904bf9e0b6
2026-09-04 15:38:23.256516 INFO::Fitting model to feature number 1568, X1155ac2d556aace4543333f51acde613
2026-09-04 15:38:23.264724 INFO::Fitting model to feature number 1569, X7454e5573466dfa6018c7cd0181711a3
2026-09-04 15:38:23.272784 INFO::Fitting model to feature number 1570, X2dddbf9371fbc45804d4a92724c4dd2d
2026-09-04 15:38:23.280774 INFO::Fitting model to feature number 1571, dbedcad4f796dfdccb2732fe1eaf62c3
2026-09-04 15:38:23.288952 INFO::Fitting model to feature number 1572, X2903270e2d487a1bf8f06cc5361e2162
2026-09-04 15:38:23.296892 INFO::Fitting model to feature number 1573, X267fde138d7a2db10dff02aa6ebdc7f9
2026-09-04 15:38:23.30475 INFO::Fitting model to feature number 1574, X2ace65c195895701fd6ba94f06392444
2026-09-04 15:38:23.312754 INFO::Fitting model to feature number 1575, X4fd5415a1edc320824d0ce93e3f23ea4
2026-09-04 15:38:23.321329 INFO::Fitting model to feature number 1576, X2c1bb5ec14c19b02cb2a7de6a5b89ea5
2026-09-04 15:38:23.329532 INFO::Fitting model to feature number 1577, X91c17131cd04751c175243c37e94f7eb
2026-09-04 15:38:23.337891 INFO::Fitting model to feature number 1578, bf781ee8a697c00a02940a47861b1980
2026-09-04 15:38:23.345814 INFO::Fitting model to feature number 1579, X2ac9a92b525560524bea4464ed2683fd
2026-09-04 15:38:23.353417 INFO::Fitting model to feature number 1580, X54d27bea8f7f00f1666fc2b9457e69c4
2026-09-04 15:38:23.360678 INFO::Fitting model to feature number 1581, a3d254eb2d81213d7352d19aa13136a2
2026-09-04 15:38:23.36784 INFO::Fitting model to feature number 1582, X09190385d902f343aaa2d03a744571d0
2026-09-04 15:38:23.374647 INFO::Fitting model to feature number 1583, X4d7e9af66394ec3a9055e049445920e2
2026-09-04 15:38:23.381453 INFO::Fitting model to feature number 1584, X065731dc70ca2e0ae56177f7be27e398
2026-09-04 15:38:23.388282 INFO::Fitting model to feature number 1585, ed2abf50404c6a3f9ebded694af30347
2026-09-04 15:38:23.396174 INFO::Fitting model to feature number 1586, X6443898054518f4a3520abd88ae8a640
2026-09-04 15:38:23.403558 INFO::Fitting model to feature number 1587, a97a936bbae1f78f23b105c7e7bd179c
2026-09-04 15:38:23.410664 INFO::Fitting model to feature number 1588, X470136dfe4e4c0181388b5f03b307ee8
2026-09-04 15:38:23.417978 INFO::Fitting model to feature number 1589, e3399172b195de5d79c97678d6b6f416
2026-09-04 15:38:23.425882 INFO::Fitting model to feature number 1590, X1b373861a092db91abe8094a4a55ad41
2026-09-04 15:38:23.432259 INFO::Fitting model to feature number 1591, d4490020076143bc300dcd67351666a7
2026-09-04 15:38:23.436907 INFO::Fitting model to feature number 1592, X205ad8969ab3893de8ec3c7b4ba01174
2026-09-04 15:38:23.444599 INFO::Fitting model to feature number 1593, X344b89751fc2de8f51385fa631be76ae
2026-09-04 15:38:23.452077 INFO::Fitting model to feature number 1594, X113cef49142c908128f5e5885db6677f
2026-09-04 15:38:23.459889 INFO::Fitting model to feature number 1595, X6fa0ad116c20e73b900b3aac7ac89b32
2026-09-04 15:38:23.46749 INFO::Fitting model to feature number 1596, X5efa39b4fbf7ea924d6476265a7f4108
2026-09-04 15:38:23.475043 INFO::Fitting model to feature number 1597, df99b0fbb759970324d0524fd0ed436c
2026-09-04 15:38:23.48287 INFO::Fitting model to feature number 1598, e6b3976e80dbbadde921f57e3d205892
2026-09-04 15:38:23.490662 INFO::Fitting model to feature number 1599, e506fed0a99720b790dbcb04fd26b9c8
2026-09-04 15:38:23.498309 INFO::Fitting model to feature number 1600, f65e1a651f358b15364cffeb81519bf6
2026-09-04 15:38:23.506987 INFO::Fitting model to feature number 1601, f216f79f0a3e7b2b469c73751e885bc8
2026-09-04 15:38:23.514905 INFO::Fitting model to feature number 1602, dc597c01ff9d5532f2927e5acf8a3fe0
2026-09-04 15:38:23.522942 INFO::Fitting model to feature number 1603, a4efc797f836690add2cdaf980930c1a
2026-09-04 15:38:23.531067 INFO::Fitting model to feature number 1604, eaf9de0284c3ceeddbc889d0f03cd7f6
2026-09-04 15:38:23.539237 INFO::Fitting model to feature number 1605, b3e59fbba3c595e3c826b15ceb8878bd
2026-09-04 15:38:23.547276 INFO::Fitting model to feature number 1606, X212c0cfe114396c7a9481241d750c4de
2026-09-04 15:38:23.555745 INFO::Fitting model to feature number 1607, ae154a5c03ab5070a1a0eacf408da36f
2026-09-04 15:38:23.563332 INFO::Fitting model to feature number 1608, X286829a563541e0eb98c3d8403b16d86
2026-09-04 15:38:23.570676 INFO::Fitting model to feature number 1609, X43e1958ba29bceff52ac242d5175118b
2026-09-04 15:38:23.578228 INFO::Fitting model to feature number 1610, X23cfcd79f50cfe6f471d5fa0f8d60ba0
2026-09-04 15:38:23.585508 INFO::Fitting model to feature number 1611, X4d78874ba41fe10e3cdd0fcdce37178b
2026-09-04 15:38:23.592513 INFO::Fitting model to feature number 1612, aee44702f6ba3e291161e1b019781301
2026-09-04 15:38:23.600569 INFO::Fitting model to feature number 1613, d6a53f23c49f350be6c7232ceee285ae
2026-09-04 15:38:23.607367 INFO::Fitting model to feature number 1614, X1a4f7d19c258bccf264fb13efefe3786
2026-09-04 15:38:23.614055 INFO::Fitting model to feature number 1615, X688ed5b6c81f6554b4c7c3dd2893a212
2026-09-04 15:38:23.620432 INFO::Fitting model to feature number 1616, X8008747174b514dbe77f8a0dd56ac8b5
2026-09-04 15:38:23.626589 INFO::Fitting model to feature number 1617, X4b9f9723551325d3ff2ee04cfe1700eb
2026-09-04 15:38:23.632685 INFO::Fitting model to feature number 1618, b870ee9c0da9fe6122d27044add9d76b
2026-09-04 15:38:23.639299 INFO::Fitting model to feature number 1619, X7686779e16f84e04e1a59099e64ea486
2026-09-04 15:38:23.645632 INFO::Fitting model to feature number 1620, dd8b183c024b614bdbccc4893e76acfb
2026-09-04 15:38:23.651725 INFO::Fitting model to feature number 1621, X7446c754399baa9952593ddbceef5bfe
2026-09-04 15:38:23.658341 INFO::Fitting model to feature number 1622, X883dc6a0ea6f4729c3096bbf06d06699
2026-09-04 15:38:23.664754 INFO::Fitting model to feature number 1623, X2ef0aa38942f3716bddefeec7b8f1649
2026-09-04 15:38:23.67086 INFO::Fitting model to feature number 1624, X7b994a5ac1a6070b92441489e0ef3704
2026-09-04 15:38:23.676675 INFO::Fitting model to feature number 1625, X6f8b904426153d38402d33735e59cdda
2026-09-04 15:38:23.682878 INFO::Fitting model to feature number 1626, X420927569d913eaae847fe04aec60ca4
2026-09-04 15:38:23.688785 INFO::Fitting model to feature number 1627, X75e049d0d093319fee0b6088d81aaf3d
2026-09-04 15:38:23.69449 INFO::Fitting model to feature number 1628, X8439878c2539bca397c91c2cf9a281fa
2026-09-04 15:38:23.699937 INFO::Fitting model to feature number 1629, X29fd1c151441bf5f1c340be57949ad68
2026-09-04 15:38:23.705057 INFO::Fitting model to feature number 1630, X783fa9f5d6f1e341f3fd077f95fae21c
2026-09-04 15:38:23.709897 INFO::Fitting model to feature number 1631, X79ee2fe49b49eb577ecba4f586c0f124
2026-09-04 15:38:23.714604 INFO::Fitting model to feature number 1632, X00d118907f9e925af430d287d4c42e47
2026-09-04 15:38:23.719472 INFO::Fitting model to feature number 1633, d71a7a21d1978bbbcdbf7b36280690dd
2026-09-04 15:38:23.724169 INFO::Fitting model to feature number 1634, X5aaaaa5a63365189cd48ff82ace504ec
2026-09-04 15:38:23.728718 INFO::Fitting model to feature number 1635, X4d728d3c71fc9f2f4d90cdd34c4bb2f5
2026-09-04 15:38:23.733101 INFO::Fitting model to feature number 1636, X3fd465dda2ae1676fef3e34adb2988b4
2026-09-04 15:38:23.737725 INFO::Fitting model to feature number 1637, X07b77f8e4f3da3713de8e4fdc8c52b31
2026-09-04 15:38:23.742183 INFO::Fitting model to feature number 1638, X936cb431dee6e4d49f4da3dad0c107f8
2026-09-04 15:38:23.746392 INFO::Fitting model to feature number 1639, X16d087cac7989dbf6120b854d3df171c
2026-09-04 15:38:23.750567 INFO::Fitting model to feature number 1640, X1cdb4ae6302ebe36544a95289b28a5d2
2026-09-04 15:38:23.75469 INFO::Fitting model to feature number 1641, bf6aceb1695f23aacf22f006fd1b3dfa
2026-09-04 15:38:23.758744 INFO::Fitting model to feature number 1642, X13497d30d81f50bda8169ee13b224952
2026-09-04 15:38:23.763027 INFO::Fitting model to feature number 1643, de30694dcd21f73a62f7f0cead171178
2026-09-04 15:38:23.767477 INFO::Fitting model to feature number 1644, X3e670f2da3eafaf14b893cefdd6701c7
2026-09-04 15:38:23.77212 INFO::Fitting model to feature number 1645, X529170f84bd6b3cc571c789a249e2ffd
2026-09-04 15:38:23.776742 INFO::Fitting model to feature number 1646, f7b78cbfc7c43d33f1466dae680b946e
2026-09-04 15:38:23.781319 INFO::Fitting model to feature number 1647, e7bb9262d4a46496167a210fc459688d
2026-09-04 15:38:23.785932 INFO::Fitting model to feature number 1648, X37c1744c70e8c16049c6135037d02f8f
2026-09-04 15:38:23.790668 INFO::Fitting model to feature number 1649, ee2c1f17bfe3ed557ed385fd7aae0446
2026-09-04 15:38:23.794878 INFO::Fitting model to feature number 1650, f017ca2c0638d0a59c7637b6da9f7259
2026-09-04 15:38:23.799357 INFO::Fitting model to feature number 1651, X96d1abfda5cc14d7c0dac38335464454
2026-09-04 15:38:23.80368 INFO::Fitting model to feature number 1652, c3100f3032c793be2b99ca23ab1824ee
2026-09-04 15:38:23.808013 INFO::Fitting model to feature number 1653, ad31131cc1adbe40a92576e6b651c188
2026-09-04 15:38:23.814904 INFO::Fitting model to feature number 1654, X0b0fdb5262a0f096a9447105cf77fe08
2026-09-04 15:38:23.82385 INFO::Fitting model to feature number 1655, X8e797b9bf5b1d55c523d094de494888b
2026-09-04 15:38:23.83285 INFO::Fitting model to feature number 1656, X2ca0ad9d8f59b9f317a89a5b6566f385
2026-09-04 15:38:23.841598 INFO::Fitting model to feature number 1657, X2c7e6ff7306f79fce53343fd62830754
2026-09-04 15:38:23.850088 INFO::Fitting model to feature number 1658, X4b9ef26c1eb03685b09376914bb4d022
2026-09-04 15:38:23.85854 INFO::Fitting model to feature number 1659, be864a96a9abcfaeba16a05474d2e85f
2026-09-04 15:38:23.867054 INFO::Fitting model to feature number 1660, X62f66d4c2a7fa871b17c06f5385d4984
2026-09-04 15:38:23.875751 INFO::Fitting model to feature number 1661, X525cdd14d4d82b10b2cc3724c9fafb52
2026-09-04 15:38:23.882295 INFO::Fitting model to feature number 1662, b0ab4756d37e8b6a29cd917e13bc198a
2026-09-04 15:38:23.890386 INFO::Fitting model to feature number 1663, f901b216eafef002c515ef0fb012ae30
2026-09-04 15:38:23.898487 INFO::Fitting model to feature number 1664, bb4aaa7fd0f22205885a3c83c2ba5c00
2026-09-04 15:38:23.906708 INFO::Fitting model to feature number 1665, X2b06f7a8b9354342a668f6a1ad2f37b4
2026-09-04 15:38:23.917767 INFO::Fitting model to feature number 1666, X89c627d5f1da7980a66c72df903965e8
2026-09-04 15:38:23.927089 INFO::Fitting model to feature number 1667, X18f92077e8d9376d902d42bd94f0139b
2026-09-04 15:38:23.936587 INFO::Fitting model to feature number 1668, X31afbb2f7b567f350baa11a70394e708
2026-09-04 15:38:23.945941 INFO::Fitting model to feature number 1669, bf4d2095db694a920bae87f9c9b5d5ba
2026-09-04 15:38:23.955025 INFO::Fitting model to feature number 1670, c331eebcf440a99a17ae0ac47444ca28
2026-09-04 15:38:23.963384 INFO::Fitting model to feature number 1671, X146dfc521129a89b0a2790242dfbdfea
2026-09-04 15:38:23.972634 INFO::Fitting model to feature number 1672, X394eda29c886632f514dd94b58381186
2026-09-04 15:38:23.982006 INFO::Fitting model to feature number 1673, X4378e11353a8c16da59f8df8bb03370b
2026-09-04 15:38:23.990711 INFO::Fitting model to feature number 1674, X71fb81f61077f6242a87a4a51d97cfab
2026-09-04 15:38:23.999848 INFO::Fitting model to feature number 1675, aed8e61cd36c2cb44fb3f56963d6a6ae
2026-09-04 15:38:24.008391 INFO::Fitting model to feature number 1676, X398effe356695ecb2193dd8b9c68b8cb
2026-09-04 15:38:24.016897 INFO::Fitting model to feature number 1677, X84c2f9084a75be51cdee8d3bbc091469
2026-09-04 15:38:24.026014 INFO::Fitting model to feature number 1678, d55e2ebd983f8f0276403c4f1f411559
2026-09-04 15:38:24.035559 INFO::Fitting model to feature number 1679, X4d5467aeaa75e026c74956f5af397574
2026-09-04 15:38:24.044548 INFO::Fitting model to feature number 1680, X7a479aeef1692a228525d6e0251a06af
2026-09-04 15:38:24.053617 INFO::Fitting model to feature number 1681, X0e538b1402f61972ddc004366c0f428e
2026-09-04 15:38:24.063477 INFO::Fitting model to feature number 1682, X2985b6f6842b1ad23bd5d7ca5f030fda
2026-09-04 15:38:24.072636 INFO::Fitting model to feature number 1683, X4f05f0f545008d7c3ac9e7c6d470f076
2026-09-04 15:38:24.082136 INFO::Fitting model to feature number 1684, a877ed23504d944de78923ec54321c6e
2026-09-04 15:38:24.091131 INFO::Fitting model to feature number 1685, X7214b44793e8e16ec34c2344996ca42e
2026-09-04 15:38:24.100505 INFO::Fitting model to feature number 1686, ae8c81487901c119a0850f691b7bd432
2026-09-04 15:38:24.109636 INFO::Fitting model to feature number 1687, d7be64d52a0d6318b4e1a04b52667670
2026-09-04 15:38:24.118229 INFO::Fitting model to feature number 1688, X26543459ea7621a383c66c155815ab89
2026-09-04 15:38:24.127178 INFO::Fitting model to feature number 1689, X3934eeb5cf9015e02dbd45a3342af237
2026-09-04 15:38:24.13601 INFO::Fitting model to feature number 1690, db2bc13858925d4e36cd3b855072727d
2026-09-04 15:38:24.144261 INFO::Fitting model to feature number 1691, X7f346c66f05f3e8b0e04b876f3c3dbd0
2026-09-04 15:38:24.153225 INFO::Fitting model to feature number 1692, X6e497759c13a3e3547e83497f2ebd822
2026-09-04 15:38:24.161317 INFO::Fitting model to feature number 1693, a448fba42706695ea808d59fd73e5449
2026-09-04 15:38:24.169714 INFO::Fitting model to feature number 1694, ef96591a931506339e541609615e8dad
2026-09-04 15:38:24.178298 INFO::Fitting model to feature number 1695, defb63373d46ff18611b9f9a9a849713
2026-09-04 15:38:24.186628 INFO::Fitting model to feature number 1696, bc03cc2bd8a104abb5b12d375a1a75c5
2026-09-04 15:38:24.193264 INFO::Fitting model to feature number 1697, de87cffa3188e308442d0d392048b2dc
2026-09-04 15:38:24.201864 INFO::Fitting model to feature number 1698, X959d10b3801866414a2eb68d4df67414
2026-09-04 15:38:24.210684 INFO::Fitting model to feature number 1699, b713233fb2f7c0a80e7ad84345cd16fd
2026-09-04 15:38:24.219131 INFO::Fitting model to feature number 1700, X184d96d31a0f7629e2f3c2091ff56dae
2026-09-04 15:38:24.229327 INFO::Fitting model to feature number 1701, X03dbbb8980b7c90d5c7c9f83e16ac7fb
2026-09-04 15:38:24.238517 INFO::Fitting model to feature number 1702, fb95e8cada6918eadd23c50f86c913dc
2026-09-04 15:38:24.247244 INFO::Fitting model to feature number 1703, X9e82ed15ea0def7fc2797fddca438b12
2026-09-04 15:38:24.255896 INFO::Fitting model to feature number 1704, X212b340b7771fc75695ffeb983538990
2026-09-04 15:38:24.264149 INFO::Fitting model to feature number 1705, X0cfe2fbdb5413dee3a014a672ee6080c
2026-09-04 15:38:24.272357 INFO::Fitting model to feature number 1706, X589ff3c69b59b32cfc733ea6c991cc22
2026-09-04 15:38:24.280471 INFO::Fitting model to feature number 1707, ac19714327a55354547f5bfe46591c30
2026-09-04 15:38:24.288973 INFO::Fitting model to feature number 1708, X2829d308274e89f4fae5159464beadf4
2026-09-04 15:38:24.297075 INFO::Fitting model to feature number 1709, X9203758baa777a5c589fd82ca74e8b55
2026-09-04 15:38:24.305397 INFO::Fitting model to feature number 1710, X3eda1bcd6c45d2bb6c693e7fc5584579
2026-09-04 15:38:24.313426 INFO::Fitting model to feature number 1711, X06c86234afafee939f040c2898a1481f
2026-09-04 15:38:24.32158 INFO::Fitting model to feature number 1712, X9107b64cf3a664bf1c9543ccde62920a
2026-09-04 15:38:24.329704 INFO::Fitting model to feature number 1713, a5a2885273208cc79197d5e944db295e
2026-09-04 15:38:24.337766 INFO::Fitting model to feature number 1714, e36e14102dda69fe261ad9d23dc7ad7e
2026-09-04 15:38:24.345735 INFO::Fitting model to feature number 1715, X2a19ae6da484242fb42d9a13623ba92a
2026-09-04 15:38:24.353292 INFO::Fitting model to feature number 1716, b9e49e24eed13e9d42be624184d6232b
2026-09-04 15:38:24.360274 INFO::Fitting model to feature number 1717, d3abe1faede5b7e0d247455636cf04cf
2026-09-04 15:38:24.367184 INFO::Fitting model to feature number 1718, c7943f358ae7912097b492ab6d4c4057
2026-09-04 15:38:24.373665 INFO::Fitting model to feature number 1719, X06e6a378dcec8f409f0fda46a3c2a1db
2026-09-04 15:38:24.379666 INFO::Fitting model to feature number 1720, X311d3d484bede4575e8e4882c9cd9de8
2026-09-04 15:38:24.385372 INFO::Fitting model to feature number 1721, a2faeb0726a585595ef31b573bd21881
2026-09-04 15:38:24.390895 INFO::Fitting model to feature number 1722, X0e4c332de212838b946fec757ec3345f
2026-09-04 15:38:24.39715 INFO::Fitting model to feature number 1723, c75d13589e903c4f3bc3ab2e4beb56f6
2026-09-04 15:38:24.405799 INFO::Fitting model to feature number 1724, X1a54937846f30a70ac6f851ae7d07111
2026-09-04 15:38:24.415261 INFO::Fitting model to feature number 1725, fa46d1a76dfc0b07319a62528d41dbff
2026-09-04 15:38:24.425215 INFO::Fitting model to feature number 1726, X692905a8e1c22f7077d1cbff1b1afc04
2026-09-04 15:38:24.433497 INFO::Fitting model to feature number 1727, X583c26950423e3430f6a56507ce4729d
2026-09-04 15:38:24.4424 INFO::Fitting model to feature number 1728, X72bb2c87677dfbd659b71c2805147e8e
2026-09-04 15:38:24.450947 INFO::Fitting model to feature number 1729, a11ee36a8ee99c939881a077c27bb916
2026-09-04 15:38:24.458989 INFO::Fitting model to feature number 1730, ffefed58f8b224cb6a79f6d31dfac69d
2026-09-04 15:38:24.467198 INFO::Fitting model to feature number 1731, X576184fc8bbe8f1cf921ca45e4b7efba
2026-09-04 15:38:24.475253 INFO::Fitting model to feature number 1732, X510afa20f16cf64e1ee273d11240918f
2026-09-04 15:38:24.483485 INFO::Fitting model to feature number 1733, X9f677b99584402ca443227d7658e0652
2026-09-04 15:38:24.491462 INFO::Fitting model to feature number 1734, X76fb17e7ed648d7b49452980c98138bb
2026-09-04 15:38:24.499621 INFO::Fitting model to feature number 1735, ce003f7d95581a74a2975279d3f44acd
2026-09-04 15:38:24.507954 INFO::Fitting model to feature number 1736, X1ab6953edf851df7d1ea9f37fb5eac5d
2026-09-04 15:38:24.516008 INFO::Fitting model to feature number 1737, X5559cc8d1d8efe55e43397b2498feb60
2026-09-04 15:38:24.524381 INFO::Fitting model to feature number 1738, X867a1c1d67967c2ec5643aa144310118
2026-09-04 15:38:24.532597 INFO::Fitting model to feature number 1739, X02cc5d245c55e8c6b147bee1bba30607
2026-09-04 15:38:24.540513 INFO::Fitting model to feature number 1740, X93b203e129c7482f45feb559b583abfa
2026-09-04 15:38:24.548989 INFO::Fitting model to feature number 1741, X6efbd0b890ebb54ff9e00713acc97912
2026-09-04 15:38:24.557298 INFO::Fitting model to feature number 1742, X98ddab7d9d2559683ac8ef703b56173c
2026-09-04 15:38:24.565743 INFO::Fitting model to feature number 1743, ce42a8efbdff7786bf4e272aa4faeb2f
2026-09-04 15:38:24.573928 INFO::Fitting model to feature number 1744, X3df6191a235894182ffcb9b114abe52b
2026-09-04 15:38:24.582216 INFO::Fitting model to feature number 1745, abf5f57f4576f1c70e76f03e5dd15ceb
2026-09-04 15:38:24.590442 INFO::Fitting model to feature number 1746, X08c85fe6ede53e1b47110402705f7c3a
2026-09-04 15:38:24.598909 INFO::Fitting model to feature number 1747, X8653676dd17688f64580f179c87a231c
2026-09-04 15:38:24.607 INFO::Fitting model to feature number 1748, X2668a80948284d525b772c62016aaef7
2026-09-04 15:38:24.615644 INFO::Fitting model to feature number 1749, d60efa51f6068b616946d407a757c3c2
2026-09-04 15:38:24.623246 INFO::Fitting model to feature number 1750, c1f3e9e409804fd71f0e4fe38d7865bf
2026-09-04 15:38:24.63058 INFO::Fitting model to feature number 1751, d7e42c94c508fed0d0f68a1973c20d10
2026-09-04 15:38:24.637714 INFO::Fitting model to feature number 1752, c29856c6d70ce77484414e69d5fceec9
2026-09-04 15:38:24.644309 INFO::Fitting model to feature number 1753, X65e28f53f8e78a1d3cdcdc1e43dcb17f
2026-09-04 15:38:24.650965 INFO::Fitting model to feature number 1754, X89d3822e3d6b793c5bf9e4876685079c
2026-09-04 15:38:24.657274 INFO::Fitting model to feature number 1755, af6efbbc4a151479cf34453f1ddf44fd
2026-09-04 15:38:24.663586 INFO::Fitting model to feature number 1756, X325ca3f3ba51640e49bf61e7fc6a24f4
2026-09-04 15:38:24.669848 INFO::Fitting model to feature number 1757, a4cca391d2e084fb8ecf6fb569ee0f38
2026-09-04 15:38:24.675936 INFO::Fitting model to feature number 1758, X8c866d6fd971f26428fadc39d12e6224
2026-09-04 15:38:24.681697 INFO::Fitting model to feature number 1759, b2a3de8c0af5d09f31f320464ff7db75
2026-09-04 15:38:24.688659 INFO::Fitting model to feature number 1760, X6184bbc3a0414c86686fddbae91a8afd
2026-09-04 15:38:24.695522 INFO::Fitting model to feature number 1761, X25eb05539a4b779f0e24cca5f0b4fdfe
2026-09-04 15:38:24.69995 INFO::Fitting model to feature number 1762, X53c41b4b3069bc65042a6a046c5d45a8
2026-09-04 15:38:24.705345 INFO::Fitting model to feature number 1763, d94f8044c0b073db8b386d38e506c2ff
2026-09-04 15:38:24.710272 INFO::Fitting model to feature number 1764, f9acb324a4060a71557a25c32fcb64b9
2026-09-04 15:38:24.71712 INFO::Fitting model to feature number 1765, X74e200e33e541656067ea73dd728d295
2026-09-04 15:38:24.724404 INFO::Fitting model to feature number 1766, X0db008e8fcc2222830470e1805050a26
2026-09-04 15:38:24.731683 INFO::Fitting model to feature number 1767, X3faf4b747fc5578a5216fd622a50103e
2026-09-04 15:38:24.740012 INFO::Fitting model to feature number 1768, f6d1e56b6ebb4aabc455ff86bafe3770
2026-09-04 15:38:24.748238 INFO::Fitting model to feature number 1769, X09ae24f2154f672b30052e73e7e8d7c1
2026-09-04 15:38:24.756504 INFO::Fitting model to feature number 1770, ed0353e296a05c601d545958eb699a9b
2026-09-04 15:38:24.764444 INFO::Fitting model to feature number 1771, X14fd1c34c1dc8d9e7a969e455e5250b1
2026-09-04 15:38:24.772896 INFO::Fitting model to feature number 1772, X6d69f4cc18ff3607840c25606afc392d
2026-09-04 15:38:24.779045 INFO::Fitting model to feature number 1773, X44d8a016183a253bc0e43c071918bc00
2026-09-04 15:38:24.786375 INFO::Fitting model to feature number 1774, X2c21ea3d32d17453f602080ac726244f
2026-09-04 15:38:24.79475 INFO::Fitting model to feature number 1775, ccb5495e3b7c9309eafce7b2c9cdd8e5
2026-09-04 15:38:24.804003 INFO::Fitting model to feature number 1776, ae664931363aa4010e495eb28f058219
2026-09-04 15:38:24.813884 INFO::Fitting model to feature number 1777, X7671bd2c3cb2adb985bcc3149307c8b3
2026-09-04 15:38:24.823229 INFO::Fitting model to feature number 1778, X9d36c6e7e59d974f9cfc12ce81c58c34
2026-09-04 15:38:24.832691 INFO::Fitting model to feature number 1779, X6add28da8998d141c3454ffb0d618c15
2026-09-04 15:38:24.842444 INFO::Fitting model to feature number 1780, X813404d7d0bc23f20805e2c9773812e1
2026-09-04 15:38:24.850008 INFO::Fitting model to feature number 1781, fb706aac74597b6451e954ba734adca5
2026-09-04 15:38:24.857567 INFO::Fitting model to feature number 1782, d1ec4cc8677264fd80400fbcf6b0d338
2026-09-04 15:38:24.867283 INFO::Fitting model to feature number 1783, X68a8a0e2cdb98b1503d6062e8a21153b
2026-09-04 15:38:24.876239 INFO::Fitting model to feature number 1784, X959a46e605731e65c95adf5fb6389a5f
2026-09-04 15:38:24.918761 INFO::Fitting model to feature number 1785, X2deb64e909f9e2e4c880315234bb1784
2026-09-04 15:38:24.926263 INFO::Fitting model to feature number 1786, X0b2f2416d4957fb3df498f4f6fc32edf
2026-09-04 15:38:24.931812 INFO::Fitting model to feature number 1787, X8aa09e183adb43b50946d430c7317a46
2026-09-04 15:38:24.940697 INFO::Fitting model to feature number 1788, e59beb781a2e6e377ce04cc9c90c6f30
2026-09-04 15:38:24.948916 INFO::Fitting model to feature number 1789, X04e858b9f15b33553025e0b1d7085a51
2026-09-04 15:38:24.956749 INFO::Fitting model to feature number 1790, X8a237237cc0a223df5b2b7cb3c47ffc2
2026-09-04 15:38:24.964418 INFO::Fitting model to feature number 1791, a9697caabf260b1d459ce870c920b70a
2026-09-04 15:38:24.971828 INFO::Fitting model to feature number 1792, X8034e3cccd49a1fea15f29bc142ab74d
2026-09-04 15:38:24.978263 INFO::Fitting model to feature number 1793, X8f0fb68673a8b3c26f3fd210e29b7916
2026-09-04 15:38:24.985959 INFO::Fitting model to feature number 1794, c3c77a60bf78b5495110b7be950f306c
2026-09-04 15:38:24.994133 INFO::Fitting model to feature number 1795, b8594bb87ccce1768466030c619b4a0c
2026-09-04 15:38:25.003752 INFO::Fitting model to feature number 1796, e76a0ff525a9d7313bc9ff6c2f164462
2026-09-04 15:38:25.013309 INFO::Fitting model to feature number 1797, X535c30c868d3e848792f485e0af176ea
2026-09-04 15:38:25.021435 INFO::Fitting model to feature number 1798, X518d0d5cbecbf77c754e50c82d0b8bb3
2026-09-04 15:38:25.028634 INFO::Fitting model to feature number 1799, X0ca75d95055116f27b2d5c7da3df3e8c
2026-09-04 15:38:25.033859 INFO::Fitting model to feature number 1800, X37c0eb748ce8b006eda2ddfe07d6bf39
2026-09-04 15:38:25.038801 INFO::Fitting model to feature number 1801, X73555b114332389897b8f0cdc19ab266
2026-09-04 15:38:25.043327 INFO::Fitting model to feature number 1802, d853d3a9f60f64b3d49a96ea6808b900
2026-09-04 15:38:25.048485 INFO::Fitting model to feature number 1803, af3f0cb07ff238166fe3979ee7afbc17
2026-09-04 15:38:25.055203 INFO::Fitting model to feature number 1804, X6d0412ee87e7a3622a41d450730f1a12
2026-09-04 15:38:25.06316 INFO::Fitting model to feature number 1805, c9d2bb185cccf72c5eabdbc080a6be52
2026-09-04 15:38:25.07081 INFO::Fitting model to feature number 1806, X6ad9c44452ac293914339b93c3ee34b4
2026-09-04 15:38:25.078079 INFO::Fitting model to feature number 1807, X6b2f22c9d68ce06d80e96626bc1388dd
2026-09-04 15:38:25.085826 INFO::Fitting model to feature number 1808, f01725ca29548cf9a088d79d5d1e988a
2026-09-04 15:38:25.093787 INFO::Fitting model to feature number 1809, X6f18bde1e6524d78493211e6151e2ea8
2026-09-04 15:38:25.101704 INFO::Fitting model to feature number 1810, X2f0a05c0c43572b5db4db14cbde14b97
2026-09-04 15:38:25.108643 INFO::Fitting model to feature number 1811, X2ed84f7cbb5c174ed2a5c9d7ee0dc4ca
2026-09-04 15:38:25.115582 INFO::Fitting model to feature number 1812, X07dbf65bdc6baa0783ac99835710288d
2026-09-04 15:38:25.12081 INFO::Fitting model to feature number 1813, X59da0ed6c4b6626c26b73745b1a3ef93
2026-09-04 15:38:25.126419 INFO::Fitting model to feature number 1814, c485e2df00b2b7e087e1c9742ef11bf8
2026-09-04 15:38:25.131511 INFO::Fitting model to feature number 1815, X7676ece77d7e42fe02f1ea5bd072db9a
2026-09-04 15:38:25.137313 INFO::Fitting model to feature number 1816, e349d4475d6278f30ad2ac69c5ae592d
2026-09-04 15:38:25.142972 INFO::Fitting model to feature number 1817, X9e8b2993e95c1c220010ea5cfdc9b113
2026-09-04 15:38:25.147225 INFO::Fitting model to feature number 1818, X4e361470e81c37b7332058c229f1143c
2026-09-04 15:38:25.151304 INFO::Fitting model to feature number 1819, deb8f513aec7633eba2be0889fe37d47
2026-09-04 15:38:25.155837 INFO::Fitting model to feature number 1820, cd45a61ccfc5d492f579a779c1ba0f17
2026-09-04 15:38:25.162913 INFO::Fitting model to feature number 1821, e4fa90adb5cb71217e9e8b01c611aaa8
2026-09-04 15:38:25.168883 INFO::Fitting model to feature number 1822, b5fad28e9432bef29887fb334b0dc354
2026-09-04 15:38:25.177748 INFO::Fitting model to feature number 1823, X021c80994ac7caef891e50fafa21e9f1
2026-09-04 15:38:25.186654 INFO::Fitting model to feature number 1824, X7d1f6c73c26ccba52591155d9b9c9d9d
2026-09-04 15:38:25.194349 INFO::Fitting model to feature number 1825, dbbe4a158a5f3a469bfa642f0f0149b3
2026-09-04 15:38:25.200227 INFO::Fitting model to feature number 1826, X90466da51ff7512075fdf815e1531c56
2026-09-04 15:38:25.204851 INFO::Fitting model to feature number 1827, a3c32e718af3eeb60d4cf1f72b05f96c
2026-09-04 15:38:25.209861 INFO::Fitting model to feature number 1828, X053770c674f88fc74233d26dd695cc54
2026-09-04 15:38:25.215093 INFO::Fitting model to feature number 1829, c898ed2d7ce4a5ec1cd74e7e873fcb9d
2026-09-04 15:38:25.219909 INFO::Fitting model to feature number 1830, db43b458f770e8b7a1cb778d0a44b178
2026-09-04 15:38:25.226058 INFO::Fitting model to feature number 1831, dd361ff8e55a94f564c69d4c902931ba
2026-09-04 15:38:25.231304 INFO::Fitting model to feature number 1832, aff6c7040e78df14791e3ef730c8e278
2026-09-04 15:38:25.235978 INFO::Fitting model to feature number 1833, dc55ab4c14313d21ee286195d8524e51
2026-09-04 15:38:25.241406 INFO::Fitting model to feature number 1834, cb74dd1bdb183146d2734f912db3a4ad
2026-09-04 15:38:25.246105 INFO::Fitting model to feature number 1835, X0b5833be41c294c21bad8ff851097351
2026-09-04 15:38:25.250443 INFO::Fitting model to feature number 1836, X1cc26edba5b978511667a29b0dca865d
2026-09-04 15:38:25.255598 INFO::Fitting model to feature number 1837, X9012f6e1669972ebd5ba08ab8021f9de
2026-09-04 15:38:25.260176 INFO::Fitting model to feature number 1838, X018db12b8795aa59b6643e3496348e2b
2026-09-04 15:38:25.26457 INFO::Fitting model to feature number 1839, X7bbddf5f2769c69353ac0818cfd095da
2026-09-04 15:38:25.269334 INFO::Fitting model to feature number 1840, bc3a28c452bf7b596755085b0a60233f
2026-09-04 15:38:25.273423 INFO::Fitting model to feature number 1841, X3a4db8e6f2af3a836dad1dbbd909cac8
2026-09-04 15:38:25.277214 INFO::Fitting model to feature number 1842, X3667bdb79bae37e87cc801ab34639b3e
2026-09-04 15:38:25.282464 INFO::Fitting model to feature number 1843, fe41e7deccdae4a599789b415e1ffedd
2026-09-04 15:38:25.287614 INFO::Fitting model to feature number 1844, X8827f4ed726ba06fd0b28a1ee5478759
2026-09-04 15:38:25.292677 INFO::Fitting model to feature number 1845, X70580c5fdb0e12b99fd4ad77b8f9e3ab
2026-09-04 15:38:25.297435 INFO::Fitting model to feature number 1846, X71ed69d32f39f43726ec55f513d4e09d
2026-09-04 15:38:25.302195 INFO::Fitting model to feature number 1847, X2aee3d33c25045ca94c933f8e10798bd
2026-09-04 15:38:25.308407 INFO::Fitting model to feature number 1848, X64e89122568337d6b2de7c0481a46a74
2026-09-04 15:38:25.314847 INFO::Fitting model to feature number 1849, X0487cd55965400b398abc2e8e61df545
2026-09-04 15:38:25.320585 INFO::Fitting model to feature number 1850, X9a3209e62c8c53998522fc1e8e5d718e
2026-09-04 15:38:25.328485 INFO::Fitting model to feature number 1851, X72ddc31dfc0c6c04a76157a5083db612
2026-09-04 15:38:25.33522 INFO::Fitting model to feature number 1852, X7811b6ee66da4683522fbbfebc0d5224
2026-09-04 15:38:25.341748 INFO::Fitting model to feature number 1853, X1293b16065581ce0d3ba035cf727ede8
2026-09-04 15:38:25.34645 INFO::Fitting model to feature number 1854, f216230be4983ba4b007071b9c3d1503
2026-09-04 15:38:25.353989 INFO::Fitting model to feature number 1855, X8d5bf30fedb4082a61464fcba830e224
2026-09-04 15:38:25.361934 INFO::Fitting model to feature number 1856, c240a6403a850dad61a02584502b038a
2026-09-04 15:38:25.369433 INFO::Fitting model to feature number 1857, X09a5539f81edd55c5cdb79d0783347eb
2026-09-04 15:38:25.376627 INFO::Fitting model to feature number 1858, X075b9b03d1538a4f56a5fcd204994dc1
2026-09-04 15:38:25.383588 INFO::Fitting model to feature number 1859, X5e160fcb069f0ac9410412d37fae88e0
2026-09-04 15:38:25.390492 INFO::Fitting model to feature number 1860, X29ac28be97a5e882b278dad69f8343d7
2026-09-04 15:38:25.397045 INFO::Fitting model to feature number 1861, X09f36fa87540eb4a3cbaf542c5b5498e
2026-09-04 15:38:25.403561 INFO::Fitting model to feature number 1862, X25c4e214d7648362c49cd39af731e8a4
2026-09-04 15:38:25.409924 INFO::Fitting model to feature number 1863, X110b9245da41659135e470891824face
2026-09-04 15:38:25.415929 INFO::Fitting model to feature number 1864, e6e577fa80ca68dd597e77d65f91e991
2026-09-04 15:38:25.422538 INFO::Fitting model to feature number 1865, X503c322982d287ae459c8f2d4d246316
2026-09-04 15:38:25.428959 INFO::Fitting model to feature number 1866, X0846157e9888adaad753f7a4028810d2
2026-09-04 15:38:25.435102 INFO::Fitting model to feature number 1867, X1d32819e59a4ecdeafedfcc5de1dd4aa
2026-09-04 15:38:25.441302 INFO::Fitting model to feature number 1868, fcf01bed0a2b53b6331df92e326d6663
2026-09-04 15:38:25.447542 INFO::Fitting model to feature number 1869, X990b5c094e9f37fc4710137ca290d393
2026-09-04 15:38:25.453345 INFO::Fitting model to feature number 1870, X704d81377b9890dba99e11c64052ad2e
2026-09-04 15:38:25.459401 INFO::Fitting model to feature number 1871, X84069c073edf7e9dcdbe92b158591126
2026-09-04 15:38:25.465258 INFO::Fitting model to feature number 1872, cac42953ff902be60401fd6eeb3dd0cf
2026-09-04 15:38:25.470741 INFO::Fitting model to feature number 1873, X77e7088850ceec846f635abbe8dda69f
2026-09-04 15:38:25.4767 INFO::Fitting model to feature number 1874, cfefa53506bfd400c2163986df6f768c
2026-09-04 15:38:25.482267 INFO::Fitting model to feature number 1875, X35ff2ab3cb9e8eb0463cb2a5b057f5ad
2026-09-04 15:38:25.488226 INFO::Fitting model to feature number 1876, b6f8c2473b44c27acabda1967f3d3237
2026-09-04 15:38:25.493631 INFO::Fitting model to feature number 1877, X0071e3a7018acbb96f3a73be20821daf
2026-09-04 15:38:25.498547 INFO::Fitting model to feature number 1878, X5d1fc4c11c5b0ea4713aecc115686426
2026-09-04 15:38:25.503652 INFO::Fitting model to feature number 1879, a7e84bbc2f4f197a7b62fc7b60d69e85
2026-09-04 15:38:25.50879 INFO::Fitting model to feature number 1880, X575a854d49d6612f211c05c9e080b001
2026-09-04 15:38:25.513176 INFO::Fitting model to feature number 1881, X7f687696f29bce6ac50239b7bad352cf
2026-09-04 15:38:25.51696 INFO::Fitting model to feature number 1882, a272077e460f6e5dfede0a2c7bc5a27b
2026-09-04 15:38:25.521462 INFO::Fitting model to feature number 1883, X838f985eb7e6e24e775d0f053a54762a
2026-09-04 15:38:25.527094 INFO::Fitting model to feature number 1884, X66d11ae6df2db29b267986da808e1eb5
2026-09-04 15:38:25.533025 INFO::Fitting model to feature number 1885, X25ae5ed2b7758ea173a35ccc38eda4bb
2026-09-04 15:38:25.538547 INFO::Fitting model to feature number 1886, X25ba6b5f447160fc9454ad6579deeb17
2026-09-04 15:38:25.543502 INFO::Fitting model to feature number 1887, f63e23c3a430142af6e9ba5eea24e58a
2026-09-04 15:38:25.550326 INFO::Fitting model to feature number 1888, X5d6d80237c9305aeae4605a2330d3bc9
2026-09-04 15:38:25.555512 INFO::Fitting model to feature number 1889, X5f6bfb0793ed6df8c3d7f10485aabe00
2026-09-04 15:38:25.559747 INFO::Fitting model to feature number 1890, X5172fb45f817f71c8943d037535683a9
2026-09-04 15:38:25.564763 INFO::Fitting model to feature number 1891, X2c5a5344b5917f0b18a6af48259816b8
2026-09-04 15:38:25.569605 INFO::Fitting model to feature number 1892, X89f22d820e6da5e389f734e495de0491
2026-09-04 15:38:25.575012 INFO::Fitting model to feature number 1893, c129bc28f5359caf12978c7f01a229ee
2026-09-04 15:38:25.583671 INFO::Fitting model to feature number 1894, dd0414e06545e5a10b2030c1b6d4f4f3
2026-09-04 15:38:25.592161 INFO::Fitting model to feature number 1895, X91f1493bfa6c6cabb7cba0c5c637a50e
2026-09-04 15:38:25.59986 INFO::Fitting model to feature number 1896, X9379f477bdebef9b49e0c1313ca69a60
2026-09-04 15:38:25.608133 INFO::Fitting model to feature number 1897, X5c2e9259ed132e03f65aeae8a712c4d4
2026-09-04 15:38:25.615883 INFO::Fitting model to feature number 1898, X45eaf469402754eaea12cc09249c45f6
2026-09-04 15:38:25.624472 INFO::Fitting model to feature number 1899, d9228688468def12d63b10442b6ff236
2026-09-04 15:38:25.633388 INFO::Fitting model to feature number 1900, ecb8d96a5cbc1f5cf1aff377134fc743
2026-09-04 15:38:25.642626 INFO::Fitting model to feature number 1901, X7200d1d7f5e300df144e7457b43a3429
2026-09-04 15:38:25.650283 INFO::Fitting model to feature number 1902, X2ec36844413bc8a73d6a2ff95cde7482
2026-09-04 15:38:25.657706 INFO::Fitting model to feature number 1903, X49b85a0cf75f80e6d37888d8532b5215
2026-09-04 15:38:25.664593 INFO::Fitting model to feature number 1904, X584dbd9cf4b609aecf37caf15ee9ebab
2026-09-04 15:38:25.671609 INFO::Fitting model to feature number 1905, X0aa6f42f44856933845e2647303a36ec
2026-09-04 15:38:25.678188 INFO::Fitting model to feature number 1906, X8169ef0ad1eee6c5b9317e01110716b3
2026-09-04 15:38:25.683876 INFO::Fitting model to feature number 1907, X7a8972b393ef87a29afeb221f90254d3
2026-09-04 15:38:25.689886 INFO::Fitting model to feature number 1908, X586fd1105d7630baa71c5c77aee1196a
2026-09-04 15:38:25.695566 INFO::Fitting model to feature number 1909, f4fe4d67a1a47ed1afa961671a50b839
2026-09-04 15:38:25.70031 INFO::Fitting model to feature number 1910, d307934c6fa813bafba49a7150e73feb
2026-09-04 15:38:25.704772 INFO::Fitting model to feature number 1911, X666ad60a9bd4bdd206774aac7669f653
2026-09-04 15:38:25.710291 INFO::Fitting model to feature number 1912, X338190fa551c18f1a2e8bda213bbbcb6
2026-09-04 15:38:25.715588 INFO::Fitting model to feature number 1913, d9790dbdac3ab364ac86871f0422daba
2026-09-04 15:38:25.720766 INFO::Fitting model to feature number 1914, X91a236e5ae0a20438f7223d1833038d9
2026-09-04 15:38:25.725581 INFO::Fitting model to feature number 1915, b6c29e44f5719777e53de1a91472c8b4
2026-09-04 15:38:25.730126 INFO::Fitting model to feature number 1916, b5adfe0e3e1082cc6a4bc6494be2014c
2026-09-04 15:38:25.734937 INFO::Fitting model to feature number 1917, X492965ab1767ee9dc89665985ee3f653
2026-09-04 15:38:25.739177 INFO::Fitting model to feature number 1918, X76886d61e047e21f8ffde1bb7f489843
2026-09-04 15:38:25.743605 INFO::Fitting model to feature number 1919, d5f484658133dd5f0110fa2ae8be5df6
2026-09-04 15:38:25.748252 INFO::Fitting model to feature number 1920, X1687d1d71904a59df757dbb0a48c35d9
2026-09-04 15:38:25.75259 INFO::Fitting model to feature number 1921, X875323affec03ddd73e936f888fac408
2026-09-04 15:38:25.756848 INFO::Fitting model to feature number 1922, f91723cfefd95dab8749b96d9abbbf89
2026-09-04 15:38:25.761471 INFO::Fitting model to feature number 1923, X5990df1cf5839b2cdb15384ee545242f
2026-09-04 15:38:25.774204 INFO::Fitting model to feature number 1924, X11305527c3c47a972169386531c1deea
2026-09-04 15:38:25.784445 INFO::Fitting model to feature number 1925, f427afe7d6b492f12e53452633c12847
2026-09-04 15:38:25.794206 INFO::Fitting model to feature number 1926, c8f5872a67b3416438372cb60806fbc4
2026-09-04 15:38:25.803471 INFO::Fitting model to feature number 1927, X320c38dc57faa9b5f686810d51121f54
2026-09-04 15:38:25.812528 INFO::Fitting model to feature number 1928, d1885576ab9730a5b6f4b8fa7129d089
2026-09-04 15:38:25.821785 INFO::Fitting model to feature number 1929, ab4083994118285687bfe8da3c2cc57b
2026-09-04 15:38:25.830572 INFO::Fitting model to feature number 1930, X0d40ca485a184c909494ecadfe3fbb70
2026-09-04 15:38:25.83948 INFO::Fitting model to feature number 1931, X9f97ce04cbc3e5da1e9750fe1f8c6ce1
2026-09-04 15:38:25.848529 INFO::Fitting model to feature number 1932, X0419ceacd5ca9a6dcc7139be048373ec
2026-09-04 15:38:25.857813 INFO::Fitting model to feature number 1933, X2fe52f02d0f1591c5df302b9f8660faf
2026-09-04 15:38:25.866792 INFO::Fitting model to feature number 1934, X97a5ae2bab212bf17afea2aa68bf5758
2026-09-04 15:38:25.876473 INFO::Fitting model to feature number 1935, cc88d93d607745892996eb2eea940bd6
2026-09-04 15:38:25.886161 INFO::Fitting model to feature number 1936, beba686fd23d4fd65874f827941cde1b
2026-09-04 15:38:25.895514 INFO::Fitting model to feature number 1937, X67b0fa350f4397c2e1c7cf4556079bbd
2026-09-04 15:38:25.905271 INFO::Fitting model to feature number 1938, X20dfd847063c5f4dc6d7b782f7232199
2026-09-04 15:38:25.914849 INFO::Fitting model to feature number 1939, f96e7d22183bc9eca4cf73c6a327910b
2026-09-04 15:38:25.924062 INFO::Fitting model to feature number 1940, e351f300e5104c20098190800b467b43
2026-09-04 15:38:25.933138 INFO::Fitting model to feature number 1941, dfb5be9417f7aff0d2e20ce2b67d536a
2026-09-04 15:38:25.942885 INFO::Fitting model to feature number 1942, X62b00c1f41f0fddd69eed8378cba6c0a
2026-09-04 15:38:25.953204 INFO::Fitting model to feature number 1943, X9d5f2ae77c254eb5ad886346e6edf10e
2026-09-04 15:38:25.962847 INFO::Fitting model to feature number 1944, X089da41175db41aa25030a998319c826
2026-09-04 15:38:25.971344 INFO::Fitting model to feature number 1945, c2d6b8dcf040d4b2a2cb2cd150f993e0
2026-09-04 15:38:25.980229 INFO::Fitting model to feature number 1946, X90653c29e6c318e5dbca959ccc3652b1
2026-09-04 15:38:25.98943 INFO::Fitting model to feature number 1947, eb917a6b3702396a55aeea3d61c4e7fb
2026-09-04 15:38:25.998903 INFO::Fitting model to feature number 1948, e15615264059df42439a595b3c906967
2026-09-04 15:38:26.00836 INFO::Fitting model to feature number 1949, X3b864a93791d7a92a957b3fa68fdf4f9
2026-09-04 15:38:26.01728 INFO::Fitting model to feature number 1950, X715ed60e859700522eb8ce8e0b100611
2026-09-04 15:38:26.02665 INFO::Fitting model to feature number 1951, X691f052c8708ae37b6c95bcd381b282d
2026-09-04 15:38:26.035964 INFO::Fitting model to feature number 1952, X8f51991964b92e02b15422a8e5eec744
2026-09-04 15:38:26.045042 INFO::Fitting model to feature number 1953, X9d41c79b07ef6db009a70e0cb2f5858f
2026-09-04 15:38:26.053963 INFO::Fitting model to feature number 1954, f9a10d5b6c9e43675bd71fecdb70933b
2026-09-04 15:38:26.063787 INFO::Fitting model to feature number 1955, def26204a06b25886ee7399cbcb597fc
2026-09-04 15:38:26.06952 INFO::Fitting model to feature number 1956, X0c3564a1f6d590f4c978b89fdb3c8695
2026-09-04 15:38:26.077791 INFO::Fitting model to feature number 1957, e114927025b74b239636963ecdf5213c
2026-09-04 15:38:26.087656 INFO::Fitting model to feature number 1958, X8697933a3a724e01115f544eceb7ec31
2026-09-04 15:38:26.097421 INFO::Fitting model to feature number 1959, X03818d6fe914ee8d6036ca6bae0b5507
2026-09-04 15:38:26.106427 INFO::Fitting model to feature number 1960, fcb18e224e28d37943652dae3aeb7937
2026-09-04 15:38:26.115183 INFO::Fitting model to feature number 1961, fa3be2840777c910e6ffcce73ddc962d
2026-09-04 15:38:26.125108 INFO::Fitting model to feature number 1962, X03e1b9a251a4b1e0e8cbd810bf6936aa
2026-09-04 15:38:26.129922 INFO::Fitting model to feature number 1963, X989a56559e9e050e447c78292cbd08cc
2026-09-04 15:38:26.138987 INFO::Fitting model to feature number 1964, cc08faf0c45ad127d77e6e51f0159789
2026-09-04 15:38:26.14659 INFO::Fitting model to feature number 1965, X3aaa1850c1e23933445434d1abdae751
2026-09-04 15:38:26.155258 INFO::Fitting model to feature number 1966, d7c33882ba48ddeee37712e1dd95291e
2026-09-04 15:38:26.164073 INFO::Fitting model to feature number 1967, X2bcd393aaeeb61b3e0234bb5659e821c
2026-09-04 15:38:26.172667 INFO::Fitting model to feature number 1968, X48815e8d0e5259fa7f9d4494aff5d100
2026-09-04 15:38:26.181361 INFO::Fitting model to feature number 1969, c0733e4f434fb4d72f38220b4e5c59a0
2026-09-04 15:38:26.18929 INFO::Fitting model to feature number 1970, X899d45284956ce7eeb96fa537eb91840
2026-09-04 15:38:26.197611 INFO::Fitting model to feature number 1971, X7eb1e4ce120d3349868baed5b44dab1a
2026-09-04 15:38:26.205924 INFO::Fitting model to feature number 1972, c35a6b2972c0b43c6d587fb0018a0a66
2026-09-04 15:38:26.214538 INFO::Fitting model to feature number 1973, X3592eff80384863b43da83f854567aeb
2026-09-04 15:38:26.223589 INFO::Fitting model to feature number 1974, ef3b1aa602afb5a04b3d850c82e1607c
2026-09-04 15:38:26.232101 INFO::Fitting model to feature number 1975, f860501fdaa1eeade80ae16a4d53cc26
2026-09-04 15:38:26.240204 INFO::Fitting model to feature number 1976, X117db9b9cbf3fae47529633563e4e531
2026-09-04 15:38:26.249448 INFO::Fitting model to feature number 1977, bde068878d94896f5b0fc3338929f390
2026-09-04 15:38:26.255323 INFO::Fitting model to feature number 1978, d5b55bcd6d2b91ea79732e7846fe9866
2026-09-04 15:38:26.261118 INFO::Fitting model to feature number 1979, aa89b380a14a6a7403489110ec239e0e
2026-09-04 15:38:26.269282 INFO::Fitting model to feature number 1980, ab94e07bffa56ae195f9bd063ab6b4d1
2026-09-04 15:38:26.277788 INFO::Fitting model to feature number 1981, X264fe18138e8a12d6b4a85a6c61eedc7
2026-09-04 15:38:26.286593 INFO::Fitting model to feature number 1982, X749744369a2bdf5c07ec590dbd5a4e50
2026-09-04 15:38:26.295585 INFO::Fitting model to feature number 1983, X7ba41d4b34f08a33e9fc9824197d1549
2026-09-04 15:38:26.304582 INFO::Fitting model to feature number 1984, f15f0017f01eb08cf8e6201ca52d1ffd
2026-09-04 15:38:26.313381 INFO::Fitting model to feature number 1985, X28e1af2226735cdaccf3a39c7e8ab9b1
2026-09-04 15:38:26.323198 INFO::Fitting model to feature number 1986, d4b565fa6eee1c18d973fd76c866b2c1
2026-09-04 15:38:26.333357 INFO::Fitting model to feature number 1987, X75c7460d38adc4deb17575f3150d8b8e
2026-09-04 15:38:26.344322 INFO::Fitting model to feature number 1988, X08e3c534c72a65c575eb38cf61b166bb
2026-09-04 15:38:26.35362 INFO::Fitting model to feature number 1989, X3ff72574fc9dbbec021870db071bbd5c
2026-09-04 15:38:26.362355 INFO::Fitting model to feature number 1990, X598cd8e6a5ad45271b24be0b5fe5ae04
2026-09-04 15:38:26.371156 INFO::Fitting model to feature number 1991, a08ec60e883e6ac132efae36c030f9d4
2026-09-04 15:38:26.379397 INFO::Fitting model to feature number 1992, ce59cea1a1b4adbef3487331225ae3b3
2026-09-04 15:38:26.387914 INFO::Fitting model to feature number 1993, ba334830c3769314c65128ce0bc1fc0a
2026-09-04 15:38:26.39574 INFO::Fitting model to feature number 1994, a178b94595f8d2b9c1a9b92ada87e899
2026-09-04 15:38:26.403634 INFO::Fitting model to feature number 1995, X2904654002b342bca2a88d10f08cdd84
2026-09-04 15:38:26.412195 INFO::Fitting model to feature number 1996, X37466e47fc46641b106dd1d22e739838
2026-09-04 15:38:26.417021 INFO::Fitting model to feature number 1997, b61dce58a8a096848b5a56becd454525
2026-09-04 15:38:26.425061 INFO::Fitting model to feature number 1998, X517d39ab75125d1f9a02033f380f0a5e
2026-09-04 15:38:26.434054 INFO::Fitting model to feature number 1999, X3b540e1a7fc2e82d748a91ea663bd352
2026-09-04 15:38:26.442509 INFO::Fitting model to feature number 2000, de4b78e5c5921dd5feb02902353082ee
2026-09-04 15:38:26.452239 INFO::Fitting model to feature number 2001, X2be1ac8b9cff3104963c53b316ed8b49
2026-09-04 15:38:26.461337 INFO::Fitting model to feature number 2002, db23a4cfcd7511e99cad65c9eb343ca2
2026-09-04 15:38:26.469819 INFO::Fitting model to feature number 2003, X068d88d98dec7846b3f8a172f4042674
2026-09-04 15:38:26.477965 INFO::Fitting model to feature number 2004, b62db71170bf69b124d283a06f6c9dbd
2026-09-04 15:38:26.486233 INFO::Fitting model to feature number 2005, X3ac61947314bdf5a004202c873af4359
2026-09-04 15:38:26.494114 INFO::Fitting model to feature number 2006, ec244aa62662069ad22164f6eb927df7
2026-09-04 15:38:26.502599 INFO::Fitting model to feature number 2007, X41c518d724b17f389f8601ed57c56b8a
2026-09-04 15:38:26.511564 INFO::Fitting model to feature number 2008, X1e69e8e352003f18131892f799b9d6e0
2026-09-04 15:38:26.519935 INFO::Fitting model to feature number 2009, X520c24bfc48093490bc5498851b47e57
2026-09-04 15:38:26.52825 INFO::Fitting model to feature number 2010, X30cf787d0c8cbfb3a0b68a48c8fc44b8
2026-09-04 15:38:26.535845 INFO::Fitting model to feature number 2011, e362f9927686d3040e5644b286a3d22c
2026-09-04 15:38:26.54418 INFO::Fitting model to feature number 2012, c2f46b55e93cb1be1ab7e263f23ed974
2026-09-04 15:38:26.552885 INFO::Fitting model to feature number 2013, X4973ae5ff1999593a1ab396b9acb107f
2026-09-04 15:38:26.561343 INFO::Fitting model to feature number 2014, ca2afb66ed50f0650ea37bd1efa37708
2026-09-04 15:38:26.56992 INFO::Fitting model to feature number 2015, c20e2104b209cdebf58f8aae68e235f9
2026-09-04 15:38:26.578263 INFO::Fitting model to feature number 2016, afaf822789355640d58e014c15b20bc5
2026-09-04 15:38:26.586091 INFO::Fitting model to feature number 2017, X114d86e0a28beab55cda50bce0f78eb5
2026-09-04 15:38:26.593626 INFO::Fitting model to feature number 2018, X4bb0e903c6337cf140118344ed11a639
2026-09-04 15:38:26.600729 INFO::Fitting model to feature number 2019, X4fd8d468d86c9aaf8b58f2adeb6c5e56
2026-09-04 15:38:26.607526 INFO::Fitting model to feature number 2020, X35bd358990986aceb5a8073f44b61e7f
2026-09-04 15:38:26.614481 INFO::Fitting model to feature number 2021, X53d78c0b1fafab8eec0dba5b9178deb7
2026-09-04 15:38:26.620877 INFO::Fitting model to feature number 2022, X18535fd859aa8e438714182a90454240
2026-09-04 15:38:26.627074 INFO::Fitting model to feature number 2023, f8f3e2a9e73c50bd626bf4f8467b3eb2
2026-09-04 15:38:26.633581 INFO::Fitting model to feature number 2024, X34076347f80da89f96cb58ba6a5ad9e1
2026-09-04 15:38:26.640259 INFO::Fitting model to feature number 2025, fc2bcb7cea8478b10765ee0b3a7a9079
2026-09-04 15:38:26.647385 INFO::Fitting model to feature number 2026, X90bf8c4ae78fcbc99cc9fc3be8d5ec87
2026-09-04 15:38:26.654445 INFO::Fitting model to feature number 2027, X6966d874fbd3d4a0fedc0120ce085622
2026-09-04 15:38:26.661132 INFO::Fitting model to feature number 2028, X364785234840506d99d961c082357949
2026-09-04 15:38:26.66733 INFO::Fitting model to feature number 2029, e66743fb096881b22732d12b6c8f1167
2026-09-04 15:38:26.673589 INFO::Fitting model to feature number 2030, e330f9b7d5ec837cb1f853f827833526
2026-09-04 15:38:26.679556 INFO::Fitting model to feature number 2031, d93adc23a1051dbbf1145f23a6a52540
2026-09-04 15:38:26.6856 INFO::Fitting model to feature number 2032, b967e65d550e53455fbf8ab6a0d76b03
2026-09-04 15:38:26.691446 INFO::Fitting model to feature number 2033, X9a6e6f858325acfc4084a67f5c43f8e9
2026-09-04 15:38:26.697278 INFO::Fitting model to feature number 2034, f25b570de0d4280856041797b2836c2e
2026-09-04 15:38:26.702287 INFO::Fitting model to feature number 2035, X44dae451d68dfd1be8043ec5a63237dd
2026-09-04 15:38:26.70661 INFO::Fitting model to feature number 2036, ce0683f4283f3184c2cfe16fbd56f5a2
2026-09-04 15:38:26.711429 INFO::Fitting model to feature number 2037, acf3b07ab5b3b78c3ff988cb3edf7d48
2026-09-04 15:38:26.716475 INFO::Fitting model to feature number 2038, X4dde488bc245f9f6d8f5ed53f341d137
2026-09-04 15:38:26.750703 INFO::Fitting model to feature number 2039, aa44385e8a3162c46d3a745f987fac22
2026-09-04 15:38:26.758264 INFO::Fitting model to feature number 2040, badc61383cf0086225982f59d001834c
2026-09-04 15:38:26.766316 INFO::Fitting model to feature number 2041, e84f910689bf6d94dc9b618cae429151
2026-09-04 15:38:26.775873 INFO::Fitting model to feature number 2042, X53bafb01e969e989f729bfa8d51be782
2026-09-04 15:38:26.784246 INFO::Fitting model to feature number 2043, b86c7a7bfb6d8b4e89849713344187cf
2026-09-04 15:38:26.792601 INFO::Fitting model to feature number 2044, bb74fd1c5bee3ff1fb26d9e96b837550
2026-09-04 15:38:26.801133 INFO::Fitting model to feature number 2045, X658796c38c064db92b9d058ca0d959b1
2026-09-04 15:38:26.809859 INFO::Fitting model to feature number 2046, a426f627c8b94e7888c211aea9a32be0
2026-09-04 15:38:26.818829 INFO::Fitting model to feature number 2047, b6b7e61c4de96b1a738ffb0731e84c9e
2026-09-04 15:38:26.828017 INFO::Fitting model to feature number 2048, ee6661de74f0dc0f622724754546ea35
2026-09-04 15:38:26.837005 INFO::Fitting model to feature number 2049, d0bf2a78a088be2dc1edade2fb0f3789
2026-09-04 15:38:26.845638 INFO::Fitting model to feature number 2050, X9cfbccc48b63a139f7c2f3aa3cd75667
2026-09-04 15:38:26.854808 INFO::Fitting model to feature number 2051, c140cd1b2758b99475a3b107aedfe2c5
2026-09-04 15:38:26.863319 INFO::Fitting model to feature number 2052, c931bba869089d3dab800f822d3c2714
2026-09-04 15:38:26.872547 INFO::Fitting model to feature number 2053, X54b3ca63c53e8fab23ae0e6735a5ddf4
2026-09-04 15:38:26.882147 INFO::Fitting model to feature number 2054, X859003d565a7abe4d4f05a8dc349a153
2026-09-04 15:38:26.891741 INFO::Fitting model to feature number 2055, X276633089b6d7997e07d12b0707b6287
2026-09-04 15:38:26.901516 INFO::Fitting model to feature number 2056, X8acce41d38fc35224aec04730510f322
2026-09-04 15:38:26.910493 INFO::Fitting model to feature number 2057, c0f1805357a7b4f5953fc18c38c0740d
2026-09-04 15:38:26.919917 INFO::Fitting model to feature number 2058, X364df104ca71fe358b324286ebb62c0c
2026-09-04 15:38:26.928666 INFO::Fitting model to feature number 2059, X624f32e02d0566eac6ecce2d3c3ee520
2026-09-04 15:38:26.93703 INFO::Fitting model to feature number 2060, ebe45afddc58cc5a75f0e3abe982aecd
2026-09-04 15:38:26.94539 INFO::Fitting model to feature number 2061, X097009193dd47422c99d086ad21cc74a
2026-09-04 15:38:26.953694 INFO::Fitting model to feature number 2062, eaec7d4c22b16671657fd9b8f0a7b1fb
2026-09-04 15:38:26.96196 INFO::Fitting model to feature number 2063, X136a4263667e04d2f42bcad523ce5928
2026-09-04 15:38:26.969655 INFO::Fitting model to feature number 2064, f18f5ad5d77e2f924a44b722dc9d8565
2026-09-04 15:38:26.978696 INFO::Fitting model to feature number 2065, X89f38ab057a0b6f64e3ed42f033e1cf2
2026-09-04 15:38:26.987583 INFO::Fitting model to feature number 2066, b587e11516e0596abefeaba79d88c52e
2026-09-04 15:38:26.993662 INFO::Fitting model to feature number 2067, a189de0ee748ae23d4105412fc4c6b60
2026-09-04 15:38:27.004138 INFO::Fitting model to feature number 2068, X033398fd9a06f48d0247ae1a6063f9d0
2026-09-04 15:38:27.014278 INFO::Fitting model to feature number 2069, X31b174cf4b11aa7566700df0802f4014
2026-09-04 15:38:27.024852 INFO::Fitting model to feature number 2070, X8e45e522a73309958a94b147b50e4a32
2026-09-04 15:38:27.034287 INFO::Fitting model to feature number 2071, X9b04ab8a5ee1f04a55464e5350de1f6a
2026-09-04 15:38:27.04413 INFO::Fitting model to feature number 2072, f6cbbe87806e989fa9245e9b068f4238
2026-09-04 15:38:27.053756 INFO::Fitting model to feature number 2073, d1e669d527aeacd5fe63b1d818205d7c
2026-09-04 15:38:27.063142 INFO::Fitting model to feature number 2074, X61dd9ea9361bed6e169e7f25d3b4e210
2026-09-04 15:38:27.069811 INFO::Fitting model to feature number 2075, X201a1eeda77a206e3c62d7e7e41608bc
2026-09-04 15:38:27.078138 INFO::Fitting model to feature number 2076, X715b36cddccc01bdc9d4003dd7ad60d8
2026-09-04 15:38:27.086548 INFO::Fitting model to feature number 2077, a0151bf1dc255f421d585b670e3416a3
2026-09-04 15:38:27.095763 INFO::Fitting model to feature number 2078, d0b06589e1e807e67bd97e2693f29e80
2026-09-04 15:38:27.105476 INFO::Fitting model to feature number 2079, X9b85bfcdf367c14a87cc798700aa99f4
2026-09-04 15:38:27.114975 INFO::Fitting model to feature number 2080, X0a88f777c02c7f724c1fddf73f51f35b
2026-09-04 15:38:27.124593 INFO::Fitting model to feature number 2081, a0863c974f365a3be5dc0df1d6569284
2026-09-04 15:38:27.133829 INFO::Fitting model to feature number 2082, X192809e72bf78b432b207e54e8b066cf
2026-09-04 15:38:27.142797 INFO::Fitting model to feature number 2083, X906bff177d7fcdfacb74eaa7d55b5f19
2026-09-04 15:38:27.151313 INFO::Fitting model to feature number 2084, X763e0bb4e507161664d2dc847d9fdbba
2026-09-04 15:38:27.159864 INFO::Fitting model to feature number 2085, X56fec53d3dadd27c95dfa21d0ab2abcb
2026-09-04 15:38:27.168355 INFO::Fitting model to feature number 2086, X10fbae36f6f58db20fd5a803fbd6b04f
2026-09-04 15:38:27.176995 INFO::Fitting model to feature number 2087, X1f083ab9dab0883d71b83772320dde1c
2026-09-04 15:38:27.186025 INFO::Fitting model to feature number 2088, c422f08020860b0bdac09140be73a9d5
2026-09-04 15:38:27.194443 INFO::Fitting model to feature number 2089, caf8af1d7670436c8234fa82a02ad2b9
2026-09-04 15:38:27.201691 INFO::Fitting model to feature number 2090, X5219f5cb1dbde2f61cc82bd20a4767d7
2026-09-04 15:38:27.207269 INFO::Fitting model to feature number 2091, b511c5df6f25090d8e637d681e0b9544
2026-09-04 15:38:27.215333 INFO::Fitting model to feature number 2092, X81fdc413faba312b03fee1a2241d63fa
2026-09-04 15:38:27.22344 INFO::Fitting model to feature number 2093, X1664cae89a69c3de695c2a5c15afacc5
2026-09-04 15:38:27.231576 INFO::Fitting model to feature number 2094, af01036b66276af5c1dfc1baadea418b
2026-09-04 15:38:27.239869 INFO::Fitting model to feature number 2095, X8c6988ce155dde5e7c130598d3bfd5a1
2026-09-04 15:38:27.248303 INFO::Fitting model to feature number 2096, db616182470478283240190ef7bcd881
2026-09-04 15:38:27.256558 INFO::Fitting model to feature number 2097, a2b6ef925d5401477ec8df3433647502
2026-09-04 15:38:27.264615 INFO::Fitting model to feature number 2098, X779dd17a15fa2bdcaf53932498eafc8e
2026-09-04 15:38:27.273083 INFO::Fitting model to feature number 2099, f3dd1ef412e09837dcbbb0a3937dc03d
2026-09-04 15:38:27.281255 INFO::Fitting model to feature number 2100, c2ee5e684940ba21ed32aca647f2d6a8
2026-09-04 15:38:27.290203 INFO::Fitting model to feature number 2101, X7163d5cc4e866f86095c9c52d1d58085
2026-09-04 15:38:27.298181 INFO::Fitting model to feature number 2102, X84d146160bd500a01dc49f7aeaac35b4
2026-09-04 15:38:27.305914 INFO::Fitting model to feature number 2103, X7cc608136bbc17022985f32fa805406d
2026-09-04 15:38:27.313331 INFO::Fitting model to feature number 2104, X05d385f8260362e624138cae31e3f909
2026-09-04 15:38:27.321288 INFO::Fitting model to feature number 2105, X635d1e71cfb4846e1ddec15fc6c06c84
2026-09-04 15:38:27.329284 INFO::Fitting model to feature number 2106, X79a21d06b57514026290eacb50884256
2026-09-04 15:38:27.336129 INFO::Fitting model to feature number 2107, X91b454f9d907fc43a1b5f570da0f773a
2026-09-04 15:38:27.342891 INFO::Fitting model to feature number 2108, X33cdd20ec287f2d5ee20e418a2652df1
2026-09-04 15:38:27.351382 INFO::Fitting model to feature number 2109, X38bddfc43efeb8e27c692d807257718e
2026-09-04 15:38:27.359832 INFO::Fitting model to feature number 2110, X7c0a04e73478b9f0e1e052d88306741d
2026-09-04 15:38:27.368268 INFO::Fitting model to feature number 2111, d6cc391df0f9144828543e19318c9a9b
2026-09-04 15:38:27.376544 INFO::Fitting model to feature number 2112, b9fac3d7a96ab75def322fd2393571a5
2026-09-04 15:38:27.384768 INFO::Fitting model to feature number 2113, X7ae19414cb6006629429c0dfa5282ec9
2026-09-04 15:38:27.393513 INFO::Fitting model to feature number 2114, d8ccc43feb68d2fec055056dd8ed5428
2026-09-04 15:38:27.402187 INFO::Fitting model to feature number 2115, X02948f2590237f71b368732df72ccff0
2026-09-04 15:38:27.410667 INFO::Fitting model to feature number 2116, X698ea34458f8c3e37b3fba75f72952b8
2026-09-04 15:38:27.419338 INFO::Fitting model to feature number 2117, X298a1b636f8b10b6e7b34cc827156d1c
2026-09-04 15:38:27.428064 INFO::Fitting model to feature number 2118, b9ef5caa318282f3db8bc9fdaafc09f6
2026-09-04 15:38:27.436555 INFO::Fitting model to feature number 2119, X6e45e0e89547e67313b16e31f14e39a6
2026-09-04 15:38:27.446362 INFO::Fitting model to feature number 2120, X14858ac8b81c82185898163fbfb2bd7a
2026-09-04 15:38:27.45623 INFO::Fitting model to feature number 2121, ff11e29ed9ec128535dd0c558e003564
2026-09-04 15:38:27.465703 INFO::Fitting model to feature number 2122, X88524108706087f7c75e79d6c10c9c61
2026-09-04 15:38:27.475306 INFO::Fitting model to feature number 2123, X6e04d0bf5886d26a7e7c95e57647b71e
2026-09-04 15:38:27.484254 INFO::Fitting model to feature number 2124, X36061aea77269738eef7196df1e43be9
2026-09-04 15:38:27.493038 INFO::Fitting model to feature number 2125, X5c179317322c2fe5bb39c10df122cec3
2026-09-04 15:38:27.502404 INFO::Fitting model to feature number 2126, X60f337e349fe08d2b49e08a5c632c7fd
2026-09-04 15:38:27.51203 INFO::Fitting model to feature number 2127, X80ec186b20b9b29a3f07caec5604bd64
2026-09-04 15:38:27.521587 INFO::Fitting model to feature number 2128, fd6fde4c8f845cf39528c8b0123fce1c
2026-09-04 15:38:27.530812 INFO::Fitting model to feature number 2129, X16559825a2ac98bca8a02f2b5b6494e4
2026-09-04 15:38:27.539794 INFO::Fitting model to feature number 2130, X1763dc4a22fc8cb237e177fa4fe2083f
2026-09-04 15:38:27.548686 INFO::Fitting model to feature number 2131, bda5f283fa6227873db686f50110e12b
2026-09-04 15:38:27.557099 INFO::Fitting model to feature number 2132, X4dc741dd427173dfc7c53adc527826df
2026-09-04 15:38:27.566309 INFO::Fitting model to feature number 2133, X7cd8e743e8f0ec465964cfa86eb00a2b
2026-09-04 15:38:27.57581 INFO::Fitting model to feature number 2134, e877126f247e60eb27a3ac456980bf64
2026-09-04 15:38:27.58442 INFO::Fitting model to feature number 2135, X66013b3cf0edb984e5baef7de3f88953
2026-09-04 15:38:27.592854 INFO::Fitting model to feature number 2136, X4427631ba12d1e17a839f754f0970e4b
2026-09-04 15:38:27.600859 INFO::Fitting model to feature number 2137, X4c59321443c5e1647f7d047644dd00db
2026-09-04 15:38:27.609502 INFO::Fitting model to feature number 2138, dce2ca758fe1f37156cabbe59a00d2d4
2026-09-04 15:38:27.618931 INFO::Fitting model to feature number 2139, fc4dcfddf38b241b319d1bb063ac346e
2026-09-04 15:38:27.627551 INFO::Fitting model to feature number 2140, d347c5d57c346ce7e9f23f2efb7ebe66
2026-09-04 15:38:27.635498 INFO::Fitting model to feature number 2141, X8b4e68d54b90b666cdb6ef50b2144cfa
2026-09-04 15:38:27.642967 INFO::Fitting model to feature number 2142, X921a666ae81adc59244f73207f8b4a4d
2026-09-04 15:38:27.650177 INFO::Fitting model to feature number 2143, X8329d2cabd2bd021c6f2b46a7440dbc8
2026-09-04 15:38:27.657662 INFO::Fitting model to feature number 2144, X80421afe1ebd8b6bd02932970256645f
2026-09-04 15:38:27.664884 INFO::Fitting model to feature number 2145, ab8339b4333073e07ce3db3b188a5af3
2026-09-04 15:38:27.672592 INFO::Fitting model to feature number 2146, X0c98775bad811837fa77f1079d5b94bb
2026-09-04 15:38:27.680392 INFO::Fitting model to feature number 2147, cf5867993abb6aa99e8ffc18485653c2
2026-09-04 15:38:27.68808 INFO::Fitting model to feature number 2148, X635a6378b346685f89d1f4fa594c42dd
2026-09-04 15:38:27.694879 INFO::Fitting model to feature number 2149, X1cc11fd20b7dc30873002bbe870bb18e
2026-09-04 15:38:27.702166 INFO::Fitting model to feature number 2150, X13236fd3277f5ff81a6e2ab1fa9f4f8d
2026-09-04 15:38:27.709902 INFO::Fitting model to feature number 2151, X691423f72058019c2c0d097586f16030
2026-09-04 15:38:27.71666 INFO::Fitting model to feature number 2152, da1f98f3ec5868519af172a89a0c7687
2026-09-04 15:38:27.722446 INFO::Fitting model to feature number 2153, X9af0597d4c15019f58a296ec8c1ab66e
2026-09-04 15:38:27.728914 INFO::Fitting model to feature number 2154, X520476dfa9708a24c1fbbd9a6844ea25
2026-09-04 15:38:27.736034 INFO::Fitting model to feature number 2155, X3d18954a9b193f7f454e2376abca7a42
2026-09-04 15:38:27.742786 INFO::Fitting model to feature number 2156, X55e9c301d8d88b6dc3201e1cbfef4218
2026-09-04 15:38:27.749257 INFO::Fitting model to feature number 2157, X87a6ea9e5a8d3b6912fd3a6aa9d47012
2026-09-04 15:38:27.755305 INFO::Fitting model to feature number 2158, cb871353a502d83d21e96345f80ad266
2026-09-04 15:38:27.761176 INFO::Fitting model to feature number 2159, X5eccc95ffdce6df08f16b39a02d2efb6
2026-09-04 15:38:27.767335 INFO::Fitting model to feature number 2160, c50ab1039fce426af6b69a1a61c8f84f
2026-09-04 15:38:27.773155 INFO::Fitting model to feature number 2161, X989b6481ad95a42522fd572860eef070
2026-09-04 15:38:27.778662 INFO::Fitting model to feature number 2162, fdb61a2a3e6ccb8210b394742caebe0c
2026-09-04 15:38:27.784274 INFO::Fitting model to feature number 2163, X83b25d85c95c7a3e76d1cab65e5528c5
2026-09-04 15:38:27.789991 INFO::Fitting model to feature number 2164, e7e8628e1a330dcf280ed5a20d96e7ea
2026-09-04 15:38:27.795682 INFO::Fitting model to feature number 2165, bc5593081c603faf9990d8f73ccce91d
2026-09-04 15:38:27.801326 INFO::Fitting model to feature number 2166, X1c5437a8d37998b2e0ccecf96d1ba7a0
2026-09-04 15:38:27.80691 INFO::Fitting model to feature number 2167, X162e09e3d9c5f881d4d7a1675aa2f274
2026-09-04 15:38:27.813219 INFO::Fitting model to feature number 2168, X0014f4cfc48631fde5087c9688e561b3
2026-09-04 15:38:27.819776 INFO::Fitting model to feature number 2169, X9165cf3f22b965a183e3aa1468f1377b
2026-09-04 15:38:27.825799 INFO::Fitting model to feature number 2170, X0eecda770d70785de2cf38d31831773e
2026-09-04 15:38:27.8318 INFO::Fitting model to feature number 2171, c16638327da053755c9e6f8df7564a01
2026-09-04 15:38:27.83783 INFO::Fitting model to feature number 2172, dfa04716f12120a3c96105bc8f022185
2026-09-04 15:38:27.844138 INFO::Fitting model to feature number 2173, X50f3f1be89a3396424a0398df35f30cb
2026-09-04 15:38:27.850262 INFO::Fitting model to feature number 2174, X1be7ca393b68f3bb874efd119c54f6e4
2026-09-04 15:38:27.856304 INFO::Fitting model to feature number 2175, fd4552c0b6498bba092d203bdac87b57
2026-09-04 15:38:27.86279 INFO::Fitting model to feature number 2176, f9e864a4b56320d9a9d165537511a13a
2026-09-04 15:38:27.86885 INFO::Fitting model to feature number 2177, affa96f338dec1417ea547440a695ab2
2026-09-04 15:38:27.875012 INFO::Fitting model to feature number 2178, X1bb6d17ee817eb6f0510a5f445e627ac
2026-09-04 15:38:27.881051 INFO::Fitting model to feature number 2179, X3ffde3ddd130f449ab0a7614fba79f67
2026-09-04 15:38:27.8868 INFO::Fitting model to feature number 2180, fec12509e371e79ba6c32e59055ed75a
2026-09-04 15:38:27.892711 INFO::Fitting model to feature number 2181, X78d4caa683937a0ef9ef35cac54f9a16
2026-09-04 15:38:27.898611 INFO::Fitting model to feature number 2182, X6a939acb9b8183ceb840368972671191
2026-09-04 15:38:27.904376 INFO::Fitting model to feature number 2183, X542099155ac1db5241d11d00a08540f7
2026-09-04 15:38:27.910609 INFO::Fitting model to feature number 2184, X35d94e1bdfd4c993964a8519c27403df
2026-09-04 15:38:27.91782 INFO::Fitting model to feature number 2185, X47509f15faafe996fc21047f5f99fc1e
2026-09-04 15:38:27.927457 INFO::Fitting model to feature number 2186, X4c2cb6ea3b40bbadef673c8397d4aabb
2026-09-04 15:38:27.936843 INFO::Fitting model to feature number 2187, X3b70c5806ccb188eb29a94a123b51dbb
2026-09-04 15:38:27.945986 INFO::Fitting model to feature number 2188, X06659e0d9e2a893503ba35a02a391752
2026-09-04 15:38:27.954794 INFO::Fitting model to feature number 2189, X84698283f0def78e63d1d889c7fad2d5
2026-09-04 15:38:27.964056 INFO::Fitting model to feature number 2190, b33d425d0b70dba53c7d232b64449c43
2026-09-04 15:38:27.972976 INFO::Fitting model to feature number 2191, X21e426b17544acd8bc1a274a448fb043
2026-09-04 15:38:27.98167 INFO::Fitting model to feature number 2192, X7f1e9e0c6135a382125f5315ea464658
2026-09-04 15:38:27.990667 INFO::Fitting model to feature number 2193, X749eae03f72d63f5cdced3ff7332d064
2026-09-04 15:38:27.99972 INFO::Fitting model to feature number 2194, d0c0a8d77cd46eb172aa73fc7ed59564
2026-09-04 15:38:28.008924 INFO::Fitting model to feature number 2195, X9e50953b8dbc38ae98e4bf935f1c833f
2026-09-04 15:38:28.019556 INFO::Fitting model to feature number 2196, f8af12b7d91adeaaa9cc9f797cc88c29
2026-09-04 15:38:28.029646 INFO::Fitting model to feature number 2197, b61be5b0378eb5d3140a9b8a0ab3a251
2026-09-04 15:38:28.039323 INFO::Fitting model to feature number 2198, X623fa0cba04b1c06a7c238859f845c52
2026-09-04 15:38:28.048648 INFO::Fitting model to feature number 2199, fd05da65cb328bfffc23057f4ba68b9a
2026-09-04 15:38:28.057943 INFO::Fitting model to feature number 2200, X0941e532136cdea0e951d0eefdab2a80
2026-09-04 15:38:28.067947 INFO::Fitting model to feature number 2201, eb58156faaeda87d3af2030333c63589
2026-09-04 15:38:28.077172 INFO::Fitting model to feature number 2202, X7218b9808c4e16019cef9434b881beda
2026-09-04 15:38:28.087095 INFO::Fitting model to feature number 2203, X623b8f707bfaaf76b878f58ac2f094a2
2026-09-04 15:38:28.096478 INFO::Fitting model to feature number 2204, X2aed2e4339d8dc4bf6d71006b930b902
2026-09-04 15:38:28.105595 INFO::Fitting model to feature number 2205, cb2619ac54a80b0572046fbbdf4699fd
2026-09-04 15:38:28.114631 INFO::Fitting model to feature number 2206, X37bdae13b8b7d51206f5dcb76606a2b6
2026-09-04 15:38:28.12362 INFO::Fitting model to feature number 2207, X636652cc2f893ca71ed3ff7cb14200ab
2026-09-04 15:38:28.133382 INFO::Fitting model to feature number 2208, X4fa37c5ad70454356e5f3de810fb51d5
2026-09-04 15:38:28.141856 INFO::Fitting model to feature number 2209, X5c0d21103e139ec7cee5e94debc236f4
2026-09-04 15:38:28.15145 INFO::Fitting model to feature number 2210, ed0068a3e570f369a0a2cffadff203ba
2026-09-04 15:38:28.161116 INFO::Fitting model to feature number 2211, X798de556bbe05b1d35136426ae2ed947
2026-09-04 15:38:28.171277 INFO::Fitting model to feature number 2212, b4659221c7ea769ffcf3379092a67a4b
2026-09-04 15:38:28.182345 INFO::Fitting model to feature number 2213, cafd370854e7f4e50694dc948bc3f853
2026-09-04 15:38:28.19338 INFO::Fitting model to feature number 2214, X02a857ce3cd3aa5356ead3f1ae0ce015
2026-09-04 15:38:28.199248 INFO::Fitting model to feature number 2215, eb1024e79d8a5043080187512b1ebaee
2026-09-04 15:38:28.207819 INFO::Fitting model to feature number 2216, ed565b271e6416f9c7eaeba653a384f8
2026-09-04 15:38:28.216429 INFO::Fitting model to feature number 2217, b3d28761310626fc312b9144c77eb5e8
2026-09-04 15:38:28.225143 INFO::Fitting model to feature number 2218, X9cfa7308cf0257267ed64e6d303abb0a
2026-09-04 15:38:28.234086 INFO::Fitting model to feature number 2219, X16754e060d0b7f7ac8a08754e1a6c7bd
2026-09-04 15:38:28.242032 INFO::Fitting model to feature number 2220, X8cbf44d507b343d30ea1154bb1c5bc28
2026-09-04 15:38:28.248821 INFO::Fitting model to feature number 2221, X04ea13a0b37db7da67ea841b5cf3a12a
2026-09-04 15:38:28.257134 INFO::Fitting model to feature number 2222, e73f25e2f54a6b94eb1a5c4e1941a3f6
2026-09-04 15:38:28.265362 INFO::Fitting model to feature number 2223, X17441490022626768c1aeafa3e594471
2026-09-04 15:38:28.273472 INFO::Fitting model to feature number 2224, ece507a9c0c9743824a02bf855f77cd2
2026-09-04 15:38:28.281335 INFO::Fitting model to feature number 2225, X519120921a053fe907b87e6983394653
2026-09-04 15:38:28.289668 INFO::Fitting model to feature number 2226, X8491d9d63257ea2240ebeda6bc3b336b
2026-09-04 15:38:28.298004 INFO::Fitting model to feature number 2227, X1e6f7d8a634b6ec13fe0d65e698aee68
2026-09-04 15:38:28.304106 INFO::Fitting model to feature number 2228, X32a27ddb92cc39508db8244adfc93b3f
2026-09-04 15:38:28.312396 INFO::Fitting model to feature number 2229, X57987147d4a365215745e7209577262e
2026-09-04 15:38:28.320919 INFO::Fitting model to feature number 2230, X2a9df36cef9a094f6a994b66cd67d782
2026-09-04 15:38:28.328953 INFO::Fitting model to feature number 2231, d5051a7cc2358984499c6af1bc075bcc
2026-09-04 15:38:28.337642 INFO::Fitting model to feature number 2232, X5da7931245a6d1055707c5d9233a55be
2026-09-04 15:38:28.346415 INFO::Fitting model to feature number 2233, e6cf5e1e3102a8d96e1f287bcda03dbd
2026-09-04 15:38:28.354408 INFO::Fitting model to feature number 2234, X8cd3fa8146e64c007907291b4c7caf87
2026-09-04 15:38:28.362201 INFO::Fitting model to feature number 2235, bb846ce638c0c6cb6a97d2845e76cec7
2026-09-04 15:38:28.369909 INFO::Fitting model to feature number 2236, X033bd05d2345830636f88cb5704f35ea
2026-09-04 15:38:28.378017 INFO::Fitting model to feature number 2237, d653e4ddf98c6834bdd4324c24e5fb8f
2026-09-04 15:38:28.386581 INFO::Fitting model to feature number 2238, X4322acd5a167e253ec184242f906b8e5
2026-09-04 15:38:28.39518 INFO::Fitting model to feature number 2239, X0458b65270ed67487a4aaa3112eb8781
2026-09-04 15:38:28.400567 INFO::Fitting model to feature number 2240, c5675b36d4dea35804b0c87762f7249b
2026-09-04 15:38:28.408649 INFO::Fitting model to feature number 2241, X300f9736e6e6b6dbba8bbcdba4aee587
2026-09-04 15:38:28.41687 INFO::Fitting model to feature number 2242, a7e1d38ed104e9e1e2f7e6bd05de325d
2026-09-04 15:38:28.425244 INFO::Fitting model to feature number 2243, b3fc1cfc0a34d85c5c6916aabff1f82a
2026-09-04 15:38:28.433154 INFO::Fitting model to feature number 2244, X695fdc88d48e353dccfc6458030d6914
2026-09-04 15:38:28.442414 INFO::Fitting model to feature number 2245, X60b3cbed8473cf7bdb4accc9dd276c00
2026-09-04 15:38:28.451454 INFO::Fitting model to feature number 2246, X604135a276fd1286a903f69cf07f4900
2026-09-04 15:38:28.460347 INFO::Fitting model to feature number 2247, f455954a712fae9a8863f43e122d91e0
2026-09-04 15:38:28.469332 INFO::Fitting model to feature number 2248, c25fb25c5c55dd4c8f7f5d2a629cadb9
2026-09-04 15:38:28.478099 INFO::Fitting model to feature number 2249, X18136ef67494ec6a84c41e9d19c97418
2026-09-04 15:38:28.487667 INFO::Fitting model to feature number 2250, c1c5f5ea9d61de0d02d9ea1e3a3e04eb
2026-09-04 15:38:28.496651 INFO::Fitting model to feature number 2251, X1b67220e59157676a58f9f1badc682d7
2026-09-04 15:38:28.505009 INFO::Fitting model to feature number 2252, X4af1382d7ed6e1d718ff813d242aeea8
2026-09-04 15:38:28.512989 INFO::Fitting model to feature number 2253, X1764cb4530e7ac4f7216d8dc38df86f6
2026-09-04 15:38:28.530448 INFO::Fitting model to feature number 2254, X800e35a1987c1d984f1cb34a22702c1f
2026-09-04 15:38:28.538478 INFO::Fitting model to feature number 2255, X999efcd371db7ca584c201e5c2ae9075
2026-09-04 15:38:28.546469 INFO::Fitting model to feature number 2256, X1d3ac0b179591cfe6e5827d4dc3efba4
2026-09-04 15:38:28.554612 INFO::Fitting model to feature number 2257, X658dab86edda812552985442be9236c4
2026-09-04 15:38:28.56253 INFO::Fitting model to feature number 2258, X5767e00a376d9618611e3b420d431e27
2026-09-04 15:38:28.570508 INFO::Fitting model to feature number 2259, X8b9cc2b6c48ff90646d6bae5d67b7647
2026-09-04 15:38:28.579324 INFO::Fitting model to feature number 2260, f10e4f8c06c910bd2fbb5b213195da44
2026-09-04 15:38:28.58746 INFO::Fitting model to feature number 2261, bfb4c0617b0c11dc1634dfb3d16e1edd
2026-09-04 15:38:28.59566 INFO::Fitting model to feature number 2262, X5f0adfcf206baf26db3d52d915b28548
2026-09-04 15:38:28.603774 INFO::Fitting model to feature number 2263, a1739d3bee669e97b8e1b01f65d97a95
2026-09-04 15:38:28.611654 INFO::Fitting model to feature number 2264, X1952ea7ccac5272a02dfbbec40e5bee8
2026-09-04 15:38:28.619826 INFO::Fitting model to feature number 2265, X1221a418fe7897e1c143b4facb261233
2026-09-04 15:38:28.62837 INFO::Fitting model to feature number 2266, X2ba67af8399fd2f51ce16752f263851c
2026-09-04 15:38:28.637102 INFO::Fitting model to feature number 2267, d3458c1c0692654e3b252841a36efc85
2026-09-04 15:38:28.646157 INFO::Fitting model to feature number 2268, X5b92a5a6608d3aaeca3ae8783129957c
2026-09-04 15:38:28.653976 INFO::Fitting model to feature number 2269, bf490029a89f7d3384eba3e2ca0f2c89
2026-09-04 15:38:28.661387 INFO::Fitting model to feature number 2270, c3978ae893ddef0b444dfcb832c043a5
2026-09-04 15:38:28.668412 INFO::Fitting model to feature number 2271, d72cacc67613a0e6b36771b9ca0956ce
2026-09-04 15:38:28.675331 INFO::Fitting model to feature number 2272, b860a488ed619c3475dc69eaf9114ca3
2026-09-04 15:38:28.681982 INFO::Fitting model to feature number 2273, X616552cbc7a45dc99b8b4aa3221c87d5
2026-09-04 15:38:28.688465 INFO::Fitting model to feature number 2274, X9341e008b618c23788a90eb25556f388
2026-09-04 15:38:28.695236 INFO::Fitting model to feature number 2275, X4c1759cfc47fd5f1c52c8780d3fd5183
2026-09-04 15:38:28.702426 INFO::Fitting model to feature number 2276, X35c4e9ce5fbba407bf94a48774e48733
2026-09-04 15:38:28.709354 INFO::Fitting model to feature number 2277, b706a2eb84e84281498763af7bba1ef3
2026-09-04 15:38:28.715606 INFO::Fitting model to feature number 2278, X5520169cd6626efa8fc9f7f911be3e58
2026-09-04 15:38:28.726191 INFO::Fitting model to feature number 2279, ed90e9527358d6b4da4397389ceff1ed
2026-09-04 15:38:28.731788 INFO::Fitting model to feature number 2280, X4972bc79a2d4541e54a49ce65d884dc7
2026-09-04 15:38:28.737348 INFO::Fitting model to feature number 2281, ec3023af9f59d051014566604f892edd
2026-09-04 15:38:28.742804 INFO::Fitting model to feature number 2282, X2023079d8aa6920d055be6308fdabf4b
2026-09-04 15:38:28.748127 INFO::Fitting model to feature number 2283, X1f085fb59d63314a00b54ff05dc252cd
2026-09-04 15:38:28.753422 INFO::Fitting model to feature number 2284, b24d5754e38bfc588903b8f1e97a4f4a
2026-09-04 15:38:28.758516 INFO::Fitting model to feature number 2285, d70ca2dbc8ba2a69942ac7aa006e4146
2026-09-04 15:38:28.763509 INFO::Fitting model to feature number 2286, X36186e4b6252b49c86726fe54c2b329c
2026-09-04 15:38:28.76879 INFO::Fitting model to feature number 2287, a07f40c5bcd2bb90cbf51a123aad2a9b
2026-09-04 15:38:28.775083 INFO::Fitting model to feature number 2288, X477f8900e6195d788accfe787948cee8
2026-09-04 15:38:28.784133 INFO::Fitting model to feature number 2289, X60925665d796bbf5e220bd40e2c5aa41
2026-09-04 15:38:28.793521 INFO::Fitting model to feature number 2290, X41597ca733e93a84cb7220ad12d5d806
2026-09-04 15:38:28.802974 INFO::Fitting model to feature number 2291, f5b60cd47a0d202cef625bdd315c96d7
2026-09-04 15:38:28.81228 INFO::Fitting model to feature number 2292, X08699c012b036fc2b322f9badba04e61
2026-09-04 15:38:28.864196 INFO::Fitting model to feature number 2293, X12fedf2d58447873ebf5d7c1ed1545ca
2026-09-04 15:38:28.874694 INFO::Fitting model to feature number 2294, f3428288134ac8fa7a5b435a47685eda
2026-09-04 15:38:28.884724 INFO::Fitting model to feature number 2295, X20522ceb1d272e490d325475e8598636
2026-09-04 15:38:28.895401 INFO::Fitting model to feature number 2296, X96b6f18caa7136811b8d3951e6b95456
2026-09-04 15:38:28.905269 INFO::Fitting model to feature number 2297, X5fa97937c087ce34a2c5ae09d617b9b1
2026-09-04 15:38:28.913683 INFO::Fitting model to feature number 2298, X2f2f63a9dbb098cf9f0fece70e2c66f6
2026-09-04 15:38:28.932532 INFO::Fitting model to feature number 2299, X497410d6fd55e49412a7aed1f2f9e0b6
2026-09-04 15:38:28.938226 INFO::Fitting model to feature number 2300, ed955fdef1af2c9c45510e36a862d579
2026-09-04 15:38:28.943877 INFO::Fitting model to feature number 2301, b4918ca05ca56eb640aa8aabf485ef04
2026-09-04 15:38:28.949138 INFO::Fitting model to feature number 2302, X18f59cd295e400354eee27ad1b51e01f
2026-09-04 15:38:28.954813 INFO::Fitting model to feature number 2303, X397bca9f4d4d353999f1e7ab97151926
2026-09-04 15:38:28.961485 INFO::Fitting model to feature number 2304, X6cc505bd745105bef4167a97323eac30
2026-09-04 15:38:28.966446 INFO::Fitting model to feature number 2305, X8508cc2babc7fa9026dd0ec7c44927e1
2026-09-04 15:38:28.973081 INFO::Fitting model to feature number 2306, X552ad056fcd4dde8e80508025745ece6
2026-09-04 15:38:28.981307 INFO::Fitting model to feature number 2307, a5fce72982aa636160694306dae14ff0
2026-09-04 15:38:28.989738 INFO::Fitting model to feature number 2308, d14c1faa51576437b3519e8ce676bf28
2026-09-04 15:38:28.998118 INFO::Fitting model to feature number 2309, c471a59d5e4926c7234a3f31db554682
2026-09-04 15:38:29.006568 INFO::Fitting model to feature number 2310, bf5c29c3f705178fff0cf1e73a661168
2026-09-04 15:38:29.015216 INFO::Fitting model to feature number 2311, X33fb1033aca0e3d89e68bc4cff2a3e8a
2026-09-04 15:38:29.02404 INFO::Fitting model to feature number 2312, fee0472be80a1cd822e9ae6451a51ea8
2026-09-04 15:38:29.032556 INFO::Fitting model to feature number 2313, d6aaa697ca835ff7229b95be2484ab66
2026-09-04 15:38:29.04093 INFO::Fitting model to feature number 2314, cf86a8166050b3f69a61a6c37650de57
2026-09-04 15:38:29.049286 INFO::Fitting model to feature number 2315, X2bb0c8d57a14f4d2ab8ed76a2050277c
2026-09-04 15:38:29.057624 INFO::Fitting model to feature number 2316, X9d8b838d3bccf3b1c77d3643fcaadf71
2026-09-04 15:38:29.065557 INFO::Fitting model to feature number 2317, X0e0ff8ff79505a700e06a31dfe3d6170
2026-09-04 15:38:29.073596 INFO::Fitting model to feature number 2318, aa4412926d0ab579cc985ee87d24481d
2026-09-04 15:38:29.08131 INFO::Fitting model to feature number 2319, X44e841c41d8ad69577690d9863d5d071
2026-09-04 15:38:29.088564 INFO::Fitting model to feature number 2320, X9ec63f5f28823edbbaa47e79f6585047
2026-09-04 15:38:29.095765 INFO::Fitting model to feature number 2321, X70920fee82c490c00a2b7ef8bd6a5aeb
2026-09-04 15:38:29.102572 INFO::Fitting model to feature number 2322, X6060a2589525a1b33aadcab9032bbe1d
2026-09-04 15:38:29.109245 INFO::Fitting model to feature number 2323, X771dec65238599736e8addc29c56907f
2026-09-04 15:38:29.115999 INFO::Fitting model to feature number 2324, X90bc67e1699517b9b0b0158c43d6477b
2026-09-04 15:38:29.122473 INFO::Fitting model to feature number 2325, X84bc1f7363d12d36bcadb6fc63136894
2026-09-04 15:38:29.129305 INFO::Fitting model to feature number 2326, c12bcb5e71dc9da466d91891420e8307
2026-09-04 15:38:29.135298 INFO::Fitting model to feature number 2327, X5af440d086cbbcc0059dd031d34c3306
2026-09-04 15:38:29.141551 INFO::Fitting model to feature number 2328, X7d5bb135b49e95e366dd4777a61ba136
2026-09-04 15:38:29.148255 INFO::Fitting model to feature number 2329, X32828f3526355fba7a2dd8195c9c2c9d
2026-09-04 15:38:29.155335 INFO::Fitting model to feature number 2330, X467659c68009cf222bd164e059c41235
2026-09-04 15:38:29.164589 INFO::Fitting model to feature number 2331, X7ec59e87dd07cc4fb55d7ffef529c198
2026-09-04 15:38:29.174658 INFO::Fitting model to feature number 2332, X90e592efca2fff3a503a196a7088f7aa
2026-09-04 15:38:29.18317 INFO::Fitting model to feature number 2333, e8bf5aff39fc303f8c5d4c6a8dd71ffc
2026-09-04 15:38:29.192137 INFO::Fitting model to feature number 2334, fe965e86a472a86d737c29605191cb3d
2026-09-04 15:38:29.20031 INFO::Fitting model to feature number 2335, X3685862ce208640f2365665eebaf0a3d
2026-09-04 15:38:29.207295 INFO::Fitting model to feature number 2336, X87bb9cedabad6cfe62ff33f67ad9b33e
2026-09-04 15:38:29.216686 INFO::Fitting model to feature number 2337, X6db273c98e9051a90e84cfa4ab236040
2026-09-04 15:38:29.222977 INFO::Fitting model to feature number 2338, de51f12fe07ef8b14eedaa5a9b39ee4c
2026-09-04 15:38:29.231412 INFO::Fitting model to feature number 2339, X3b15c7cfffae3950566e9471442af265
2026-09-04 15:38:29.23976 INFO::Fitting model to feature number 2340, X43d91e2a2e9e2d5d35ee44de51474417
2026-09-04 15:38:29.248746 INFO::Fitting model to feature number 2341, X2f4e0e308367dbd96926da2b391b8ef2
2026-09-04 15:38:29.258108 INFO::Fitting model to feature number 2342, X53aad9de07e793ff4c2f6465162198f1
2026-09-04 15:38:29.267269 INFO::Fitting model to feature number 2343, d50b6ffa8eca65f22ed88775c32fa409
2026-09-04 15:38:29.275807 INFO::Fitting model to feature number 2344, e4f7bccf5e48903ec031e290110259df
2026-09-04 15:38:29.283958 INFO::Fitting model to feature number 2345, X3bf9403115d5b9db41356ea16133dcca
2026-09-04 15:38:29.29242 INFO::Fitting model to feature number 2346, a83707acc3e3a4833628212cedd03eff
2026-09-04 15:38:29.300877 INFO::Fitting model to feature number 2347, db3062a1505d2953bb01784d1d861772
2026-09-04 15:38:29.309124 INFO::Fitting model to feature number 2348, X17a1b0bc3d6c7c4544cc08acbd59ade0
2026-09-04 15:38:29.317506 INFO::Fitting model to feature number 2349, d8e6784796dbe1a8bc01f2a12582eb40
2026-09-04 15:38:29.325599 INFO::Fitting model to feature number 2350, afac881fbeac64205b28f7829230d347
2026-09-04 15:38:29.334004 INFO::Fitting model to feature number 2351, c4cc65fa746de3d0a890c38d4840fb48
2026-09-04 15:38:29.341736 INFO::Fitting model to feature number 2352, cbfdee097bd700b2bd86faf7805a474b
2026-09-04 15:38:29.349804 INFO::Fitting model to feature number 2353, X4b8c193ffabd01fc570b6820496fd2c6
2026-09-04 15:38:29.35731 INFO::Fitting model to feature number 2354, X7f862d47af52669cc0105ef893caaf4e
2026-09-04 15:38:29.364456 INFO::Fitting model to feature number 2355, a060a093330bab0f82c64af9145ddf0d
2026-09-04 15:38:29.371682 INFO::Fitting model to feature number 2356, d1826d2ebfa7bfb2870eaccd969582f6
2026-09-04 15:38:29.378967 INFO::Fitting model to feature number 2357, ccb4274b4598b50d5de96d2f737e8fd1
2026-09-04 15:38:29.386524 INFO::Fitting model to feature number 2358, X1e56591e48022cd75744a0735eb9b273
2026-09-04 15:38:29.39325 INFO::Fitting model to feature number 2359, X24cf33237dad8f173799ba804793e275
2026-09-04 15:38:29.399833 INFO::Fitting model to feature number 2360, X56f1f2b68f909d9cc22db60fdade3570
2026-09-04 15:38:29.406395 INFO::Fitting model to feature number 2361, X53c08e5b3d179c124cabeed357cc2135
2026-09-04 15:38:29.412575 INFO::Fitting model to feature number 2362, X7b9fa341d85956650dcbd3308f183733
2026-09-04 15:38:29.418563 INFO::Fitting model to feature number 2363, f282bda4ca410c191b2f3045114d6e35
2026-09-04 15:38:29.424397 INFO::Fitting model to feature number 2364, fbbe5d4fd0afc7a0782c2a12ebd57d43
2026-09-04 15:38:29.430253 INFO::Fitting model to feature number 2365, X010b6f66e86eee40b0e90678a0ba5a83
2026-09-04 15:38:29.435915 INFO::Fitting model to feature number 2366, aabdd1d1d7efe80597416deceb71e1c8
2026-09-04 15:38:29.441457 INFO::Fitting model to feature number 2367, X5445f5928b18548d13bb03bef475e1ba
2026-09-04 15:38:29.447802 INFO::Fitting model to feature number 2368, e85e86d755e07e2b8a388feecdc83362
2026-09-04 15:38:29.454916 INFO::Fitting model to feature number 2369, X4803c16216b172f3051fcc898f35e4cb
2026-09-04 15:38:29.461419 INFO::Fitting model to feature number 2370, X0235929dce25e4c6cbc3b251a9f15980
2026-09-04 15:38:29.469702 INFO::Fitting model to feature number 2371, bd55a232e5fc172c1ddbd95193e9662a
2026-09-04 15:38:29.480363 INFO::Fitting model to feature number 2372, X94aa9e077dfcbe183ccb942bf86dd9af
2026-09-04 15:38:29.490347 INFO::Fitting model to feature number 2373, a927b8ffaf0879d4892cc9b96aa5f3ad
2026-09-04 15:38:29.498817 INFO::Fitting model to feature number 2374, ce8eb6f2433c501c0c9364595357de1f
2026-09-04 15:38:29.506962 INFO::Fitting model to feature number 2375, X8d32cb7d685931e9669b78d2cde217c5
2026-09-04 15:38:29.515765 INFO::Fitting model to feature number 2376, ef35e7407c6946cad81f361363c40d4f
2026-09-04 15:38:29.523845 INFO::Fitting model to feature number 2377, e844a43db6f67a04cf90d6557c076dce
2026-09-04 15:38:29.531803 INFO::Fitting model to feature number 2378, X6ba5495a444387d9d891b830cfeb43a4
2026-09-04 15:38:29.540261 INFO::Fitting model to feature number 2379, X1516af2e087e3bac332b512450205264
2026-09-04 15:38:29.548318 INFO::Fitting model to feature number 2380, X8bd2eda9bc7f8e67d4b7852e8b42db3a
2026-09-04 15:38:29.556504 INFO::Fitting model to feature number 2381, X72eeab06e3bffea17e6d07140e9ab7db
2026-09-04 15:38:29.564853 INFO::Fitting model to feature number 2382, X6a7d9908806f5f833730b5dcb318948c
2026-09-04 15:38:29.573463 INFO::Fitting model to feature number 2383, d736edb475ef5e5a4096b206cc0fb9e3
2026-09-04 15:38:29.582173 INFO::Fitting model to feature number 2384, X969b8f168858b0d5a5b9416d70c12055
2026-09-04 15:38:29.595282 INFO::Fitting model to feature number 2385, fef971df2990d24434abdcddbf4c9598
2026-09-04 15:38:29.60059 INFO::Fitting model to feature number 2386, ed15742c1be1b062b825d57f61199ed1
2026-09-04 15:38:29.605578 INFO::Fitting model to feature number 2387, X535bdc243b4c0e3493f9f243ed39a390
2026-09-04 15:38:29.610609 INFO::Fitting model to feature number 2388, d293665b2768ab1222430ffd480a1a0c
2026-09-04 15:38:29.615948 INFO::Fitting model to feature number 2389, fb622c3d2887ebbe56ee302a5cf8827c
2026-09-04 15:38:29.621229 INFO::Fitting model to feature number 2390, X41e7fe1229e8899c9e52e2e7f3ceef55
2026-09-04 15:38:29.628591 INFO::Fitting model to feature number 2391, X1bf32bea30cb8f390c43038b372cf317
2026-09-04 15:38:29.633381 INFO::Fitting model to feature number 2392, X9890b4c0c4482f4152a9ad8d532a774d
2026-09-04 15:38:29.640439 INFO::Fitting model to feature number 2393, ce1cf9b0fd7c10bc6237a3ecd2569007
2026-09-04 15:38:29.648827 INFO::Fitting model to feature number 2394, ff7038cd20c766efdd2c50be3b9d02fb
2026-09-04 15:38:29.656964 INFO::Fitting model to feature number 2395, X4ee8db4a26d8229aedb4e16fb3916506
2026-09-04 15:38:29.665199 INFO::Fitting model to feature number 2396, b67a95e930026efee852ea33c4886d29
2026-09-04 15:38:29.672642 INFO::Fitting model to feature number 2397, X204a89ca64a3143e8c1c00483f85dd85
2026-09-04 15:38:29.680386 INFO::Fitting model to feature number 2398, X0721cf1a728948aceae05a0aa4be9b07
2026-09-04 15:38:29.687905 INFO::Fitting model to feature number 2399, e83838009c29882892fbbcbe69a1191c
2026-09-04 15:38:29.694861 INFO::Fitting model to feature number 2400, X8e490d45974c33907e9c026762c7d9f0
2026-09-04 15:38:29.702248 INFO::Fitting model to feature number 2401, X32a0e403d8ab4e864c81225189442f80
2026-09-04 15:38:29.70882 INFO::Fitting model to feature number 2402, X8e1d94095f3012b64addd432f7db3939
2026-09-04 15:38:29.71561 INFO::Fitting model to feature number 2403, a91a511545159879d35403f5e3bb2b1f
2026-09-04 15:38:29.722181 INFO::Fitting model to feature number 2404, X219da155c523b01905322e83bb0a94e6
2026-09-04 15:38:29.728777 INFO::Fitting model to feature number 2405, X2b2b07518b9464a40cf120230ab78ff4
2026-09-04 15:38:29.73566 INFO::Fitting model to feature number 2406, f16ba3cf01f0dd8d9ec85422f8f8001c
2026-09-04 15:38:29.741207 INFO::Fitting model to feature number 2407, X31d5fee3a1deeebfbe7d249f8294399b
2026-09-04 15:38:29.745717 INFO::Fitting model to feature number 2408, X59122b542440ef71e3074678098192d1
2026-09-04 15:38:29.752075 INFO::Fitting model to feature number 2409, X61e79872d23ea55c885700d84bad52c8
2026-09-04 15:38:29.759934 INFO::Fitting model to feature number 2410, X200ed4e2bcdc93a8e3219e4fc1cac531
2026-09-04 15:38:29.767975 INFO::Fitting model to feature number 2411, X79bd95d89777adafb03f3ace3f426c9f
2026-09-04 15:38:29.777462 INFO::Fitting model to feature number 2412, c7cc8250a2c6c388408552b07d0f9d92
2026-09-04 15:38:29.786046 INFO::Fitting model to feature number 2413, X40aadc96251f7eaa21b1d6b54ee132b6
2026-09-04 15:38:29.795666 INFO::Fitting model to feature number 2414, X17263f5aac70515624265bbee155d3e5
2026-09-04 15:38:29.80517 INFO::Fitting model to feature number 2415, cfbf23e8fbdc32bb41dcd615269fa982
2026-09-04 15:38:29.815021 INFO::Fitting model to feature number 2416, X102b5e7a36bed4c09fc640bfd19284b2
2026-09-04 15:38:29.824137 INFO::Fitting model to feature number 2417, X5de27febf2c3146c05611c279e97767b
2026-09-04 15:38:29.83121 INFO::Fitting model to feature number 2418, X4ba6d9ebb141ae2fe627316739c34abe
2026-09-04 15:38:29.835945 INFO::Fitting model to feature number 2419, X3462c201cb8229fca73b7a5896e209e3
2026-09-04 15:38:29.842083 INFO::Fitting model to feature number 2420, e7e897e9c6f4396ae8456f5f7c9acfac
2026-09-04 15:38:29.848718 INFO::Fitting model to feature number 2421, X4b6363f7219590e6b6d0d63adb1bd3f1
2026-09-04 15:38:29.856325 INFO::Fitting model to feature number 2422, ca42b94826b8f2982a1dadda8adea8a5
2026-09-04 15:38:29.863595 INFO::Fitting model to feature number 2423, cef8c0d7cf426fc6b2649d7982eb9ef2
2026-09-04 15:38:29.86929 INFO::Fitting model to feature number 2424, cf89f36dca1955302e394d90718247da
2026-09-04 15:38:29.880033 INFO::Fitting model to feature number 2425, X977fb21d6f4db7fd99dba05ef97ff277
2026-09-04 15:38:29.885795 INFO::Fitting model to feature number 2426, fd078ea41cbc91cba9bb7d73006d1b51
2026-09-04 15:38:29.891427 INFO::Fitting model to feature number 2427, X3f8c8ff36eeb80593f7ed8646467fc60
2026-09-04 15:38:30.177408 INFO::Counting total values for each feature
2026-09-04 15:38:30.371266 INFO::Writing filtered data to file 3_maaslin2/Rhamphostomella_bilaminata/features/filtered_data.tsv
2026-09-04 15:38:30.440429 INFO::Writing filtered, normalized data to file 3_maaslin2/Rhamphostomella_bilaminata/features/filtered_data_norm.tsv
2026-09-04 15:38:30.558175 INFO::Writing filtered, normalized, transformed data to file 3_maaslin2/Rhamphostomella_bilaminata/features/filtered_data_norm_transformed.tsv
2026-09-04 15:38:30.731315 INFO::Writing residuals to file 3_maaslin2/Rhamphostomella_bilaminata/fits/residuals.rds
2026-09-04 15:38:30.751162 INFO::Writing fitted values to file 3_maaslin2/Rhamphostomella_bilaminata/fits/fitted.rds
2026-09-04 15:38:30.763162 INFO::Writing all results to file (ordered by increasing q-values): 3_maaslin2/Rhamphostomella_bilaminata/all_results.tsv
2026-09-04 15:38:30.843017 INFO::Writing the significant results (those which are less than or equal to the threshold of 0.250000 ) to file (ordered by increasing q-values): 3_maaslin2/Rhamphostomella_bilaminata/significant_results.tsv
