feature	metadata	value	coef	stderr	N	N.not.0	pval	qval
ed962067f3d3472675d24f92d6dda3b0	SampleType	Sample	-6.21333467053869	0.263419640337948	17	9	2.85517423533325e-13	6.93236304338914e-10
X06dbffb3667d421322f3cdc067c1bb95	SampleType	Sample	-6.47942411178029	0.421837298892858	17	15	1.38828079098671e-10	8.42686440128935e-08
X1d52609177ce303a019c3ee3f9142239	SampleType	Sample	-4.37745937725087	0.283418653377692	17	9	1.28369231474269e-10	8.42686440128935e-08
X0f46c35d6629feaffa5e8f4b256e255b	SampleType	Sample	-4.8493899934253	0.301858503530068	17	9	7.34298914670191e-11	8.42686440128935e-08
c50b0835bf381d4453071f135ed88b39	SampleType	Sample	4.14596115115108	0.302009055696453	17	10	6.73644293244075e-10	3.27121668799323e-07
e6801e54dd3a2654fc19dab0af47c35c	SampleType	Sample	4.48561819984511	0.347379419903838	17	16	1.5773332738641e-09	6.38294198157005e-07
X01b65b807c4e7fdf80dc247b058c652b	SampleType	Sample	-4.2281646320659	0.347620969384638	17	14	3.59343033919952e-09	1.24640698051092e-06
X9c872286b28ea46be348ce877c3c656d	SampleType	Sample	4.48545202418061	0.37551617813579	17	14	4.60396774666842e-09	1.39730421111386e-06
e3bd4c321c5364d01871ebb503a1dc7e	SampleType	Sample	-4.51584700074157	0.41540020416732	17	17	1.6474141494636e-08	3.99992155489762e-06
X2f5f939a9cb1a84c481d0d730257edfc	SampleType	Sample	3.86992025116707	0.354793046145618	17	11	1.5750496094361e-08	3.99992155489762e-06
X5d10eace291cd6e21a10aa0b539c6675	SampleType	Sample	4.36415501137351	0.438976155924427	17	13	5.39641301161753e-08	1.1911355265643e-05
X2b6e42bf9200244b950fdda2491dd4ca	SampleType	Sample	-2.9232340729012	0.338660418244459	17	8	3.33599020508101e-07	6.74982018161391e-05
f690e76a3de3a7b1cd99d01daef0d027	SampleType	Sample	-2.90561011580735	0.347286448848255	17	9	4.9377364940021e-07	9.22217246725931e-05
X11b7c459db9e25981b9e929a8098b1d9	SampleType	Sample	-2.48268862685394	0.300493782006844	17	9	5.77696886622951e-07	0.000100189145765752
dc186c356120425c8b044a49772944c6	SampleType	Sample	-3.72287644976956	0.474958539890688	17	11	1.10625903938661e-06	0.000174269376780184
X2c674dd5dcc493fc0bad82c12f46397e	SampleType	Sample	-1.83685028077753	0.235060453131364	17	8	1.14839787005064e-06	0.000174269376780184
X6e0546931ed7eab1f41201aabb92be68	SampleType	Sample	3.24847092916679	0.424111404053589	17	10	1.46515595270283e-06	0.000187231508061182
X0ba0d4c5a289facc80e0e481377a9e18	SampleType	Sample	-2.62834045292114	0.342839342918941	17	8	1.44921361891294e-06	0.000187231508061182
X3c0deb5ca627c2080a4a80c7d89c6096	SampleType	Sample	-2.41659360234785	0.313417173625247	17	8	1.35179087001677e-06	0.000187231508061182
dee7e9e6328e4af5e481f88a1f796b2a	SampleType	Sample	-3.14242553179197	0.442436005363128	17	8	3.60921650247186e-06	0.000438158883400084
X7d372fe772be67fbd518123f6300b372	SampleType	Sample	-3.49189881351808	0.506549153068194	17	16	5.11675979252477e-06	0.00059159489410715
X4d833bf0162967d91310d1a93db92ed2	SampleType	Sample	4.48296297526576	0.684862740593949	17	10	9.2647466705152e-06	0.0009780349963483
X10821628e3e458fde4ded1a39c3926af	SampleType	Sample	3.56803993167779	0.543720424957903	17	11	9.00423053233523e-06	0.0009780349963483
b5cd41c77bc4eb8356b15ed52bb1cf5d	SampleType	Sample	-3.25962939360595	0.505732387454339	17	16	1.10314700055046e-05	0.00111601704889022
cf2752910266aa9986d441f815389f2c	SampleType	Sample	-3.86165425425943	0.638562540376513	17	15	2.23331336711678e-05	0.00208557109821521
X44cc17826fd7cbbd611d6ba70982a3e9	SampleType	Sample	3.64519261437643	0.601125605482757	17	11	2.16789942810751e-05	0.00208557109821521
f7460ef647b461ee5ad49fbeb5705652	SampleType	Sample	-3.69957399215451	0.618716180543483	17	15	2.52478717664138e-05	0.00227043824625381
f716fb59c9bee1b0c02ad64865f0de70	SampleType	Sample	-3.09682892877924	0.525353880690762	17	8	2.94427105477419e-05	0.00255310361463991
X46be24de915fbc76ac5ab88523cb7235	SampleType	Sample	-2.5101848358807	0.427744586796945	17	11	3.08899640411149e-05	0.002586235610063
d9f3cd010e62ed14267428e00eb063af	SampleType	Sample	-1.80197487937656	0.310041860673529	17	7	3.42439411705923e-05	0.0027714763054066
X36fa32bf1591f6e26e457bdd4c882661	SampleType	Sample	3.91339658310648	0.688657808103725	17	13	4.34539565124798e-05	0.0032970689503844
e02ad2cc899cc62e9a5df522a8e3c451	SampleType	Sample	-3.76932961549027	0.661692296057796	17	8	4.23550212510557e-05	0.0032970689503844
X4bdc1afca33aabf7e6ffccfb3989baba	SampleType	Sample	-3.02236576171526	0.548908882928001	17	8	6.03561310745365e-05	0.00444074806815075
d3a60d931aed828666a7818a3da0ee38	SampleType	Sample	-2.51511032257786	0.466386004194235	17	10	7.46995609590103e-05	0.00533442747083756
X450b0f9dbaf395de258b2b6c62a5f5aa	SampleType	Sample	2.41293034333625	0.464249985953203	17	8	0.000108274192796968	0.00751113543174394
X811b45d386b7b6dd81665a0bac6761d6	SampleType	Sample	4.84572919455176	0.944642013603552	17	17	0.000123302481681698	0.00804839705937808
X29d249d9deca741ac3ed4eea1e7819ff	SampleType	Sample	-1.47841916462976	0.28883310830846	17	7	0.00012596338066572	0.00804839705937808
X495eb06d2fa84bc70027d6a048f86977	SampleType	Sample	-4.40557266208839	0.8566006044926	17	9	0.000120171537304054	0.00804839705937808
X19483975848ef1e1f6ba304df2b90196	SampleType	Sample	3.69095265809736	0.735182821060114	17	10	0.000152218913562078	0.00947660313150575
a86091032bf65639a7bae7d5232f0378	SampleType	Sample	2.2832562445125	0.458172822647054	17	10	0.000163550642596741	0.00992752400562217
X9bd20c6dd9e216eb9c62ab933e134da3	SampleType	Sample	2.14766768263819	0.437919329684478	17	12	0.000190758047422883	0.0112965985156771
cd595c4d4718f235de7afa8a4fb1d827	SampleType	Sample	1.90371918707847	0.390764219117521	17	17	0.000203233076733469	0.0117488073883063
X9695ab42557ea68383a7fa889b522976	SampleType	Sample	-1.93575934676921	0.402689244849369	17	7	0.000230662781512534	0.0130244007793589
c39fd6fc4661167fed13f8f1f43e9966	SampleType	Sample	2.49052153751458	0.529185813112305	17	8	0.000281191198395986	0.0155166415842148
X2d1a60b2982025a0959cff244436778b	SampleType	Sample	2.37400323945059	0.507847126609464	17	13	0.00029933389021096	0.016150726342938
c8487b182705eaad35c8578b81969d20	SampleType	Sample	-2.15654189184692	0.475809397133491	17	17	0.000396875510385952	0.0209481247655889
X54bc24af2573a5765ab4ee324d1d63be	SampleType	Sample	2.55551941615068	0.575179597014641	17	12	0.000474304972837812	0.0245023930648981
X93e881f05978d18bc8c18f476ac8dd3a	SampleType	Sample	-3.40631122477818	0.773157664512144	17	15	0.000511027725408552	0.0258494857769159
a630681ba72a80c92a426efb3e574ab2	SampleType	Sample	-2.01817331355968	0.46414145970968	17	17	0.000573496361326976	0.0284173299041204
X2a75921d722ef2e9c11a55f7655f5fb1	SampleType	Sample	2.21583801547217	0.528360774848702	17	17	0.000782648524545179	0.0380054123519139
X041792056bd7be0d5d925d8a6546e833	SampleType	Sample	-2.67091835135372	0.649503583779599	17	15	0.000923061367616664	0.0430998653956396
X6052c6018dc1a0fb3bccec096b0d74b8	SampleType	Sample	-2.83493719678577	0.68882815653099	17	7	0.000916819526626806	0.0430998653956396
b5de712b93a82e4723968c0839061699	SampleType	Sample	-2.35380902807423	0.581400209284874	17	12	0.00105045452356611	0.0472315478373797
X90d45b2e65bd23f17189e9455878f884	SampleType	Sample	-1.31568544136033	0.324912968659864	17	6	0.00104868628775921	0.0472315478373797
X67b0631399914fc300a8246571dd2fc0	SampleType	Sample	2.79449841407311	0.694028981564263	17	12	0.00109853816796669	0.0484954667604203
X4c5d68fe9f0b36f32638abc717a65ad3	SampleType	Sample	-3.04237412365877	0.757277858211618	17	8	0.00111875734319164	0.0485061219512376
b640a831f0c28e6d60ba3f6b278f38fa	SampleType	Sample	-1.18193653254568	0.297032304813871	17	17	0.00120955106370377	0.0515226312749608
X55357d6cc58549d420cccd3c467f8a16	SampleType	Sample	-2.59154977212593	0.655008945010485	17	9	0.0012666101370958	0.0529800080536655
fbb3aaf32c640635c86a7c829a85ed34	SampleType	Sample	1.47248385111856	0.37292089817606	17	7	0.00128740546753141	0.0529800080536655
X86ef25d804ba15d8439a773d51d3edda	SampleType	Sample	-1.31774684702523	0.334485719373132	17	6	0.00131094700197587	0.0530496553466237
bd668a93dee04617bc24da957aaee6e3	SampleType	Sample	2.881872156345	0.735409673481926	17	10	0.00136796871403758	0.0544496399620202
X6f22e76ddce23b52576bded16632b532	SampleType	Sample	2.43731401915805	0.625780659697519	17	16	0.00143627420411841	0.0553535518666586
a17fd0f8d4eee41ef864153c9c21b286	SampleType	Sample	-1.66293992084711	0.426503492236149	17	6	0.00142411158390042	0.0553535518666586
eeb0bf9b6e59d4d8ae7d6ae822a35d8a	SampleType	Sample	-2.06823223456094	0.540070844574171	17	7	0.00164103831097325	0.0622568909225475
b7279007573da839dc7d022d326a795c	SampleType	Sample	-2.35254316318052	0.62875533638511	17	17	0.00196448511134114	0.0695689273974985
X74f0d139f1d4ad74fb1be85bce6934a9	SampleType	Sample	-2.82903026251398	0.756733794227321	17	10	0.00197704118221886	0.0695689273974985
ac60ad741ae6189321c85d3ef49885d6	SampleType	Sample	2.11963568666187	0.566381821271709	17	11	0.00196116204237199	0.0695689273974985
e06d134d202f3e94fe4e3017d3664e11	SampleType	Sample	2.3287447430703	0.619799071895908	17	9	0.00190248706632341	0.0695689273974985
X6875688039d84275ed42ac41f5035aca	SampleType	Sample	-2.29595418956909	0.613032991573175	17	7	0.00194986432146951	0.0695689273974985
cfbc760bc9177688ef8445fd670910ac	SampleType	Sample	-1.58235524066148	0.427905472636871	17	6	0.00214827206919983	0.0745143512002456
X7399c5c473fce0dca57710a56022e6bb	SampleType	Sample	-1.97745057691085	0.53987064287962	17	6	0.00230837783746454	0.0789400195685057
ffedec13f25b2f7f21e150ddd69a539b	SampleType	Sample	-2.19024516238585	0.610497797159277	17	7	0.00269307750420447	0.0908165580584508
X7737a411e7f276fae1d2c38a6188f723	SampleType	Sample	-2.1010790822507	0.590173377321614	17	10	0.00284954565511229	0.0947766691864744
X5b11c2cd60e7d52df73e742888194fd8	SampleType	Sample	-2.05493790944701	0.580231287544151	17	7	0.00295989725060066	0.0971166287088974
dc59078827f8caef7ddfa5b9090e86c3	SampleType	Sample	-1.84941223837464	0.525382516513813	17	17	0.00309312604360327	0.100134800451583
f93c80f7ba93cb010f8e195429e296e5	SampleType	Sample	-2.33073301464305	0.672121691650857	17	14	0.0034442565438843	0.108409131871269
e53d40931998c5c89278f8b7d89112fa	SampleType	Sample	1.60194827742524	0.461852028292444	17	7	0.00343855951456372	0.108409131871269
fd92f4da74ea03ca0a951431ebf0149a	SampleType	Sample	-1.5979244460595	0.461518337686404	17	7	0.00348266568614457	0.108409131871269
X2b171e4c26f481ddc20506b79877b519	SampleType	Sample	-2.65450426057607	0.770227652012599	17	16	0.00359840690046379	0.110594075371216
da18bc80dccb72d316759572ebad4ccf	SampleType	Sample	-1.89300770641843	0.550763897054157	17	11	0.00366797226489572	0.111322958239585
X31f24c0e3e16424592a91c6b4756c393	SampleType	Sample	-1.70895021960429	0.499394081228248	17	16	0.00378271841580886	0.112338685146755
X45b0423d1013166f5e0436130e71527a	SampleType	Sample	-2.92508566507655	0.855138342719411	17	10	0.00379397536327592	0.112338685146755
X02ec9e816407b031507396c81c182019	SampleType	Sample	2.63829240760174	0.777578543322297	17	10	0.00401537466326101	0.114697996263503
X99adee39d4a68f7259d23b10d85c577f	SampleType	Sample	-2.06435286218906	0.607629248501355	17	14	0.00397904483410179	0.114697996263503
X0f067d3b0fcbcbb517d57a849a9928db	SampleType	Sample	1.28592858495243	0.378957717553906	17	6	0.00401232238038361	0.114697996263503
addff1327c8b525422a1a38bac47f59a	SampleType	Sample	-1.44101724829842	0.426224293837722	17	8	0.00411605705590233	0.116206820136405
c5e09db0eecbf5db9483cf3278206a7e	SampleType	Sample	-2.73081906003734	0.816300845325833	17	12	0.00442729368539497	0.122153057592489
X4c8e74f02805453642c1235e61de06ef	SampleType	Sample	2.3576646872695	0.704023254309871	17	9	0.00439574493291908	0.122153057592489
X8c1aa42e3f38caaf82eb47d5bd3ecab3	SampleType	Sample	-2.25912065406132	0.678839767548964	17	6	0.00458857244880957	0.12518038096303
X495c1bd1608a1dad54d3e2824ce899ef	SampleType	Sample	-1.93456706172646	0.588355016846676	17	16	0.00497896703156783	0.134321466140519
dcb71cc699d841c3ef3a379f802904e6	SampleType	Sample	1.08668166986822	0.332771950605881	17	6	0.00521451853859465	0.135896611701394
e42e54374ced0e0901b3492bf7e26fd9	SampleType	Sample	-1.0199971741389	0.312768137791678	17	5	0.00526123620260752	0.135896611701394
d31f1c384392a34edcfb997bda7c234a	SampleType	Sample	-1.22824518759409	0.375497155116694	17	5	0.00515670695159514	0.135896611701394
X983e197471ad3483cbf7561c9cc9b4fa	SampleType	Sample	-1.47441903761069	0.450736506491926	17	5	0.0051551328814998	0.135896611701394
X56335ac95e507e0bbb08dc360850bfe5	SampleType	Sample	1.96581763542526	0.608660796499721	17	16	0.00561143143017571	0.137811077080833
be67b02f02948b2fce8ad5af987afdb4	SampleType	Sample	2.62608565758617	0.813800258745777	17	7	0.00564372214264407	0.137811077080833
X8940efad20d6105be9d06b29420046f8	SampleType	Sample	-1.68586036356591	0.523671872556243	17	8	0.00573266836291767	0.137811077080833
X68e97f8c00f3cf84de842890290838fe	SampleType	Sample	-1.81101552883965	0.561917404358935	17	17	0.00569038561785751	0.137811077080833
X0dd15502ce697238545269d117d510d2	SampleType	Sample	-2.21555887848915	0.685845440180976	17	10	0.00560381550590329	0.137811077080833
X4f5d5c70f37db3c66d86b59a75e416ee	SampleType	Sample	-2.39576503055542	0.742277829347484	17	6	0.00563628176050905	0.137811077080833
e2f0bac1ec09a88649e2789aa212b782	SampleType	Sample	1.62695189002359	0.501390502045794	17	7	0.00544008265247209	0.137811077080833
X82c31a86b5c777f9decb3e08c1b59b58	SampleType	Sample	-2.14003017579351	0.669122427273542	17	9	0.00598508264805602	0.139728660283462
X7ae3ca18d2f3f7b1df4b5e8030049437	SampleType	Sample	-1.07497615486756	0.335628497463563	17	5	0.00592884523754164	0.139728660283462
X4b9f9723551325d3ff2ee04cfe1700eb	SampleType	Sample	1.42753327979154	0.445098409544535	17	6	0.00587620479558587	0.139728660283462
d23c235f41d3398df2e2f5edbac63604	SampleType	Sample	-1.758017523125	0.555849710968348	17	16	0.00643619850397924	0.14681647998259
a3512dec19c020cc96c0e195ac468aac	SampleType	Sample	-1.82708693020223	0.578376295590896	17	8	0.00648594240058713	0.14681647998259
ae80f6274f1e55721cc5be8fc0a0e271	SampleType	Sample	-0.999821155408769	0.317648593647968	17	5	0.00663927412362249	0.14681647998259
X9edbb39537860983ef807fee6c2635c5	SampleType	Sample	-2.93179718037676	0.931713863165172	17	6	0.00665148797285208	0.14681647998259
X1667a608ce9dcd9173cc4a7ea408e61a	SampleType	Sample	-1.14184355818599	0.361464082589912	17	5	0.00648664395144656	0.14681647998259
X1b21d2b71f96b4a59b392aee9aa1d655	SampleType	Sample	-2.458989148723	0.781408979623804	17	7	0.00664884218458325	0.14681647998259
ffcf4ed82045665508e925b0f4531d28	SampleType	Sample	1.88114741854179	0.606122089124484	17	13	0.00726393797224005	0.155522889519821
X5fbd78d2d6de66b97eaf8f2b1487761e	SampleType	Sample	-2.11460581652542	0.681310744157683	17	13	0.00726166198736269	0.155522889519821
fd573b99b95e615dd1288c05055c86fe	SampleType	Sample	-1.03180751175172	0.333639819234089	17	5	0.00742898266873283	0.155522889519821
X55e845ec2b2dde77fc20c136d78ee7ad	SampleType	Sample	-1.05069692088228	0.339756999263598	17	5	0.00743025337079871	0.155522889519821
X25c2a523e62ce2efdbcf4f66f8ec1697	SampleType	Sample	-1.35240134010047	0.435803410813094	17	6	0.00726900329352507	0.155522889519821
a24d222dbc42aaf0f1b7f08d66ac41b8	SampleType	Sample	1.40777655600845	0.454132517167993	17	6	0.00731835782414137	0.155522889519821
b214782a3adc6746dd9982ea97ad27b4	SampleType	Sample	4.35059172666546	1.40953739205836	17	14	0.00752118524655252	0.156080664774611
X72355d57027d23aca5dc5c7619a2cd96	SampleType	Sample	-2.39357525919947	0.78694170842016	17	5	0.00824319766091447	0.16961427051441
X398b27b58cd45cd00d44f536a9411b08	SampleType	Sample	1.68394673374478	0.555417137618382	17	9	0.00840882512506263	0.171568297509681
ad84d18a785105a88de19e3f9062680a	SampleType	Sample	-1.30750610458264	0.432795934399298	17	8	0.008595812375402	0.1739219370623
X68fb4f4c2c976da006edc8e3fa0280eb	SampleType	Sample	-1.24430615133624	0.412824802445771	17	5	0.00871825552127746	0.174941524013733
X7fc232ef701a576c52973c27d641a62b	SampleType	Sample	-2.44083396829687	0.811800543564355	17	7	0.00885129203065019	0.176155221724743
X1d2900cdf7b591798cced5d7d2989635	SampleType	Sample	-2.18521337759278	0.731460245343534	17	5	0.00920461210200917	0.181697546208766
e03d7fcc980a61ee6e09d62c0e492804	SampleType	Sample	-1.50008681136546	0.503215583695771	17	5	0.00932650719739315	0.182619028026376
X078e358a168dbe0799176248b157e046	SampleType	Sample	-1.70991558643559	0.575078448038683	17	5	0.00947263853243062	0.183996530853932
X75ba6f1992139fb3fe848d91a1721d29	SampleType	Sample	-2.46047932226164	0.833912299251054	17	15	0.00992282484538654	0.189705659248807
X9879a750c4dcbe94271efc3a64a8dcc6	SampleType	Sample	-1.40552610496735	0.476295516730634	17	11	0.00991418515861448	0.189705659248807
X38379288db02e084c195974a32fd0290	SampleType	Sample	-3.65344017076986	1.24116505055586	17	16	0.0100643281789488	0.190907725144435
X7bacf0ae26a001f354c5aaee38c26e5b	SampleType	Sample	-1.50851339907912	0.516562164098615	17	5	0.0105511905856695	0.195758724772067
X732268b2cde7f6e4eeb959b9904a856a	SampleType	Sample	-0.938152657276842	0.321308012600207	17	6	0.0105619410811947	0.195758724772067
X08d7f58a060027555e4beffab9d04b67	SampleType	Sample	1.53637106981072	0.526151122094188	17	6	0.0105570903459936	0.195758724772067
X3448d53788dd6e07e471735ade91cfb1	SampleType	Sample	-1.98363572152905	0.681915304188843	17	5	0.010797591516579	0.198610243956468
f495d6392152b685fee3ac09dfa0f382	SampleType	Sample	-0.967154069285517	0.33404219908351	17	17	0.0110998464914735	0.201850850384735
c44ff307960c98eb2c3f6c5cf28a5e59	SampleType	Sample	-2.1275946546258	0.735295767736667	17	6	0.0111400386950389	0.201850850384735
X6ace4e7664815b50cab6e2db8056b113	SampleType	Sample	1.87352488013944	0.648537820997335	17	11	0.0112461727084025	0.202153205093213
X7936316304361aebc82335f89ddfba39	SampleType	Sample	-1.24791131793971	0.433023011537037	17	8	0.0114065029232991	0.202153205093213
cb0b67a8052ee758053ab5e22c1553ec	SampleType	Sample	-1.35957626789356	0.471383297215408	17	5	0.0113519139485956	0.202153205093213
X75bb0a0b7853fefe490cb476018ab14a	SampleType	Sample	-2.19699291253654	0.766629803697325	17	7	0.0117840690085723	0.207331301107345
f3b41d47dbf8327add98c18f2b98468c	SampleType	Sample	-2.64159526617199	0.923906467912747	17	10	0.0119430927569288	0.20861747635844
X88bedff2b082a15d43678825e9e73304	SampleType	Sample	-1.98427395633365	0.698448615711611	17	8	0.01239064683988	0.214889218051633
X019bed84669410b5d384f6e3280da1b9	SampleType	Sample	-1.27263743323067	0.450029823284899	17	6	0.0127225570844295	0.21908062837585
c38eed8f2f2f07fc99e6135205c57cff	SampleType	Sample	-1.71168407784443	0.606896664063768	17	15	0.0129169987142913	0.220862485058446
c968d53c0418f0b1ea2686794e5464cd	SampleType	Sample	0.977587369978704	0.350043367996242	17	5	0.0136577193856422	0.2318947039744
X749b1e195ab505b26d20951f53834d11	SampleType	Sample	-1.83254663862201	0.662586154037514	17	5	0.0144217808825244	0.239909155145963
f42eeea87cf2ddb3a7941923d3918516	SampleType	Sample	2.47517275668455	0.893997358948893	17	10	0.0143375351033946	0.239909155145963
X65e28f53f8e78a1d3cdcdc1e43dcb17f	SampleType	Sample	1.08283938267491	0.391539051052772	17	5	0.0144261683077885	0.239909155145963
a7233f84db0360ad7535619a0b20e8bf	SampleType	Sample	1.39874503864316	0.507230198816349	17	6	0.0146598915659641	0.240539117427115
fc27695e28ac38ed08ba2e033a58d1ce	SampleType	Sample	-2.18935437182239	0.793953113486558	17	9	0.0146621867294947	0.240539117427115
df827a58f6b377fcf5b6860d49301447	SampleType	Sample	-1.66229825569746	0.603752593986265	17	5	0.0147883859785113	0.240981215810909
X4e5dde1edf6195d5cc053de052ecd126	SampleType	Sample	1.8121914580835	0.659966809809363	17	9	0.0150100049090814	0.242961946128331
X66804a3c3e40f8572119e3c624478909	SampleType	Sample	0.835077083800865	0.305853426628535	17	5	0.0154870619600092	0.249023751251008
X38d92afaf362fa03e3d60c6e1cbcc941	SampleType	Sample	-0.743587395979776	0.273909592884265	17	4	0.0159798994632531	0.255257867741964
X23a99157e2d7180e199cdc7822f7492e	SampleType	Sample	-0.658173158491064	0.2427390640633	17	4	0.0160852853859527	0.255261914490805
X8425d4cf5f4dc882ae2abe971230a45c	SampleType	Sample	1.94494717929186	0.722952609454945	17	8	0.0167825126113062	0.258880771274279
ae6d65029da85c4ac1884b3cd9e27767	SampleType	Sample	-1.28615800354748	0.478973843701326	17	16	0.016953065334683	0.258880771274279
b5fb61584fb688918ec8c5431cdd4547	SampleType	Sample	1.94025130771411	0.720900129682141	17	15	0.0167440276808292	0.258880771274279
ac79a9d71daed031027868720625612d	SampleType	Sample	-1.6829454430553	0.6263015378217	17	7	0.0168893195002797	0.258880771274279
c1a84bb089208453669acc73b1803058	SampleType	Sample	-0.788273548094504	0.293012504814161	17	4	0.016784009152179	0.258880771274279
de0d0a9506b63613c69beff09b81c44d	SampleType	Sample	-1.38249177058801	0.514154758185276	17	7	0.016830332008729	0.258880771274279
ae61ac440027532b090eaade93729a41	SampleType	Sample	2.23559353791678	0.834997866780472	17	10	0.0172224471232596	0.25934020765192
b7a2bc450146ff938fb3354ecc36444a	SampleType	Sample	-1.89091275948847	0.705863227386194	17	12	0.0171707560628605	0.25934020765192
X658796c38c064db92b9d058ca0d959b1	SampleType	Sample	-0.771675989382416	0.288475227862716	17	4	0.0173035888136783	0.25934020765192
ebd6f8278dc89c7cfeb7a95185ba9bda	SampleType	Sample	1.42403341342408	0.533411832358178	17	5	0.0174897491297343	0.259529152102515
X715ed60e859700522eb8ce8e0b100611	SampleType	Sample	-0.643232828044022	0.24104464254854	17	4	0.0175299756774351	0.259529152102515
X3f4e886a94876f4e7a1eb775822a3804	SampleType	Sample	2.17851404665474	0.821118632979687	17	8	0.0180788278733361	0.261199167746645
X09e719a2acca4d1cc7ad3ebe7582810d	SampleType	Sample	1.68883952169435	0.635732025784655	17	8	0.0179555776329764	0.261199167746645
X3ad1c8aad6bdd6f9f60902f08beaf0b1	SampleType	Sample	2.11319698120258	0.797344269851606	17	10	0.018180666947769	0.261199167746645
X57f316f2b8bb8cd1fcfdfe2c557148f0	SampleType	Sample	-0.65473000282792	0.246923593575369	17	4	0.0181351405236468	0.261199167746645
X1ae94a50d152dd62a6bf367dbafd4daa	SampleType	Sample	0.963082615663027	0.362957490177035	17	5	0.0180670603639938	0.261199167746645
X00d773da90524e1aafd3b82ecf6b2555	SampleType	Sample	-1.50103347464135	0.567799997518885	17	10	0.0184256092003659	0.261622100225078
X659115d1d166e9dad51da5de9a288d83	SampleType	Sample	1.37221400342904	0.51850046399428	17	5	0.0183188383343137	0.261622100225078
X5db358d5116eb6aeeda5e581c4325cc7	SampleType	Sample	-1.20478860414654	0.457239665105321	17	6	0.0187476585389473	0.263628593325846
de8ad47c92c3af3d78ddb1672ca0a06e	SampleType	Sample	-0.718897087095193	0.272935531113483	17	4	0.0187840801669569	0.263628593325846
X667056e7769500e21052bd12d4ffde76	SampleType	Sample	-1.96366364853376	0.747038862934504	17	15	0.0189856203190942	0.264925782383682
bf6aceb1695f23aacf22f006fd1b3dfa	SampleType	Sample	-0.720610143994898	0.27453885666547	17	4	0.0191298636117155	0.265413193424258
c8cee77322d19f044bf1e8017b8add93	SampleType	Sample	-2.22266501385515	0.851634334493851	17	8	0.0197073425176644	0.265830153516051
dd4288754e567d2598eb7d479a0c1051	SampleType	Sample	1.56971198335502	0.598930425774113	17	5	0.0192808883523683	0.265830153516051
cab28bc37c5d62b75a6b8b9e2ba2c9cb	SampleType	Sample	2.67927649457866	1.02519600209662	17	9	0.0195685703681629	0.265830153516051
X91e4caa23286a4f018b8d5f9c2b038ff	SampleType	Sample	1.97919207769838	0.758292904045025	17	6	0.0197002417240042	0.265830153516051
X869778ce835a1bca866993c3b2bec4f2	SampleType	Sample	-0.78386974580182	0.299983454819976	17	4	0.0195835998014665	0.265830153516051
X8bd7eae7b06e68da18ec96166ab803b6	SampleType	Sample	-0.757411990573735	0.290679699013584	17	4	0.0198738314400284	0.26613516446907
X93b203e129c7482f45feb559b583abfa	SampleType	Sample	1.18309180332154	0.454378526224827	17	5	0.019949176249329	0.26613516446907
f7b6eef75d287ee269ae6b5d4fb04608	SampleType	Sample	-0.994798190909688	0.382612573135847	17	4	0.0200984259043202	0.266661082490107
ef39b6d9edaac95667c91740a755adfa	SampleType	Sample	-0.698968012795837	0.269269633343757	17	4	0.0202680332305955	0.267449916760249
X35ff08387a9dc10e2d5bbf790b759f08	SampleType	Sample	-2.34860287708357	0.917724548045194	17	14	0.0217983968964047	0.272817049816859
X982b14ee9c90473a50e554429277cc32	SampleType	Sample	2.34566148551311	0.915071449807001	17	12	0.0216172406633222	0.272817049816859
bb2cf948f512a69d0968ac5d81d5c237	SampleType	Sample	-0.827647655785005	0.321345194106407	17	6	0.0210995164262572	0.272817049816859
X0074a48d66fc98db6cedc317176f1fd9	SampleType	Sample	-2.21230440615068	0.862733178858505	17	5	0.0215772441174434	0.272817049816859
X7ec8be180094b588aa83a84c0d44387e	SampleType	Sample	-1.03326177856389	0.400254621358213	17	4	0.0208519514581447	0.272817049816859
X9e1f9f747807bfb1b7eb38abe5018c13	SampleType	Sample	-1.73501292913806	0.672526681908757	17	7	0.0209212228962096	0.272817049816859
a0aff308fbdbad79f16ee571a7caa033	SampleType	Sample	-0.748268974184364	0.291628748231619	17	4	0.0215118186091661	0.272817049816859
X81e4d0cfd0a3c3f0298bb897e22715d0	SampleType	Sample	-0.822225462673577	0.320305322751332	17	4	0.0214615652567496	0.272817049816859
a1ebcde24a6f0057dc302c21bddf9027	SampleType	Sample	-2.26180956454706	0.883360513326443	17	7	0.0217421774795113	0.272817049816859
a2afcad6722a75f5b1ec79e56e6fdf02	SampleType	Sample	-1.00553910003421	0.39191540784641	17	4	0.0215170617156247	0.272817049816859
X8662d7fe59758d24c796165bc7bf94f8	SampleType	Sample	1.47776200348981	0.580193421868243	17	5	0.0223296539539964	0.276049533760946
X7857d3187944415a804e443783213d31	SampleType	Sample	-0.871952401975967	0.341950040991518	17	4	0.0222005693405845	0.276049533760946
c011a520057f65fdfb3d1b184da37220	SampleType	Sample	-1.07437708263092	0.422072568282622	17	4	0.0223977587112465	0.276049533760946
fd76516fb77cc77fc8dae8d0343da17d	SampleType	Sample	-1.45416861364063	0.572828387952042	17	16	0.0227061777891247	0.276067636160114
X681fa292ab8bf1f2f448f5a3345bd94e	SampleType	Sample	-1.12020918224359	0.441605779988335	17	13	0.0227919569447139	0.276067636160114
X19ca26d8259240ea391ed8b914b35e56	SampleType	Sample	-1.36698525879945	0.539181137124728	17	5	0.0228540341302236	0.276067636160114
X3662fc336ea5d5581e6783d2b2f5466a	SampleType	Sample	-1.65367473770394	0.651369591563203	17	5	0.0226976680141485	0.276067636160114
X8a44a4e06b1a74f11ee8e2686464e0d5	SampleType	Sample	-0.812695948926797	0.322921753260122	17	4	0.0237107970436918	0.28499908525784
f41e58594369399a98ca43a5bc116814	SampleType	Sample	-0.771832175648527	0.307124989432735	17	4	0.0238804838790463	0.285624703735588
X071ffeef795ecc8f1d3a0c0823692721	SampleType	Sample	-1.95447399936547	0.780295717832665	17	10	0.024275336969947	0.28892410864231
X5831990e19d088be53719b143f7860e6	SampleType	Sample	-0.919876945977735	0.369324380320818	17	4	0.0249594970315191	0.295617847768432
fd23e9bbf9949af42e4783b8c669a8ad	SampleType	Sample	-1.62826700258731	0.659512316992531	17	9	0.02605512797553	0.305985862136382
X250eff414ba3de003b8ddd7f5f264dc0	SampleType	Sample	-1.41476848473355	0.573180916750876	17	5	0.0260869330569321	0.305985862136382
X7085d7d16bb648dac711d69848d9be74	SampleType	Sample	-1.3695650890669	0.555522939315106	17	4	0.0262369240400403	0.306265632544316
a38d50093be16bece9e77cad438baf5b	SampleType	Sample	-1.13979981124445	0.463123149124207	17	4	0.0264569592457714	0.307356445209249
X8d638697c84d2328381bcb2ab9598d91	SampleType	Sample	-1.62689087840695	0.664450806508471	17	5	0.0271225214908477	0.309682765926951
X7ec69f2c62aad60e060e588ef687bdd0	SampleType	Sample	-1.58482871894159	0.645863365174963	17	5	0.02683947346125	0.309682765926951
X9910b78ecfcab8367a1b3ae162fb4cee	SampleType	Sample	1.19871934243916	0.490003646875964	17	5	0.0272360437520218	0.309682765926951
X39362d6e524e22ea207e7d0c2aaf4338	SampleType	Sample	-0.805779149436658	0.328896171508767	17	4	0.0270440315347477	0.309682765926951
X25462d378e3fa6b2ab8a17c3053e7038	SampleType	Sample	-1.12391286955853	0.459631488481006	17	4	0.0272949390067412	0.309682765926951
e710ba8eeb660e6dff2f183bb30d5c0b	SampleType	Sample	2.05620752101035	0.842295267856847	17	10	0.0275129337108534	0.310704200232336
X2c9d05509cf16e1df0a09d06af6e35ee	SampleType	Sample	-1.67368798499703	0.687071104636166	17	4	0.02779623101638	0.312450226424864
X8e57f969178d1b7b927cf520942dbdbc	SampleType	Sample	-0.867559317426755	0.357204867539328	17	4	0.0281931664218785	0.314004624184959
X3e670f2da3eafaf14b893cefdd6701c7	SampleType	Sample	-1.30593979593414	0.537227468892135	17	5	0.0280749322421473	0.314004624184959
d410143c4dd12a8a9f584f007f7cb72a	SampleType	Sample	1.35258838529449	0.55808105742983	17	5	0.028476532554098	0.315712424846347
e61f88ea85ada65244b3b8bda8659227	SampleType	Sample	-1.3078168607315	0.542017019791855	17	12	0.0290835348340815	0.320976466259773
X934803696e9c94174f3c3c8a94844bb2	SampleType	Sample	1.65279971558964	0.688294217577443	17	9	0.0297493397224974	0.326838899756669
e7ec7f4a6af87d8d8cbb1a4dbf5f55ef	SampleType	Sample	-2.40701455574819	1.01603171212016	17	10	0.0316825790832069	0.328740606897549
daa83b35584cb31b1770ad7d863ac3a1	SampleType	Sample	-3.27702103216647	1.37541383404108	17	6	0.0308574628571422	0.328740606897549
ef6fa89883420a6f10066f925a001d80	SampleType	Sample	1.60805320485559	0.678523349535549	17	13	0.0316273447818447	0.328740606897549
X10f2ac072c9e248cc02a345e88e2b361	SampleType	Sample	2.09075884973553	0.875261747322977	17	10	0.0304891350424708	0.328740606897549
b9046294dc718e28ad978492a3508376	SampleType	Sample	-1.28404202051679	0.541627214999203	17	8	0.0315792406285796	0.328740606897549
X3f612f36a4139fcb7af195ee2cb0834d	SampleType	Sample	1.37994121360697	0.578164773052043	17	5	0.0306061847208673	0.328740606897549
X6debe21a611ad931d1e4d465a609dc4a	SampleType	Sample	-1.68930195535386	0.710560268434015	17	5	0.0311688755664442	0.328740606897549
b30ef6035ca7aec724ef80d596bc1bab	SampleType	Sample	-0.908697864750799	0.382253362723877	17	4	0.0311815768589328	0.328740606897549
X106b7487135f87660fd21dff1dfffa47	SampleType	Sample	-2.13290250950228	0.897150902247073	17	4	0.0311691609726937	0.328740606897549
X459efdcdf6b61c9966c8261abe31d692	SampleType	Sample	1.27059961607977	0.530875427964254	17	5	0.0302117590442077	0.328740606897549
X6ef19c53611505ed27fa12c9ec3d242f	SampleType	Sample	1.28724680023118	0.541057429809018	17	5	0.0310651721744377	0.328740606897549
X99605c171fa9d7c6bd5905dcebf8e50b	SampleType	Sample	-1.1209328343178	0.472755583970695	17	4	0.0315576945597655	0.328740606897549
X959d10b3801866414a2eb68d4df67414	SampleType	Sample	-1.62466780725612	0.679622318857376	17	5	0.0303809311599055	0.328740606897549
X0224b1b988a65f1c0c1e138d525d736f	SampleType	Sample	-1.36811133940897	0.580738497553788	17	7	0.0325086129482193	0.330007009126009
X16ff6fdb8b9bbe665e7ec8c665e78183	SampleType	Sample	-0.962656577788035	0.408026150151013	17	4	0.0322887413168328	0.330007009126009
X48d0ad0ba5e315d80a2b745e4a64a14a	SampleType	Sample	-1.49772476144695	0.635698905338414	17	11	0.0324949899629963	0.330007009126009
c3ff5c573fb0e919a4b6e39d5db06dd8	SampleType	Sample	1.99995693038964	0.847724776934723	17	10	0.032294755659342	0.330007009126009
X3f4febfa03efd875886ff5766327f50a	SampleType	Sample	-1.22398634807115	0.519948647849983	17	4	0.0326201326977933	0.330007009126009
be845c0d36cf7c0d55305b61e13eec5f	SampleType	Sample	-1.84280832199029	0.782560774728899	17	5	0.0325699656169271	0.330007009126009
X95422d4c51dc656f4d593b07f4842850	SampleType	Sample	1.90879668988688	0.815846837925909	17	8	0.0335459414258883	0.331580754370127
X979ba1913764709d6f067f0096f7e73a	SampleType	Sample	1.5552720242917	0.664959653434529	17	6	0.0335950846684725	0.331580754370127
b86a8e8151ed7a7539be26190c47ce0c	SampleType	Sample	2.72742195113787	1.16186839130525	17	12	0.0330418695878964	0.331580754370127
X284ca267c1da0d9a1a431b600e43bbac	SampleType	Sample	2.06445106386406	0.88212843091062	17	12	0.0335032439071203	0.331580754370127
e91a544742f83b8662d1ebf6674f646d	SampleType	Sample	1.31872567868838	0.563505591974801	17	7	0.0335090429947556	0.331580754370127
b8a30d80e460567357a5449acd5c1d18	SampleType	Sample	-0.967490573583938	0.413235944113563	17	4	0.0334416249760239	0.331580754370127
X5469b4f52bb3f11250795aa47af5fff5	SampleType	Sample	-1.31515027674346	0.563811212634034	17	5	0.0340076765616697	0.334294083772203
X183b1085ec7d9b20001265937f063710	SampleType	Sample	-2.0296532979529	0.872200036073415	17	15	0.0343762106889707	0.336550465403012
f12f5ba8c80d765b2f9120da917d196f	SampleType	Sample	-1.0063142455111	0.432827013429912	17	5	0.034514442292154	0.336550465403012
c1a91a0726e45a33397ed6b628812bcc	SampleType	Sample	-0.992296153339664	0.427359562895745	17	4	0.0347195299181065	0.33719607456465
b6b5e5683e22e7ccbc945f50aa1bfb52	SampleType	Sample	-1.27460674184811	0.549971050743491	17	14	0.0350123055358258	0.338684772274841
X7abeba37600c1cd5f7d3cdf665467bd7	SampleType	Sample	2.10719143932577	0.913022384515471	17	14	0.0356730909157831	0.340533961126363
X022ea353da449030f117bb27f6ca5713	SampleType	Sample	-1.70560653592579	0.741306590877152	17	14	0.0361675415814304	0.340533961126363
X861ad48b8db4560e579ed93f20485f52	SampleType	Sample	-1.19979192332625	0.519196494614787	17	4	0.0354711973352595	0.340533961126363
X0b7ee59778fc8e0377f8091c86b4f678	SampleType	Sample	-1.60157349717266	0.694513084377386	17	5	0.035803870731008	0.340533961126363
X08eacd0794f8e78fe68a9767eb425654	SampleType	Sample	-0.88665517454267	0.385408722321554	17	5	0.0361852396913516	0.340533961126363
X4ab47d2ee1b7cfe5eb06c13f1153e3ce	SampleType	Sample	-1.49029591902791	0.647731171206649	17	4	0.036168754705578	0.340533961126363
d6aaa697ca835ff7229b95be2484ab66	SampleType	Sample	0.588297319003933	0.255209597818912	17	4	0.0358651593890554	0.340533961126363
ec6812a21da26b469193c7689c7e300b	SampleType	Sample	-1.77857005444047	0.778397245608946	17	9	0.0372951514639391	0.348131339061789
X9bb14823fcd15f4631be21a5676ec15b	SampleType	Sample	0.994819124155601	0.435723442435855	17	6	0.0374226851297887	0.348131339061789
X9cf24ad9887eff6ca510f3629e38c25a	SampleType	Sample	0.642582233595344	0.28136716281075	17	4	0.0373763703282867	0.348131339061789
X6727c3bf49aac216bd6f65c6de201a53	SampleType	Sample	-1.52461692144818	0.668719220565366	17	5	0.0376570635013171	0.348974619012206
e293739f6148cc06666621b943e98b5c	SampleType	Sample	0.567077667276534	0.250134878728584	17	4	0.0385986085829613	0.356340006233574
f59dd44d4b98efdaf4996d73bea49c66	SampleType	Sample	-1.48396534502667	0.655527322247072	17	7	0.0388455973662574	0.356867220257711
b40fb7908173ee6634e537189d7d9f03	SampleType	Sample	-1.48689508049776	0.657225235736857	17	9	0.0389496760165953	0.356867220257711
X452de8dd2cd2ef65e74ca756cc3f995f	SampleType	Sample	-1.68053904854403	0.744215104875527	17	8	0.0392691235342403	0.358441473462915
d6a53f23c49f350be6c7232ceee285ae	SampleType	Sample	0.750508645398374	0.334583975312133	17	4	0.0404192153177831	0.367557508582686
a80eca7c4eaa9b9866458f8ab2f1837f	SampleType	Sample	-1.02265284310696	0.456737811504665	17	5	0.0407363330132424	0.369059017000569
X5d0f35ba3e7d0ebce9788d34229f1ade	SampleType	Sample	-1.39865556418958	0.626169498250495	17	16	0.0411578016232705	0.370115342004818
a07bead8269358c612b6f4f5e57ed03f	SampleType	Sample	0.667243626650461	0.298580528019131	17	4	0.0410750459859046	0.370115342004818
X65adede6cf41317f400f09c12f0b4a73	SampleType	Sample	0.786125024913768	0.353711712380346	17	4	0.042047703703219	0.371242998514239
X15e508d7033194f0da8e0cd7631ece66	SampleType	Sample	-1.34684573945272	0.605314932215551	17	4	0.041844455799971	0.371242998514239
bd7e0ad74eda8fa1477cf524f4f19e6f	SampleType	Sample	1.70017830159071	0.763423842912863	17	8	0.041683641212341	0.371242998514239
fc7b257064027e1bc2b6fbfb4584677d	SampleType	Sample	-1.12089764919216	0.502801623221132	17	7	0.0415035582520334	0.371242998514239
X944bad048e0ea316aa96276bef89f178	SampleType	Sample	0.763026848489769	0.343054987352655	17	4	0.0419103306382937	0.371242998514239
fe5112809e597ffaed49705c6953ec36	SampleType	Sample	1.90557750386203	0.864926325002156	17	5	0.0436309749413612	0.383826112889946
c4b4eb88228f525fa5022dc43b06db26	SampleType	Sample	0.677760716323167	0.309313757597842	17	4	0.0446406460400234	0.391290572509664
c12f852b60667c53ae671fc9bf6fdb9f	SampleType	Sample	0.673810881285736	0.307964854413591	17	4	0.0449161254708521	0.391402573012406
X24c4f8fc214a98c1a695f950719f2c6b	SampleType	Sample	1.10596647988198	0.505642438467584	17	7	0.044975831083386	0.391402573012406
eba5bfd092583ac8fee5fa9f326dbf28	SampleType	Sample	-0.873079165798723	0.401264892913476	17	17	0.0459654194364368	0.395717526838285
e750785f4ec0290b5b57ccbb9f86296c	SampleType	Sample	-1.04138606672203	0.479080956571244	17	11	0.046149479230099	0.395717526838285
a6905f293d92223e65dd6e1631fc40e8	SampleType	Sample	1.60446935142966	0.738691732280906	17	14	0.0462966424775013	0.395717526838285
X0003367c233ad8b39a1434737ecbe030	SampleType	Sample	-0.418536424909833	0.192569431359767	17	3	0.0461744958317963	0.395717526838285
X85f275f07245d382de56e5343580a261	SampleType	Sample	-0.989055222198998	0.45572127227569	17	5	0.0464495449542467	0.395717526838285
X1a54937846f30a70ac6f851ae7d07111	SampleType	Sample	0.894889571961655	0.411858775174519	17	4	0.0462293519528573	0.395717526838285
dc686f93caf01671dd3a684642347753	SampleType	Sample	-0.422736037289979	0.195145279770078	17	3	0.0468078700626677	0.397375903888662
a7545bbd4b4b7719c8d9e432d4d8fc44	SampleType	Sample	-2.18183698265545	1.01118952359012	17	9	0.0475756597506428	0.402486766113452
X55177c21ecc38c408908762a95ca460f	SampleType	Sample	1.97053983005243	0.916238589104224	17	8	0.0482122876391393	0.40281932709462
c191261eecdb2363498ade5aaa7c186a	SampleType	Sample	-0.460408383038212	0.213819498355463	17	3	0.0479776737650068	0.40281932709462
X6882b4c1d276f5904f8d791be8d4df17	SampleType	Sample	0.878219485640856	0.408481953743351	17	4	0.0482785931567276	0.40281932709462
X30cf787d0c8cbfb3a0b68a48c8fc44b8	SampleType	Sample	0.776442079607037	0.360980554052983	17	4	0.0481902884618309	0.40281932709462
X93cc5ea790525e0577db4007eeb52d35	SampleType	Sample	-0.448155341971981	0.208678486191264	17	3	0.0484960359436584	0.403247860517817
d350ed02e3e8ac5ff62590f2f6fa3906	SampleType	Sample	-1.30803161177949	0.611725770424972	17	14	0.0493596947796896	0.403440454114896
X4bca09b0e91f744c4183dd594d3790f4	SampleType	Sample	0.981901490908661	0.458168008993216	17	12	0.0489096740108964	0.403440454114896
X7bbc62177baff660f822fd1f5ec70b87	SampleType	Sample	-1.96100601663292	0.915688554691676	17	10	0.0490524040350482	0.403440454114896
X81740d08517e1c4878c4af397bae845b	SampleType	Sample	1.10039355630328	0.515154051578051	17	4	0.0495671649513829	0.403440454114896
ea35e19076b89bd364590d06ab875623	SampleType	Sample	0.711272370220625	0.333176653765714	17	4	0.0496823293988278	0.403440454114896
X002085ea8c3c04471dd214414320a048	SampleType	Sample	-1.44946579559424	0.678143422667766	17	8	0.0494402312975991	0.403440454114896
X939bc9462e0842a9c6e7c7b1462fe546	SampleType	Sample	-0.491058362206726	0.229940837392665	17	3	0.049610486425579	0.403440454114896
X47b468346512c1ac0eba1b1732757602	SampleType	Sample	0.982654298059664	0.461083342520493	17	4	0.0500249279379299	0.404868416777646
X865bc3660cbff3e921474cd55b1167bd	SampleType	Sample	-0.494456875901232	0.232236189654905	17	3	0.0502213734108929	0.405107955620093
d892e186f5d0faef3dcb94743201ac8a	SampleType	Sample	-0.460009635178013	0.216324727362417	17	3	0.0504719822221158	0.405781367004295
X36061aea77269738eef7196df1e43be9	SampleType	Sample	-0.501174960248806	0.235967168526514	17	3	0.050716510010713	0.406401604970334
X31b6bd37545a70f63343ae664b031625	SampleType	Sample	-1.3139207493801	0.619647346022031	17	5	0.0510512644347801	0.407738388314625
c344c6c584c663a222c735d50eabb47d	SampleType	Sample	1.47042066508153	0.69440747136535	17	8	0.0513327871673848	0.408642646696427
X5c72bfc5c2c03f4ce353dab0ca1335e7	SampleType	Sample	0.673622162784078	0.319168361847592	17	4	0.0520112620668193	0.412483483867462
X58740cf13d9e581cd704dfa8a4de6948	SampleType	Sample	-0.50972513123498	0.241680204102232	17	3	0.0521550368811	0.412483483867462
X8cf2d6c9fedeb3cb3dbd20d6d82eabc3	SampleType	Sample	0.962268437806277	0.456720635179019	17	8	0.0523697675089826	0.412836998414967
a92a70a830ce3912a908e38da18d2966	SampleType	Sample	-2.1089135240839	1.0041025779502	17	14	0.0530256269215493	0.415630594910227
ff838d7d86df5d3fb7a0317b605da95c	SampleType	Sample	1.04406569759388	0.497980078217549	17	14	0.0533955224149749	0.415630594910227
X7853a5d53a679ba8fd1e537fe9c7c8d1	SampleType	Sample	-2.28255116679432	1.08706826558696	17	9	0.0530820937662898	0.415630594910227
X2dddbf9371fbc45804d4a92724c4dd2d	SampleType	Sample	-1.2165561474292	0.580288334165092	17	4	0.0534088738105399	0.415630594910227
X55f551c495c9fbdf4e7605b2c22444bb	SampleType	Sample	-1.99005977025933	0.950492706281918	17	15	0.0536861837381247	0.416453847016507
e41e9d9d19eaa06e99b9b74fbe60fdd4	SampleType	Sample	-1.65190422789152	0.789855340538519	17	5	0.0539200571395364	0.416623838927818
X5c4119c2af078778441726ad7e04a253	SampleType	Sample	-0.530704073205408	0.254113351099181	17	3	0.0542193906748455	0.416623838927818
X319aab5b67538c018b47b24b49ff3bfc	SampleType	Sample	-0.539989815230421	0.258563810783567	17	3	0.0542228719527143	0.416623838927818
db79242c961c3c2e613ebd14d7e1e3ce	SampleType	Sample	1.90944004288523	0.920405802668604	17	10	0.0556510489280746	0.41746047964114
X13bfbe035d4afd772a36eb36a3175948	SampleType	Sample	0.896605437913543	0.431408941383868	17	4	0.0552605690809203	0.41746047964114
X3179789dd5bc82ead4c4d25f9b405e08	SampleType	Sample	-1.03539803209376	0.498753740559006	17	6	0.055504450466651	0.41746047964114
X8e1dadcb1b5483dbcc99038f091ba50e	SampleType	Sample	0.821680297215593	0.396191662564303	17	6	0.0557154139728016	0.41746047964114
X8cbf652a2d158b381d513998bf5e8f82	SampleType	Sample	0.898819417169649	0.431247003093484	17	8	0.0546507762468259	0.41746047964114
X789fd7219bb913aa0edeea9c040d3d06	SampleType	Sample	-0.916404955835007	0.441922596790172	17	5	0.0557435011982049	0.41746047964114
X990b5c094e9f37fc4710137ca290d393	SampleType	Sample	-1.08037904335503	0.521322823612034	17	6	0.0558791828185216	0.41746047964114
X666ad60a9bd4bdd206774aac7669f653	SampleType	Sample	0.859176219765905	0.412787353639607	17	4	0.0549419836310591	0.41746047964114
X9f97ce04cbc3e5da1e9750fe1f8c6ce1	SampleType	Sample	-0.479880269627522	0.230367492858228	17	3	0.0547663774648663	0.41746047964114
X9fdf06c3cb2d32b8b07e5644e95d18ca	SampleType	Sample	1.4465141243758	0.702776793543859	17	7	0.057372974355898	0.418679508790756
c7cb7643fc5fafa0a5bf16c565c2a49b	SampleType	Sample	2.02736280191525	0.982492089852714	17	14	0.0568170424796277	0.418679508790756
X45f0818a8f498f865175020def40c661	SampleType	Sample	-0.596280381829224	0.288781330469483	17	3	0.0566762393666425	0.418679508790756
d68e97c77530e15c3774f6830604a0cc	SampleType	Sample	-1.14753717711966	0.561085613068204	17	8	0.0587911616140849	0.418679508790756
X10dbbe438378754c4dc5e77443b7fac4	SampleType	Sample	-1.33165044994626	0.651004373864557	17	10	0.0587556830444668	0.418679508790756
X8d13e288b62a6627cc9a6d410ebfc193	SampleType	Sample	-0.846853188217138	0.413128882343403	17	5	0.0582838651852432	0.418679508790756
X46a7475bfbd3a0d1254bcf3bf02c594a	SampleType	Sample	1.2056272999883	0.584290764025915	17	4	0.056826315988005	0.418679508790756
ff4a3ae241768379bc4514556b875686	SampleType	Sample	-0.634771552623959	0.309765737426484	17	3	0.0583550231409956	0.418679508790756
X2f660457bd1d8d841364e08e96507d08	SampleType	Sample	1.28188622003475	0.622556990759624	17	5	0.0572890905447884	0.418679508790756
b0dbb8722e6bae57ffc2b42325d33a40	SampleType	Sample	-0.650827832007641	0.318921864763853	17	3	0.0592862008878086	0.418679508790756
d513e452420cfc3cb7bd4040afee7b4b	SampleType	Sample	-0.574455849891598	0.280957981711133	17	3	0.0588543787297319	0.418679508790756
X9bc141b376d39d2f50ad26c632075a42	SampleType	Sample	-0.628263931053982	0.307437791029568	17	3	0.0589735479769735	0.418679508790756
X7f9b0beeb727eac95f16479e0f7f0e7e	SampleType	Sample	1.00589035602048	0.493358876976192	17	4	0.0594911163644197	0.418679508790756
X692905a8e1c22f7077d1cbff1b1afc04	SampleType	Sample	-0.533544082767918	0.258792595640203	17	3	0.0570111887190402	0.418679508790756
X3df6191a235894182ffcb9b114abe52b	SampleType	Sample	-0.621701368085501	0.303325397492036	17	3	0.0583093027391239	0.418679508790756
X6add28da8998d141c3454ffb0d618c15	SampleType	Sample	-0.498935995049094	0.243687784549979	17	3	0.0585469530556284	0.418679508790756
X838f985eb7e6e24e775d0f053a54762a	SampleType	Sample	-0.49987986922628	0.244718947683954	17	3	0.0590702922270327	0.418679508790756
X97a5ae2bab212bf17afea2aa68bf5758	SampleType	Sample	-0.533078438363564	0.258899705759383	17	3	0.0572945778471439	0.418679508790756
X989a56559e9e050e447c78292cbd08cc	SampleType	Sample	-0.653542214928986	0.320494679390865	17	3	0.0594572249640527	0.418679508790756
X5c179317322c2fe5bb39c10df122cec3	SampleType	Sample	-0.600638860531706	0.294319239372208	17	3	0.0592794743353324	0.418679508790756
e30f2240792c6b70b56bf50df34be4b6	SampleType	Sample	-0.496204301098962	0.243643074870405	17	3	0.0597419520248368	0.419229651781225
X030df865d6a5b66005c10179478c26b7	SampleType	Sample	-0.651000809941191	0.320339909684304	17	3	0.0602317675810711	0.421448794486572
d99c975c4769ca942e4ad18aad95ed25	SampleType	Sample	-1.50068794317824	0.740264105591727	17	6	0.0607932043365624	0.421734004208208
X85a2838176a44416fb97822da4d8ed58	SampleType	Sample	0.908873176528151	0.448332648051545	17	4	0.0607936167515951	0.421734004208208
X53c08e5b3d179c124cabeed357cc2135	SampleType	Sample	0.994833309486081	0.490586350094139	17	4	0.0607239960471975	0.421734004208208
X0e9d334f913b5ff2d32252ec7e90a28f	SampleType	Sample	1.33832625663694	0.661906347830686	17	4	0.0613959790349501	0.424304237942549
c816e73177f1bb2f0de31e8d6a787e9c	SampleType	Sample	-0.677661596918425	0.335327170166273	17	3	0.0615136292239609	0.424304237942549
X61771b37cea411a6c3f65546fcb0d14d	SampleType	Sample	-1.17863943541586	0.586669848313532	17	13	0.0628833932342579	0.425235128778507
X2ea0ae7a46fdf3b091edc5449a40e332	SampleType	Sample	-0.672649001444472	0.33406351662691	17	3	0.0623602623771902	0.425235128778507
a41e4eb0370d0a492d555987eb141d89	SampleType	Sample	1.31123851034943	0.651954150213559	17	4	0.0626261498139781	0.425235128778507
X490f7022ae9936cc74482d629b706226	SampleType	Sample	-0.635701497391975	0.31619328905685	17	3	0.0627144655467744	0.425235128778507
X720708e339d91e5adace23fb384531f4	SampleType	Sample	-0.628774724658474	0.312082284119778	17	3	0.0622173563356463	0.425235128778507
b3e59fbba3c595e3c826b15ceb8878bd	SampleType	Sample	-0.60167348537327	0.298156797544148	17	3	0.0618482390631884	0.425235128778507
X66d11ae6df2db29b267986da808e1eb5	SampleType	Sample	-0.63909571891395	0.317936303499676	17	3	0.0627547583168454	0.425235128778507
X1763dc4a22fc8cb237e177fa4fe2083f	SampleType	Sample	-0.638359734013316	0.317970085347338	17	3	0.0630496896047209	0.425235128778507
e6b3976e80dbbadde921f57e3d205892	SampleType	Sample	-0.6582185955255	0.328129274417585	17	3	0.0632412128424198	0.425345331804419
X222fb06799fd248024d7a08001eb6681	SampleType	Sample	1.6856880627093	0.842895697010723	17	4	0.0639595254374311	0.428988198237797
cd695e19068c7dfedb4ca99b2278d3fb	SampleType	Sample	-0.719501129079886	0.360074166490488	17	3	0.0641581718374387	0.429135099783199
X0c547f558c7b4df083b47ff27fa3d3a2	SampleType	Sample	-0.581706183077752	0.291346685080324	17	3	0.0643473880209365	0.429218291524269
X23cfcd79f50cfe6f471d5fa0f8d60ba0	SampleType	Sample	-0.728823877615961	0.365369682877934	17	3	0.0645685599625653	0.42951359887427
X35d4889389d56aa9fa7ef7fa15885880	SampleType	Sample	-0.748239262696517	0.375392073464226	17	3	0.0647523750529105	0.429559471662477
c7943f358ae7912097b492ab6d4c4057	SampleType	Sample	-0.643492451888849	0.323153706862406	17	3	0.0649841106652247	0.429922127234784
X2598412b8a24c6874da8610e4f9deded	SampleType	Sample	-0.69718233427859	0.350702421611976	17	3	0.0653852837429148	0.430226845782128
ad6847c64a5f55160daf02a9ee834d94	SampleType	Sample	-1.08440526214986	0.545887024978681	17	5	0.0655617516224824	0.430226845782128
c20e2104b209cdebf58f8aae68e235f9	SampleType	Sample	-0.753118806817119	0.378688033362059	17	3	0.0652889182215595	0.430226845782128
X97cb2352342fd78079411b83c853d2c7	SampleType	Sample	-1.06112010836493	0.536055778595747	17	5	0.0664153590612615	0.431369539601862
e2b87ba027da4610ce0901256fe147de	SampleType	Sample	-1.48487650500742	0.749721896128824	17	8	0.0662838384275219	0.431369539601862
X4adae9a07fd6254c8191147328ef3c67	SampleType	Sample	-0.72073735342379	0.364507347094005	17	3	0.0666859874812952	0.431369539601862
X0086dc5db7606294d31e898aa5bef5f8	SampleType	Sample	-0.719473185896127	0.364572016604659	17	3	0.0671572017996309	0.431369539601862
X5b4006d0de913f6642cf183cb20be492	SampleType	Sample	-0.566882929011946	0.28701848509842	17	3	0.0669592301491267	0.431369539601862
X6ab76585a82b49ea75d3b88f014abe49	SampleType	Sample	-0.738275978764869	0.373338032167602	17	3	0.0666603614535194	0.431369539601862
eeed025cf73d55fed9f0ed4848a8b09e	SampleType	Sample	-1.28208679217438	0.649579239395382	17	4	0.0671268226723063	0.431369539601862
X7f687696f29bce6ac50239b7bad352cf	SampleType	Sample	-0.643335190045324	0.325431620188437	17	3	0.0667381913568711	0.431369539601862
d2455d996ba8da5f6a914c5bf2e76bdb	SampleType	Sample	-0.72068266753375	0.365777903659938	17	3	0.0675543738377418	0.431636893889571
X5b9961796686e071205ce9e49bd57a66	SampleType	Sample	-0.533044043193058	0.270446308231596	17	3	0.0674666443311223	0.431636893889571
X81496373f17893e8c78889b21b9d9781	SampleType	Sample	1.81888096853061	0.92446435342126	17	7	0.0679007973077814	0.432711642685809
X781dc7df561ebf1857310bc358310e9c	SampleType	Sample	-0.802947709263853	0.408652430197743	17	3	0.0682303969723256	0.433673832064939
bd704202329f8ef0e1b2266e6861ca88	SampleType	Sample	-0.793969888422997	0.405047818649529	17	3	0.0688203612075061	0.43628155877761
d88c1b4a0db578b43dc2d789dbcd36e8	SampleType	Sample	-1.15928862665246	0.593694397268091	17	11	0.0697780877498548	0.437072234687559
a8c1050a587c5351b60d6de197951534	SampleType	Sample	-1.36684528338792	0.700175760980796	17	9	0.0698451511774189	0.437072234687559
edfbbf3ed5de4f8727453b4e452c4250	SampleType	Sample	-1.27088977882731	0.649745850840191	17	4	0.0693548977471447	0.437072234687559
X31d265fd1f8922e3c8d191226939a7e6	SampleType	Sample	-0.840842164413536	0.430451523980686	17	3	0.0696849959280665	0.437072234687559
X7214b44793e8e16ec34c2344996ca42e	SampleType	Sample	-0.600191713239539	0.306806315847069	17	3	0.0693196960733385	0.437072234687559
a60edcd9947213e9b1a06066205fc4af	SampleType	Sample	-0.841934620001737	0.431913638534848	17	3	0.0702094993749725	0.438222787872579
a619caa5848df9525980658feb62675b	SampleType	Sample	1.161623979063	0.598544900037412	17	8	0.0713213941040098	0.441941427662883
X49b49aa4f854bfe985ddbf1f9ab8f276	SampleType	Sample	-1.27737920739696	0.659558299303657	17	4	0.0718496516592239	0.441941427662883
X46b77c3ab50ad76792ced826d2122353	SampleType	Sample	-0.859991053948877	0.443975408678135	17	5	0.0718095370239488	0.441941427662883
X975e2cc2780fd75ae872dfa91096a231	SampleType	Sample	-1.49937279210898	0.773708919291026	17	4	0.0716940176164125	0.441941427662883
e10ae45489e525f1d908687787a7354f	SampleType	Sample	-0.743842344267716	0.383817919131118	17	3	0.0716801700472331	0.441941427662883
X8b9cc2b6c48ff90646d6bae5d67b7647	SampleType	Sample	-0.634489560357917	0.327671866336413	17	3	0.0718973904146783	0.441941427662883
X31b63d934ca6afba84fdbb3174a7723f	SampleType	Sample	-0.559313960213208	0.29022849238299	17	3	0.0731189227442119	0.442843913554424
a2ef984d2fbacbecde31dcca67e3a54b	SampleType	Sample	-1.48569208057827	0.770985627817446	17	7	0.0731385540919786	0.442843913554424
c30cad9fcfd8f81ab1ad5e4fd7791450	SampleType	Sample	-0.949795064313592	0.492404643112792	17	8	0.072886497069394	0.442843913554424
ffcecb25784e016f346eb481a85629d4	SampleType	Sample	-1.25752951965067	0.650878715681563	17	4	0.0724666455758825	0.442843913554424
dd8b183c024b614bdbccc4893e76acfb	SampleType	Sample	-0.615782800113395	0.319389722271449	17	3	0.0730056599876668	0.442843913554424
dbbe4a158a5f3a469bfa642f0f0149b3	SampleType	Sample	-0.905843494463662	0.469153464788082	17	3	0.0726318875435243	0.442843913554424
debc0007bfdcefb74927da6756a0e949	SampleType	Sample	-1.18950255841289	0.619608285179773	17	7	0.0741123007565547	0.445407589695334
X1a4f7d19c258bccf264fb13efefe3786	SampleType	Sample	-0.854204888395746	0.444865836661523	17	3	0.0740615624544534	0.445407589695334
X018db12b8795aa59b6643e3496348e2b	SampleType	Sample	1.41343784730416	0.736147148850008	17	4	0.0740740697822435	0.445407589695334
X2131436b842ab74769e118306cb5eb47	SampleType	Sample	-1.52581640498094	0.795771829764978	17	12	0.0744324425093467	0.44622708743875
X146391f29d4cc4afb7fb24facf6df8df	SampleType	Sample	1.99265537812517	1.22733084205033	17	17	0.125291510277151	0.446624736292829
X111e656543ece411bd2a1eb66fe7c829	SampleType	Sample	-0.506107269372646	0.360283390995135	17	2	0.180465639796122	0.446624736292829
a634a2821a34209d91ff6a23afaf0749	SampleType	Sample	-1.03941228813413	0.739874295624866	17	15	0.180435825128907	0.446624736292829
a30387bf30a75f6ab45d6e8ba3082804	SampleType	Sample	-0.328564343848106	0.209503843276273	17	2	0.137662112159994	0.446624736292829
X75db9b4fe7a0f119947425627d6891bd	SampleType	Sample	-0.460136089393157	0.319729911844751	17	2	0.170651520707711	0.446624736292829
eda779de9198f9be9317ecf6596927a1	SampleType	Sample	0.671578588673934	0.412154543904923	17	17	0.124036398198767	0.446624736292829
a34bef55267cd0e29ab88c1749b5f67f	SampleType	Sample	1.63631083372504	0.879248311943295	17	14	0.0824543134481338	0.446624736292829
X749d814406a2b1cf400824f23cae8af6	SampleType	Sample	-1.1933657172146	0.705829718248356	17	17	0.111556043253247	0.446624736292829
X0e4324eee7005e82de8f34a668a35d53	SampleType	Sample	-0.841067500540777	0.634896657879586	17	13	0.205088929459261	0.446624736292829
bae957b9ca156334a740e37e8e72fffa	SampleType	Sample	1.32604062546335	0.966166256878402	17	14	0.190090046993551	0.446624736292829
X61130f51b6bcbf8a0951ab51792f7f5b	SampleType	Sample	0.899354060861092	0.563035986165445	17	17	0.131040213630114	0.446624736292829
fbcc4b1b852cf931033fb27fbc44e355	SampleType	Sample	-1.00216573540058	0.612362632594259	17	4	0.122526986446002	0.446624736292829
X624e722f9ce73da36d9972d68241ef8e	SampleType	Sample	1.02871685905428	0.709309631408681	17	14	0.167561132112088	0.446624736292829
X3022aecd3cf0ed1b4e11f5f364b31690	SampleType	Sample	-0.968236134596409	0.576693113989224	17	16	0.113866890434706	0.446624736292829
X36602542caa215eaa04c5068fe515205	SampleType	Sample	1.00494660005335	0.68542267441738	17	15	0.163250915807356	0.446624736292829
ddaebe95bb6bee3bffec43486832e623	SampleType	Sample	-1.26240551491638	0.77084472100891	17	13	0.122287891476672	0.446624736292829
X6845fe55f2b4f051a22bc167ef2b80ea	SampleType	Sample	-1.58554111187539	1.02848530325495	17	14	0.143993676941846	0.446624736292829
X6579b9e9f5dd9b16b74ee8ae0a5cbe12	SampleType	Sample	-0.358129657950466	0.233113499715968	17	2	0.145290222301397	0.446624736292829
X96d5943942c7edf511b73c474e1e59f5	SampleType	Sample	-0.458632542611034	0.31841513595964	17	2	0.17031151075772	0.446624736292829
X49ceb09eaa75e328c204399aeee948c8	SampleType	Sample	-0.368511661342541	0.241613465642358	17	2	0.148011900634529	0.446624736292829
f5115ccf98df08b2412f105c64777e96	SampleType	Sample	-1.13031126149508	0.775093723597431	17	3	0.16538055862697	0.446624736292829
X3441776b98130021c6d426dfd2725cf6	SampleType	Sample	-1.0824853695328	0.770105040183171	17	10	0.180207216491969	0.446624736292829
X368d8403c6cc4e29e24c23cfce3bcd0f	SampleType	Sample	-0.968993732385319	0.713822753205549	17	15	0.194705173066412	0.446624736292829
X8b1ed291986a9ba287b8306889282c9c	SampleType	Sample	-1.43695843445569	0.791858764767429	17	3	0.0896225656221122	0.446624736292829
X12367a7c220bd6a2c224b7edbfe6b8cc	SampleType	Sample	0.235767179123503	0.16636836192194	17	2	0.176877480994289	0.446624736292829
X3745c356ad1072eb6338d9b3808a4b31	SampleType	Sample	1.50247880753859	0.85860082328245	17	11	0.100555196552924	0.446624736292829
c0cbc7be02ab7ab71ae694861accc33d	SampleType	Sample	0.972607134973703	0.535251867209677	17	8	0.0892325102892955	0.446624736292829
X7fb90deff7e4c9d723398463bac7c595	SampleType	Sample	0.813642527594414	0.483039087133712	17	6	0.112787264103269	0.446624736292829
a0f7f6e63c67b3bc93697958bda66962	SampleType	Sample	0.286872725918437	0.208493720442404	17	2	0.189040650238795	0.446624736292829
f9bbc6849eb6a19aa9edd4bd1fa8946c	SampleType	Sample	-1.32660974748163	0.904627537494265	17	7	0.16317029145562	0.446624736292829
X3b354dc575ff72cae474c8c6917d32de	SampleType	Sample	-0.403535291746698	0.270908583065952	17	2	0.157063584421378	0.446624736292829
X124a32e627a3fcf5847dd0939885c442	SampleType	Sample	-1.15950892020087	0.865641841132258	17	12	0.200357839366921	0.446624736292829
X659058dc692923e0741772981e6fc52e	SampleType	Sample	1.49617465300515	0.934480555784416	17	9	0.130205783749628	0.446624736292829
X2de7cba081c75a92792e11063972dd1a	SampleType	Sample	-0.369379800751557	0.242328485380744	17	2	0.148239326949565	0.446624736292829
X45ed967d7872177cb7a2c99505c352f4	SampleType	Sample	0.536398322715964	0.305997480789768	17	3	0.100017708703704	0.446624736292829
X7c17dc1a855a11dfc9beb31f5cd52fc3	SampleType	Sample	0.884190414255107	0.509976743797979	17	7	0.103454714009819	0.446624736292829
X87840ae42f96525d12342d1c69d1461c	SampleType	Sample	-0.535470820487545	0.386482169154717	17	2	0.186157088273645	0.446624736292829
X664ddcd6b4bdb13116e4a71964fda54f	SampleType	Sample	0.817474676955279	0.504776517793982	17	7	0.126173075070021	0.446624736292829
X46388c59bff00613f3fda8851510ccc7	SampleType	Sample	1.14887952772488	0.859298393256286	17	9	0.201147772066269	0.446624736292829
e0c54024e47e5c289016e750ef81331c	SampleType	Sample	0.811737322583435	0.49538772411796	17	3	0.122098844368894	0.446624736292829
X86be5888dd2d3ab174b406bd0756ef62	SampleType	Sample	0.289955148398099	0.211214052394543	17	2	0.189990865118412	0.446624736292829
b2c7f912f0c9c47667ab4ecdc1bff415	SampleType	Sample	0.827865286548768	0.503219717694966	17	13	0.120729444162985	0.446624736292829
X7ccceb323aa33324446ba0ef7fad7817	SampleType	Sample	-0.796322088479493	0.417517797352517	17	5	0.0758198249397094	0.446624736292829
ae2c3c090e68c8b04cfa960a607e3b8e	SampleType	Sample	2.50770155877619	1.31844404285393	17	4	0.0765496902805836	0.446624736292829
a2d13a41cb93aa83a2d49960951ffdf4	SampleType	Sample	-0.275062542947239	0.169996567311171	17	2	0.126482736993898	0.446624736292829
X31f02db7276788649e73005201477002	SampleType	Sample	1.20922668229613	0.908742756572648	17	6	0.203176655245684	0.446624736292829
fa23daf33387ebacfe81878df1c3c54b	SampleType	Sample	0.775407586657462	0.546476029421219	17	6	0.176365814416891	0.446624736292829
e211862b5de01edab4175e1977cdbf8c	SampleType	Sample	0.33782946938366	0.255164748593328	17	2	0.205336857058547	0.446624736292829
X4231c0e22d02619ed9ba049d6dc49d00	SampleType	Sample	0.95279346247908	0.579060598747297	17	7	0.120672103313426	0.446624736292829
X169a0f5e6200d8505cc9a7bab3b1db9d	SampleType	Sample	-0.637292228969075	0.478523106315223	17	2	0.202813443222799	0.446624736292829
X519c6acaa408476b29fc7dfdeea67efe	SampleType	Sample	-1.16789522315868	0.698596250057233	17	6	0.11529355642508	0.446624736292829
d716a2ded258ca46c50a32125c36cb8c	SampleType	Sample	-0.959281778355032	0.660201888353713	17	5	0.166819406354494	0.446624736292829
c3dc32f96291667501f1b97b830e734a	SampleType	Sample	0.783057653562773	0.41119309767331	17	5	0.0762244079411793	0.446624736292829
a65cf30f8f9830e623f92a7ad8f180f0	SampleType	Sample	1.45558184150739	0.99923260955628	17	10	0.165813030452071	0.446624736292829
X70c039d8c51974900eb441e93620c97e	SampleType	Sample	1.41907641797921	0.757201608178183	17	5	0.0805280231559852	0.446624736292829
X3b437c4d2375e717fe51983c24c322da	SampleType	Sample	1.0083609476216	0.607614690608461	17	6	0.117763306520185	0.446624736292829
f59d7c1cddb8b746750780d02843581d	SampleType	Sample	-1.3322053538949	0.972009417880536	17	10	0.190671990128843	0.446624736292829
ad0c664dea2cf8fdbaa4a4257eb7befd	SampleType	Sample	1.56759308126182	0.915642973644282	17	9	0.107484526724533	0.446624736292829
a23b5047a994e4335c9629c0d1bc31df	SampleType	Sample	-1.34407730091896	0.764165623061262	17	13	0.0989743502284528	0.446624736292829
de0ded10c202a9f6049bc7f0e453694b	SampleType	Sample	-0.584303941488792	0.430431191369961	17	2	0.194700805088125	0.446624736292829
X73f95638ad5e78c543092b62f5631caa	SampleType	Sample	-0.61007497207195	0.376582668843621	17	4	0.126054014418089	0.446624736292829
X60e2e500caea157083afa0e7994e7656	SampleType	Sample	1.38896180901952	0.81177850051099	17	7	0.107673355426159	0.446624736292829
e9c7ca3a06b4e65273b0a22923f82313	SampleType	Sample	-2.18409499851779	1.27318430661138	17	7	0.106837872616346	0.446624736292829
c1341686134e4ccf6ff9204c6079811f	SampleType	Sample	-0.914924997497239	0.612815557256363	17	6	0.156174723570522	0.446624736292829
d5fcf5df971a070340323457c4cb20ce	SampleType	Sample	-0.603533390517167	0.447841891621031	17	2	0.197775023173257	0.446624736292829
e81f6d9916ef6ba0c290e586b2183b5f	SampleType	Sample	0.981793265185104	0.644991760520637	17	9	0.148764322067179	0.446624736292829
X75c8a82d29330620f3f954ce98f33905	SampleType	Sample	0.224679782178985	0.158221411277881	17	2	0.176047848733262	0.446624736292829
f5013385fa67e8c9dc55ebe2ac1c50f8	SampleType	Sample	-1.49866832661882	0.960251813034068	17	7	0.139440436882089	0.446624736292829
X7253d54afaf98cdc5250fb3743ccb37b	SampleType	Sample	-1.56929330753079	0.914752691602253	17	11	0.106822951654986	0.446624736292829
f34cdcd73e535507d29c29b19d01f658	SampleType	Sample	-0.679840047406221	0.41596433094746	17	4	0.122988366617723	0.446624736292829
X7ea06d2bb42e27fa68406d4602c2d01a	SampleType	Sample	-0.350693380954657	0.227086879989352	17	2	0.14334497547957	0.446624736292829
X631e1451e27bd0c65644a3c6d9f7b42c	SampleType	Sample	1.72820205534905	0.920328002310036	17	7	0.0799895146265503	0.446624736292829
b614e00062fca5a42aee5c0ffad06177	SampleType	Sample	0.885593883803386	0.567535290990937	17	6	0.13950699865189	0.446624736292829
c1e3d6a4f2a02d70acc7c3258e889732	SampleType	Sample	0.239398374408389	0.169130328320305	17	2	0.177358368260574	0.446624736292829
X71f35c7407e256690536046a7c26dfb5	SampleType	Sample	1.03279434256845	0.642582812545275	17	8	0.128839659174835	0.446624736292829
X7e6d49ee79001adc19db0967b5346d7c	SampleType	Sample	-1.05616194283972	0.590129691905401	17	7	0.0937047283580731	0.446624736292829
X21d2b8c9984ed702253bcab5a7a35210	SampleType	Sample	-0.794249412552902	0.570114561468642	17	8	0.1838805899721	0.446624736292829
f0c772873a1c03d317ac0d02e5d88258	SampleType	Sample	-1.45333514459176	0.780263074952256	17	11	0.0822181170087519	0.446624736292829
X436db6859b6a63d0a853ddf0ad09723c	SampleType	Sample	-0.35978561334616	0.234462758113006	17	2	0.145724234988856	0.446624736292829
X0348c09cb1ff1cd1e1208e2794eea6c1	SampleType	Sample	-1.21887251243643	0.668042958119503	17	8	0.0880508290754821	0.446624736292829
X040f76448324b926b56477c33fa5c72f	SampleType	Sample	0.898405714497727	0.632430246691861	17	4	0.175897152311661	0.446624736292829
a46c68ade453c5b8cdc418a30ff62c46	SampleType	Sample	-0.251710040368464	0.154714887447733	17	2	0.12457119402834	0.446624736292829
X72f863cafb495d6e0f463b001e7dc17b	SampleType	Sample	-0.622002007563045	0.466195343144092	17	3	0.202038270773017	0.446624736292829
d378a4de03e02db5daae83d3cd223cf4	SampleType	Sample	1.33488671380805	0.861926528503539	17	7	0.142285204581006	0.446624736292829
f79f7e82be925ea7d56a504a2dbefef1	SampleType	Sample	-0.611784317348393	0.455327796237798	17	2	0.19904745830983	0.446624736292829
X6389d560c5036679e1bff639b7f5a5bb	SampleType	Sample	0.281854579160069	0.204100355263682	17	2	0.18752020867078	0.446624736292829
X11b0e60705f547f47f549d2146d2cfac	SampleType	Sample	-1.41618058677693	0.821737883321942	17	8	0.105360774085205	0.446624736292829
dc9ed72ba2a4e89a9eb4f04ede08aa4c	SampleType	Sample	-1.28693337003326	0.795978705464675	17	8	0.126754654145933	0.446624736292829
fcd4f1369a7e61e6dfda99e1710ccc16	SampleType	Sample	-0.752896693147147	0.534927125078962	17	5	0.179670778950936	0.446624736292829
X1cd64a5ff62650fb5f56476e255ea941	SampleType	Sample	-1.73142618857291	1.09397932715796	17	9	0.134345402124394	0.446624736292829
X84a995c94371b6ba6a6c1272da8e1b24	SampleType	Sample	0.982114359354542	0.55294262331856	17	6	0.0959898671249934	0.446624736292829
X9f5bf0bf0fa780be0b7ab197316e91c4	SampleType	Sample	-1.72427476604036	0.921269790973994	17	6	0.0808900401629411	0.446624736292829
f0a6b61b8a65998ec885aeefd17019df	SampleType	Sample	-0.557262056531437	0.377290627608357	17	4	0.160359045609774	0.446624736292829
X993a6609cb6120cb5758850bd2226422	SampleType	Sample	-1.50471329930874	0.818074539121726	17	9	0.0857425956742068	0.446624736292829
db349d0f9b8d202b77bccedd5ec284b1	SampleType	Sample	-1.43606943658499	0.752142000447295	17	7	0.0755399799042952	0.446624736292829
d4e79f7c3c4a14a242a2ec54f7854a20	SampleType	Sample	0.915269114144059	0.599364889880238	17	6	0.147553562799569	0.446624736292829
X4d5ea57ba7338b0aca057fb93a24b82b	SampleType	Sample	0.270345628826987	0.194204051304655	17	2	0.184198033418999	0.446624736292829
b408f008ba73a691f5bf6c95eb64f578	SampleType	Sample	-0.291870178770819	0.181838550107906	17	2	0.129313349649274	0.446624736292829
X27e997926a556e38007174107ce8d5c1	SampleType	Sample	0.985982809667529	0.547603656776992	17	6	0.0919133592727652	0.446624736292829
X616996b708fff13f5146961f7ab1d376	SampleType	Sample	-1.56989846163644	0.864310149452059	17	8	0.0893510787005615	0.446624736292829
X293d3b7066f15134a2bd6a9370d9352a	SampleType	Sample	1.17419983568326	0.66580854527041	17	4	0.0981566534104965	0.446624736292829
X15c30ec5a5cb5f3fc6073508809a8ae8	SampleType	Sample	0.428285560294763	0.23773309653139	17	3	0.0917497200396625	0.446624736292829
X22ef78c3377fcf8d1e02f991eecd2893	SampleType	Sample	-0.337791745389074	0.216766967961214	17	2	0.140003192859051	0.446624736292829
X642e827f460c5d95f59e194ffe648b44	SampleType	Sample	0.306760901267368	0.226307556380567	17	2	0.195316686603899	0.446624736292829
e6acf6e76691883091b8419f0a670f59	SampleType	Sample	-0.707995354001219	0.405032334072694	17	4	0.10089625583245	0.446624736292829
X9ee24a36e3740e27fde374d20bc45806	SampleType	Sample	-1.23743761635053	0.66291961131944	17	4	0.0816220473146756	0.446624736292829
aae0049765cb105fc79821c26ece84f1	SampleType	Sample	-0.959513678823886	0.633407869979806	17	5	0.150598166381913	0.446624736292829
X1f9d114e8d3a20c7bb9811eeab731b17	SampleType	Sample	0.906484024473215	0.59322705090964	17	4	0.147309017349324	0.446624736292829
X64db8404bb5d297d9e37f6fb3ad2010c	SampleType	Sample	0.482994577423447	0.275967039071557	17	3	0.100506570484849	0.446624736292829
b7f8c3ecb00ba91604938b183ca1933f	SampleType	Sample	-1.64444956247519	1.18556943462819	17	9	0.185691867426627	0.446624736292829
ac4ac274d280050de041eaa56cbe3c92	SampleType	Sample	0.485721347207466	0.274094834702124	17	3	0.0966852224354079	0.446624736292829
f04fe6bfafef10ac2ab7c0525ef2b09d	SampleType	Sample	-1.10837810368639	0.742258723948351	17	5	0.156106238042438	0.446624736292829
d0759c304fc7b0b7642fb564dbce4e55	SampleType	Sample	-1.00061611815455	0.728666355562746	17	5	0.18986504035288	0.446624736292829
X06c409910eaf5f75ef54e303b000111b	SampleType	Sample	1.53387223574177	0.812180538827237	17	5	0.0784415993616438	0.446624736292829
X5f58cd871494492269ff595cbf4c6c44	SampleType	Sample	-0.290080991801517	0.180549308202827	17	2	0.128971087887993	0.446624736292829
e3a427a6309663e735d0f377619867d1	SampleType	Sample	-0.678490612663157	0.370190388833634	17	3	0.0867532072326363	0.446624736292829
c48971a2478c87d8d863fbfb715440bc	SampleType	Sample	1.05771988695513	0.654595633200124	17	3	0.126962445732719	0.446624736292829
X3a6a103fe8adb17da246884f091c89f0	SampleType	Sample	-0.996372888014087	0.562403521090993	17	6	0.0967639476426612	0.446624736292829
X577d976591e1cfe7603340048dfd1299	SampleType	Sample	-1.48246860287509	0.794795705060899	17	9	0.0818330771590326	0.446624736292829
d9bddde92ab4f75fcbdb3bc11a37c41e	SampleType	Sample	-0.614038600583902	0.339912665502299	17	5	0.0909471245936216	0.446624736292829
X86e12c61dee6a1e1bcc9035764d7dcd9	SampleType	Sample	-1.18779549057089	0.642356363974796	17	3	0.0842452220837934	0.446624736292829
X644e54b8ec5af158bba8bd750443f3aa	SampleType	Sample	-0.292169571459559	0.182054906864439	17	2	0.12937143489778	0.446624736292829
X2dbc12bcb5aaaebfa0557243c998cf0f	SampleType	Sample	-0.273684408679057	0.169054135879796	17	2	0.126294767361007	0.446624736292829
X10dd3e8bab030cf25f3cdfcad69d50aa	SampleType	Sample	0.578083642720129	0.327860276521951	17	3	0.0982207282447541	0.446624736292829
X306ffef6d899eed21bb000c5bed42948	SampleType	Sample	0.719978090192914	0.490638528697227	17	3	0.162912502947185	0.446624736292829
dd14a85d55ab61c29b273f575f1632d7	SampleType	Sample	-1.05560551889459	0.571246956154164	17	3	0.0844314090304175	0.446624736292829
X7fe3b0d4a42d00b6320e1351766ff6aa	SampleType	Sample	-1.03622522182351	0.546966889912329	17	3	0.0776042310352831	0.446624736292829
X8fab9328be04b72fba4817db9e48b9ef	SampleType	Sample	0.749744729193992	0.550270659068248	17	4	0.193147936280773	0.446624736292829
X94a7a76b924dad1eeb46b645b35ce42c	SampleType	Sample	0.281854579160069	0.204100355263682	17	2	0.18752020867078	0.446624736292829
X4bfd33f4a11c52fbf680ca831858fd7e	SampleType	Sample	-0.848826580014366	0.638759921162547	17	8	0.203753433871502	0.446624736292829
X65ad44ad8d7d96c9f810fbed5c8066eb	SampleType	Sample	-0.655533995748932	0.4951550275371	17	2	0.205359415767271	0.446624736292829
b286420e1358b25de3044d4210998bd0	SampleType	Sample	-1.60523835057742	0.8658549338994	17	7	0.0835175658092811	0.446624736292829
X83298e13001ffe21fbe2234f3081383c	SampleType	Sample	-0.347785549721281	0.224745306913858	17	2	0.142587082791653	0.446624736292829
X55008a2eb4479de244e822f55b015c7a	SampleType	Sample	-0.512417109123956	0.365896182835319	17	2	0.181725682669893	0.446624736292829
X29bcbd6e828d6286c99f762d0da66bfa	SampleType	Sample	1.39964885071737	0.741663149485606	17	6	0.0786425424300475	0.446624736292829
be3cd5fc2d7aa7318a3cfe2900e669cf	SampleType	Sample	1.12596165680632	0.731590414622456	17	3	0.144615937664024	0.446624736292829
efaa83a0d66634a59d37855c60f19aae	SampleType	Sample	-0.787431393429853	0.528901882258416	17	5	0.157261046549683	0.446624736292829
X45136f2b52460b13f94fab4e2a6f2927	SampleType	Sample	0.289545909222465	0.21085196676557	17	2	0.189864077931024	0.446624736292829
X382df3e0baaef58683f1815a6dd0082f	SampleType	Sample	0.342217000133702	0.259321171487231	17	2	0.206734852878082	0.446624736292829
c9ff625533f762323c7053f121cdc82e	SampleType	Sample	-0.388397681660021	0.258140891170146	17	2	0.153191519762775	0.446624736292829
X91d04e3057a53158682f8c3742e6266a	SampleType	Sample	0.973484273090632	0.594841150583416	17	5	0.12252931706243	0.446624736292829
X8b21e9b07a620afad875efd5cf5cc17b	SampleType	Sample	0.642524176259472	0.38150350546067	17	3	0.112833261746482	0.446624736292829
aadf15eecadb292d444c66b51235c196	SampleType	Sample	-0.706977676641904	0.517554642768444	17	3	0.192072176334565	0.446624736292829
X7f821b26f148d93626119f434dd5b5a5	SampleType	Sample	0.272056759626156	0.195658539570326	17	2	0.184674387474966	0.446624736292829
X9630f9ee63cc0be75cd903690c6ea353	SampleType	Sample	-0.413893826209868	0.279725708698746	17	2	0.159663417451029	0.446624736292829
X2737b612b737ccb40655db0662dbbcb1	SampleType	Sample	-0.685093960686801	0.364661823312303	17	3	0.0798592628346244	0.446624736292829
d4aebdb2bbeade9511456476cf129fa7	SampleType	Sample	-0.859340323166398	0.470443388407957	17	3	0.087716946350299	0.446624736292829
X609c7403d0fd197b074e66e173439e02	SampleType	Sample	0.671331516093859	0.397972496949935	17	3	0.112306289905496	0.446624736292829
df38aff51861c1ca55a59efc8c912829	SampleType	Sample	-0.397972007670374	0.266199261025501	17	2	0.155649747236681	0.446624736292829
e11a7c3dc2f795a675bfb440c319bbc4	SampleType	Sample	-0.567903460371012	0.415625266077317	17	2	0.191953280983934	0.446624736292829
X2449d31f99d74b795c23c0fab50f6376	SampleType	Sample	-0.944418360146432	0.525436762338568	17	5	0.0924303087736378	0.446624736292829
d284a43c85080ee7cba1cf0e98e25965	SampleType	Sample	-0.352184072313891	0.228290627239468	17	2	0.143734233139581	0.446624736292829
f888888f4cee84688d9a087f2ac4071a	SampleType	Sample	-0.562092455010177	0.410389696997222	17	2	0.190950920396483	0.446624736292829
ff9757c22b00ea283f7e9f5bbf55a1aa	SampleType	Sample	-0.333748203359891	0.21357133966468	17	2	0.138970720514534	0.446624736292829
X578cabc2ffdc8324871bfe6fcb86c8a9	SampleType	Sample	0.419070888897337	0.227925018171161	17	3	0.0858506440476157	0.446624736292829
X1478b162047da31a857ff642ada627f4	SampleType	Sample	0.392607150735263	0.212062920719476	17	3	0.0839044903635932	0.446624736292829
X4cbabcefe79806b5273823ebec22fb24	SampleType	Sample	0.901905027541451	0.578653359226974	17	4	0.139929958198423	0.446624736292829
X9d6427c97ea07c6303f0e3ff22d324ba	SampleType	Sample	-0.932335848233105	0.489335999513894	17	3	0.0760922314005324	0.446624736292829
e38b7ae95345775d32afcf5aefaf7dcb	SampleType	Sample	-1.07247721103103	0.568952486815619	17	3	0.0789532393837613	0.446624736292829
bac9d994315abce521dffab2bbcd284d	SampleType	Sample	-0.620002138239044	0.462792192537699	17	2	0.200287945923715	0.446624736292829
X427b8ead127fc0b334406fbaca3f38d7	SampleType	Sample	-1.14777420860133	0.630809203218239	17	4	0.0888458428070498	0.446624736292829
X18fe26b58f7f762c2a528f6d580c0362	SampleType	Sample	-0.667738008408954	0.506300448139145	17	2	0.206998142287974	0.446624736292829
bdb04738a220c8cb21f48e9d10133113	SampleType	Sample	-0.90955378805788	0.553842832377805	17	3	0.121329595093741	0.446624736292829
f33d699ff38dbd7df406767cd6f880a6	SampleType	Sample	0.564069058935053	0.346247846099981	17	3	0.124109591045364	0.446624736292829
X78862a97f19271c27609cee73c7f4e00	SampleType	Sample	-1.40960696055827	0.746418273647932	17	6	0.0784545032315791	0.446624736292829
cb06a4bdf66bbe038337ac2fc29f2d8e	SampleType	Sample	-0.831234432601721	0.551042355303155	17	5	0.152205046824414	0.446624736292829
X948ce947e78ef542e7f7bdacc4eb2bf7	SampleType	Sample	-1.15260430714708	0.867513434211674	17	6	0.20382961211906	0.446624736292829
X59481ceedcab178c028e0a4bee01db63	SampleType	Sample	-0.275801261594332	0.170503634750847	17	2	0.12658663955201	0.446624736292829
X600155146fad6f59263d24767048df92	SampleType	Sample	0.226376533688561	0.159438525065987	17	2	0.176104539149166	0.446624736292829
d3018222cd4861e92dc00f9181533682	SampleType	Sample	-0.371788900202014	0.244315957612103	17	2	0.148870064141554	0.446624736292829
X8654abeb03051c3103bd59723fd23af2	SampleType	Sample	0.602813318447204	0.348078491541779	17	3	0.103810933511034	0.446624736292829
f51d7d86f0745a9d94f20d141552f940	SampleType	Sample	-0.341452698166285	0.219676727597379	17	2	0.140945166376947	0.446624736292829
X39fd59fb6b1d1ca7580f5f4b0648e9bd	SampleType	Sample	-0.425103905015576	0.289333250211842	17	2	0.162424042331633	0.446624736292829
X08c4cbab33c288015ae8edb5d04c5b95	SampleType	Sample	0.514536441563985	0.291927130634723	17	3	0.0983338704448405	0.446624736292829
abac8c518d7f245e65bd8706c57736b9	SampleType	Sample	-0.420777445882574	0.285617618720015	17	2	0.161365451239649	0.446624736292829
a70b8ee02e5e6777c5d09ca1bfb7a0a3	SampleType	Sample	-0.378370366227769	0.249769367675788	17	2	0.150589204654928	0.446624736292829
X29f32f20f1e1b7a2fe8251f54a6fbc12	SampleType	Sample	-0.424342153927456	0.288678369468216	17	2	0.162238299008059	0.446624736292829
X6dbacb6ebb0e5277e16495a5f13bb7f5	SampleType	Sample	0.907258921314422	0.475997990906437	17	4	0.0759944411317978	0.446624736292829
e8f2e18ef1bee75aaa8f0b2445249e19	SampleType	Sample	1.11050730970555	0.74609535792653	17	5	0.157359778775343	0.446624736292829
X38347ddf4838b66ee2500f3a03790f41	SampleType	Sample	0.662867462662766	0.403097823500142	17	3	0.120875971025193	0.446624736292829
X93afba93bc36d98f9c6a31e4514a8163	SampleType	Sample	-0.275817053120389	0.170514488624252	17	2	0.126588884203236	0.446624736292829
X5cb9ff1558153dc1978771930b23c34b	SampleType	Sample	-0.263423867398305	0.162189930827618	17	2	0.125162450273128	0.446624736292829
X007d4b40d9694fa55d876daeac9a79df	SampleType	Sample	1.0212650449724	0.593023373365714	17	6	0.105594786788793	0.446624736292829
f9491c3e6b9696bee439b98d32336180	SampleType	Sample	-0.745087360845996	0.502020519773979	17	4	0.158470468554331	0.446624736292829
X7033ccccde026128f2772d727174f63c	SampleType	Sample	-0.838004108243476	0.457005696251342	17	3	0.0866179221094735	0.446624736292829
cc6e5c1f049e75d17464dfb8855aaecc	SampleType	Sample	-0.572556994621923	0.399964598111059	17	5	0.172787367299563	0.446624736292829
X6efa0b46047eed9d7fa7ce4f3eb76694	SampleType	Sample	-0.486098187091753	0.34255406592086	17	2	0.176332169099846	0.446624736292829
b7174e274cad227ca968c65ff464fc55	SampleType	Sample	0.316095500266942	0.234860888754863	17	2	0.198330561923893	0.446624736292829
c814f16ff326fbb584191065487c8abf	SampleType	Sample	0.366217307295246	0.196425008594614	17	3	0.0819524985302168	0.446624736292829
a0031fd87a392b31af3d4f21599b77c9	SampleType	Sample	-0.339718872072152	0.21829675490949	17	2	0.140498282447408	0.446624736292829
X9cdc2384084acd3e75e3b664d9b32f64	SampleType	Sample	0.293734046261903	0.214570463092626	17	2	0.191169771991286	0.446624736292829
ec159155f5070da81cea4db2782b2fb4	SampleType	Sample	0.904978212895927	0.563573092151379	17	4	0.129163146976006	0.446624736292829
e8289c779b0fde2a266a55255d17f340	SampleType	Sample	-0.399967682653271	0.267886409076477	17	2	0.156158241454448	0.446624736292829
f1afa21e4c2e6af7e1fbfef4f2cd5ee8	SampleType	Sample	-0.502673581312293	0.367815918497426	17	4	0.191873152168515	0.446624736292829
X6d551d61633c9ec386c192f03bb931c4	SampleType	Sample	-0.494313222593139	0.349819766434858	17	2	0.178054777401598	0.446624736292829
e36abf8dae2cc4c40613bde27cbd5dfa	SampleType	Sample	0.592735111519911	0.337539447662846	17	3	0.0994718283638303	0.446624736292829
d2b19279061849ecf8239e195457ede0	SampleType	Sample	-0.938383667259897	0.660653591478269	17	3	0.175946932187409	0.446624736292829
X22e4f460ea863fec216efcdf516b28ee	SampleType	Sample	-0.670095386815366	0.508454945836057	17	2	0.207308928254538	0.446624736292829
da34409fca04c2c9d9279cd015a8f611	SampleType	Sample	-0.451552842026113	0.312235662411318	17	2	0.168694417206771	0.446624736292829
f711584fbfd1d8df087a195443c53e6b	SampleType	Sample	0.753038433094416	0.402256675160662	17	5	0.0808306002335643	0.446624736292829
f79217c4b280d1253ae23f419495d4e8	SampleType	Sample	1.51126083647695	0.810750880399186	17	6	0.0820097871944217	0.446624736292829
a5d55d5ad4853e30e4f801023e11f3c1	SampleType	Sample	0.225517711241208	0.158821072671131	17	2	0.17607236570433	0.446624736292829
X79cd1321c71f319cff20e166247bdf01	SampleType	Sample	1.61923442877104	0.896562694359934	17	6	0.0910142238394146	0.446624736292829
cef5bb23779e859a0852e1d4a3159738	SampleType	Sample	-1.06317005563103	0.567792528341357	17	3	0.0807680727671866	0.446624736292829
e1460b8b3d21411dded928a66d8cbc0a	SampleType	Sample	-0.78839649509915	0.417854483333556	17	3	0.0787000979511529	0.446624736292829
X8c7e73284af4da78355fb99eb86372f4	SampleType	Sample	-0.47469006124784	0.332497683345015	17	2	0.173880392091001	0.446624736292829
e4aa3c052cde514e565b6ee3b56cc4ba	SampleType	Sample	-1.13362172841097	0.677123412010603	17	3	0.114814610109391	0.446624736292829
dfd9708382414cc730758dd3ffc425a4	SampleType	Sample	0.853109212514062	0.599244614169211	17	3	0.175018460248133	0.446624736292829
edab60a0874cc7cdbd6b175d7c0e57da	SampleType	Sample	-0.335615907685778	0.21504496687733	17	2	0.139446476533428	0.446624736292829
cb524ac73dd4d0d36b6f99b4629a18c0	SampleType	Sample	-1.06934257792376	0.578794807984927	17	3	0.0844867647930937	0.446624736292829
X0830b68bd49f97e71badf1a0ff2312c1	SampleType	Sample	-0.28315084824008	0.175617958671392	17	2	0.127730754664911	0.446624736292829
f77b6d08afc43cb826f8b96dbbcc2033	SampleType	Sample	-0.264828382291897	0.163112993739271	17	2	0.125287155022235	0.446624736292829
X4a6654db0e78cf338a12f9b2dfcff522	SampleType	Sample	0.738511673334539	0.542570296265117	17	6	0.193569862865675	0.446624736292829
X5f78e404ee15aa019b6e457dfbf23976	SampleType	Sample	0.351608549055419	0.187530436130783	17	3	0.0804063922142032	0.446624736292829
bc1af3607ef8780ce9550e1d6a2923f9	SampleType	Sample	0.855543329318622	0.628133462264138	17	6	0.193290234424142	0.446624736292829
X1eeb3a951603a4c877a4ba59a204763e	SampleType	Sample	-0.475693380954655	0.333380485297775	17	2	0.174098810118396	0.446624736292829
c9f1ce70b80baad0ea9f9cdc6db6a53d	SampleType	Sample	1.38319815378195	0.805083759400522	17	8	0.10634815775298	0.446624736292829
X3fc2a13eab9269ca3d9d83c0e19ddd25	SampleType	Sample	-0.274083274075409	0.169326421023741	17	2	0.126348373098451	0.446624736292829
e724787e149c8c5d9b21af7ac73806f8	SampleType	Sample	0.251491010582483	0.178623777833233	17	2	0.179536527156831	0.446624736292829
X20bc8994bf1b1033af267147b81c8b37	SampleType	Sample	0.554023608414155	0.313089485882382	17	3	0.0971242502130219	0.446624736292829
X605d9cdb3db925f292fbd97c53837837	SampleType	Sample	-0.455716928929727	0.315867961334213	17	2	0.169648758072855	0.446624736292829
X2596745052fb1de2180dafff012b66a4	SampleType	Sample	-0.457639632297586	0.317547341874597	17	2	0.17008631699992	0.446624736292829
e4a3d9d5dfd30a8d66dade955b16db6e	SampleType	Sample	-0.851055329936826	0.584521577339165	17	6	0.166007401645288	0.446624736292829
d752d1f2acd3b350a3bcbb745aac4c25	SampleType	Sample	-0.499598027707651	0.354503842985755	17	2	0.179144084705556	0.446624736292829
X091ed7e253fbc9754fe1597381337c51	SampleType	Sample	0.250872717496826	0.178128084888903	17	2	0.179406635405427	0.446624736292829
d66ec984864acb717e8bedd53409b162	SampleType	Sample	-0.628805639148322	0.333417311871085	17	3	0.078818882832402	0.446624736292829
X65c564131c2543400ca374a16bd51ef4	SampleType	Sample	-0.464358003812675	0.323426128714417	17	2	0.171599823795576	0.446624736292829
X9746789056f51c1d02d324ad9fe44ef5	SampleType	Sample	-0.328014524962237	0.209074433901954	17	2	0.137524459567852	0.446624736292829
X883a5821a6ef45bd3e7825075d1a1a2a	SampleType	Sample	-0.59660738039235	0.44156500013069	17	2	0.196685558613527	0.446624736292829
e06db7dc9d71e1bb9d9b9abdab7f3ab9	SampleType	Sample	0.723265643869219	0.531530013426061	17	7	0.193697077656075	0.446624736292829
X1b300b2833c6617af2341d7df7997cdc	SampleType	Sample	-0.924011734603813	0.573233227992133	17	5	0.127814162151544	0.446624736292829
X3a07efeae3200676550db6882808e462	SampleType	Sample	-0.753279792077625	0.406037595268129	17	3	0.0833275722789992	0.446624736292829
X5d324ba2a6460de903662ef6460eca18	SampleType	Sample	-0.937282619342411	0.510792649665589	17	3	0.086420051897829	0.446624736292829
b5515fced34c8b058c893356adb5da33	SampleType	Sample	-1.00648455918496	0.634011575864724	17	5	0.133254294551122	0.446624736292829
X293395256202248e3b9c023ee1a074be	SampleType	Sample	-0.299419442767267	0.187346525198887	17	2	0.130843312966365	0.446624736292829
e384a2cb752123b31cf9d69916c3e346	SampleType	Sample	-0.455868105345574	0.31599995575882	17	2	0.169683232956765	0.446624736292829
X1b6fd54b16548fb378ea911f3a5c3e69	SampleType	Sample	-0.396274752591354	0.264766371890015	17	2	0.15521617536063	0.446624736292829
bb86d81b2927d423550b2938914d3f70	SampleType	Sample	-0.632416723132203	0.47408383307316	17	2	0.202112638364929	0.446624736292829
d99337a60b9830490a59b14f62e1eb46	SampleType	Sample	-0.912153879841871	0.516256614944675	17	4	0.0975860309788106	0.446624736292829
a6c829cec93751270c5308b909c33973	SampleType	Sample	-0.506107269372646	0.360283390995135	17	2	0.180465639796122	0.446624736292829
X6f1b755fc85589a70e8698497f0e0663	SampleType	Sample	-0.813158048392127	0.46747225820793	17	3	0.102423066948474	0.446624736292829
b24862dfbb76f24007528f15e4f40ea3	SampleType	Sample	-0.587068765774706	0.319430723590906	17	3	0.0859704260278659	0.446624736292829
X3d82ec25e4405fb978b0801aae37f3d9	SampleType	Sample	-0.468630225505049	0.327172767084132	17	2	0.172549742887839	0.446624736292829
X4c318e3c3191c5d95ac39fa54559b9cd	SampleType	Sample	-0.798913383116795	0.473305727372911	17	4	0.112098334281566	0.446624736292829
X62f146519941b4569056e0bbd7e139c6	SampleType	Sample	0.437334950099647	0.327631113079493	17	5	0.201836615817118	0.446624736292829
X21455f1e63f2dd7ea2522e983fbcf550	SampleType	Sample	-0.325873533041835	0.207406086940583	17	2	0.136990769533759	0.446624736292829
X7cb4feed7e601700f491fef1e73ee7da	SampleType	Sample	1.43023350509386	0.829743484765902	17	6	0.105303708011054	0.446624736292829
X05f1fda242ba4e7e01dbde2a950ef2b0	SampleType	Sample	-0.616516010269562	0.361749215533325	17	4	0.108951655923416	0.446624736292829
X9988e892e2f16bee1e208b1e4b7275e0	SampleType	Sample	-0.476012097547069	0.333660985718401	17	2	0.174168080521084	0.446624736292829
beed98991657851771a5400a5bf1f490	SampleType	Sample	-1.47438731741452	0.838944023964704	17	6	0.0992284772190422	0.446624736292829
eaf8653dc9a480cef4217f52a4cd519c	SampleType	Sample	-1.04246145359147	0.558446810619565	17	3	0.0816120619184479	0.446624736292829
a1c4ef7fd12edd0d8ffbd24bbccc8e91	SampleType	Sample	-0.29308605731094	0.182718302783811	17	2	0.129550651905946	0.446624736292829
X21b9cbf64d93982164fcf8c2231d630a	SampleType	Sample	-0.947212971238912	0.506857398292305	17	3	0.0813056579535793	0.446624736292829
X57dd29a8b76bb3179b9f7a6db796fc0b	SampleType	Sample	0.270588689160831	0.19441027942968	17	2	0.184265269224305	0.446624736292829
X12a4c37d5d84b58da9b510771582088c	SampleType	Sample	-0.341685024076036	0.219861896166122	17	2	0.141005144371382	0.446624736292829
X001851dd86793ab72464b089244efd1e	SampleType	Sample	1.17200241656141	0.678438811491988	17	4	0.104604512160223	0.446624736292829
X8d9bef223d5be16f6137b9bb81ca3822	SampleType	Sample	-0.301453505019006	0.188848606742422	17	2	0.13127686830013	0.446624736292829
d0db327e93111a416612395e91517d29	SampleType	Sample	1.06695622329619	0.667777930968019	17	3	0.130941673192984	0.446624736292829
X29eb8e3a54c817ab8e7b37dd9a6a9c77	SampleType	Sample	-0.625386004361946	0.467686874763034	17	2	0.201086447297372	0.446624736292829
X0ee17acea997e093c1e319ed06302394	SampleType	Sample	-0.325308137661782	0.206966522011863	17	2	0.136850478092487	0.446624736292829
X9e761733a7cce2ee236b78765b5e4dd7	SampleType	Sample	-0.380322140830807	0.25139306654869	17	2	0.151097561703365	0.446624736292829
X0cd519632b2b79b0ff874f2dd08b0a14	SampleType	Sample	0.497096050065292	0.277209927057696	17	3	0.0931224205197182	0.446624736292829
X8c144512a28543b968423f7aca83032d	SampleType	Sample	-0.472358787621913	0.330447701984787	17	2	0.173370804839381	0.446624736292829
X06f825b512d903b9230e1a55d87359ee	SampleType	Sample	-1.02521364210129	0.559630059817827	17	3	0.086888307647458	0.446624736292829
X21b6def07419f4dddd70dadd154b5a3a	SampleType	Sample	-0.625104921897283	0.348115049467506	17	3	0.0927128628536365	0.446624736292829
X27a5742fab8fe222716040faccaa23a3	SampleType	Sample	-0.444987892985489	0.306522966356396	17	2	0.167171354488921	0.446624736292829
X7f7c3f929d7cb2651564ae40261e7357	SampleType	Sample	-0.333577281370379	0.213436692814331	17	2	0.138927286561475	0.446624736292829
X871715acb197776c3540892cd9de2295	SampleType	Sample	-1.07856843674468	0.59891517204889	17	5	0.0918593871318278	0.446624736292829
a20eb37d50abf4ef13197bd4a0ea8c84	SampleType	Sample	-0.533677413867809	0.384876566987178	17	2	0.185821885828065	0.446624736292829
X9570ec83b9859e60c098e9000ca9a3dd	SampleType	Sample	0.255369727986474	0.181756933623225	17	2	0.180390012557595	0.446624736292829
X687e1d94d2bfc46843a21e7706df067e	SampleType	Sample	1.20459313618766	0.68283852835725	17	8	0.0980651275045269	0.446624736292829
b69c5e45d1a3c99ca5e6b1c93e9f24a3	SampleType	Sample	0.342618270480555	0.259702178173429	17	2	0.206862293587445	0.446624736292829
X87354936f787e26a3abe698417a07e03	SampleType	Sample	-0.727742731238257	0.510251667292838	17	4	0.174279049452236	0.446624736292829
b2bc621396297801417e60a17bc5f66b	SampleType	Sample	-0.770211742440071	0.553375923562968	17	7	0.184265781822059	0.446624736292829
e2368144424b4f084562dd92c76772bd	SampleType	Sample	-0.623963029482529	0.466392860903645	17	2	0.200876479495788	0.446624736292829
c4a302c6460506f092150a4d51971909	SampleType	Sample	0.873417779991242	0.566924898131466	17	3	0.14423675274833	0.446624736292829
X3d71ada20fbdc5743e1753b62a264f6e	SampleType	Sample	-0.438895464212867	0.30123735454082	17	2	0.165737933889067	0.446624736292829
ee97d00e3162d7084496c487aeeb0080	SampleType	Sample	-0.360259189793447	0.234849091386252	17	2	0.145848384043803	0.446624736292829
X70fb471210c4a636bd89045a227e89eb	SampleType	Sample	-0.681829595894807	0.359452537944188	17	3	0.0772716876051957	0.446624736292829
X90d4cfadf373fb19e749951cd9000ab6	SampleType	Sample	-0.472683639626816	0.330733250576932	17	2	0.173441987816525	0.446624736292829
X5fe8a79baa0e9601bc73ff3938dbf497	SampleType	Sample	-0.637648352362437	0.478847467795179	17	2	0.202864289740699	0.446624736292829
X0b81d8a08a3175423a0b32b8c1924fbb	SampleType	Sample	-0.289164804728673	0.17989162313859	17	2	0.128799138947453	0.446624736292829
X4a5857b5065185674bbe65c2f06d10b5	SampleType	Sample	-0.605088035023496	0.324493415036664	17	3	0.0819076223903142	0.446624736292829
ccf04449706ceb90043c6c266e6ae954	SampleType	Sample	-0.625660123833639	0.405359824517477	17	5	0.143548809670162	0.446624736292829
X508e4d4db7e2c0220a19fafa294e0670	SampleType	Sample	-0.357744260644257	0.232799848939435	17	2	0.145189240328295	0.446624736292829
ac5907843b39907367bffa3ae074ee56	SampleType	Sample	-0.756712050855086	0.396245960373287	17	3	0.0754853946243983	0.446624736292829
X44adee8b1663e3d9d2361196f5cec159	SampleType	Sample	0.880500846564022	0.56463579071557	17	4	0.139744369802841	0.446624736292829
e5b4dac9e46c36ef880099e11d07e7c7	SampleType	Sample	-0.335893450528596	0.215264307562182	17	2	0.139517346701784	0.446624736292829
e3b31d07a8e0862ddf92c69f8c82caee	SampleType	Sample	-0.551105963952112	0.400507210482603	17	2	0.189013281968271	0.446624736292829
fad775c021f0e428be386683b5c13785	SampleType	Sample	-0.532353578484268	0.383691792806081	17	2	0.185573433635944	0.446624736292829
X3a4eb179f35f1cd7c05aa27a674f2708	SampleType	Sample	0.545475737296568	0.306979644137615	17	3	0.0958617653412582	0.446624736292829
bb23a9ce44ee3a69cccad6ae72107707	SampleType	Sample	0.222808265437615	0.156892104670007	17	2	0.176018414576762	0.446624736292829
X63f71034e0a3b1e9b5f3fe25d094318d	SampleType	Sample	-0.302207582906506	0.189407331743497	17	2	0.131439677110921	0.446624736292829
e714be7f86afba615a37e8823199a4bf	SampleType	Sample	-0.260136318362105	0.160050981860903	17	2	0.124912516395965	0.446624736292829
X025f9ce361f0785a6d027041c20bd83b	SampleType	Sample	-0.326336680605265	0.207766477232708	17	2	0.137105895815951	0.446624736292829
X9041402ea33d75d7d3b596c88b16cf48	SampleType	Sample	-0.655991142569772	0.487175339187808	17	3	0.198130277394497	0.446624736292829
X4a96e805d002149e7c390a78dc7f744e	SampleType	Sample	-0.857980713141828	0.463229816584651	17	4	0.0837836146126531	0.446624736292829
X0b62d5a1bfde73edada58d8923b380d6	SampleType	Sample	-0.291422718629617	0.181515522806807	17	2	0.129226966980427	0.446624736292829
af0dda8f319b41ab2b15fa0c4a5e8a05	SampleType	Sample	0.415444917307101	0.225239856526004	17	3	0.0849562713203834	0.446624736292829
X7871aaea66563e5ebfb4efc7f5599c44	SampleType	Sample	0.829348024136505	0.501322899828633	17	3	0.11883114798639	0.446624736292829
X09082b3232546c50be71f72613059b2c	SampleType	Sample	-0.607320349063359	0.451276632675299	17	2	0.198362434245325	0.446624736292829
c3a93e0352815a9aa1233a126210eb2f	SampleType	Sample	0.797231517684865	0.53000150922946	17	6	0.153290849716948	0.446624736292829
X35b596e109f9ee464ceb59e22f9c188d	SampleType	Sample	-0.340663852242064	0.219048453805592	17	2	0.14074168389054	0.446624736292829
f3085612606c1365160c183a78783d29	SampleType	Sample	-0.632759699807675	0.416109087869505	17	5	0.149143061203017	0.446624736292829
fbd78b3cf1b094edbcd6f7674c38a6a5	SampleType	Sample	-0.46154417998845	0.320961962209862	17	2	0.17096885385289	0.446624736292829
ff05b3f94fc778d9cabb2a8b4e70a5d6	SampleType	Sample	0.23117278201028	0.162938114243592	17	2	0.176407858848758	0.446624736292829
X91fd8961af37b5fd26c713305041544e	SampleType	Sample	-1.0360963777108	0.686963830656631	17	5	0.152268679562876	0.446624736292829
X9a685eaf10fbdce87df058243568944f	SampleType	Sample	0.737813061556438	0.533624464881708	17	6	0.187013501322966	0.446624736292829
bc56a7361c9a3b49f1f1c51874321e12	SampleType	Sample	-0.397657771058208	0.265933832303586	17	2	0.155569550204989	0.446624736292829
X4b9a9d8c4e661b02fad5ef87318e4020	SampleType	Sample	-0.416577374223541	0.282019668521897	17	2	0.160329485245821	0.446624736292829
X0c3e72d3c62c8ecda00bd4056dff3eec	SampleType	Sample	-0.29402341529179	0.183398500743523	17	2	0.12973610495576	0.446624736292829
X4510829df6c8c7dc0703168b60dda458	SampleType	Sample	-0.630793056015559	0.472606027751466	17	2	0.201877297760856	0.446624736292829
X79fba01b70404d08a88c20c5bda9aec3	SampleType	Sample	-0.868091527166381	0.465670743704678	17	4	0.0819878033909121	0.446624736292829
X77793968684168383deccae3147b5843	SampleType	Sample	-0.347191873619749	0.224268320656009	17	2	0.142432613168999	0.446624736292829
X2813b398fb55e30eca35689d666be95b	SampleType	Sample	-0.329207394001798	0.210006562287731	17	2	0.137823402325004	0.446624736292829
X8e7ea53195da7c5b83031cbf25dd92d6	SampleType	Sample	0.240755342910039	0.170173502095158	17	2	0.177560762337582	0.446624736292829
ff91ace99a00c2509fbb6554956e5a53	SampleType	Sample	0.293372772651481	0.214248588002837	17	2	0.191056469316161	0.446624736292829
X74c062e09de1ce463b5536bd85323b87	SampleType	Sample	-0.263623665962561	0.162320907365677	17	2	0.125179553939874	0.446624736292829
d20320795c3b89e52f49baf9541d6840	SampleType	Sample	-0.518786926520424	0.371572131859752	17	2	0.182976926753646	0.446624736292829
X3eab4a9a3169e751c7acd7b5adf1842a	SampleType	Sample	-0.281682310152348	0.174586228155244	17	2	0.127487004609094	0.446624736292829
X06ff31945d69765df98526d7918a7026	SampleType	Sample	-0.372564182376564	0.244956566490154	17	2	0.149072906372821	0.446624736292829
d9644d7516e859669c1c1d7a09070313	SampleType	Sample	-0.643363950420012	0.337726403991663	17	3	0.0761369304703145	0.446624736292829
X8eb403bdafad1da016df1da14f7aa6c6	SampleType	Sample	-0.949581370366519	0.614965365937391	17	5	0.143391257798652	0.446624736292829
e9dc54fb43320564ed0d379c0a98268f	SampleType	Sample	-0.837223081304593	0.46258097499797	17	3	0.0903904694869162	0.446624736292829
X803e9dc8e8c4c4fd8c7e399c8eb89a5c	SampleType	Sample	-0.266622477249128	0.1642999441647	17	2	0.125461247744044	0.446624736292829
X61d96b86c674ec6276984c9be7a81efc	SampleType	Sample	-0.428864677823481	0.292570541899237	17	2	0.163336978329931	0.446624736292829
X65df4691a33a8f2bdc095277f5664baf	SampleType	Sample	0.258160311011001	0.184035428746298	17	2	0.181042299602481	0.446624736292829
b81f1e416c474295bb09d075882ecbf6	SampleType	Sample	0.506969438779874	0.292289946804671	17	3	0.103329434551895	0.446624736292829
ca019dc1f7991a3f2a30faf861bee144	SampleType	Sample	-0.305467111560567	0.191833778358674	17	2	0.132155613176857	0.446624736292829
bc28c778694f7371e8ef1f497a38c591	SampleType	Sample	-0.379222886309553	0.250478232484983	17	2	0.150811345896675	0.446624736292829
X69a3960ccd2966ed767064381136c82a	SampleType	Sample	0.289675615592448	0.210966697928842	17	2	0.189904242522732	0.446624736292829
X1d1d68c0261030f6885f385754f10174	SampleType	Sample	-1.05684164044843	0.614719735104106	17	4	0.106134787599505	0.446624736292829
X868e0165fe32a8925b7f20afa5e1dbfc	SampleType	Sample	-0.314491683380836	0.198643175643633	17	2	0.134228501539738	0.446624736292829
X7a047bcee0100ae8d774044f6256397f	SampleType	Sample	-0.425103905015576	0.289333250211842	17	2	0.162424042331633	0.446624736292829
X9b47359b873d0db870ba791ae924d1bd	SampleType	Sample	0.308298060601724	0.227708331800165	17	2	0.195811600635763	0.446624736292829
d926a474b6f14253c1ebbbcd5687f6d0	SampleType	Sample	0.269317603773568	0.193333205481156	17	2	0.183915281373168	0.446624736292829
cb1376d9bfc50f0364a892ead4c03f74	SampleType	Sample	-1.33572649985912	0.718449346670737	17	7	0.0827308165145533	0.446624736292829
fefb7efc7206ffcbca1d722da915d1e0	SampleType	Sample	0.833928731964134	0.511134509131974	17	3	0.123591574120754	0.446624736292829
f5b2a6ee95f086f07e65c59cb963da7f	SampleType	Sample	0.7939685722046	0.512225057401103	17	3	0.141970764951862	0.446624736292829
X776b7e98b60fdd8c18b8bbcda851d0d5	SampleType	Sample	-0.752121357136939	0.436672343403599	17	4	0.105546607475344	0.446624736292829
X2be723bd0dc53b993b03b5d8417b9601	SampleType	Sample	-0.272972007670369	0.168568791514896	17	2	0.126200668514463	0.446624736292829
X5da53ce7e4c6e7c9814fe702d0d62b21	SampleType	Sample	-0.265084169985873	0.163281684907813	17	2	0.125310975015225	0.446624736292829
X52f2a7b9f43c6931542b9615556e1c61	SampleType	Sample	0.542843815491947	0.30579738210112	17	3	0.0961578228819522	0.446624736292829
X635e6e47de83b03a66c62c798d09e7e3	SampleType	Sample	-0.270854620818343	0.167133739768054	17	2	0.125933782561749	0.446624736292829
X14b49bd6810f9f7c4dc71a217016e964	SampleType	Sample	0.622317786972618	0.432049064536754	17	4	0.170304141894073	0.446624736292829
X77e8df44b8c5a58b722170d99eba098f	SampleType	Sample	-0.47244284010158	0.330521581734675	17	2	0.173389228197855	0.446624736292829
X08461d2340bdd46779d426d3a0a2a2ef	SampleType	Sample	-0.433235280238613	0.296341202608365	17	2	0.164389285394875	0.446624736292829
c827714e50b7ea5d673f0bfb8dafd9fb	SampleType	Sample	-0.367609435063816	0.24087104465737	17	2	0.147775483252751	0.446624736292829
ee23936eb7d1dd1c67d0bfa7f12f9454	SampleType	Sample	0.499213748163299	0.277646936174909	17	3	0.0923282326248026	0.446624736292829
c83409cd0b6240bd0121f961a601cb83	SampleType	Sample	-0.763139526116484	0.417752804009873	17	4	0.0876992416268631	0.446624736292829
edace155e4b31c185330bcc89327ce21	SampleType	Sample	0.339103574344995	0.256369916530307	17	2	0.205743650175643	0.446624736292829
c71cda81c8ad1a8ea1bdb4709f569e9e	SampleType	Sample	-0.413675306979694	0.279539084336194	17	2	0.159609040181591	0.446624736292829
X169db9e1d85f6d602cbe49b3a496432f	SampleType	Sample	-0.369237274919987	0.242211054437312	17	2	0.148201993823382	0.446624736292829
X2b4e6ccd11a78681bceaffed2053907f	SampleType	Sample	-0.648512681082965	0.488749302158856	17	2	0.204393436461375	0.446624736292829
X44a417a5e1e59d28acf006c21f087920	SampleType	Sample	-0.337295699294633	0.216373895987318	17	2	0.139876052448982	0.446624736292829
X050175c3e7912f3e8b518370eb7c1c10	SampleType	Sample	-0.858000571663402	0.475758571175117	17	3	0.0914394796719089	0.446624736292829
X38bc5be59918b9e3086bec0881545ea2	SampleType	Sample	-0.264280886340941	0.162752525240495	17	2	0.125237310298591	0.446624736292829
X97878b17a03213633ae3741c628aff95	SampleType	Sample	-0.255522626543628	0.157102382421322	17	2	0.12466881786696	0.446624736292829
X68b53a41984766acbc35f670d3975526	SampleType	Sample	-1.28683826314355	0.671852747914528	17	4	0.0747109843628227	0.446624736292829
X08aaf1bb0d597052d230a7195070a3b1	SampleType	Sample	0.624341343017532	0.435160672130613	17	4	0.171882702042835	0.446624736292829
X1c299b09c95f87a1e61c6006fc968cd9	SampleType	Sample	-0.86679420176232	0.540213275337886	17	3	0.129438252599267	0.446624736292829
X15eca2e791831146ecf24ffdc39cf960	SampleType	Sample	-0.317638092235626	0.201046996957136	17	2	0.134977820836273	0.446624736292829
f66369959553e15e8ca0d41447b63d95	SampleType	Sample	0.35282467838808	0.188465953829787	17	3	0.0808229292558658	0.446624736292829
efa7dfa75231c216add7ea599de53155	SampleType	Sample	-0.418096682813134	0.283320108053374	17	2	0.160705156949032	0.446624736292829
X523b0fd903458cb27c21267f3eff89b9	SampleType	Sample	-0.297456659726065	0.185904173538014	17	2	0.130433075365537	0.446624736292829
fc297f203633dcbd4c162adfddc177b0	SampleType	Sample	-0.592159000539409	0.43753700821353	17	2	0.195975341092336	0.446624736292829
X226ca6b52d7af139c06f232fd38e3569	SampleType	Sample	-0.311716542249098	0.196535449374764	17	2	0.133578239515832	0.446624736292829
X0a806cfaee2902dd1d62834cc24850e6	SampleType	Sample	-0.384534905066067	0.254907351654875	17	2	0.152191959084527	0.446624736292829
e086c1f6ce0623de5930879188ff033a	SampleType	Sample	-1.04979256565549	0.583676947676779	17	3	0.092234659336418	0.446624736292829
X90092fb7b4c8dc4c436221e7809ae062	SampleType	Sample	0.769061337191699	0.47626011174453	17	3	0.127189629401233	0.446624736292829
X669a8cbc4c3018bdd25d7ae1afd409d1	SampleType	Sample	0.249715054910595	0.177202818992856	17	2	0.179168256600403	0.446624736292829
dbedcad4f796dfdccb2732fe1eaf62c3	SampleType	Sample	-0.403744137423316	0.271085737695347	17	2	0.157116432082913	0.446624736292829
X2903270e2d487a1bf8f06cc5361e2162	SampleType	Sample	-0.343591603604478	0.221383747529536	17	2	0.141498158283913	0.446624736292829
X4fd5415a1edc320824d0ce93e3f23ea4	SampleType	Sample	0.623066310988726	0.358511901330624	17	3	0.102703970689929	0.446624736292829
X2c1bb5ec14c19b02cb2a7de6a5b89ea5	SampleType	Sample	-0.643786926520425	0.484440690881845	17	2	0.203733498046031	0.446624736292829
a3d254eb2d81213d7352d19aa13136a2	SampleType	Sample	-0.810735082839965	0.448910324737191	17	4	0.0910207776089991	0.446624736292829
e3399172b195de5d79c97678d6b6f416	SampleType	Sample	-0.743725784611809	0.53917664037079	17	3	0.18799893019197	0.446624736292829
X205ad8969ab3893de8ec3c7b4ba01174	SampleType	Sample	-0.325308137661784	0.206966522011863	17	2	0.136850478092485	0.446624736292829
X5efa39b4fbf7ea924d6476265a7f4108	SampleType	Sample	-0.569962668682296	0.417481914126639	17	2	0.192304808600786	0.446624736292829
df99b0fbb759970324d0524fd0ed436c	SampleType	Sample	-0.406016163483646	0.273014669497928	17	2	0.157690252628648	0.446624736292829
eaf9de0284c3ceeddbc889d0f03cd7f6	SampleType	Sample	0.808466211182011	0.545064489853181	17	4	0.158714053094779	0.446624736292829
X212c0cfe114396c7a9481241d750c4de	SampleType	Sample	0.24032262725609	0.16984021202205	17	2	0.177494939373411	0.446624736292829
X286829a563541e0eb98c3d8403b16d86	SampleType	Sample	-0.928905243414112	0.500654712783637	17	4	0.0832999403106998	0.446624736292829
X43e1958ba29bceff52ac242d5175118b	SampleType	Sample	-0.649527625814662	0.487431811341429	17	3	0.202569372388644	0.446624736292829
X4d78874ba41fe10e3cdd0fcdce37178b	SampleType	Sample	-0.313054253983926	0.197549962008696	17	2	0.133890378706138	0.446624736292829
X688ed5b6c81f6554b4c7c3dd2893a212	SampleType	Sample	-0.343054441666732	0.220954572623838	17	2	0.141359115348837	0.446624736292829
b870ee9c0da9fe6122d27044add9d76b	SampleType	Sample	-0.520948242750651	0.328388300211294	17	4	0.133505336903674	0.446624736292829
X7446c754399baa9952593ddbceef5bfe	SampleType	Sample	-0.753377350576145	0.419422227429434	17	3	0.0926233708323187	0.446624736292829
X2ef0aa38942f3716bddefeec7b8f1649	SampleType	Sample	-0.428864677823481	0.292570541899237	17	2	0.163336978329931	0.446624736292829
X29fd1c151441bf5f1c340be57949ad68	SampleType	Sample	0.751242269821026	0.559035603296531	17	5	0.198982547318927	0.446624736292829
X783fa9f5d6f1e341f3fd077f95fae21c	SampleType	Sample	-0.749744194634961	0.542320981290745	17	3	0.187065082517345	0.446624736292829
d71a7a21d1978bbbcdbf7b36280690dd	SampleType	Sample	-0.774560575704158	0.579210099558254	17	3	0.201060650960274	0.446624736292829
X3fd465dda2ae1676fef3e34adb2988b4	SampleType	Sample	-0.533807573031893	0.384993073482988	17	2	0.185846266911466	0.446624736292829
X16d087cac7989dbf6120b854d3df171c	SampleType	Sample	-0.53053399574893	0.382063949478795	17	2	0.185230527449058	0.446624736292829
X1cdb4ae6302ebe36544a95289b28a5d2	SampleType	Sample	-0.431170295472787	0.294558564559817	17	2	0.163893273428569	0.446624736292829
f7b78cbfc7c43d33f1466dae680b946e	SampleType	Sample	-0.272950665548755	0.168554270946686	17	2	0.126197882345327	0.446624736292829
e7bb9262d4a46496167a210fc459688d	SampleType	Sample	-0.504941143339576	0.359247181557199	17	2	0.180230510195888	0.446624736292829
X96d1abfda5cc14d7c0dac38335464454	SampleType	Sample	0.255883051047661	0.182174561725559	17	2	0.180507707673398	0.446624736292829
X2c7e6ff7306f79fce53343fd62830754	SampleType	Sample	-0.446733090176206	0.286272591290314	17	4	0.139484472743527	0.446624736292829
be864a96a9abcfaeba16a05474d2e85f	SampleType	Sample	-0.331911559364813	0.212126371964033	17	2	0.138504973031392	0.446624736292829
X525cdd14d4d82b10b2cc3724c9fafb52	SampleType	Sample	-0.874548136413032	0.479745695050756	17	3	0.088303927885645	0.446624736292829
f901b216eafef002c515ef0fb012ae30	SampleType	Sample	-0.311717752869675	0.196536366241323	17	2	0.1335785208646	0.446624736292829
X89c627d5f1da7980a66c72df903965e8	SampleType	Sample	0.508735578287688	0.285733019032269	17	3	0.0952598406156414	0.446624736292829
X18f92077e8d9376d902d42bd94f0139b	SampleType	Sample	0.222845171547071	0.156918182787189	17	2	0.176018648602452	0.446624736292829
c331eebcf440a99a17ae0ac47444ca28	SampleType	Sample	-0.92934360029329	0.542132302665331	17	3	0.107066659187295	0.446624736292829
X394eda29c886632f514dd94b58381186	SampleType	Sample	-0.593317689847651	0.438585929706521	17	2	0.196161132648479	0.446624736292829
aed8e61cd36c2cb44fb3f56963d6a6ae	SampleType	Sample	-0.666196734327077	0.504892094107236	17	2	0.206793951531086	0.446624736292829
X4d5467aeaa75e026c74956f5af397574	SampleType	Sample	-0.422054687433715	0.286713556504171	17	2	0.161678878977	0.446624736292829
X7a479aeef1692a228525d6e0251a06af	SampleType	Sample	-0.432033414692344	0.295303429616446	17	2	0.164100852638394	0.446624736292829
X0e538b1402f61972ddc004366c0f428e	SampleType	Sample	-0.326480130226086	0.207878157845971	17	2	0.137141590588385	0.446624736292829
a877ed23504d944de78923ec54321c6e	SampleType	Sample	0.299232765846758	0.219494447314825	17	2	0.192907401765943	0.446624736292829
ae8c81487901c119a0850f691b7bd432	SampleType	Sample	-0.311475626022603	0.196353036596048	17	2	0.133522292106008	0.446624736292829
d7be64d52a0d6318b4e1a04b52667670	SampleType	Sample	-0.898428273748032	0.60282463442534	17	5	0.156855062108924	0.446624736292829
X26543459ea7621a383c66c155815ab89	SampleType	Sample	-0.337287935280245	0.216367745995347	17	2	0.139874063479123	0.446624736292829
ef96591a931506339e541609615e8dad	SampleType	Sample	-0.287504502141104	0.178704157314894	17	2	0.128493483545155	0.446624736292829
defb63373d46ff18611b9f9a9a849713	SampleType	Sample	0.342618270480556	0.259702178173429	17	2	0.206862293587443	0.446624736292829
bc03cc2bd8a104abb5b12d375a1a75c5	SampleType	Sample	0.341291970787005	0.258443405136723	17	2	0.206440794748527	0.446624736292829
fb95e8cada6918eadd23c50f86c913dc	SampleType	Sample	-0.499538576588238	0.35445110770271	17	2	0.179131912314964	0.446624736292829
X0cfe2fbdb5413dee3a014a672ee6080c	SampleType	Sample	0.993492893495175	0.645214696762067	17	6	0.144439646840338	0.446624736292829
X9203758baa777a5c589fd82ca74e8b55	SampleType	Sample	-0.974170664658799	0.678725801931991	17	3	0.171726841336184	0.446624736292829
X9107b64cf3a664bf1c9543ccde62920a	SampleType	Sample	-0.354077009165051	0.229822388270225	17	2	0.144229105929148	0.446624736292829
a5a2885273208cc79197d5e944db295e	SampleType	Sample	-0.629515363226098	0.470354585236962	17	3	0.200705814655545	0.446624736292829
e36e14102dda69fe261ad9d23dc7ad7e	SampleType	Sample	-0.313315528300781	0.197748434472929	17	2	0.133951632046227	0.446624736292829
d3abe1faede5b7e0d247455636cf04cf	SampleType	Sample	-0.332655217656212	0.212710938720325	17	2	0.138693292469049	0.446624736292829
X0e4c332de212838b946fec757ec3345f	SampleType	Sample	-0.407569244040433	0.274334962280305	17	2	0.158081308588482	0.446624736292829
X72bb2c87677dfbd659b71c2805147e8e	SampleType	Sample	-0.491483986628738	0.347315301717998	17	2	0.177465555828234	0.446624736292829
X576184fc8bbe8f1cf921ca45e4b7efba	SampleType	Sample	0.291165190770865	0.212286288272674	17	2	0.190366804895302	0.446624736292829
X76fb17e7ed648d7b49452980c98138bb	SampleType	Sample	-0.330968729330359	0.211386233798239	17	2	0.138266750842226	0.446624736292829
ce003f7d95581a74a2975279d3f44acd	SampleType	Sample	0.328718562232575	0.246592581179299	17	2	0.202411533008666	0.446624736292829
X1ab6953edf851df7d1ea9f37fb5eac5d	SampleType	Sample	-0.399233109873321	0.267265110588063	17	2	0.155971241309443	0.446624736292829
X867a1c1d67967c2ec5643aa144310118	SampleType	Sample	-0.635063268434679	0.39906134829995	17	4	0.132371827245629	0.446624736292829
X6efbd0b890ebb54ff9e00713acc97912	SampleType	Sample	0.372135512173462	0.200097904044842	17	3	0.0826431264388465	0.446624736292829
X98ddab7d9d2559683ac8ef703b56173c	SampleType	Sample	-0.373803009423127	0.245981206331406	17	2	0.149396867212398	0.446624736292829
c1f3e9e409804fd71f0e4fe38d7865bf	SampleType	Sample	-0.860045951233468	0.625483403238332	17	3	0.189319707091098	0.446624736292829
af6efbbc4a151479cf34453f1ddf44fd	SampleType	Sample	-0.277397080374704	0.171603482462913	17	2	0.126818356064272	0.446624736292829
X325ca3f3ba51640e49bf61e7fc6a24f4	SampleType	Sample	-0.363123574859866	0.237190147169464	17	2	0.146599432099454	0.446624736292829
a4cca391d2e084fb8ecf6fb569ee0f38	SampleType	Sample	-0.336341177297282	0.215618337188882	17	2	0.139631763204767	0.446624736292829
X6184bbc3a0414c86686fddbae91a8afd	SampleType	Sample	0.673522965068165	0.41689922680323	17	3	0.127024115078049	0.446624736292829
X25eb05539a4b779f0e24cca5f0b4fdfe	SampleType	Sample	0.232434472636001	0.163872723518795	17	2	0.176520344756467	0.446624736292829
X53c41b4b3069bc65042a6a046c5d45a8	SampleType	Sample	0.251992920846166	0.179026935643386	17	2	0.179643258029788	0.446624736292829
X0db008e8fcc2222830470e1805050a26	SampleType	Sample	0.252227283672715	0.179215421826129	17	2	0.179693485260796	0.446624736292829
X3faf4b747fc5578a5216fd622a50103e	SampleType	Sample	-0.382915461305502	0.253554875730748	17	2	0.151771750250006	0.446624736292829
X09ae24f2154f672b30052e73e7e8d7c1	SampleType	Sample	0.282003445852735	0.204230036378257	17	2	0.187564782478495	0.446624736292829
X14fd1c34c1dc8d9e7a969e455e5250b1	SampleType	Sample	-0.433984785871093	0.296988711721191	17	2	0.16456879370045	0.446624736292829
ccb5495e3b7c9309eafce7b2c9cdd8e5	SampleType	Sample	0.588127077318399	0.335441404045659	17	3	0.0999571342636925	0.446624736292829
ae664931363aa4010e495eb28f058219	SampleType	Sample	0.662594963482992	0.396656567439531	17	3	0.115558704865654	0.446624736292829
X7671bd2c3cb2adb985bcc3149307c8b3	SampleType	Sample	-0.384178743278879	0.25460974111026	17	2	0.152099598647286	0.446624736292829
X0b2f2416d4957fb3df498f4f6fc32edf	SampleType	Sample	-0.289700762247915	0.180276153382169	17	2	0.128899449075294	0.446624736292829
X04e858b9f15b33553025e0b1d7085a51	SampleType	Sample	-0.734574491587269	0.544991653240151	17	3	0.197707292836873	0.446624736292829
a9697caabf260b1d459ce870c920b70a	SampleType	Sample	0.585451028408237	0.385978146106481	17	3	0.150107609296128	0.446624736292829
X8034e3cccd49a1fea15f29bc142ab74d	SampleType	Sample	0.231598475859359	0.163252813792263	17	2	0.176444361944425	0.446624736292829
b8594bb87ccce1768466030c619b4a0c	SampleType	Sample	0.291165908096283	0.212286924617147	17	2	0.190367028210982	0.446624736292829
X37c0eb748ce8b006eda2ddfe07d6bf39	SampleType	Sample	0.343828063433157	0.260851743985305	17	2	0.207246067616083	0.446624736292829
X73555b114332389897b8f0cdc19ab266	SampleType	Sample	-0.514988402351297	0.368186223133938	17	2	0.182233269478403	0.446624736292829
af3f0cb07ff238166fe3979ee7afbc17	SampleType	Sample	-0.412333957733123	0.278394088756385	17	2	0.159274797564811	0.446624736292829
X6d0412ee87e7a3622a41d450730f1a12	SampleType	Sample	-0.592270093827983	0.437637568897898	17	2	0.195993178962881	0.446624736292829
X6f18bde1e6524d78493211e6151e2ea8	SampleType	Sample	-0.371965349604629	0.244461713262477	17	2	0.148916236233293	0.446624736292829
X2ed84f7cbb5c174ed2a5c9d7ee0dc4ca	SampleType	Sample	0.653183043233265	0.377682193328628	17	3	0.104246229293307	0.446624736292829
c485e2df00b2b7e087e1c9742ef11bf8	SampleType	Sample	-0.892833504084515	0.62940662356838	17	3	0.176477927346775	0.446624736292829
X9e8b2993e95c1c220010ea5cfdc9b113	SampleType	Sample	-0.511435840890925	0.365022669129605	17	2	0.181531079171983	0.446624736292829
deb8f513aec7633eba2be0889fe37d47	SampleType	Sample	-0.476925483560137	0.33446503074008	17	2	0.174366296374009	0.446624736292829
X021c80994ac7caef891e50fafa21e9f1	SampleType	Sample	-0.272670160823258	0.16836352881679	17	2	0.126161442162032	0.446624736292829
X90466da51ff7512075fdf815e1531c56	SampleType	Sample	-0.277388123160068	0.171597292263002	17	2	0.126817028300606	0.446624736292829
db43b458f770e8b7a1cb778d0a44b178	SampleType	Sample	0.589825381367834	0.40705894022456	17	4	0.167922513772796	0.446624736292829
aff6c7040e78df14791e3ef730c8e278	SampleType	Sample	-0.274482607035151	0.169599415770692	17	2	0.126402695445414	0.446624736292829
cb74dd1bdb183146d2734f912db3a4ad	SampleType	Sample	-0.398279055694723	0.26645867784405	17	2	0.155728075790624	0.446624736292829
X0b5833be41c294c21bad8ff851097351	SampleType	Sample	-0.852767525347194	0.608677641443114	17	3	0.18155759745942	0.446624736292829
X9012f6e1669972ebd5ba08ab8021f9de	SampleType	Sample	0.630267453091915	0.370962722895691	17	3	0.109957102263966	0.446624736292829
X70580c5fdb0e12b99fd4ad77b8f9e3ab	SampleType	Sample	-0.501205255937278	0.35592986844635	17	2	0.17947245607783	0.446624736292829
X71ed69d32f39f43726ec55f513d4e09d	SampleType	Sample	-0.468879705381861	0.327391748727168	17	2	0.172604912696465	0.446624736292829
X2aee3d33c25045ca94c933f8e10798bd	SampleType	Sample	-0.361496464811154	0.235859402420412	17	2	0.14617277898012	0.446624736292829
X64e89122568337d6b2de7c0481a46a74	SampleType	Sample	0.332554918666833	0.250192056187475	17	2	0.203646453422465	0.446624736292829
X7811b6ee66da4683522fbbfebc0d5224	SampleType	Sample	-0.432833307946262	0.29599403839697	17	2	0.164292896875541	0.446624736292829
f216230be4983ba4b007071b9c3d1503	SampleType	Sample	-0.254517424175167	0.156468497927243	17	2	0.124633547875647	0.446624736292829
c240a6403a850dad61a02584502b038a	SampleType	Sample	-0.417789634788785	0.283057194988312	17	2	0.160629318851129	0.446624736292829
X09a5539f81edd55c5cdb79d0783347eb	SampleType	Sample	-0.408443320010538	0.275078637286358	17	2	0.158300962555116	0.446624736292829
X29ac28be97a5e882b278dad69f8343d7	SampleType	Sample	0.39459510567978	0.212001096877675	17	3	0.0824164627640951	0.446624736292829
X09f36fa87540eb4a3cbaf542c5b5498e	SampleType	Sample	-0.426272497135245	0.290338447119882	17	2	0.162708450197049	0.446624736292829
X25c4e214d7648362c49cd39af731e8a4	SampleType	Sample	-0.255345468979489	0.156990440132905	17	2	0.124662120796792	0.446624736292829
X110b9245da41659135e470891824face	SampleType	Sample	-0.263503535188845	0.162242143161124	17	2	0.125169244628373	0.446624736292829
X1d32819e59a4ecdeafedfcc5de1dd4aa	SampleType	Sample	-0.822604744854387	0.497875022671336	17	4	0.119260462443661	0.446624736292829
X704d81377b9890dba99e11c64052ad2e	SampleType	Sample	-0.55654319009037	0.405395370862929	17	2	0.189979247170391	0.446624736292829
cac42953ff902be60401fd6eeb3dd0cf	SampleType	Sample	0.304353953052122	0.224120579198551	17	2	0.194543449163744	0.446624736292829
X575a854d49d6612f211c05c9e080b001	SampleType	Sample	-0.340832222545778	0.21918249288997	17	2	0.140785092731261	0.446624736292829
X25ba6b5f447160fc9454ad6579deeb17	SampleType	Sample	0.256847184089536	0.182960793871622	17	2	0.180731596472195	0.446624736292829
X5d6d80237c9305aeae4605a2330d3bc9	SampleType	Sample	-0.250779734476349	0.154139320805069	17	2	0.124562731875928	0.446624736292829
X5f6bfb0793ed6df8c3d7f10485aabe00	SampleType	Sample	-0.324922133299839	0.206666670252178	17	2	0.136754860341475	0.446624736292829
X5172fb45f817f71c8943d037535683a9	SampleType	Sample	-0.28279275989014	0.175365941713066	17	2	0.127670663186937	0.446624736292829
X2c5a5344b5917f0b18a6af48259816b8	SampleType	Sample	-0.336357974190763	0.21563162358124	17	2	0.139636057787194	0.446624736292829
c129bc28f5359caf12978c7f01a229ee	SampleType	Sample	-0.43038949373593	0.29388503742302	17	2	0.16370517504532	0.446624736292829
dd0414e06545e5a10b2030c1b6d4f4f3	SampleType	Sample	-0.262480260462499	0.161572864265469	17	2	0.125084580250074	0.446624736292829
X9379f477bdebef9b49e0c1313ca69a60	SampleType	Sample	-0.30817468421319	0.193862979858525	17	2	0.132764390430078	0.446624736292829
ecb8d96a5cbc1f5cf1aff377134fc743	SampleType	Sample	0.533146062653096	0.311654799737862	17	3	0.107733046760152	0.446624736292829
X2ec36844413bc8a73d6a2ff95cde7482	SampleType	Sample	-0.391415075510813	0.260673956018445	17	2	0.153969384876336	0.446624736292829
X584dbd9cf4b609aecf37caf15ee9ebab	SampleType	Sample	-0.252761734023013	0.155368900348427	17	2	0.124588177013174	0.446624736292829
X0aa6f42f44856933845e2647303a36ec	SampleType	Sample	-1.02837484455833	0.605050916365531	17	4	0.109833296116122	0.446624736292829
X7a8972b393ef87a29afeb221f90254d3	SampleType	Sample	-0.298542536992678	0.186701259952063	17	2	0.130659018485269	0.446624736292829
X338190fa551c18f1a2e8bda213bbbcb6	SampleType	Sample	0.274603257397162	0.197834360148002	17	2	0.185395704265807	0.446624736292829
X91a236e5ae0a20438f7223d1833038d9	SampleType	Sample	-0.446904902919058	0.308189316262418	17	2	0.167618423581248	0.446624736292829
b6c29e44f5719777e53de1a91472c8b4	SampleType	Sample	-0.363885293937955	0.237813938417825	17	2	0.146799169012841	0.446624736292829
b5adfe0e3e1082cc6a4bc6494be2014c	SampleType	Sample	-0.253139224813633	0.155604506882911	17	2	0.124596156363829	0.446624736292829
f91723cfefd95dab8749b96d9abbbf89	SampleType	Sample	-0.401390962071763	0.269091160611181	17	2	0.156519999191151	0.446624736292829
X5990df1cf5839b2cdb15384ee545242f	SampleType	Sample	-0.625662729907619	0.467938548695825	17	2	0.201127190174815	0.446624736292829
f427afe7d6b492f12e53452633c12847	SampleType	Sample	-0.28718289488836	0.178474801056771	17	2	0.128435186628001	0.446624736292829
c8f5872a67b3416438372cb60806fbc4	SampleType	Sample	-0.386435840890925	0.256497315639591	17	2	0.152684361374035	0.446624736292829
ab4083994118285687bfe8da3c2cc57b	SampleType	Sample	0.262182782904074	0.18735388848423	17	2	0.182032812789986	0.446624736292829
X0d40ca485a184c909494ecadfe3fbb70	SampleType	Sample	0.313483541877827	0.232456447063673	17	2	0.197485673020972	0.446624736292829
beba686fd23d4fd65874f827941cde1b	SampleType	Sample	-0.326050204166764	0.207543526878822	17	2	0.137034663691936	0.446624736292829
dfb5be9417f7aff0d2e20ce2b67d536a	SampleType	Sample	-0.297249819521728	0.185752589448867	17	2	0.130390327959434	0.446624736292829
X9d5f2ae77c254eb5ad886346e6edf10e	SampleType	Sample	-0.484611826909893	0.341241567482255	17	2	0.176016663672581	0.446624736292829
X089da41175db41aa25030a998319c826	SampleType	Sample	-0.592899772817206	0.438207581931564	17	2	0.196094186249561	0.446624736292829
X90653c29e6c318e5dbca959ccc3652b1	SampleType	Sample	0.418906385682253	0.230262556258445	17	3	0.088889043412799	0.446624736292829
e15615264059df42439a595b3c906967	SampleType	Sample	0.284760495678923	0.206639024045152	17	2	0.188396348889568	0.446624736292829
X3b864a93791d7a92a957b3fa68fdf4f9	SampleType	Sample	-0.259203021603021	0.15944941907994	17	2	0.124852783982585	0.446624736292829
X691f052c8708ae37b6c95bcd381b282d	SampleType	Sample	-0.497236086206554	0.35240944615364	17	2	0.178659057469605	0.446624736292829
f9a10d5b6c9e43675bd71fecdb70933b	SampleType	Sample	-0.26339768166002	0.1621727731937	17	2	0.125160224478865	0.446624736292829
def26204a06b25886ee7399cbcb597fc	SampleType	Sample	-0.292539359225869	0.182322378569513	17	2	0.129443492059214	0.446624736292829
X03818d6fe914ee8d6036ca6bae0b5507	SampleType	Sample	0.303154092950463	0.223033360197863	17	2	0.194158909535603	0.446624736292829
cc08faf0c45ad127d77e6e51f0159789	SampleType	Sample	0.296815160076364	0.21732385344877	17	2	0.19214058931088	0.446624736292829
c0733e4f434fb4d72f38220b4e5c59a0	SampleType	Sample	0.478473605056017	0.286141859135233	17	3	0.115217373488256	0.446624736292829
X899d45284956ce7eeb96fa537eb91840	SampleType	Sample	0.581406871646275	0.330092957598569	17	3	0.0985443719892062	0.446624736292829
X7eb1e4ce120d3349868baed5b44dab1a	SampleType	Sample	-0.388306581310562	0.258064510525787	17	2	0.153167993126486	0.446624736292829
X3592eff80384863b43da83f854567aeb	SampleType	Sample	-0.437911172684179	0.300384905585315	17	2	0.165504568818397	0.446624736292829
X117db9b9cbf3fae47529633563e4e531	SampleType	Sample	-0.553116672728589	0.291075599863172	17	3	0.0767959593701347	0.446624736292829
aa89b380a14a6a7403489110ec239e0e	SampleType	Sample	-0.430991081047457	0.294403947305696	17	2	0.163850126463286	0.446624736292829
X7ba41d4b34f08a33e9fc9824197d1549	SampleType	Sample	-0.366920940651264	0.240304964326238	17	2	0.147595035596283	0.446624736292829
f15f0017f01eb08cf8e6201ca52d1ffd	SampleType	Sample	-0.344718017679505	0.222284740529072	17	2	0.141790063803598	0.446624736292829
d4b565fa6eee1c18d973fd76c866b2c1	SampleType	Sample	0.343874875780081	0.260896251849133	17	2	0.207260903837157	0.446624736292829
X598cd8e6a5ad45271b24be0b5fe5ae04	SampleType	Sample	0.607699324704922	0.379092922936214	17	3	0.12977130331047	0.446624736292829
a08ec60e883e6ac132efae36c030f9d4	SampleType	Sample	-0.39592299083495	0.264469630792327	17	2	0.155126191134898	0.446624736292829
ce59cea1a1b4adbef3487331225ae3b3	SampleType	Sample	-0.252119455055033	0.154969068898979	17	2	0.124576879755198	0.446624736292829
X37466e47fc46641b106dd1d22e739838	SampleType	Sample	-0.346194829030004	0.223468087223449	17	2	0.142173417609915	0.446624736292829
X517d39ab75125d1f9a02033f380f0a5e	SampleType	Sample	-0.525496144549846	0.377560675916285	17	2	0.184272535696815	0.446624736292829
X2be1ac8b9cff3104963c53b316ed8b49	SampleType	Sample	0.513030140561811	0.370733175964845	17	5	0.186658786378676	0.446624736292829
X3ac61947314bdf5a004202c873af4359	SampleType	Sample	-0.939714098918467	0.515526995216867	17	3	0.0883227325007597	0.446624736292829
ec244aa62662069ad22164f6eb927df7	SampleType	Sample	-0.255912761709404	0.157349240084846	17	2	0.124684283758872	0.446624736292829
X41c518d724b17f389f8601ed57c56b8a	SampleType	Sample	-0.282424254078934	0.175106888352976	17	2	0.127609262024237	0.446624736292829
e362f9927686d3040e5644b286a3d22c	SampleType	Sample	0.651739227221148	0.385499983101012	17	3	0.111574296544885	0.446624736292829
X4973ae5ff1999593a1ab396b9acb107f	SampleType	Sample	-0.388398643095108	0.258141697290212	17	2	0.153191768040453	0.446624736292829
X4fd8d468d86c9aaf8b58f2adeb6c5e56	SampleType	Sample	0.247257494953837	0.175251141404328	17	2	0.178683976299652	0.446624736292829
X35bd358990986aceb5a8073f44b61e7f	SampleType	Sample	-0.511435840890925	0.365022669129605	17	2	0.181531079171983	0.446624736292829
X18535fd859aa8e438714182a90454240	SampleType	Sample	-0.324528403185434	0.206361023884369	17	2	0.136657466155807	0.446624736292829
X6966d874fbd3d4a0fedc0120ce085622	SampleType	Sample	-1.02926054776357	0.567002668482215	17	3	0.0895262652685182	0.446624736292829
e66743fb096881b22732d12b6c8f1167	SampleType	Sample	0.868014985310717	0.558627775427145	17	4	0.141065775977835	0.446624736292829
d93adc23a1051dbbf1145f23a6a52540	SampleType	Sample	-0.350820030441885	0.2271890634158	17	2	0.143378029502003	0.446624736292829
X9a6e6f858325acfc4084a67f5c43f8e9	SampleType	Sample	-0.342875209443926	0.220811442601404	17	2	0.141312745514723	0.446624736292829
f25b570de0d4280856041797b2836c2e	SampleType	Sample	0.224679782178983	0.158221411277881	17	2	0.176047848733265	0.446624736292829
ce0683f4283f3184c2cfe16fbd56f5a2	SampleType	Sample	0.342377160526453	0.25947322672901	17	2	0.206785727473208	0.446624736292829
X4dde488bc245f9f6d8f5ed53f341d137	SampleType	Sample	-0.273111780318233	0.168663916764207	17	2	0.126218963002664	0.446624736292829
e84f910689bf6d94dc9b618cae429151	SampleType	Sample	-0.54742436947604	0.397200488913457	17	2	0.188351300524553	0.446624736292829
bb74fd1c5bee3ff1fb26d9e96b837550	SampleType	Sample	0.335790893290096	0.253239653822335	17	2	0.204684685230181	0.446624736292829
a426f627c8b94e7888c211aea9a32be0	SampleType	Sample	-0.632915461305503	0.474537826409375	17	2	0.202184730411424	0.446624736292829
b6b7e61c4de96b1a738ffb0731e84c9e	SampleType	Sample	-0.370812279517438	0.243509682622556	17	2	0.148614443762372	0.446624736292829
X54b3ca63c53e8fab23ae0e6735a5ddf4	SampleType	Sample	0.332576324680925	0.250212182207941	17	2	0.2036533324175	0.446624736292829
X859003d565a7abe4d4f05a8dc349a153	SampleType	Sample	0.790399674310023	0.470855598774002	17	3	0.113926189881713	0.446624736292829
X8acce41d38fc35224aec04730510f322	SampleType	Sample	0.332384559949744	0.250031900526922	17	2	0.203591702334316	0.446624736292829
X364df104ca71fe358b324286ebb62c0c	SampleType	Sample	0.283147938066226	0.205228379709109	17	2	0.187908610492644	0.446624736292829
X097009193dd47422c99d086ad21cc74a	SampleType	Sample	-0.969477231589359	0.513354909228961	17	3	0.0784519502152538	0.446624736292829
X136a4263667e04d2f42bcad523ce5928	SampleType	Sample	-0.325308137661784	0.206966522011863	17	2	0.136850478092485	0.446624736292829
f18f5ad5d77e2f924a44b722dc9d8565	SampleType	Sample	-0.443749710175016	0.305447488151259	17	2	0.166881582914101	0.446624736292829
b587e11516e0596abefeaba79d88c52e	SampleType	Sample	0.28557416755288	0.207352565786281	17	2	0.18864384299481	0.446624736292829
f6cbbe87806e989fa9245e9b068f4238	SampleType	Sample	-0.341171231027472	0.21945247358388	17	2	0.140872531876867	0.446624736292829
d1e669d527aeacd5fe63b1d818205d7c	SampleType	Sample	-0.253093617486054	0.15557601766347	17	2	0.124595140062988	0.446624736292829
X61dd9ea9361bed6e169e7f25d3b4e210	SampleType	Sample	-0.390870363541595	0.260216219637203	17	2	0.15382916368749	0.446624736292829
a0151bf1dc255f421d585b670e3416a3	SampleType	Sample	-0.549612194547674	0.399165235891151	17	2	0.188745465095157	0.446624736292829
X192809e72bf78b432b207e54e8b066cf	SampleType	Sample	0.831824135706717	0.498894318746767	17	3	0.116184418673528	0.446624736292829
X763e0bb4e507161664d2dc847d9fdbba	SampleType	Sample	0.571000156840847	0.323227043997828	17	3	0.0976380555359153	0.446624736292829
X56fec53d3dadd27c95dfa21d0ab2abcb	SampleType	Sample	0.257476883211785	0.183475582421905	17	2	0.18087977493813	0.446624736292829
X1f083ab9dab0883d71b83772320dde1c	SampleType	Sample	-0.511236042326665	0.36484483954019	17	2	0.181491394665558	0.446624736292829
af01036b66276af5c1dfc1baadea418b	SampleType	Sample	0.223175283944549	0.157151686944238	17	2	0.176021370192288	0.446624736292829
X8c6988ce155dde5e7c130598d3bfd5a1	SampleType	Sample	0.257937341737685	0.183852649025065	17	2	0.180989083136008	0.446624736292829
db616182470478283240190ef7bcd881	SampleType	Sample	0.337052593039622	0.254430653273051	17	2	0.205088506005944	0.446624736292829
X779dd17a15fa2bdcaf53932498eafc8e	SampleType	Sample	-0.416222920065359	0.281716451893642	17	2	0.160241691749492	0.446624736292829
X7163d5cc4e866f86095c9c52d1d58085	SampleType	Sample	-0.973350583551767	0.517521245719015	17	3	0.0795583165215391	0.446624736292829
X79a21d06b57514026290eacb50884256	SampleType	Sample	-0.345995030465746	0.223307854863369	17	2	0.142121512993609	0.446624736292829
X7c0a04e73478b9f0e1e052d88306741d	SampleType	Sample	0.255764091365445	0.182077718069862	17	2	0.180480338181007	0.446624736292829
d6cc391df0f9144828543e19318c9a9b	SampleType	Sample	-0.297579173824034	0.185993996090763	17	2	0.130458439476278	0.446624736292829
d8ccc43feb68d2fec055056dd8ed5428	SampleType	Sample	-0.521794375354092	0.374255273210085	17	2	0.183560504116473	0.446624736292829
X698ea34458f8c3e37b3fba75f72952b8	SampleType	Sample	-0.326607660190602	0.20797746732022	17	2	0.137173338593029	0.446624736292829
X298a1b636f8b10b6e7b34cc827156d1c	SampleType	Sample	-0.307049817486136	0.193018468992447	17	2	0.132509996993618	0.446624736292829
X14858ac8b81c82185898163fbfb2bd7a	SampleType	Sample	-0.253195765164846	0.155639834675071	17	2	0.124597436163756	0.446624736292829
ff11e29ed9ec128535dd0c558e003564	SampleType	Sample	0.289675615592445	0.210966697928842	17	2	0.189904242522735	0.446624736292829
X88524108706087f7c75e79d6c10c9c61	SampleType	Sample	-0.493843544805585	0.349403848262652	17	2	0.177957254570403	0.446624736292829
X60f337e349fe08d2b49e08a5c632c7fd	SampleType	Sample	-0.390946837625422	0.260280470843005	17	2	0.153848855339179	0.446624736292829
X4c59321443c5e1647f7d047644dd00db	SampleType	Sample	0.32151680539749	0.239877434520771	17	2	0.200084986509007	0.446624736292829
fc4dcfddf38b241b319d1bb063ac346e	SampleType	Sample	0.473089168369086	0.268813909316983	17	3	0.0987939761290264	0.446624736292829
X921a666ae81adc59244f73207f8b4a4d	SampleType	Sample	-0.415634741975321	0.281213444472467	17	2	0.160095884129997	0.446624736292829
X80421afe1ebd8b6bd02932970256645f	SampleType	Sample	-0.438315528300779	0.300735047870367	17	2	0.165600496794802	0.446624736292829
X0c98775bad811837fa77f1079d5b94bb	SampleType	Sample	-0.28069353251877	0.17389426627627	17	2	0.127326965451076	0.446624736292829
X9af0597d4c15019f58a296ec8c1ab66e	SampleType	Sample	-0.365381421508322	0.239040645351319	17	2	0.147191453910146	0.446624736292829
X3d18954a9b193f7f454e2376abca7a42	SampleType	Sample	-0.37619699057687	0.247964741086141	17	2	0.150022269608499	0.446624736292829
X55e9c301d8d88b6dc3201e1cbfef4218	SampleType	Sample	-0.418133434851449	0.283351580675036	17	2	0.160714231504575	0.446624736292829
cb871353a502d83d21e96345f80ad266	SampleType	Sample	-0.346548762842073	0.223752035730473	17	2	0.142265393996511	0.446624736292829
X989b6481ad95a42522fd572860eef070	SampleType	Sample	0.318650965283528	0.237221283511314	17	2	0.199157585981835	0.446624736292829
fdb61a2a3e6ccb8210b394742caebe0c	SampleType	Sample	0.301681058754038	0.221701385216516	17	2	0.193687782244654	0.446624736292829
e7e8628e1a330dcf280ed5a20d96e7ea	SampleType	Sample	0.332788679802033	0.250411864061063	17	2	0.203721566877829	0.446624736292829
bc5593081c603faf9990d8f73ccce91d	SampleType	Sample	0.256322789708801	0.182532864414338	17	2	0.180609368998389	0.446624736292829
c16638327da053755c9e6f8df7564a01	SampleType	Sample	-0.338519760946986	0.217344374727084	17	2	0.140190013312003	0.446624736292829
X1be7ca393b68f3bb874efd119c54f6e4	SampleType	Sample	0.641053152694507	0.372737712991769	17	3	0.10601844641989	0.446624736292829
fd4552c0b6498bba092d203bdac87b57	SampleType	Sample	0.627180732117378	0.370182938935777	17	3	0.110874036536971	0.446624736292829
fec12509e371e79ba6c32e59055ed75a	SampleType	Sample	-0.366392206287511	0.239870514402835	17	2	0.14745644134166	0.446624736292829
X35d94e1bdfd4c993964a8519c27403df	SampleType	Sample	-0.386435840890924	0.256497315639591	17	2	0.152684361374036	0.446624736292829
X3b70c5806ccb188eb29a94a123b51dbb	SampleType	Sample	0.741070282740824	0.51561087454792	17	3	0.17117453138576	0.446624736292829
X06659e0d9e2a893503ba35a02a391752	SampleType	Sample	0.273057310562608	0.196511859660731	17	2	0.184956090083185	0.446624736292829
b33d425d0b70dba53c7d232b64449c43	SampleType	Sample	-0.35870221057693	0.233579721805746	17	2	0.145440263657845	0.446624736292829
X7f1e9e0c6135a382125f5315ea464658	SampleType	Sample	-0.284085217596422	0.176276875937357	17	2	0.127889502007833	0.446624736292829
X749eae03f72d63f5cdced3ff7332d064	SampleType	Sample	-0.458577281370379	0.318366828593869	17	2	0.17029899116949	0.446624736292829
d0c0a8d77cd46eb172aa73fc7ed59564	SampleType	Sample	-0.392621542071346	0.261688490669426	17	2	0.154279628190413	0.446624736292829
b61be5b0378eb5d3140a9b8a0ab3a251	SampleType	Sample	-0.263623665962563	0.162320907365677	17	2	0.125179553939872	0.446624736292829
X623fa0cba04b1c06a7c238859f845c52	SampleType	Sample	0.426715728581107	0.232294779568922	17	3	0.0861098692475386	0.446624736292829
X0941e532136cdea0e951d0eefdab2a80	SampleType	Sample	-0.344101122604096	0.221791128937435	17	2	0.141630142867402	0.446624736292829
eb58156faaeda87d3af2030333c63589	SampleType	Sample	-0.250225984302541	0.153798056071001	17	2	0.124560678931235	0.446624736292829
X623b8f707bfaaf76b878f58ac2f094a2	SampleType	Sample	-0.370744480630441	0.243453738533467	17	2	0.148596694203194	0.446624736292829
X636652cc2f893ca71ed3ff7cb14200ab	SampleType	Sample	0.230499177854666	0.162441481401437	17	2	0.176353168469199	0.446624736292829
X5c0d21103e139ec7cee5e94debc236f4	SampleType	Sample	0.318225589832429	0.236827842935996	17	2	0.199019913236126	0.446624736292829
X798de556bbe05b1d35136426ae2ed947	SampleType	Sample	-0.323916014996898	0.205886054029362	17	2	0.136506264669638	0.446624736292829
X04ea13a0b37db7da67ea841b5cf3a12a	SampleType	Sample	-0.260986491058063	0.160601166392312	17	2	0.124971333673987	0.446624736292829
e73f25e2f54a6b94eb1a5c4e1941a3f6	SampleType	Sample	0.489484847639623	0.27919905432753	17	3	0.0999779525552765	0.446624736292829
X17441490022626768c1aeafa3e594471	SampleType	Sample	0.249390051216369	0.176943732022282	17	2	0.179102488918779	0.446624736292829
ece507a9c0c9743824a02bf855f77cd2	SampleType	Sample	-0.328292476255873	0.209291465262444	17	2	0.137594017872785	0.446624736292829
X32a27ddb92cc39508db8244adfc93b3f	SampleType	Sample	-0.438846258455443	0.301194729691675	17	2	0.165726279418657	0.446624736292829
X57987147d4a365215745e7209577262e	SampleType	Sample	-0.377161786756223	0.248765393621542	17	2	0.150274046529113	0.446624736292829
X2a9df36cef9a094f6a994b66cd67d782	SampleType	Sample	-0.399859708289229	0.267795063841748	17	2	0.156130766800718	0.446624736292829
X5da7931245a6d1055707c5d9233a55be	SampleType	Sample	0.26300743284503	0.188039020431097	17	2	0.182242626764406	0.446624736292829
e6cf5e1e3102a8d96e1f287bcda03dbd	SampleType	Sample	0.563708653857878	0.318941222180908	17	3	0.097486471088754	0.446624736292829
bb846ce638c0c6cb6a97d2845e76cec7	SampleType	Sample	-0.405585622128761	0.272648909718647	17	2	0.157581672796524	0.446624736292829
d653e4ddf98c6834bdd4324c24e5fb8f	SampleType	Sample	-0.268786926520425	0.165743387346621	17	2	0.125692415220846	0.446624736292829
X0458b65270ed67487a4aaa3112eb8781	SampleType	Sample	-0.461544179988447	0.320961962209862	17	2	0.170968853852892	0.446624736292829
a7e1d38ed104e9e1e2f7e6bd05de325d	SampleType	Sample	0.324382773545275	0.242542993961143	17	2	0.201011795452522	0.446624736292829
X695fdc88d48e353dccfc6458030d6914	SampleType	Sample	0.562330262860546	0.318110919945101	17	3	0.0974380850762568	0.446624736292829
f455954a712fae9a8863f43e122d91e0	SampleType	Sample	-0.273260722237547	0.168765335648621	17	2	0.126238548028416	0.446624736292829
X4af1382d7ed6e1d718ff813d242aeea8	SampleType	Sample	0.654538530534068	0.434086274441944	17	3	0.152363033108015	0.446624736292829
X800e35a1987c1d984f1cb34a22702c1f	SampleType	Sample	0.224486809036523	0.158083701489814	17	2	0.176043180965745	0.446624736292829
X999efcd371db7ca584c201e5c2ae9075	SampleType	Sample	0.297132748465616	0.217608491688749	17	2	0.192241084959238	0.446624736292829
X5767e00a376d9618611e3b420d431e27	SampleType	Sample	-0.263237661600618	0.162067965104937	17	2	0.125146702666336	0.446624736292829
X5b92a5a6608d3aaeca3ae8783129957c	SampleType	Sample	0.23467667109443	0.165547525768739	17	2	0.176751349157741	0.446624736292829
bf490029a89f7d3384eba3e2ca0f2c89	SampleType	Sample	0.517301530583363	0.288284436820704	17	3	0.0929231648405797	0.446624736292829
d72cacc67613a0e6b36771b9ca0956ce	SampleType	Sample	0.337649157383908	0.254994315300778	17	2	0.205279235762511	0.446624736292829
b860a488ed619c3475dc69eaf9114ca3	SampleType	Sample	-0.253564274506178	0.155870335052959	17	2	0.124606314303729	0.446624736292829
X616552cbc7a45dc99b8b4aa3221c87d5	SampleType	Sample	-0.449528403185436	0.310472194006083	17	2	0.16822715157464	0.446624736292829
X4c1759cfc47fd5f1c52c8780d3fd5183	SampleType	Sample	-0.323655515708328	0.205684164839622	17	2	0.136442051418884	0.446624736292829
b706a2eb84e84281498763af7bba1ef3	SampleType	Sample	-0.525611227595417	0.377663485404909	17	2	0.184294561345516	0.446624736292829
ed90e9527358d6b4da4397389ceff1ed	SampleType	Sample	-0.403805170969995	0.271137514695662	17	2	0.157131873202585	0.446624736292829
X4972bc79a2d4541e54a49ce65d884dc7	SampleType	Sample	-0.512417749095365	0.365896752606978	17	2	0.181725809426212	0.446624736292829
ec3023af9f59d051014566604f892edd	SampleType	Sample	0.226836993322982	0.159770745502492	17	2	0.176124668787652	0.446624736292829
X1f085fb59d63314a00b54ff05dc252cd	SampleType	Sample	-0.301676852751843	0.189013989317703	17	2	0.131324975447268	0.446624736292829
d70ca2dbc8ba2a69942ac7aa006e4146	SampleType	Sample	0.244073660955988	0.172748824731374	17	2	0.178103697527047	0.446624736292829
X36186e4b6252b49c86726fe54c2b329c	SampleType	Sample	0.299246810658816	0.21950708259542	17	2	0.192911868061989	0.446624736292829
a07f40c5bcd2bb90cbf51a123aad2a9b	SampleType	Sample	0.29721494455113	0.217682184752137	17	2	0.192267106711795	0.446624736292829
X477f8900e6195d788accfe787948cee8	SampleType	Sample	0.249911107980511	0.17735925226685	17	2	0.179208177122354	0.446624736292829
X60925665d796bbf5e220bd40e2c5aa41	SampleType	Sample	-0.574922133299835	0.421956353117694	17	2	0.193143644827812	0.446624736292829
X41597ca733e93a84cb7220ad12d5d806	SampleType	Sample	-0.26446205625112	0.162871715295695	17	2	0.125253631270495	0.446624736292829
X08699c012b036fc2b322f9badba04e61	SampleType	Sample	-0.327490915005273	0.208665859418542	17	2	0.1373935908482	0.446624736292829
X20522ceb1d272e490d325475e8598636	SampleType	Sample	0.295481732146861	0.216130451217271	17	2	0.191719490599973	0.446624736292829
X96b6f18caa7136811b8d3951e6b95456	SampleType	Sample	-0.339922248696941	0.218458448091555	17	2	0.140550633085399	0.446624736292829
X2f2f63a9dbb098cf9f0fece70e2c66f6	SampleType	Sample	-0.271643258402558	0.167666917047406	17	2	0.126030910268121	0.446624736292829
ed955fdef1af2c9c45510e36a862d579	SampleType	Sample	-0.350560764968884	0.22697990012808	17	2	0.143310367915948	0.446624736292829
X397bca9f4d4d353999f1e7ab97151926	SampleType	Sample	0.271650608836919	0.195312747570026	17	2	0.184560692354116	0.446624736292829
c471a59d5e4926c7234a3f31db554682	SampleType	Sample	-0.384804784289363	0.255132924738919	17	2	0.152261923286401	0.446624736292829
X33fb1033aca0e3d89e68bc4cff2a3e8a	SampleType	Sample	-0.524859708289228	0.376992168216474	17	2	0.184150608666299	0.446624736292829
cf86a8166050b3f69a61a6c37650de57	SampleType	Sample	0.258101920900846	0.1839875512328	17	2	0.181028345628417	0.446624736292829
X2bb0c8d57a14f4d2ab8ed76a2050277c	SampleType	Sample	0.591266011299984	0.391158467940972	17	3	0.151420825834933	0.446624736292829
X0e0ff8ff79505a700e06a31dfe3d6170	SampleType	Sample	0.22356014687731	0.157424471967635	17	2	0.17602596051947	0.446624736292829
X9ec63f5f28823edbbaa47e79f6585047	SampleType	Sample	-0.417042832570614	0.282417944454316	17	2	0.160444687370559	0.446624736292829
X6060a2589525a1b33aadcab9032bbe1d	SampleType	Sample	-0.495544682066182	0.350910562718645	17	2	0.178309921677842	0.446624736292829
X84bc1f7363d12d36bcadb6fc63136894	SampleType	Sample	0.443656878457529	0.241736008440034	17	3	0.0863676085974265	0.446624736292829
c12bcb5e71dc9da466d91891420e8307	SampleType	Sample	0.831457774434032	0.553810419788608	17	3	0.154023223412379	0.446624736292829
X7d5bb135b49e95e366dd4777a61ba136	SampleType	Sample	-0.446052618292225	0.307448286937651	17	2	0.167419896590178	0.446624736292829
fe965e86a472a86d737c29605191cb3d	SampleType	Sample	0.291165908096284	0.212286924617147	17	2	0.190367028210981	0.446624736292829
X3685862ce208640f2365665eebaf0a3d	SampleType	Sample	0.270795059876634	0.194585476240743	17	2	0.184322468998969	0.446624736292829
X87bb9cedabad6cfe62ff33f67ad9b33e	SampleType	Sample	0.303651369040622	0.223483708644684	17	2	0.194318199218406	0.446624736292829
de51f12fe07ef8b14eedaa5a9b39ee4c	SampleType	Sample	0.251099666853482	0.17830991071572	17	2	0.179454107721241	0.446624736292829
X3b15c7cfffae3950566e9471442af265	SampleType	Sample	0.253557226810243	0.180287835017527	17	2	0.179983115764343	0.446624736292829
X43d91e2a2e9e2d5d35ee44de51474417	SampleType	Sample	0.330875773376571	0.248614748999337	17	2	0.203106427284625	0.446624736292829
X53aad9de07e793ff4c2f6465162198f1	SampleType	Sample	-0.276806518960419	0.171195759273476	17	2	0.126731465348697	0.446624736292829
a83707acc3e3a4833628212cedd03eff	SampleType	Sample	-0.461743978552707	0.321136839819394	17	2	0.171013795757125	0.446624736292829
X17a1b0bc3d6c7c4544cc08acbd59ade0	SampleType	Sample	0.279389170663375	0.201958658233204	17	2	0.186787260131633	0.446624736292829
afac881fbeac64205b28f7829230d347	SampleType	Sample	0.236836607298663	0.167177246591254	17	2	0.177009577092012	0.446624736292829
c4cc65fa746de3d0a890c38d4840fb48	SampleType	Sample	0.330907103846681	0.248644153261805	17	2	0.203116510730075	0.446624736292829
cbfdee097bd700b2bd86faf7805a474b	SampleType	Sample	0.320334230929824	0.23878024378946	17	2	0.199702343926162	0.446624736292829
X7b9fa341d85956650dcbd3308f183733	SampleType	Sample	0.277221166720241	0.200084822576597	17	2	0.186151459008048	0.446624736292829
f282bda4ca410c191b2f3045114d6e35	SampleType	Sample	0.246084790839251	0.174325973195078	17	2	0.178463829567706	0.446624736292829
fbbe5d4fd0afc7a0782c2a12ebd57d43	SampleType	Sample	0.284760495678923	0.206639024045152	17	2	0.188396348889568	0.446624736292829
X010b6f66e86eee40b0e90678a0ba5a83	SampleType	Sample	0.337281185793933	0.254646598712485	17	2	0.205161606268766	0.446624736292829
aabdd1d1d7efe80597416deceb71e1c8	SampleType	Sample	-0.256156455194416	0.157503672817478	17	2	0.124694441929292	0.446624736292829
X5445f5928b18548d13bb03bef475e1ba	SampleType	Sample	-0.513423867398306	0.366792630429534	17	2	0.181924826412738	0.446624736292829
bd55a232e5fc172c1ddbd95193e9662a	SampleType	Sample	0.255883051047667	0.182174561725559	17	2	0.180507707673389	0.446624736292829
X94aa9e077dfcbe183ccb942bf86dd9af	SampleType	Sample	0.234795630776656	0.165636870163249	17	2	0.176764679867759	0.446624736292829
ce8eb6f2433c501c0c9364595357de1f	SampleType	Sample	-0.380482220354518	0.251526365434145	17	2	0.151139220919344	0.446624736292829
ef35e7407c6946cad81f361363c40d4f	SampleType	Sample	-0.279004969534254	0.172717710725993	17	2	0.127061532001748	0.446624736292829
X6ba5495a444387d9d891b830cfeb43a4	SampleType	Sample	0.520153738824711	0.290787915002825	17	3	0.0938613331096694	0.446624736292829
X8bd2eda9bc7f8e67d4b7852e8b42db3a	SampleType	Sample	0.328668908821374	0.246546092698104	17	2	0.202395524859383	0.446624736292829
X72eeab06e3bffea17e6d07140e9ab7db	SampleType	Sample	-0.292104149106497	0.182007614156592	17	2	0.129358722756058	0.446624736292829
X969b8f168858b0d5a5b9416d70c12055	SampleType	Sample	-0.494517779645478	0.35000092892922	17	2	0.17809721473097	0.446624736292829
X535bdc243b4c0e3493f9f243ed39a390	SampleType	Sample	0.33238027161101	0.250027869397389	17	2	0.203590324004834	0.446624736292829
d293665b2768ab1222430ffd480a1a0c	SampleType	Sample	0.320878884461127	0.239285374625323	17	2	0.199878587009658	0.446624736292829
fb622c3d2887ebbe56ee302a5cf8827c	SampleType	Sample	0.335790893290094	0.253239653822335	17	2	0.204684685230184	0.446624736292829
X41e7fe1229e8899c9e52e2e7f3ceef55	SampleType	Sample	-0.405236429007298	0.272352337943003	17	2	0.157493554119436	0.446624736292829
X1bf32bea30cb8f390c43038b372cf317	SampleType	Sample	0.44802251378357	0.252525318749188	17	3	0.0963296872799681	0.446624736292829
ce1cf9b0fd7c10bc6237a3ecd2569007	SampleType	Sample	0.270446459415247	0.194289587245698	17	2	0.184225907801293	0.446624736292829
ff7038cd20c766efdd2c50be3b9d02fb	SampleType	Sample	0.314385884629828	0.233286154507236	17	2	0.197777475131313	0.446624736292829
X4ee8db4a26d8229aedb4e16fb3916506	SampleType	Sample	0.281336602323381	0.203649451601608	17	2	0.187365389150245	0.446624736292829
e83838009c29882892fbbcbe69a1191c	SampleType	Sample	0.716360013703442	0.421088721307856	17	3	0.10953465321891	0.446624736292829
X8e490d45974c33907e9c026762c7d9f0	SampleType	Sample	0.284760495678923	0.206639024045152	17	2	0.188396348889568	0.446624736292829
X8e1d94095f3012b64addd432f7db3939	SampleType	Sample	0.291165908096286	0.212286924617147	17	2	0.190367028210979	0.446624736292829
X219da155c523b01905322e83bb0a94e6	SampleType	Sample	-0.330875753836244	0.211313306837577	17	2	0.138243292202059	0.446624736292829
f16ba3cf01f0dd8d9ec85422f8f8001c	SampleType	Sample	-0.397874717875599	0.266117075823512	17	2	0.155624921427101	0.446624736292829
X59122b542440ef71e3074678098192d1	SampleType	Sample	0.269981388002681	0.19389524164083	17	2	0.184097548869943	0.446624736292829
X61e79872d23ea55c885700d84bad52c8	SampleType	Sample	0.512784144210817	0.286464812631407	17	3	0.093649560676524	0.446624736292829
X200ed4e2bcdc93a8e3219e4fc1cac531	SampleType	Sample	0.223942155505223	0.157695819968816	17	2	0.176032010878518	0.446624736292829
c7cc8250a2c6c388408552b07d0f9d92	SampleType	Sample	0.329142560972299	0.246989658437734	17	2	0.202548205656882	0.446624736292829
X40aadc96251f7eaa21b1d6b54ee132b6	SampleType	Sample	0.308055140701288	0.227486755563791	17	2	0.195733338374075	0.446624736292829
X17263f5aac70515624265bbee155d3e5	SampleType	Sample	0.308055140701288	0.227486755563791	17	2	0.195733338374075	0.446624736292829
X102b5e7a36bed4c09fc640bfd19284b2	SampleType	Sample	0.305751176323498	0.225389147009019	17	2	0.194992033386877	0.446624736292829
X3462c201cb8229fca73b7a5896e209e3	SampleType	Sample	0.240844667231496	0.170242376229465	17	2	0.177574497477767	0.446624736292829
X4b6363f7219590e6b6d0d63adb1bd3f1	SampleType	Sample	0.499792464557096	0.277810142922241	17	3	0.0921592852714117	0.446624736292829
ca42b94826b8f2982a1dadda8adea8a5	SampleType	Sample	0.255369727986478	0.181756933623225	17	2	0.180390012557589	0.446624736292829
cef8c0d7cf426fc6b2649d7982eb9ef2	SampleType	Sample	0.323336444417889	0.241568774245325	17	2	0.200673537326641	0.446624736292829
cf89f36dca1955302e394d90718247da	SampleType	Sample	0.249715054910593	0.177202818992856	17	2	0.179168256600405	0.446624736292829
X977fb21d6f4db7fd99dba05ef97ff277	SampleType	Sample	0.263722728819112	0.188634593075179	17	2	0.182426366153924	0.446624736292829
fd078ea41cbc91cba9bb7d73006d1b51	SampleType	Sample	0.295176693089356	0.215857829604937	17	2	0.191623357613048	0.446624736292829
X3f8c8ff36eeb80593f7ed8646467fc60	SampleType	Sample	0.234676671094432	0.165547525768739	17	2	0.176751349157738	0.446624736292829
X15f70377a20620ede76a1f2a910a5fa2	SampleType	Sample	-0.818821092805623	0.6228813730252	17	6	0.208400580151935	0.446980827852168
X1b0326bf0a6dcef5d958da5e0b43a284	SampleType	Sample	0.658740709664485	0.500365664232767	17	7	0.20776219159395	0.446980827852168
d39a46f68a57269dd32b1088c531e628	SampleType	Sample	0.34711719699121	0.263983592748886	17	2	0.208285903898698	0.446980827852168
X940097833eb7d2ef2747302c1da644d7	SampleType	Sample	0.348046713455273	0.264870338182865	17	2	0.208578780047981	0.446980827852168
X2deb64e909f9e2e4c880315234bb1784	SampleType	Sample	0.34804671345527	0.264870338182865	17	2	0.208578780047985	0.446980827852168
X31d5fee3a1deeebfbe7d249f8294399b	SampleType	Sample	-0.677658760956283	0.515370763965361	17	2	0.208293761411627	0.446980827852168
X520c24bfc48093490bc5498851b47e57	SampleType	Sample	0.35057000096634	0.267281156953178	17	2	0.20937153200969	0.4474947884855
X5af440d086cbbcc0059dd031d34c3306	SampleType	Sample	0.350111987729484	0.266843167616491	17	2	0.209227890468095	0.4474947884855
X7ec59e87dd07cc4fb55d7ffef529c198	SampleType	Sample	0.350544668214905	0.267256927237335	17	2	0.209363590179635	0.4474947884855
X7b3b47b36e3b19f25b8c6d80c16f3d2b	SampleType	Sample	-1.13091662942154	0.863506022187298	17	7	0.210009342618917	0.448033498502615
X3ac8b44e9af87ad4d70b0ad308967655	SampleType	Sample	-1.26944884534256	0.971085192278562	17	7	0.210813296047846	0.448033498502615
a80a62ba30fea2eed0c6c8d5daf9b2da	SampleType	Sample	0.391460047866828	0.299699837276366	17	4	0.21116903523936	0.448033498502615
X9889d0b7e20cf6b5ec191c5d47526786	SampleType	Sample	0.354095749910114	0.270658442429957	17	2	0.21047335093748	0.448033498502615
X510afa20f16cf64e1ee273d11240918f	SampleType	Sample	0.355903630803212	0.272394015650125	17	2	0.211035543594074	0.448033498502615
c2f46b55e93cb1be1ab7e263f23ed974	SampleType	Sample	0.355282995524899	0.271797916192267	17	2	0.210842763906792	0.448033498502615
X34076347f80da89f96cb58ba6a5ad9e1	SampleType	Sample	-0.695001905297072	0.531247486272189	17	2	0.210483338566623	0.448033498502615
ebe45afddc58cc5a75f0e3abe982aecd	SampleType	Sample	-0.698674062763951	0.534612285524384	17	2	0.210935052495871	0.448033498502615
aa4412926d0ab579cc985ee87d24481d	SampleType	Sample	0.356705677715625	0.273164795276699	17	2	0.211284331048391	0.448033498502615
X92fd25d988fa75e53fcaa4c1e6ec8e26	SampleType	Sample	-0.555476353691867	0.427009428990648	17	4	0.21293865602272	0.448181567402094
bb729ad32f334da79f02ba537d1bd5f2	SampleType	Sample	-1.04159998049072	0.799358703100519	17	16	0.212208284475839	0.448181567402094
X19ffcc8f06422b6b81f2a65bbf134dea	SampleType	Sample	0.544447834777821	0.426939331095047	17	4	0.221624025248111	0.448181567402094
X80380f29e51d9ff29653a529d29d3fc4	SampleType	Sample	-0.84378407126268	0.664058948587832	17	14	0.223208789871339	0.448181567402094
dd3feb8bca4f233f9df1a182c90ff495	SampleType	Sample	0.396454570077967	0.311906625311472	17	2	0.223062735859565	0.448181567402094
X9278c3ba31355d47f18a60ce54266a48	SampleType	Sample	0.627320916428715	0.491063153930082	17	5	0.220853459620374	0.448181567402094
c251ad2522d7bcf25e41815542a477f4	SampleType	Sample	1.04218967686459	0.817099436777037	17	5	0.22154135697647	0.448181567402094
cd78e353ff7460b7e9e77db2ede05397	SampleType	Sample	0.971736956596907	0.757284718894575	17	12	0.218898853710221	0.448181567402094
d20f9a5bc3810caaba5b2c041c10e0cd	SampleType	Sample	0.700925143624663	0.547198758849651	17	11	0.219668136925646	0.448181567402094
dbfb582c73805f1a26459ff564c0d568	SampleType	Sample	-0.766812561608992	0.597219185259137	17	2	0.218630903704004	0.448181567402094
X2bbb28b70c3a3757e48663f4d0003ecc	SampleType	Sample	-0.823516070626185	0.649522451980889	17	2	0.224168810627654	0.448181567402094
X4563fde74ffe06000388f04756869d56	SampleType	Sample	-0.540105975071507	0.420359272594427	17	3	0.218325850990281	0.448181567402094
ab2a3e824df82facfae0d793da4705ce	SampleType	Sample	0.399667331185559	0.315078154344006	17	2	0.223963435217234	0.448181567402094
X8158dcac1d1fed642b0f35ade437767e	SampleType	Sample	-1.03709161813624	0.801884476885835	17	6	0.215464625609267	0.448181567402094
X22cff5314e438d12ca41cb76554b2010	SampleType	Sample	-0.827119140537166	0.636938973062128	17	7	0.213696525975456	0.448181567402094
X754e12c467abe38b8d8aa9c79952a7f9	SampleType	Sample	0.392924320539238	0.308427812012387	17	2	0.222063807968571	0.448181567402094
e03940331073c6b255c2e172c2ebcee0	SampleType	Sample	0.579636434394014	0.445112615243474	17	4	0.212481387693931	0.448181567402094
X5228684e612e6b373dc2539e6e5b9baa	SampleType	Sample	-0.866367748143952	0.673104266394442	17	5	0.217559361226705	0.448181567402094
X3d2cb4d432637a967953485f20f9eec5	SampleType	Sample	0.378903957499684	0.294679481923465	17	2	0.218002793499375	0.448181567402094
X45bab4fbcb036809afc69312addc38d1	SampleType	Sample	-0.759017121848303	0.590041742509325	17	2	0.217811988846948	0.448181567402094
X589ec485d0d65062e45cc72b27c2fa31	SampleType	Sample	0.381906170987747	0.297613899090657	17	2	0.218884806325611	0.448181567402094
f6dc0d9bb4478adb020c279e21ee3727	SampleType	Sample	0.962103844354418	0.743895816104198	17	5	0.215460095938895	0.448181567402094
X7959e4a1f3af0b7246a5f6684f36f684	SampleType	Sample	-0.528393782345119	0.411238381217644	17	3	0.218320103592583	0.448181567402094
X5a74db6cdc06a2c143f0f054a65f5e00	SampleType	Sample	0.395533323974534	0.310998174881495	17	2	0.222802986654278	0.448181567402094
X100c2a43ee71e19b2d15def65bbbddf1	SampleType	Sample	0.400786726703559	0.316184401772329	17	2	0.224275372484985	0.448181567402094
X19178e9039383c16712445f0a3f830d5	SampleType	Sample	0.364469709214323	0.280651008662892	17	2	0.213671927751336	0.448181567402094
X541703dce27469eac4123100880a390d	SampleType	Sample	0.905484503491822	0.70573161984533	17	6	0.218947307570079	0.448181567402094
X82c56fba54a6e974c430ddba263f7ed7	SampleType	Sample	0.369769630943491	0.285785951389015	17	2	0.215279041777585	0.448181567402094
X04ecfad5772d2e09a84a0f5ef460536c	SampleType	Sample	-0.794904514541435	0.62311140307662	17	2	0.22146308342232	0.448181567402094
dd58878721711c036b87553f6d7a9a38	SampleType	Sample	0.364828687287665	0.280998198025818	17	2	0.213781379667492	0.448181567402094
b185f57f40198db04639beeb79ebb9c8	SampleType	Sample	-0.535282944700371	0.41954565266545	17	3	0.221407558316645	0.448181567402094
X79d1ad2dbd4d8f70633a4cf6027ad04f	SampleType	Sample	-0.548959072037386	0.423692301739406	17	3	0.214678600055772	0.448181567402094
X87a7893b4c1f49d3e8bc80c4280a4fa8	SampleType	Sample	0.371560681610915	0.287525547549161	17	2	0.215817787128317	0.448181567402094
be26719008e0a28040f4982b00a94897	SampleType	Sample	0.39587160679003	0.311331708142882	17	2	0.222898443258454	0.448181567402094
X0d3a3d1cf7d4f42efdf5f41ab5a1c3b0	SampleType	Sample	0.367639220939305	0.283719542079708	17	2	0.214635324241103	0.448181567402094
X0d847a51c64ca11d363ef5fd6ab45d9c	SampleType	Sample	-0.774330536816311	0.604144375665703	17	2	0.219406797918191	0.448181567402094
abfdf870db951c1ae73cfb98e64549c8	SampleType	Sample	-0.601398575822922	0.462968935157832	17	3	0.213556166577665	0.448181567402094
X1155ac2d556aace4543333f51acde613	SampleType	Sample	0.379188744900829	0.294957604728164	17	2	0.218086745792895	0.448181567402094
bf781ee8a697c00a02940a47861b1980	SampleType	Sample	0.362379391058015	0.278631154312947	17	2	0.213032906477968	0.448181567402094
bf4d2095db694a920bae87f9c9b5d5ba	SampleType	Sample	0.389497566640961	0.305057326757342	17	2	0.221084991208607	0.448181567402094
X08c85fe6ede53e1b47110402705f7c3a	SampleType	Sample	0.381564449848408	0.297279622573822	17	2	0.218784749311286	0.448181567402094
f6d1e56b6ebb4aabc455ff86bafe3770	SampleType	Sample	0.399426143896515	0.314839881626486	17	2	0.223896096782073	0.448181567402094
X8aa09e183adb43b50946d430c7317a46	SampleType	Sample	0.398915209962186	0.31433521814022	17	2	0.223753296740932	0.448181567402094
X9a3209e62c8c53998522fc1e8e5d718e	SampleType	Sample	0.396396001170773	0.311848856862581	17	2	0.223046241676389	0.448181567402094
X67b0fa350f4397c2e1c7cf4556079bbd	SampleType	Sample	-0.780585622128763	0.609908581802136	17	2	0.220042208889868	0.448181567402094
fcb18e224e28d37943652dae3aeb7937	SampleType	Sample	0.377911451696629	0.293710590322089	17	2	0.217709748942784	0.448181567402094
X75c7460d38adc4deb17575f3150d8b8e	SampleType	Sample	0.396396001170773	0.311848856862581	17	2	0.223046241676389	0.448181567402094
X114d86e0a28beab55cda50bce0f78eb5	SampleType	Sample	-0.769160406740032	0.599381571381713	17	2	0.218874660550291	0.448181567402094
c0f1805357a7b4f5953fc18c38c0740d	SampleType	Sample	0.400536031301993	0.315936596961936	17	2	0.224205597084857	0.448181567402094
X8e45e522a73309958a94b147b50e4a32	SampleType	Sample	-0.810469062028132	0.637474204858577	17	2	0.222956361524446	0.448181567402094
dce2ca758fe1f37156cabbe59a00d2d4	SampleType	Sample	0.395244757173219	0.310713706539813	17	2	0.22272148893125	0.448181567402094
da1f98f3ec5868519af172a89a0c7687	SampleType	Sample	0.46020305980606	0.357005476811095	17	4	0.216901088433408	0.448181567402094
cafd370854e7f4e50694dc948bc3f853	SampleType	Sample	-0.771400645239689	0.601445134738112	17	2	0.219106016466251	0.448181567402094
f10e4f8c06c910bd2fbb5b213195da44	SampleType	Sample	0.396360653333124	0.311486920981848	17	4	0.222574639733022	0.448181567402094
d3458c1c0692654e3b252841a36efc85	SampleType	Sample	0.38674047501659	0.30235018534526	17	2	0.220290946648639	0.448181567402094
c3978ae893ddef0b444dfcb832c043a5	SampleType	Sample	0.394138394385765	0.309623459799751	17	2	0.22240843091583	0.448181567402094
X18f59cd295e400354eee27ad1b51e01f	SampleType	Sample	0.395533323974534	0.310998174881495	17	2	0.222802986654278	0.448181567402094
fee0472be80a1cd822e9ae6451a51ea8	SampleType	Sample	0.396595954342525	0.312046084553877	17	2	0.223102541560251	0.448181567402094
X467659c68009cf222bd164e059c41235	SampleType	Sample	0.384528453544315	0.300181337595233	17	2	0.219649719976182	0.448181567402094
X2f4e0e308367dbd96926da2b391b8ef2	SampleType	Sample	0.367419856007851	0.28350694220765	17	2	0.21456886506963	0.448181567402094
db3062a1505d2953bb01784d1d861772	SampleType	Sample	0.359960299415536	0.276297549916347	17	2	0.212289844758078	0.448181567402094
d8e6784796dbe1a8bc01f2a12582eb40	SampleType	Sample	0.398149179378835	0.313578834696352	17	2	0.2235388198199	0.448181567402094
a927b8ffaf0879d4892cc9b96aa5f3ad	SampleType	Sample	0.366645561697391	0.282756790607407	17	2	0.214334022222885	0.448181567402094
X9890b4c0c4482f4152a9ad8d532a774d	SampleType	Sample	0.399973054829606	0.315380225254292	17	2	0.224048726833067	0.448181567402094
X0721cf1a728948aceae05a0aa4be9b07	SampleType	Sample	0.361454224049808	0.277738176877568	17	2	0.212749169740534	0.448181567402094
X32a0e403d8ab4e864c81225189442f80	SampleType	Sample	0.361991454831316	0.278256640111764	17	2	0.212913998725956	0.448181567402094
X79bd95d89777adafb03f3ace3f426c9f	SampleType	Sample	0.367459233571344	0.283545102969561	17	2	0.214580797375905	0.448181567402094
X5de27febf2c3146c05611c279e97767b	SampleType	Sample	0.38155757052636	0.297272893834023	17	2	0.218782734133562	0.448181567402094
X4ba6d9ebb141ae2fe627316739c34abe	SampleType	Sample	0.371560681610915	0.287525547549161	17	2	0.215817787128317	0.448181567402094
e7e897e9c6f4396ae8456f5f7c9acfac	SampleType	Sample	0.365155269193549	0.281314133865385	17	2	0.213880879629638	0.448181567402094
X7676ece77d7e42fe02f1ea5bd072db9a	SampleType	Sample	-0.804068860971755	0.634697096346161	17	3	0.224525193941066	0.44831181816522
a72f9cdd7da6834e54f8810659e51943	SampleType	Sample	0.403189644328672	0.31856117694213	17	2	0.224941683179868	0.448637596487833
X8697933a3a724e01115f544eceb7ec31	SampleType	Sample	0.403610447136896	0.318977690289587	17	2	0.225057904663172	0.448637596487833
e44c0dc26e57981a91a305cb77e9b4ff	SampleType	Sample	-0.562889216718751	0.445725260816904	17	3	0.225918066967691	0.449613989014389
ed2abf50404c6a3f9ebded694af30347	SampleType	Sample	0.406592843257971	0.321932106877839	17	2	0.22587764367388	0.449613989014389
ae2030ace237249b32ce15b9b2443b93	SampleType	Sample	0.906960175298523	0.721089736618656	17	5	0.227706259902638	0.44965421410155
X0bea4866ccde81552fde378c0f2e439a	SampleType	Sample	-0.849954167784633	0.67395893208285	17	2	0.226521857860733	0.44965421410155
X9dfb6bd9f3f28f7bef21b5b782962026	SampleType	Sample	0.82221907821896	0.653839344733643	17	8	0.227790232020143	0.44965421410155
X01487c30cce81a4d51bf50bc0a4a4d9c	SampleType	Sample	0.410533637542859	0.325842294276028	17	2	0.226950126027834	0.44965421410155
X348bb73e43e5c23f7e171ffe032e6216	SampleType	Sample	0.413615934019466	0.328905548499971	17	2	0.227780487510128	0.44965421410155
c898ed2d7ce4a5ec1cd74e7e873fcb9d	SampleType	Sample	0.413535133705502	0.328825193654004	17	2	0.227758815171547	0.44965421410155
X0487cd55965400b398abc2e8e61df545	SampleType	Sample	0.410603628251043	0.32591180547452	17	2	0.226969063931956	0.44965421410155
e114927025b74b239636963ecdf5213c	SampleType	Sample	0.411132216080388	0.326436843158211	17	2	0.227111963867974	0.44965421410155
X10fbae36f6f58db20fd5a803fbd6b04f	SampleType	Sample	0.407931692283273	0.323259755686035	17	2	0.226243374384407	0.44965421410155
X16754e060d0b7f7ac8a08754e1a6c7bd	SampleType	Sample	0.408243859576726	0.323569430984745	17	2	0.226328446653324	0.44965421410155
X27af17b435f0eaea0b8e0f73e1cea442	SampleType	Sample	-0.854649579544525	0.680506629532732	17	6	0.228361899092834	0.450416483344762
X34b93394ad2057aa52c4ca717f1bf4a1	SampleType	Sample	-0.711393864028343	0.5669589215974	17	5	0.228767048272562	0.450483692786521
X9e50953b8dbc38ae98e4bf935f1c833f	SampleType	Sample	0.417276615450299	0.332549020064373	17	2	0.228756995315384	0.450483692786521
X169b6455530e3a2dc5bab9634bf5464d	SampleType	Sample	-0.604615909052825	0.482434323439265	17	3	0.22929483406273	0.450883783572173
X5295f710a2863493c3fa6f5d104b7f85	SampleType	Sample	0.419487295051406	0.334752073462937	17	2	0.229341627970195	0.450883783572173
X1764cb4530e7ac4f7216d8dc38df86f6	SampleType	Sample	0.4204996797419	0.335761647064389	17	2	0.229608086402077	0.451042422155536
a7508469f5091d6822c4a1846a20ae8a	SampleType	Sample	1.00480066222592	0.803198958745968	17	12	0.230096186322495	0.451635845101873
ff901874ac79617b42a96c2b0b7364be	SampleType	Sample	0.424262516008191	0.339517710044763	17	2	0.230591450874394	0.451743082126166
fb98d9d8aa92f0e970cb70c080580bd7	SampleType	Sample	0.709590819666788	0.5680031059889	17	6	0.23070898757679	0.451743082126166
X32828f3526355fba7a2dd8195c9c2c9d	SampleType	Sample	0.423357024173436	0.33861332500596	17	2	0.230355821471771	0.451743082126166
X6db273c98e9051a90e84cfa4ab236040	SampleType	Sample	0.42737522447148	0.342629092030358	17	2	0.231396585236308	0.45272434242849
X4e569a411cfd20e27f89d231b691d3bc	SampleType	Sample	0.649888702834907	0.521361879429305	17	6	0.231688689991978	0.452930869002031
X2e1b161a2a5d6649ae0ceacf2979d747	SampleType	Sample	-0.511442750304607	0.410521265116311	17	3	0.231932715360665	0.453043147945048
f6a07aafa12c7f7f304ef630c3576c21	SampleType	Sample	0.431391851999395	0.346649550289601	17	2	0.232424429676643	0.453329464200154
X2985b6f6842b1ad23bd5d7ca5f030fda	SampleType	Sample	0.431503064300039	0.346760955650293	17	2	0.232452711255845	0.453329464200154
X7d5aa56880a9ec00a7bb78f06f5c2d92	SampleType	Sample	-0.691042706781333	0.556072358053379	17	4	0.233047272194416	0.453863165052156
X530d24908759df11439f922b6b553c34	SampleType	Sample	-0.609164432849645	0.490450192951849	17	4	0.233287162267336	0.453863165052156
X9f677b99584402ca443227d7658e0652	SampleType	Sample	0.434447555528999	0.349712228916963	17	2	0.233198038802845	0.453863165052156
ab94e07bffa56ae195f9bd063ab6b4d1	SampleType	Sample	-0.938443477810303	0.75593153187294	17	2	0.233506618382688	0.453926396663865
X65f9c4fd5a84479707002fd015bf0a45	SampleType	Sample	0.444264457076483	0.359574165980819	17	2	0.235635060888458	0.454065022092997
X1e8eba533d1486327c9205aa00ff16b5	SampleType	Sample	-0.760561950802258	0.613179682577207	17	3	0.233895282492635	0.454065022092997
X66c75141b6cc5f29b38f794ad6433eef	SampleType	Sample	0.439607146662757	0.354909217297992	17	4	0.234510568172253	0.454065022092997
b22bcbfbabe25781b4f5e4c8a34127a0	SampleType	Sample	0.441572885158514	0.356866910740421	17	2	0.234974172255007	0.454065022092997
X7b994a5ac1a6070b92441489e0ef3704	SampleType	Sample	-0.953979634198744	0.770348032893516	17	2	0.234608477535495	0.454065022092997
X420927569d913eaae847fe04aec60ca4	SampleType	Sample	0.442800556361636	0.358101430121527	17	2	0.235276293931303	0.454065022092997
X8653676dd17688f64580f179c87a231c	SampleType	Sample	-0.533166271741687	0.430160100963937	17	3	0.234217871162703	0.454065022092997
X276633089b6d7997e07d12b0707b6287	SampleType	Sample	0.441986884487683	0.357283161852962	17	2	0.235076182235033	0.454065022092997
cb2619ac54a80b0572046fbbdf4699fd	SampleType	Sample	0.439364601931115	0.354647615935074	17	2	0.234427851452483	0.454065022092997
b3fc1cfc0a34d85c5c6916aabff1f82a	SampleType	Sample	0.443899790913146	0.359207231291151	17	2	0.235545841224399	0.454065022092997
X1516af2e087e3bac332b512450205264	SampleType	Sample	0.442711232040172	0.358011590186545	17	2	0.235254350284466	0.454065022092997
X445b68d5068cb22a86b6f544371c0736	SampleType	Sample	0.449494504826831	0.364841595261103	17	2	0.236903660696832	0.454346041210038
ae3a0d1a42996c3597632985f8aaff20	SampleType	Sample	1.16093642926697	0.941970214693861	17	6	0.236747980616166	0.454346041210038
X63eb15027711090a0a263be7532edebd	SampleType	Sample	-0.562571197455874	0.456282135136039	17	3	0.236570166321292	0.454346041210038
X37bdae13b8b7d51206f5dcb76606a2b6	SampleType	Sample	0.446902004401208	0.362229441989463	17	2	0.236277386773128	0.454346041210038
X4fa37c5ad70454356e5f3de810fb51d5	SampleType	Sample	0.449194343817464	0.364539047364132	17	2	0.236831407328563	0.454346041210038
X6cc505bd745105bef4167a97323eac30	SampleType	Sample	0.446088332527255	0.361410054837941	17	2	0.236079789594942	0.454346041210038
f71db93be1c531888484e813725fa680	SampleType	Sample	0.450792134602706	0.366149876115869	17	2	0.237215248162271	0.454584548175213
de30694dcd21f73a62f7f0cead171178	SampleType	Sample	0.425274746813703	0.345977887077457	17	5	0.237932491107223	0.455599438807837
X9b807181eb796f6f8658db88e02c3ab1	SampleType	Sample	0.608799642518327	0.496486121039565	17	4	0.239019361182186	0.456241359237694
ed0353e296a05c601d545958eb699a9b	SampleType	Sample	-0.448756698784057	0.365747251322279	17	3	0.238748454786599	0.456241359237694
X906bff177d7fcdfacb74eaa7d55b5f19	SampleType	Sample	0.457265053793231	0.372683810913035	17	2	0.238750919407055	0.456241359237694
X8508cc2babc7fa9026dd0ec7c44927e1	SampleType	Sample	0.458110390377306	0.373538063141868	17	2	0.238949198882801	0.456241359237694
X2a23013dc8d92c3d6904ea9171324339	SampleType	Sample	-0.446817207142519	0.365115563708214	17	3	0.239915082133085	0.456873583858141
b5fad28e9432bef29887fb334b0dc354	SampleType	Sample	0.461822937522785	0.377292280451761	17	2	0.239813843052073	0.456873583858141
d347c5d57c346ce7e9f23f2efb7ebe66	SampleType	Sample	0.461681112077449	0.37714878877593	17	2	0.239780995834255	0.456873583858141
X19d8685c1c767a1204159aed4fb29258	SampleType	Sample	0.464450417225137	0.380296592789396	17	5	0.240827002658239	0.457891904819268
X66013b3cf0edb984e5baef7de3f88953	SampleType	Sample	0.466183830463876	0.381707228742332	17	2	0.240816771047097	0.457891904819268
X8a9be522625d780ad4262efbc53eda02	SampleType	Sample	-0.573130563005305	0.469528232564513	17	3	0.241059672838672	0.457975653875035
b48a66a13d96875cba60b1e2f35f600e	SampleType	Sample	0.990019133009576	0.811647320194427	17	5	0.241386055922352	0.458098896807803
X4f55bb19baeb2eb8268302eb1c84cd1c	SampleType	Sample	0.471708684378505	0.387308208297669	17	2	0.242067909639379	0.458098896807803
X25ae5ed2b7758ea173a35ccc38eda4bb	SampleType	Sample	-0.458422601520998	0.376113406318478	17	3	0.241726400207838	0.458098896807803
X08e3c534c72a65c575eb38cf61b166bb	SampleType	Sample	0.470798601564637	0.38638501183588	17	2	0.241863300800648	0.458098896807803
cfbf23e8fbdc32bb41dcd615269fa982	SampleType	Sample	0.471405902722787	0.387001038992785	17	2	0.241999901631307	0.458098896807803
X8f4c101dad164251d4878936cbc25ece	SampleType	Sample	-0.963527340906148	0.791612566455183	17	13	0.242343040404458	0.458262384814661
X4b8c193ffabd01fc570b6820496fd2c6	SampleType	Sample	0.475353755183388	0.391008016655323	17	2	0.242881590764747	0.458923348153156
X7d90d5ed128c6d4519c33e4e5b4deda9	SampleType	Sample	-0.780126312059099	0.64257481774337	17	8	0.243492910668635	0.459720674263955
X1f93c77d645099d4e473c8ae649b23bf	SampleType	Sample	-0.488384170537371	0.402797771427727	17	3	0.244080387534678	0.460114270911644
X1f3719dee285b2b4d5a72defe8ad0b6f	SampleType	Sample	0.480018179695348	0.395747533726877	17	2	0.243909358809326	0.460114270911644
X5d0c548e712a3061cb02d0cb6856fd22	SampleType	Sample	-0.734733921661225	0.606916842236902	17	6	0.244779124665116	0.460716057896824
f4bceeae772fe5d1c10e76993f2775fa	SampleType	Sample	-0.990195621324594	0.817724090297656	17	6	0.244661559609223	0.460716057896824
b742d2c5dc2d56380a963392a7e31ede	SampleType	Sample	0.486081205989827	0.40191633098166	17	2	0.245223038027499	0.461194063772865
X9424c4cde9ac3d8bb3707412cb09cac6	SampleType	Sample	0.911161608034764	0.75502993158583	17	5	0.246201269252999	0.462553853440762
X81eb9613c7b46fdbfd42f65d244633bd	SampleType	Sample	0.493033395039845	0.409000658509631	17	2	0.246698978247257	0.462553853440762
X74e200e33e541656067ea73dd728d295	SampleType	Sample	0.491544549610208	0.407482567206206	17	2	0.246385596841809	0.462553853440762
d1ec4cc8677264fd80400fbcf6b0d338	SampleType	Sample	-0.414565284216288	0.3440985304007	17	3	0.246950786234063	0.462553853440762
X38bddfc43efeb8e27c692d807257718e	SampleType	Sample	0.494828617841701	0.410831817494878	17	2	0.247074910743513	0.462553853440762
X8cbf44d507b343d30ea1154bb1c5bc28	SampleType	Sample	0.494896600815068	0.410901175647661	17	2	0.247089105400605	0.462553853440762
X70f34d28cc14b3b96bb169c9203961f1	SampleType	Sample	1.12294004225787	0.936931778071747	17	8	0.249304624781723	0.466211455951281
X1c5437a8d37998b2e0ccecf96d1ba7a0	SampleType	Sample	-0.502740669672329	0.419756172369129	17	3	0.24961898382894	0.466211455951281
f8af12b7d91adeaaa9cc9f797cc88c29	SampleType	Sample	0.507189088616946	0.42345890890819	17	2	0.249606790802379	0.466211455951281
X50f3f1be89a3396424a0398df35f30cb	SampleType	Sample	0.510835207446679	0.427189805310192	17	2	0.250335187372051	0.467189727086348
X310aae89ac71938da77feea20c4e7e64	SampleType	Sample	-0.902011852864879	0.754948302495652	17	8	0.250715798366855	0.467540674681047
X125fd13beded469cd0956fa00aab7082	SampleType	Sample	0.698473073291971	0.585563724990015	17	5	0.251466649879382	0.468288880617364
X398effe356695ecb2193dd8b9c68b8cb	SampleType	Sample	-0.444006209695437	0.372261507892443	17	3	0.25150275960669	0.468288880617364
f52cc48609defa77a00f73123ba2b223	SampleType	Sample	-0.840619556093888	0.706183176873836	17	4	0.252399591823037	0.469239057386167
f65e1a651f358b15364cffeb81519bf6	SampleType	Sample	-0.45514426216084	0.382313792952199	17	3	0.252350509344989	0.469239057386167
d307934c6fa813bafba49a7150e73feb	SampleType	Sample	0.526996019752255	0.443757502882325	17	2	0.253466171055818	0.470861410346997
X168dee81a28715fc5595ac791708e750	SampleType	Sample	1.68773171971773	1.42179000800245	17	6	0.253668694626178	0.470874683357975
X85d1f849e5799e97c5b3e48d1c87488d	SampleType	Sample	0.718744439626347	0.605746050069697	17	3	0.253861186373801	0.470874683357975
a189de0ee748ae23d4105412fc4c6b60	SampleType	Sample	0.531106326039336	0.447978953304582	17	2	0.254237835856554	0.471213332411995
X06aa8371756490aa26b512dac0839f29	SampleType	Sample	0.935364506116233	0.789803292265165	17	13	0.254721227685356	0.471749153943588
X58b61ab2faf46b2e723b61cb75d41d73	SampleType	Sample	0.622650819079808	0.526098445064809	17	6	0.255018944189604	0.47194054610698
X3f07c5798efd8deb6095045db89ee137	SampleType	Sample	0.53918145028181	0.456280898577505	17	2	0.255725719800365	0.472888078960614
X8595fe44ffc2097137b3548ddceb90ee	SampleType	Sample	0.732207677444472	0.620322881991156	17	4	0.256235113278159	0.473109395467202
X9d8b838d3bccf3b1c77d3643fcaadf71	SampleType	Sample	0.541288605507117	0.458449028391615	17	2	0.256107947781245	0.473109395467202
c400bb9ef12cb34392453dd557713e2b	SampleType	Sample	0.607696990182797	0.515732524244389	17	7	0.25702543177027	0.474147557817231
X330511b25fce830f4ad4b90a0e70a290	SampleType	Sample	-0.908316107296566	0.771133235454245	17	7	0.2571879463119	0.474147557817231
f4667215c7b7194e69731dadb04fcc35	SampleType	Sample	-0.386536836086137	0.329582180397832	17	3	0.259161541422262	0.477019843895526
X23e79c786386a012505f5d5b273eacbf	SampleType	Sample	-0.750520357937561	0.639903690576153	17	5	0.259139802676209	0.477019843895526
X8cd3fa8146e64c007907291b4c7caf87	SampleType	Sample	0.559641738826965	0.477362596037941	17	2	0.259335335231505	0.477019843895526
X04a19bf7f368bb14b2ce0bf00b9f925d	SampleType	Sample	0.789705284919053	0.675150797365636	17	3	0.260383540434193	0.47858534153991
b28d50f8401c6660191fcf0576c96b5a	SampleType	Sample	-0.761680183446856	0.652677157077167	17	9	0.26142473564168	0.479119895048266
X0a05ee4d171b0d8a22c44965669531a1	SampleType	Sample	-0.388547766916659	0.332701065229549	17	3	0.261092332268339	0.479119895048266
X322a5b348bf6b1f290646f2cf2b18fcd	SampleType	Sample	0.572327151775991	0.490464004414499	17	2	0.261463698904017	0.479119895048266
d9790dbdac3ab364ac86871f0422daba	SampleType	Sample	-0.398965633462911	0.341764703971757	17	3	0.261283724834722	0.479119895048266
X4c99063a98b560e23602bb9a246bf6f9	SampleType	Sample	-1.07829177438951	0.926961563740774	17	6	0.262898111672845	0.481252441611157
X549d14931548412e9a6a570d41cc8828	SampleType	Sample	-0.486960579061003	0.418734411345041	17	3	0.26302388386244	0.481252441611157
a97a936bbae1f78f23b105c7e7bd179c	SampleType	Sample	0.48229425205651	0.416092402696373	17	4	0.264533908269618	0.483650850360417
d9feec8235be0ffac8f36ea3ca8cd990	SampleType	Sample	0.59469927386541	0.513620687278529	17	2	0.265026822812876	0.484187453566338
X982925871472c4f876909ed322877969	SampleType	Sample	-0.62264637461797	0.538337439153639	17	4	0.265520559356796	0.484275197075866
X3106ea771f08d96b8963c628fee0d234	SampleType	Sample	1.18916030278261	1.02893323986103	17	5	0.265872667916857	0.484275197075866
X4449b17589a37c0ce7471a656c28168f	SampleType	Sample	0.587974594439697	0.508686998662572	17	6	0.265814921260157	0.484275197075866
a178b94595f8d2b9c1a9b92ada87e899	SampleType	Sample	0.531032881317562	0.459065734166962	17	6	0.265457615699695	0.484275197075866
X846ed899f8d8ae5228d0aa0a4e294f47	SampleType	Sample	-0.401417502364708	0.347807189517961	17	3	0.266501228303908	0.484739292651905
X83b25d85c95c7a3e76d1cab65e5528c5	SampleType	Sample	0.604575446468831	0.523862041175632	17	2	0.266526752755475	0.484739292651905
be1c022b7913c07466599480771ca475	SampleType	Sample	0.479605597439322	0.416187250000512	17	6	0.267200633759496	0.485389604981812
X892007b0cf39fd7a0a52602d7d3891ff	SampleType	Sample	0.662129175850065	0.574680300263145	17	5	0.267284144094186	0.485389604981812
X3a218447b4453c013ce47c49e91976ab	SampleType	Sample	-0.656912516731952	0.570871715004962	17	5	0.26786250982416	0.486076363118879
X4427631ba12d1e17a839f754f0970e4b	SampleType	Sample	0.616250562813541	0.535982473912517	17	2	0.268245391574357	0.4864076256479
X8cdc57833ef0f9307e17386efbd280b3	SampleType	Sample	-1.26754656394184	1.10315607770842	17	8	0.268541153200092	0.486580537290913
X4e67b78eba413547c5a0c3abe7b533fc	SampleType	Sample	-0.796228702575032	0.693619935932185	17	12	0.268975413475999	0.486653305253542
X4ea7833e20479f7f51d1a0725301792f	SampleType	Sample	-0.666219826766878	0.58037365570287	17	5	0.268982181075063	0.486653305253542
X720e20ef0af502df74e5dc4b4fd9ee6e	SampleType	Sample	0.614629876395674	0.536447237391612	17	8	0.269852981568891	0.487865256328569
X4bff8d96fb4e0a5ebceb210074d463ae	SampleType	Sample	-0.479498097380366	0.419106431057234	17	4	0.270513469306117	0.488695463895277
X5bb4493caabb56b78b99ee150f358d3c	SampleType	Sample	0.298292756539229	0.260865817199603	17	4	0.270764394242835	0.48878509235807
X22d47ace5170b49b15c402d08c27745a	SampleType	Sample	0.866549966053473	0.759458149312781	17	8	0.271755394984342	0.490209583225842
X756de14d7ff3198c158caaa15cb45bfa	SampleType	Sample	0.75147704021359	0.659848692349807	17	7	0.272622592757256	0.491408801198677
X7192fde7619b605afa8fdcbe100ccbd7	SampleType	Sample	-0.673228213109707	0.592105031943877	17	5	0.273372949927442	0.492395788148241
X185474c3dc53ff6ff5abb3d7d564841a	SampleType	Sample	0.929599389180319	0.818148305291733	17	12	0.273690834331477	0.492602924949464
X73559856950a5d6dabd4d45634d9939a	SampleType	Sample	-0.665529343997185	0.586564231340045	17	4	0.274340188917083	0.493040694811753
c3c77a60bf78b5495110b7be950f306c	SampleType	Sample	-0.479229932791148	0.422280878682715	17	3	0.274243764401717	0.493040694811753
ece90a7187114a07725d074efe460109	SampleType	Sample	-0.829221474088968	0.73138906054564	17	11	0.274689864313175	0.493303987094962
X679851382058cf63aed5afad912fbd49	SampleType	Sample	0.665713604944341	0.587475257121217	17	2	0.274927823368046	0.493366411779465
bc73346bf0a44abb6a190813b03b316b	SampleType	Sample	-0.526899350941383	0.466330515906722	17	4	0.276269853467812	0.49540857032485
X447fafcd4605f30e0e711a9b948cdcaf	SampleType	Sample	-0.33646124925844	0.299521006391386	17	3	0.278954761239265	0.499531284157126
X9cfbccc48b63a139f7c2f3aa3cd75667	SampleType	Sample	-0.33736856262027	0.300345377586814	17	3	0.27898040416683	0.499531284157126
X4dee2f4d0a9682e994e943ab8cb6914b	SampleType	Sample	0.476991435620508	0.425328574316316	17	5	0.279722595026533	0.500491128020944
X8f60b4663eba42735add79c7655f8337	SampleType	Sample	-0.716366814608832	0.64117188021256	17	4	0.281452495985558	0.503215508286402
X46ca097e633fe69ec90772cf148a72eb	SampleType	Sample	-0.593290248190585	0.532139665560972	17	4	0.282431905848349	0.50385353960308
X134a793f609e157b315d5ecc6e6b182e	SampleType	Sample	-0.670066325012435	0.600832485029076	17	3	0.282301055513205	0.50385353960308
e59beb781a2e6e377ce04cc9c90c6f30	SampleType	Sample	-0.36389884867667	0.326327580188074	17	3	0.282340995040948	0.50385353960308
X2e2d0d2f648a8ce511450a4df9c71794	SampleType	Sample	0.668946901135251	0.601497135962152	17	4	0.283586700429212	0.505542223672633
X215f6b9380f0892e9e490572221f021c	SampleType	Sample	0.600548730223681	0.54193203846137	17	4	0.285244758252283	0.507752399586908
X4dc741dd427173dfc7c53adc527826df	SampleType	Sample	-0.391863867389536	0.353491495077166	17	3	0.285081712673369	0.507752399586908
e4fa90adb5cb71217e9e8b01c611aaa8	SampleType	Sample	0.540020549711802	0.488600358385117	17	3	0.286468766652641	0.509557630353561
X922414fd1c48a7f30c1c59fa8536ce2c	SampleType	Sample	0.557170821837967	0.504709643202063	17	3	0.287012984570324	0.510151922794104
X8223dcff6e9b96f3e9285ce3a260cfde	SampleType	Sample	-0.597345595034015	0.542304860089859	17	8	0.288043167666665	0.511608493851253
b64810a9bcdbb39e6ea6607148fa08ee	SampleType	Sample	-0.37483239823851	0.341086473092869	17	3	0.289121840861517	0.513148998254213
X6cc11d3c63b78e99b16e67e996f43658	SampleType	Sample	-0.66028795190993	0.602611038169324	17	4	0.290486262378678	0.514888279838598
fde8e84cce41b1ce4694d7b9a136fed0	SampleType	Sample	0.531249064098947	0.485106712180771	17	7	0.290737986679867	0.514888279838598
f53287ebc21f0c7e12926a12007164ed	SampleType	Sample	-0.316994461570757	0.289402874357941	17	3	0.290643943820019	0.514888279838598
X1b894e7b3abc023b445b8edae5056a21	SampleType	Sample	-1.12613619473192	1.03293830129755	17	14	0.292818161986619	0.517966061856182
X1a9f6dc8ea60ccc6a41f023eba35d657	SampleType	Sample	-0.349992927589121	0.321233545205602	17	3	0.293115885086653	0.517966061856182
X4b9ef26c1eb03685b09376914bb4d022	SampleType	Sample	0.497167351632365	0.456260680548825	17	3	0.293061103153098	0.517966061856182
ea5114b2e35c6ea63901f2e114fa7f39	SampleType	Sample	0.945676355064107	0.869528462699929	17	14	0.293950549323712	0.518787451502413
X117a12b24ca312fb2c8304666d637467	SampleType	Sample	-0.381177635977901	0.350527731011163	17	5	0.294008045003015	0.518787451502413
f53b33bd3d2753c5781bd871f0b909ff	SampleType	Sample	0.48621257914302	0.447538527028779	17	3	0.294446303456409	0.518806694333935
X42effdac1fe2cfcb2ccd7af252442f91	SampleType	Sample	0.436804397631989	0.402036481212105	17	4	0.294418699111255	0.518806694333935
bc3a28c452bf7b596755085b0a60233f	SampleType	Sample	0.501023584512827	0.462147257637399	17	3	0.295429550283667	0.52016167374093
X9de652f243e7581b82bcf0e7e54f4425	SampleType	Sample	-0.84752736001048	0.783234050568179	17	5	0.296303452399599	0.52132230610596
d322a9c851baaa3669e9403ca5fa71db	SampleType	Sample	1.17881644960373	1.0911909541202	17	5	0.297071618244762	0.52229535778297
X7493d1aedb2c77d663590d82ec640fd4	SampleType	Sample	0.467589931245816	0.433466181735794	17	3	0.29775288263764	0.523114326370615
d15bc449222795a9ff230013aa633686	SampleType	Sample	-0.41118884198975	0.382489627496259	17	3	0.299348916884679	0.525158359968208
X9f57186e68298fd99139b866e9a8155e	SampleType	Sample	0.670902174451656	0.623934642604604	17	5	0.299243323068309	0.525158359968208
X075b9b03d1538a4f56a5fcd204994dc1	SampleType	Sample	0.461137697181396	0.429175023311569	17	3	0.299590784568052	0.525203194896195
X05cef76f349996d7fc093cda2219554f	SampleType	Sample	-0.733401585796132	0.683963628009513	17	6	0.300542834318688	0.526492064737211
X987027dc44208ccada49fa8ca6ab884a	SampleType	Sample	0.751016772181161	0.70137763947286	17	8	0.301198668512658	0.526880667974592
X48815e8d0e5259fa7f9d4494aff5d100	SampleType	Sample	0.480842435133721	0.448963887515609	17	3	0.301098149069371	0.526880667974592
X4781f563195b71c4989c72a742732717	SampleType	Sample	-1.11013421798598	1.0375191469684	17	11	0.301540363799118	0.527098634488307
X5234d703355574c2c5651a4064ff536f	SampleType	Sample	0.752398557163726	0.704116134813998	17	16	0.302158376844616	0.527754722944747
X2b40c022fbe562c3b2f221f0b2d29305	SampleType	Sample	-0.641502362201375	0.601004571289415	17	6	0.302677135727812	0.527754722944747
X931c681f98c83cc6cfa618cafba4ce14	SampleType	Sample	-0.361891567024635	0.339124033149162	17	3	0.302785143765252	0.527754722944747
X9b2afb5dc1633a1864a599769e736c32	SampleType	Sample	-0.301908126464966	0.282810189627209	17	3	0.302613501303911	0.527754722944747
X577ab2fd63927a467fc472aa93939c74	SampleType	Sample	-0.757376668352043	0.710951512418718	17	7	0.303588356047369	0.528396077765599
X71fb81f61077f6242a87a4a51d97cfab	SampleType	Sample	-0.607456606711011	0.57018935769036	17	3	0.303562351565027	0.528396077765599
c146d938280275cf9b6e6d039d76486e	SampleType	Sample	1.03560576228204	0.97649187555397	17	2	0.305679047726337	0.531653816532626
X8c98595b50153db05b95a7c15b260525	SampleType	Sample	-0.496207324478958	0.469658806359186	17	5	0.307447238116756	0.533201352962489
X4c43948937b9d0fed28beda09ad518f4	SampleType	Sample	-0.650690635867249	0.615694851055086	17	7	0.307309276458811	0.533201352962489
X184d96d31a0f7629e2f3c2091ff56dae	SampleType	Sample	-0.500595334475263	0.473451485665184	17	4	0.307091832553414	0.533201352962489
X9165cf3f22b965a183e3aa1468f1377b	SampleType	Sample	-0.345557398999476	0.326843204833075	17	3	0.307124702160531	0.533201352962489
c6c422e7937936cc8b3aa5a8b979de90	SampleType	Sample	0.437644448209768	0.41533805622923	17	3	0.308695531920478	0.533840991098947
fc1ddc74a546b88d1915f9a1e6c6c184	SampleType	Sample	0.809890133703041	0.768552028757566	17	6	0.30865989808532	0.533840991098947
ec4b4d4280b1e0a1601b2ca2dfc98eaf	SampleType	Sample	-0.48687059494809	0.461815381803286	17	5	0.308453099391151	0.533840991098947
cb77f895e621296f9ac44ad0a1531f42	SampleType	Sample	0.434288132981184	0.412069790209407	17	4	0.308601453576366	0.533840991098947
X6a09d5845ed7314d9bb521c0d1a7a336	SampleType	Sample	0.702865494138836	0.668509778318758	17	11	0.309722848499172	0.535236353135936
dc5f2dd3c3d2c044e4a0b92b66404ba7	SampleType	Sample	-0.674006267201055	0.642469696945608	17	7	0.310748164176222	0.536626274978569
a130124737fcdfbd98b30e43310f4735	SampleType	Sample	-0.601402613506939	0.573712063882513	17	5	0.311113903901391	0.536746725193603
X7f7f581b24451331c4f5dc0950c90ca9	SampleType	Sample	-0.293873463455578	0.280430260077089	17	3	0.311260044922814	0.536746725193603
e018027ae4ac53f0766656b67ac716cd	SampleType	Sample	-0.942170113899872	0.901161781733067	17	12	0.312345683353294	0.538236564358976
X7fce74cb443a745e3d77a49d56e0de1e	SampleType	Sample	-0.302676449118432	0.29114020408653	17	3	0.314982942695208	0.542396159477989
X726a7a94581d1987e230ae082232763f	SampleType	Sample	-0.649401987454691	0.625188358014218	17	4	0.315385308376345	0.542704130926837
X8e346461669207cab6d70c3446911f43	SampleType	Sample	0.813437386029283	0.78435357675338	17	11	0.316128790271849	0.543598231430629
X8cff7bc3fb5f7586f26e4837583cb108	SampleType	Sample	-0.389629111658996	0.375913353605224	17	17	0.31639649521408	0.543673524684916
e7da42f9000caabfe585a8d3d507975e	SampleType	Sample	0.402536556851128	0.389569958100759	17	3	0.317843703949384	0.545348288440271
X15dd721c2cadf5fa9486db1a75cf3091	SampleType	Sample	-0.457273329409101	0.442733983456425	17	7	0.318044965581312	0.545348288440271
X1406cab91377de7a3ba021fc160fc8d6	SampleType	Sample	-0.661240977223856	0.64017733780944	17	6	0.318016476020005	0.545348288440271
X63825a52c887578db44e20ba49781313	SampleType	Sample	-1.22281863739583	1.18640556159373	17	9	0.319018882357326	0.546564719252193
c25fb25c5c55dd4c8f7f5d2a629cadb9	SampleType	Sample	-0.374397976436678	0.363393384801199	17	3	0.31920460127661	0.546564719252193
X48fcba36a1de64bd249659a9091884a2	SampleType	Sample	-0.338404135023037	0.32959468268211	17	3	0.320821748669179	0.548946586165445
X1d04bfbed61d8ca564d0c090bf7158dc	SampleType	Sample	-0.386173707666852	0.377442490972633	17	5	0.322463470467872	0.551161650100234
X2bbe52154caa4c2adf279cb6aa9f2db5	SampleType	Sample	-0.404714325375936	0.396140398703614	17	5	0.323145071612598	0.551161650100234
X437d37103a43df7c01b9cb40e5963d67	SampleType	Sample	0.267814617884443	0.26196503225248	17	4	0.322830910303524	0.551161650100234
X4fa0335215cc2dc477195b206712ff9d	SampleType	Sample	-0.298112108089541	0.29179617332824	17	3	0.323144445719515	0.551161650100234
X89f22d820e6da5e389f734e495de0491	SampleType	Sample	-0.279423482238568	0.273565948338168	17	3	0.323251313732592	0.551161650100234
X3a4629502b41450600e793677caa5387	SampleType	Sample	0.352675975600924	0.34649409749328	17	7	0.324890456627824	0.553567739433233
X2438c6bded651e17749490fb3d360a95	SampleType	Sample	0.780478569135614	0.770756203263103	17	5	0.32730083962315	0.556545430102152
X08cc5ca9bbbb0709cef52dde95e762f2	SampleType	Sample	-0.349863305397858	0.345219093817637	17	3	0.326913150377046	0.556545430102152
c75d13589e903c4f3bc3ab2e4beb56f6	SampleType	Sample	0.45425472211912	0.448619953963642	17	4	0.327325730719058	0.556545430102152
X72da9bd2dac35c1c366f11e4e243b498	SampleType	Sample	0.808100493311354	0.798745483358582	17	5	0.327718036370036	0.556822527856156
b2ec0c366fd68090f7f876d279e9b01a	SampleType	Sample	0.530307400262969	0.526393320810478	17	3	0.329701333941406	0.559800586580234
f6907f697361593491030f7dc8a198aa	SampleType	Sample	-1.05357527744546	1.04966224414911	17	17	0.331427802757016	0.562338717745656
X18a47b13b6250cc908af72f722d2cfe6	SampleType	Sample	1.08886380829141	1.08586822601476	17	6	0.33188015850712	0.56271300618386
X8b3cd304d438f52eb5ef55332df50d3c	SampleType	Sample	-0.6218336856853	0.620815892650816	17	6	0.332403096130421	0.563206362459639
e82c8533f62da7b4f2f73a4eabccc8fd	SampleType	Sample	-0.419089468133287	0.418895525069864	17	3	0.332953392781339	0.563444340733456
X2023079d8aa6920d055be6308fdabf4b	SampleType	Sample	-0.263889389482233	0.263797846578254	17	3	0.333007672550457	0.563444340733456
X2f4a3ef5de56c8b5b8470e19c136c025	SampleType	Sample	-0.766749577707989	0.768281472318614	17	5	0.334104720660867	0.564906867524085
X8ebe6251e8fbcc226351c3df5884798b	SampleType	Sample	-0.599505640308141	0.604149044422231	17	4	0.336782870314549	0.569038837246851
f158a6309a99a6bb06bab97188e09659	SampleType	Sample	-0.445756745178639	0.450606286711975	17	4	0.338236688201318	0.571097829591655
c2169a2367142d716e13824cef7b215e	SampleType	Sample	-0.564388471334734	0.571341794880655	17	4	0.338903503483747	0.571826064251938
X0cc9c55d721f5f3d43ec8bc2fe132d0e	SampleType	Sample	0.672150574046126	0.681046313001012	17	16	0.339326316210888	0.572141872055581
X91c17131cd04751c175243c37e94f7eb	SampleType	Sample	-0.513821237458135	0.52159821137064	17	4	0.34020376441059	0.573223275495429
X0bbdb9142f35f4f921582b626e73ac05	SampleType	Sample	0.540263167021152	0.550056149540325	17	6	0.341580927273441	0.574347985747864
X38329f153e46c35cf169cc509224ebaf	SampleType	Sample	-0.57089636871104	0.58110253581253	17	4	0.341466485614571	0.574347985747864
X7c8ac152cdc8e3a2522acc386fca48a4	SampleType	Sample	-0.667276268739291	0.679157739812692	17	6	0.341433593971678	0.574347985747864
X45bb43b8bc1f16292a3ff842bf199281	SampleType	Sample	0.786497962624586	0.804219076225156	17	5	0.343601874171993	0.577346263314601
X21021bdd12e09ce57c9809e7f6a75cb2	SampleType	Sample	0.858814889980213	0.879355271532108	17	8	0.344235577774199	0.577914179240108
X2081602c247656e13b84098f86f682fb	SampleType	Sample	0.640002697194601	0.655562267579583	17	9	0.344415905008417	0.577914179240108
c9051647c434169c0c0548c0b891ddcb	SampleType	Sample	0.850541540490409	0.873091436515078	17	9	0.345420246953733	0.579199143372696
db23a4cfcd7511e99cad65c9eb343ca2	SampleType	Sample	0.336925483659996	0.346127769732436	17	3	0.345784850271046	0.579410363325121
X4bfedc0e9de9bed36f6c448669465526	SampleType	Sample	0.792998453586051	0.815428581616186	17	5	0.34622768312008	0.579752285941762
X53bafb01e969e989f729bfa8d51be782	SampleType	Sample	0.334675565608397	0.344494283938223	17	3	0.346706498564085	0.58015394797629
X769084a00704f9d73d2ecca15adf450a	SampleType	Sample	-0.432759046045969	0.445698059217231	17	7	0.346961368729044	0.580180580767299
X0368f3c75f8c9efdd5f053d81dae45d5	SampleType	Sample	-0.270204972491549	0.278444324528891	17	3	0.347231174592134	0.580232134831178
X9c7f57129ddb57343abd55a3fa67f442	SampleType	Sample	0.862970146052325	0.890330572886538	17	11	0.347781092787008	0.580352229063131
X1f3691f5d2bb06e49f0c0c7b0d1fe1ae	SampleType	Sample	-0.655144180109161	0.675770447662728	17	4	0.347680688184327	0.580352229063131
X1dfa3991ae2e1234910a5e20ed314834	SampleType	Sample	0.515818948505145	0.533299391003611	17	5	0.34877022054086	0.580407193607408
a7e84bbc2f4f197a7b62fc7b60d69e85	SampleType	Sample	-0.251520195846436	0.259872380077493	17	3	0.348461592758128	0.580407193607408
X364785234840506d99d961c082357949	SampleType	Sample	0.546239289245749	0.564019572014352	17	3	0.348164277474043	0.580407193607408
e8bf5aff39fc303f8c5d4c6a8dd71ffc	SampleType	Sample	-0.243512235647229	0.251656152023873	17	3	0.348568768629315	0.580407193607408
X470136dfe4e4c0181388b5f03b307ee8	SampleType	Sample	0.386348309712904	0.39989677693101	17	3	0.3493034568196	0.580896433669855
ebe09965287411f89cc56280f9790a4d	SampleType	Sample	0.328612489743576	0.340315972756658	17	3	0.349550496871326	0.580909381521957
X2f6933e38aaa156e1cff2c27c9fc4c43	SampleType	Sample	-0.613318219044428	0.636089946713639	17	3	0.350233694133637	0.581646654826587
X1db2aedb3113eb91e4c997379103dce7	SampleType	Sample	0.877642729158051	0.912974465315813	17	10	0.351642317741834	0.583188215489871
X5fb5491fff26b89129586e444601145e	SampleType	Sample	-0.364124316629272	0.378779869905253	17	4	0.351638373095672	0.583188215489871
e417c151046ba195520fed7677425096	SampleType	Sample	-0.699206968469121	0.730362698240594	17	9	0.353571336440752	0.585987170565287
X45be8d5ffe7ac45f4e6ed5a4743647ba	SampleType	Sample	1.00097533566892	1.04750482446283	17	8	0.354432128825992	0.586213357486042
e77b0bbfbb644a8f848ca8bc69411534	SampleType	Sample	-0.233435618326005	0.244275257146868	17	3	0.354410283917976	0.586213357486042
X7e2adc03ce99bfe7e7a0948323cdce2e	SampleType	Sample	-0.240238190957259	0.251169899169239	17	3	0.353993995812994	0.586213357486042
X6964bb65de0df60688194be5b739b0c2	SampleType	Sample	0.306635372407431	0.322674738734082	17	4	0.357025111893554	0.59010004879343
a86e32c1bd582dcba8d221fd6994482c	SampleType	Sample	-0.262880362967062	0.277005094144498	17	4	0.357656358438997	0.590339658932621
X11ccdf0ac21b472c65e1b4ed6894c37c	SampleType	Sample	-0.363069029787837	0.382559927364919	17	3	0.357635559840754	0.590339658932621
X4a187e4af130163a1f52acc5346105aa	SampleType	Sample	-0.228026058508284	0.241204512670221	17	3	0.359453554103423	0.592903009078201
X64723e321d1e32dcc4001aac6b6e905e	SampleType	Sample	-0.413317505266062	0.43829714836168	17	8	0.360618704716111	0.594343043700619
X806b6077085e15a1de09b12792c21701	SampleType	Sample	0.586331284156924	0.622030427907646	17	5	0.360816164091727	0.594343043700619
X2e681b6d1b933b32f96cf0591725d304	SampleType	Sample	-0.951148567038618	1.01086569265308	17	9	0.361650689404294	0.595313812795678
X80adea37b591d7be9f3654798c613c5a	SampleType	Sample	0.571412664984372	0.608135047213646	17	4	0.362300833144443	0.595979961297227
X768c02ad828dacf149957d9fa614fd77	SampleType	Sample	-0.561310180380141	0.599154736645663	17	8	0.363682193691101	0.596232522810258
c5f63d29f715d92a595cde36cccd6d9d	SampleType	Sample	-0.660344226617484	0.703937802228336	17	5	0.363067602847918	0.596232522810258
X03ff4389751571679d504b8b37d762d1	SampleType	Sample	-0.541170288349499	0.576988632001394	17	6	0.363142162310466	0.596232522810258
X5068ff9a570ea542f21f7878288ab253	SampleType	Sample	-0.476692932739345	0.508791779281142	17	6	0.363644917962893	0.596232522810258
X6f8b904426153d38402d33735e59cdda	SampleType	Sample	0.304982370964803	0.325460193925801	17	3	0.363560893627216	0.596232522810258
d5f484658133dd5f0110fa2ae8be5df6	SampleType	Sample	-0.426745359774156	0.456259682572765	17	5	0.364441698383548	0.597074523397608
X6fbfd7a942ccf4066297155037dc0bf1	SampleType	Sample	-0.574260359941892	0.614439756803138	17	4	0.364793026688735	0.597247113149189
X97e3e3c32da6c00e50e7febbd1e9fd2e	SampleType	Sample	-0.5980126494689	0.641797699951273	17	6	0.366207232834585	0.598952861488009
X6fa0ad116c20e73b900b3aac7ac89b32	SampleType	Sample	-0.440303217352857	0.47266385949115	17	4	0.366328253422444	0.598952861488009
X76d519ab883bd8dcd03831ec5807379a	SampleType	Sample	1.24227977203603	1.33633681449139	17	8	0.36728979953059	0.599953468186163
X84311fa56ffef22f7e70b831f3dbda39	SampleType	Sample	-0.633729634384831	0.682284687812909	17	6	0.36768153239745	0.599953468186163
ba7511fd6b8ac09c29d16f45ff52da5f	SampleType	Sample	0.753620335486477	0.8112062126168	17	3	0.367592533194544	0.599953468186163
X730a41c0b1131e10a7dddb613cf11d51	SampleType	Sample	0.526117640078352	0.568378953038071	17	8	0.369283591237229	0.601553345481926
X344d0da289e986bb5c7e86ee7a303bba	SampleType	Sample	-0.418353731772642	0.451962598209289	17	3	0.369287586038233	0.601553345481926
b24d5754e38bfc588903b8f1e97a4f4a	SampleType	Sample	-0.306768268560599	0.331496569600703	17	3	0.369405287526174	0.601553345481926
X7983b81de5c953ff178b31f7a86b47b4	SampleType	Sample	-0.216318474927668	0.234037149466519	17	3	0.369965656316082	0.602062073415179
b0ab4756d37e8b6a29cd917e13bc198a	SampleType	Sample	-0.395152441574879	0.428268505708525	17	4	0.370780742327134	0.602984355237964
X513c058a5ee9aad1897bedee338ea3c1	SampleType	Sample	-0.666001266976051	0.724008505347661	17	6	0.372192355837925	0.603662685353696
c94124146fa5319419d291ad648a77fa	SampleType	Sample	-0.837609526795327	0.90974037596288	17	12	0.371771499815467	0.603662685353696
X0919acf89fa8a15db3c351214f6e4f7c	SampleType	Sample	-0.634184264939674	0.689197180517528	17	6	0.372041719175572	0.603662685353696
X9a6b595dadbedf9c5e93370470ed9b9b	SampleType	Sample	0.607357257655213	0.659638263042371	17	8	0.371756231515812	0.603662685353696
X7307b9ab3f984b0b40815db0440f782a	SampleType	Sample	-0.71555875629969	0.785099541607696	17	2	0.376486907644173	0.610220435086817
X4074ce86cd14964dd221e071bbe22f83	SampleType	Sample	-0.667305589423127	0.733777901106332	17	10	0.377514373799889	0.611477584780607
X6f4e8d53540daa897094612f2e212f68	SampleType	Sample	-0.466302103825091	0.514966409832136	17	4	0.379515570662703	0.614309203712695
X3b540e1a7fc2e82d748a91ea663bd352	SampleType	Sample	0.34582285162174	0.382278599411724	17	4	0.37995885085752	0.614616981933416
X9de6e8f8da09a28410fdbad96c07d9f7	SampleType	Sample	-0.61277482010246	0.678426100202051	17	6	0.380680450711251	0.615374257208334
d8a0f68e7161889fdaf9a00dee72697b	SampleType	Sample	-0.609511398935939	0.675953637703519	17	5	0.381463911730354	0.615411546632092
X1288bd755da25ee95650e54292f8e07c	SampleType	Sample	-0.69874097608309	0.774212999444767	17	8	0.381046455790368	0.615411546632092
X2a4863a84bf70e4da20cf6cda8cc8ec2	SampleType	Sample	-0.784884903192898	0.870383135243616	17	7	0.381431244669574	0.615411546632092
d137f3df2a73a2a19320c6248b490229	SampleType	Sample	-0.665555665515759	0.738722778839909	17	2	0.381850544213487	0.615454132308718
f5b2d59f2e3ba1fd09bb23659d0500f3	SampleType	Sample	-0.66428209585563	0.737542512586117	17	2	0.38199727240084	0.615454132308718
X0c3564a1f6d590f4c978b89fdb3c8695	SampleType	Sample	0.231772191912115	0.25845077950703	17	4	0.38400612985286	0.618280426580069
ebc2335e296915a462ee570d14cd35fa	SampleType	Sample	0.661850198840068	0.738771298283905	17	6	0.384468933359821	0.618615354670407
a4efc797f836690add2cdaf980930c1a	SampleType	Sample	-0.202035126136531	0.226042463534362	17	3	0.3855491692061	0.619942637637357
X3016852842ea9a989cf811fe478ec064	SampleType	Sample	0.951624948502895	1.07069930687053	17	13	0.388148003050558	0.622197123244604
X19970ead855e50ce2d315a00a7215caf	SampleType	Sample	0.373222526232968	0.419959644064501	17	5	0.388188487120044	0.622197123244604
X277b8df5f045f49f93dd4eb9e8e44be1	SampleType	Sample	0.762216708688577	0.85707955527068	17	5	0.387872082120853	0.622197123244604
X298a0f67001986beb8d9b2ea01795c39	SampleType	Sample	0.296453584522049	0.332956885462962	17	3	0.387327266962963	0.622197123244604
d60efa51f6068b616946d407a757c3c2	SampleType	Sample	-0.693828009050532	0.780973901131195	17	4	0.388342905359608	0.622197123244604
X1293b16065581ce0d3ba035cf727ede8	SampleType	Sample	-0.199432088039343	0.224551897854119	17	3	0.388488813360305	0.622197123244604
c66c82398333a5b033cfbc88f2deb5ce	SampleType	Sample	0.556588185776663	0.628921436095028	17	6	0.390129063683667	0.624412239040173
X2d4925c1a6ac3ebe2e5bb80852f9a712	SampleType	Sample	-0.493543183262251	0.558869096596336	17	6	0.391110610629173	0.625159027391462
ab12eb33327a6bf5ca58d8ef6bd91677	SampleType	Sample	-0.393058013883303	0.444878960054626	17	4	0.390898142927126	0.625159027391462
d1300f2f31f9c146c2902a7148dab9b3	SampleType	Sample	0.739096852493796	0.838567617758175	17	8	0.392016518873125	0.626194807778913
a3d9d19831a8f612445392ffc8226fdf	SampleType	Sample	-0.404563022636158	0.459280908025991	17	3	0.392288146925331	0.62621671317206
X5ee4574ba659edac67db88d3179cadb0	SampleType	Sample	0.688070474420235	0.781971655189694	17	7	0.392783402674514	0.626595336198239
X83006155afc51c05d2b42a456d5be9b7	SampleType	Sample	-0.880443481514577	1.00229016073352	17	8	0.393563339437229	0.627427306732497
X6dae6a96934f6c87ba0efd4814350ceb	SampleType	Sample	-0.715005704407778	0.814636916473227	17	4	0.393948577092441	0.627629360354624
acb1afbd01620a6468aa7958c037a05a	SampleType	Sample	-0.566939544968652	0.647499230726856	17	2	0.395061543485094	0.628577606541158
X78d4caa683937a0ef9ef35cac54f9a16	SampleType	Sample	-0.567368267164598	0.647894976809317	17	2	0.394994718823079	0.628577606541158
dc98908011dd90a64e42a19aad6340d3	SampleType	Sample	0.326178962823048	0.372794021978228	17	4	0.395391186194451	0.628690111381877
c3c2ce25cdd0424776e1791a8aa83c13	SampleType	Sample	1.02670804143726	1.17442914126874	17	13	0.395780616732583	0.6288974721379
X53a9b515fa6da39bc9eab3a1495992f1	SampleType	Sample	0.582112525032285	0.666864338943428	17	12	0.396471156404094	0.629208009843849
X6274563587d91b9c54f8dce1209943a8	SampleType	Sample	-0.557875777032397	0.639134601330019	17	2	0.39649691360739	0.629208009843849
X9341e008b618c23788a90eb25556f388	SampleType	Sample	-0.241835860370764	0.277215399552929	17	3	0.396753485614058	0.629208009843849
b7fe19357f45d58a3da15663108da6f1	SampleType	Sample	-0.489773476083476	0.562234817966722	17	6	0.397417317094709	0.629849377223207
X8827f4ed726ba06fd0b28a1ee5478759	SampleType	Sample	-0.546393113314931	0.62854325229246	17	2	0.398379517153354	0.630962470742559
X54852a8e2846df6da292b067da6342fd	SampleType	Sample	-0.537532370211775	0.620740379574944	17	15	0.400154740812341	0.633360958730355
fc3bee12d66371ab8a147dba41d7b247	SampleType	Sample	-0.407105794443618	0.471168655117806	17	4	0.401175143502811	0.633736661304376
X80ec186b20b9b29a3f07caec5604bd64	SampleType	Sample	-0.530325130330059	0.61373358110138	17	2	0.401141876415665	0.633736661304376
bf5c29c3f705178fff0cf1e73a661168	SampleType	Sample	-0.532793645026094	0.61600791091028	17	2	0.400707374891421	0.633736661304376
X418934afc8f36d1666609d0352542a85	SampleType	Sample	-0.522702374783364	0.606712535153621	17	2	0.402507762168671	0.635428378768227
f08922dbd47005a8535f7965ce212e21	SampleType	Sample	-0.515948028160399	0.600494027614031	17	2	0.403749428365157	0.636974406803509
abf5f57f4576f1c70e76f03e5dd15ceb	SampleType	Sample	-0.33843274235167	0.394496213021731	17	3	0.404455127256783	0.637272528164206
d50b6ffa8eca65f22ed88775c32fa409	SampleType	Sample	-0.512137635943723	0.596987064645731	17	2	0.404463330272258	0.637272528164206
X635d1e71cfb4846e1ddec15fc6c06c84	SampleType	Sample	0.251250861261074	0.293733728059147	17	3	0.405802703659678	0.638968200055576
a84550a2d6bf202358c055f0e974c9e2	SampleType	Sample	-0.376895958465933	0.441530398310328	17	4	0.406745210904924	0.639208655066121
X60a19e40f5c622def9527f1574a46077	SampleType	Sample	-0.186111168685269	0.21790677458312	17	3	0.406491039064244	0.639208655066121
d9228688468def12d63b10442b6ff236	SampleType	Sample	0.261731076618163	0.30652407275491	17	4	0.406608191293012	0.639208655066121
X49f822e8a64523a98608a84181db973e	SampleType	Sample	-0.401170822098653	0.470257755017025	17	4	0.407027483631912	0.63923850598854
b6f8c2473b44c27acabda1967f3d3237	SampleType	Sample	-0.221604790691316	0.260023820822977	17	3	0.40747835552268	0.639532932908253
X262e3ade3b1ae7c292c93b0178862679	SampleType	Sample	-0.490844626386156	0.577405585469196	17	2	0.408641440444675	0.640944068087642
X933db767d1b3ad87196e86e7d73f8bd1	SampleType	Sample	-0.381162896655512	0.451258031808261	17	5	0.411566774330064	0.644699437466706
X8e244c5f638a5cefa21683dc026a8c35	SampleType	Sample	-0.58097437170518	0.687495320757994	17	4	0.411354653471215	0.644699437466706
ff3c00a7c251667c047120fba528fc25	SampleType	Sample	-0.546274439620621	0.650477606879415	17	15	0.414203084241633	0.64556742701952
fda33eb8eb9fdd3aa18a81532af319de	SampleType	Sample	0.237046300953179	0.281894087794915	17	3	0.413605472026251	0.64556742701952
X1cc4a6684b455abdfc5de43c979a0f81	SampleType	Sample	0.416672938559135	0.495394841171188	17	7	0.413503935974566	0.64556742701952
X1323a5b6dbbf5e7acf1afa7d8617ff1e	SampleType	Sample	-0.729589547885453	0.867027891478399	17	6	0.413291890075038	0.64556742701952
X34425b47892462604276847bccc5adeb	SampleType	Sample	-0.463544502102575	0.552342812705156	17	2	0.41451384626171	0.64556742701952
X7a254f06c2bd0c01b8569a096c8aba66	SampleType	Sample	-0.464337519775234	0.553070104569676	17	2	0.414334346379065	0.64556742701952
f017ca2c0638d0a59c7637b6da9f7259	SampleType	Sample	-0.466184396329506	0.554764088234724	17	2	0.413918470533331	0.64556742701952
e349d4475d6278f30ad2ac69c5ae592d	SampleType	Sample	-0.467102274726589	0.5556060722594	17	2	0.413712904062159	0.64556742701952
X0846157e9888adaad753f7a4028810d2	SampleType	Sample	0.425082484390863	0.50562732355005	17	5	0.413715345811784	0.64556742701952
X87a3f5f7893202c200578156048ba8c8	SampleType	Sample	0.641701817367544	0.765461498628708	17	4	0.415010442444224	0.645820887268221
X44dae451d68dfd1be8043ec5a63237dd	SampleType	Sample	-0.460498463851646	0.54954966159435	17	2	0.415208568791471	0.645820887268221
e4e38e27fbeb070cf3dd6c66e4af390b	SampleType	Sample	-0.281219661667402	0.335976352865723	17	3	0.415716981182268	0.646197714667443
X4322f4680e8e12c643936186ff94fcc8	SampleType	Sample	-0.543524940910546	0.650449332512095	17	14	0.416484078094605	0.646562238883441
a3c32e718af3eeb60d4cf1f72b05f96c	SampleType	Sample	-0.455519046208825	0.544985133170209	17	2	0.416362494686911	0.646562238883441
af00438e369f9b5f7e406caa9216d383	SampleType	Sample	-0.446319640742796	0.536557235352743	17	2	0.418555947054552	0.649363475685911
a11ee36a8ee99c939881a077c27bb916	SampleType	Sample	-0.297524821913175	0.358285354030426	17	3	0.419326710022078	0.650143839038062
X6482f5ea0786a808c9b5baf5866c5a29	SampleType	Sample	-0.827416493291353	0.99822996185504	17	9	0.42016489257767	0.650823594612052
f1e760669bddfbfddf50f983ff00bcde	SampleType	Sample	-0.439237883057232	0.530073976104662	17	2	0.420301234082248	0.650823594612052
X5fa97937c087ce34a2c5ae09d617b9b1	SampleType	Sample	-0.437856311903872	0.528809644678412	17	2	0.420647678777328	0.65094491017932
X34c4396b5c4837b0104d5e0beeca5519	SampleType	Sample	-0.43389070193274	0.52518144349039	17	2	0.421653177494713	0.652085296151059
X53d78c0b1fafab8eec0dba5b9178deb7	SampleType	Sample	-0.426976744481648	0.518858970269429	17	2	0.423446519281886	0.654441851569968
aa44385e8a3162c46d3a745f987fac22	SampleType	Sample	-0.422799765539004	0.51504136453312	17	2	0.424555516036855	0.655738417899163
b63bbf2aceb2f73c502164dc94831322	SampleType	Sample	-0.385463402399653	0.470998651275079	17	6	0.425941937274642	0.655921921899616
fe037094f4e4d88606f217b5c3d1f59c	SampleType	Sample	-0.240718019211755	0.294644875233822	17	5	0.426727604906502	0.655921921899616
X0cf4d688b407c0268b95700e5ad19d55	SampleType	Sample	-0.633680745686867	0.773807285813355	17	10	0.425656019404863	0.655921921899616
X957a525f57ea30f598c9cdafe5721781	SampleType	Sample	-0.419989090411885	0.512473394805457	17	2	0.425312908592143	0.655921921899616
X8563f00ad4aeffbe720c5a20882f6ad7	SampleType	Sample	-0.23032124670873	0.281877661427894	17	3	0.426661295868155	0.655921921899616
X1025be4b51a1dfbd3df279f3917247c5	SampleType	Sample	-0.411390619087295	0.504621954558782	17	2	0.427687465711636	0.655921921899616
X4213a947b09d5e68fef199524f0e7d27	SampleType	Sample	-0.197429787211273	0.242171539399276	17	3	0.427686078542584	0.655921921899616
X8008747174b514dbe77f8a0dd56ac8b5	SampleType	Sample	0.247796895208511	0.303835861111068	17	3	0.427511903747753	0.655921921899616
X8f0fb68673a8b3c26f3fd210e29b7916	SampleType	Sample	-0.406783308930093	0.500417824650388	17	2	0.428996710039782	0.655921921899616
X6b2f22c9d68ce06d80e96626bc1388dd	SampleType	Sample	-0.435154079312478	0.534597361563128	17	4	0.428387048246272	0.655921921899616
X35ff2ab3cb9e8eb0463cb2a5b057f5ad	SampleType	Sample	0.23938571966262	0.293026827018312	17	4	0.426747249261722	0.655921921899616
X49b85a0cf75f80e6d37888d8532b5215	SampleType	Sample	-0.407486719477169	0.501059546737764	17	2	0.42879511536861	0.655921921899616
eb917a6b3702396a55aeea3d61c4e7fb	SampleType	Sample	-0.266165707848608	0.327341158212643	17	3	0.428870685455093	0.655921921899616
fd6fde4c8f845cf39528c8b0123fce1c	SampleType	Sample	-0.412967647554624	0.506061449773011	17	2	0.42724532625303	0.655921921899616
e877126f247e60eb27a3ac456980bf64	SampleType	Sample	-0.409366179405507	0.502774417217753	17	2	0.428259503213317	0.655921921899616
f5b60cd47a0d202cef625bdd315c96d7	SampleType	Sample	-0.407436235285661	0.501013488345446	17	2	0.428809563254909	0.655921921899616
cf5867993abb6aa99e8ffc18485653c2	SampleType	Sample	-0.405551114632602	0.499293810145016	17	2	0.429351354523352	0.656051031329577
X31ee89e4e2db78a0afe27a57867457e1	SampleType	Sample	-0.637115925799514	0.785835219824067	17	5	0.430185704704237	0.656912510076659
ae7a17d922675255f2c117041385de76	SampleType	Sample	-0.554080107264329	0.685883382704904	17	6	0.431811152487587	0.658750984681638
X2a945663bf660ed3f28afba31164b107	SampleType	Sample	-0.3967802922116	0.491297424585703	17	2	0.431932276611683	0.658750984681638
e7a22e820e63b39344f5ffdeb2d9e040	SampleType	Sample	0.254247413531843	0.31528565704442	17	3	0.432610281808716	0.659120793221757
X5c4df11899de14d45bf79d53da1d225f	SampleType	Sample	-0.394177804879656	0.488926250858022	17	2	0.432717687148056	0.659120793221757
X8e70d411c3e4e0b39089cad26f577d3b	SampleType	Sample	-0.518055794431704	0.64433492434759	17	6	0.433945480499316	0.659412427321435
X576cd6100838c548f4cebc7657f7b79a	SampleType	Sample	-0.512523099070832	0.636777559011833	17	11	0.433467718624075	0.659412427321435
X18b5d26e80637d27c31ff7a5c1eaec65	SampleType	Sample	0.484041107013157	0.602375142640308	17	4	0.434204242565727	0.659412427321435
b9fac3d7a96ab75def322fd2393571a5	SampleType	Sample	-0.38913154593601	0.484330558105582	17	2	0.434267080431209	0.659412427321435
X1d3ac0b179591cfe6e5827d4dc3efba4	SampleType	Sample	-0.392637382194151	0.487523079683571	17	2	0.43318691840748	0.659412427321435
c06de8efeadccec8f33dc90c9a63cc1d	SampleType	Sample	-0.4399630457439	0.54877485599781	17	17	0.435233157054728	0.659641763626017
de87cffa3188e308442d0d392048b2dc	SampleType	Sample	-0.386661879345741	0.482082403761809	17	2	0.43503837478679	0.659641763626017
b713233fb2f7c0a80e7ad84345cd16fd	SampleType	Sample	0.222897665110695	0.277976854433905	17	3	0.43515560519536	0.659641763626017
dc0c1382289972508f62c1eb392febda	SampleType	Sample	0.824004827224459	1.02910140895321	17	15	0.435803010486762	0.660093393301222
X375439a6fa3ad37c08956df230057fe8	SampleType	Sample	-0.380020490808368	0.476040059681911	17	2	0.437156283408561	0.661045478945488
c7ce086526e9a1b3ffccb039810db208	SampleType	Sample	-0.289525305960087	0.362753886994475	17	3	0.437248368692938	0.661045478945488
X8329d2cabd2bd021c6f2b46a7440dbc8	SampleType	Sample	0.682321253774148	0.854420139922404	17	6	0.436997128920002	0.661045478945488
X4db96387f4c66e76aec9db6a7c34c19f	SampleType	Sample	-0.378685534604869	0.474826117360945	17	2	0.437589873814187	0.661150101817577
X8699c066cefba3afa8513da99db61535	SampleType	Sample	0.574715382503742	0.721839530056351	17	5	0.438346252466088	0.661469671216695
X70920fee82c490c00a2b7ef8bd6a5aeb	SampleType	Sample	-0.376445296105212	0.472789418826214	17	2	0.438323559388335	0.661469671216695
d65afac3be5410fa256d7d5e8efdec2d	SampleType	Sample	-0.199991434604123	0.252283551116204	17	3	0.440296925486676	0.663552232368834
X1d7df63486926357c32e4d2ecaad2863	SampleType	Sample	-0.370125624091641	0.46704711103963	17	2	0.440435132394622	0.663552232368834
X065731dc70ca2e0ae56177f7be27e398	SampleType	Sample	0.372107926044598	0.469664963754583	17	3	0.44054621028771	0.663552232368834
c99293daaa3f4b14f0ece7cabc5e88fe	SampleType	Sample	-0.496356344332535	0.627498043111119	17	16	0.441267429176719	0.663943311469354
X3e1100e30e07ea9579addecaf522eb67	SampleType	Sample	0.375051131327729	0.474233330439856	17	3	0.441352761413318	0.663943311469354
d5b55bcd6d2b91ea79732e7846fe9866	SampleType	Sample	0.214323458385979	0.271271030355826	17	3	0.441798018003572	0.664201602298869
X9c3fc1534e14c8a5fc30985b7cf0f83e	SampleType	Sample	-0.365334908735868	0.462697287318642	17	2	0.442078283737025	0.664211678783104
f1a69c7f93f09e5fae3e1be1be9ca0fd	SampleType	Sample	-0.269282815477765	0.341448368368033	17	3	0.442604109951704	0.664590463180419
X58962c54ee5fe91953a64a40060465c3	SampleType	Sample	-0.471372341508758	0.598424482903885	17	4	0.44314847617498	0.664996600836126
X8e4384115dec4cbb35856b67662a45b8	SampleType	Sample	0.859552911320684	1.09372654322495	17	9	0.444167767112813	0.665703295401179
X59df091cad70ff2bacbf82a7c4724f87	SampleType	Sample	0.523486543136824	0.665970740561904	17	5	0.44407881095243	0.665703295401179
X72ddc31dfc0c6c04a76157a5083db612	SampleType	Sample	-0.356608077852829	0.454780992600747	17	2	0.44516988239102	0.666793630132879
X8dca44bec5b3e374eebbc68b22f6aea5	SampleType	Sample	0.784929575555834	1.00337229023491	17	12	0.446217655411094	0.667352382490298
X444a5d2e1edf778209fd4837af7d2e65	SampleType	Sample	-0.385973198726083	0.493227429443479	17	4	0.446072563312474	0.667352382490298
X8169ef0ad1eee6c5b9317e01110716b3	SampleType	Sample	-0.353324057796026	0.451804546375131	17	2	0.446367491418552	0.667352382490298
X640e06157c9273ad826e58c004d5a584	SampleType	Sample	-0.347762530600302	0.446767203915307	17	2	0.44844008537148	0.670038478327356
d436efdbda238017e4ef498dd05e6aee	SampleType	Sample	-0.32472432013633	0.418200935068945	17	3	0.449537592031018	0.671265235824915
d853d3a9f60f64b3d49a96ea6808b900	SampleType	Sample	-0.343613365736515	0.443011884468679	17	2	0.450023855018451	0.671578315909527
e3f39a01ae258adcd033fcd34b843501	SampleType	Sample	0.843757284740598	1.09067399167467	17	13	0.451181615646188	0.672756627903127
b9ef5caa318282f3db8bc9fdaafc09f6	SampleType	Sample	-0.199944635589286	0.258564650984183	17	3	0.451367605788383	0.672756627903127
c367d517deef81ca2861ba1c9596ced1	SampleType	Sample	-0.339182238044362	0.439004064975978	17	2	0.451751857888959	0.672916264389198
f019c487628266edc1ffdb527d9cdac8	SampleType	Sample	-0.566920656667715	0.736131071456672	17	6	0.453178648948514	0.673628592565373
X233f4984b368c629dce62662fbf10513	SampleType	Sample	0.717358292608291	0.930336546454984	17	6	0.452638836479189	0.673628592565373
d0b06589e1e807e67bd97e2693f29e80	SampleType	Sample	-0.335195556993812	0.43540067784602	17	2	0.453339835359069	0.673628592565373
X635a6378b346685f89d1f4fa594c42dd	SampleType	Sample	-0.461875862178534	0.59958596802253	17	3	0.453069796944164	0.673628592565373
X729833d6acec1576dda09a91d2cb8922	SampleType	Sample	0.638065997121239	0.829516102031084	17	15	0.453715595516859	0.673774596889868
d5051a7cc2358984499c6af1bc075bcc	SampleType	Sample	-0.331054249327009	0.431660046276836	17	2	0.455023824909962	0.675304307384711
dd69df7fa0e826fde42d13bc1231e7eb	SampleType	Sample	0.475266829640667	0.620162528702831	17	3	0.455355189926063	0.675383262761443
X479e17f7134df6c5adf0b493bfe050a1	SampleType	Sample	-0.327267270606774	0.42824176237125	17	2	0.456595336681506	0.676534258149824
X07dbf65bdc6baa0783ac99835710288d	SampleType	Sample	-0.327045101944437	0.428041293149528	17	2	0.456688488100313	0.676534258149824
db2bc13858925d4e36cd3b855072727d	SampleType	Sample	-0.241388678861601	0.316704579952982	17	3	0.457765579816197	0.67742858659108
X8f51991964b92e02b15422a8e5eec744	SampleType	Sample	-0.324295636287443	0.425561016514115	17	2	0.457850210294878	0.67742858659108
X71c73b1b3db72019e23daf904bf9e0b6	SampleType	Sample	-0.381089736472102	0.501436271025348	17	5	0.459036120341611	0.678010303637691
cd45a61ccfc5d492f579a779c1ba0f17	SampleType	Sample	0.341796564209749	0.449345025438407	17	5	0.458654166240356	0.678010303637691
dc55ab4c14313d21ee286195d8524e51	SampleType	Sample	-0.320779391129793	0.422390798458901	17	2	0.459360358107085	0.678010303637691
X7ae19414cb6006629429c0dfa5282ec9	SampleType	Sample	-0.321091481408032	0.42267209535193	17	2	0.459225196608885	0.678010303637691
af27577de5edb10c09f7fc19b9ca45ca	SampleType	Sample	-0.319002658727331	0.420789677686736	17	2	0.460134067014445	0.678739680869425
cb5982236c58d8bfc83be336d7a45b01	SampleType	Sample	0.378692055987301	0.500333364544217	17	9	0.460846130288678	0.679377294681791
X535c30c868d3e848792f485e0af176ea	SampleType	Sample	-0.313964938976301	0.416252745901127	17	2	0.462367694475429	0.680793670216099
a060a093330bab0f82c64af9145ddf0d	SampleType	Sample	-0.3139649389763	0.416252745901127	17	2	0.462367694475432	0.680793670216099
X7218b9808c4e16019cef9434b881beda	SampleType	Sample	-0.312668217807196	0.415085625468115	17	2	0.462952370241832	0.681241427240707
X9e492bade21653744bcbfc304be16fb7	SampleType	Sample	-0.416685822562606	0.555041934028538	17	5	0.464430941965725	0.682589786375775
fef971df2990d24434abdcddbf4c9598	SampleType	Sample	-0.309539532568324	0.412270835182781	17	2	0.464379861497637	0.682589786375775
X565f215f8267ea06b8cb664483dfccfb	SampleType	Sample	-0.943694792450985	1.26006285043387	17	13	0.465484265241024	0.683310638455385
b033223a359e0f71390d1caba3e8ef0e	SampleType	Sample	0.19107629809749	0.255078610221711	17	3	0.465390010482912	0.683310638455385
X680bd2312e8619e2209378e47af98710	SampleType	Sample	-0.590598822918819	0.789134461179036	17	4	0.465784632976906	0.683338422276694
bd5e5af5304197e868a2b13976f2ec44	SampleType	Sample	0.444839478682311	0.597338545757048	17	6	0.467959537209896	0.685700516804845
X201a1eeda77a206e3c62d7e7e41608bc	SampleType	Sample	-0.302040856331605	0.405531568163377	17	2	0.467900919948666	0.685700516804845
X720b43663d61f720cbda595a52767410	SampleType	Sample	0.821878175694532	1.10440532419415	17	13	0.46826526077666	0.685734652090308
c35a6b2972c0b43c6d587fb0018a0a66	SampleType	Sample	-0.317001908689716	0.426751760935292	17	3	0.469062177291453	0.68648762294373
d24ba3e2bca71e0ab8255a046debb2a6	SampleType	Sample	-0.298293032538448	0.402167161454249	17	2	0.469715464107176	0.687029606537484
ed59f72e69215cd9dc582ed9cf1928b5	SampleType	Sample	-0.401218810538557	0.541686440032305	17	5	0.47032126798626	0.687250477856204
X84069c073edf7e9dcdbe92b158591126	SampleType	Sample	-0.29679740824283	0.40082528518703	17	2	0.470450106722612	0.687250477856204
ca2afb66ed50f0650ea37bd1efa37708	SampleType	Sample	-0.193438635198438	0.261398292472262	17	3	0.470715627955052	0.687250477856204
X9b04ab8a5ee1f04a55464e5350de1f6a	SampleType	Sample	-0.294463186499144	0.398731875787829	17	2	0.471608897569149	0.688140867366522
X77b742f1171816c6a3e147850262dc15	SampleType	Sample	0.57109613490479	0.773910478858852	17	11	0.471941310922392	0.688212314065807
X97cc73525171abbbe3f8e027650879fd	SampleType	Sample	-0.251441222079894	0.341319735021635	17	4	0.472686238442151	0.6887974649664
X0014f4cfc48631fde5087c9688e561b3	SampleType	Sample	-0.291878036996357	0.396414663690382	17	2	0.472909956383439	0.6887974649664
X715b36cddccc01bdc9d4003dd7ad60d8	SampleType	Sample	-0.289810210663473	0.394562108269246	17	2	0.473964294530475	0.689919248872898
X84698283f0def78e63d1d889c7fad2d5	SampleType	Sample	-0.288517494235086	0.393404405367939	17	2	0.474629677058907	0.690473850149207
faa5c0dcb53dc1ec6e0ad209e4b5f3ba	SampleType	Sample	-0.429412256249264	0.58813441318994	17	15	0.476562201120917	0.691878838997191
f053778ac11218db2855b879731e41f6	SampleType	Sample	-0.460971846094291	0.631726612035155	17	11	0.476814195594745	0.691878838997191
X6860b39f3448ae4572a9b12afcc0a756	SampleType	Sample	-0.366712475381697	0.502574525550351	17	3	0.476834159554807	0.691878838997191
X4019c094da1212af99ed3dce8d950f4f	SampleType	Sample	0.59427213160649	0.813839993429805	17	6	0.476513820213863	0.691878838997191
X4d7e9af66394ec3a9055e049445920e2	SampleType	Sample	-0.392130885348659	0.537641068433228	17	3	0.477020253904982	0.691878838997191
badfe430d2430166a61838ee2179df26	SampleType	Sample	0.591822149362308	0.815372555136076	17	7	0.479115548096456	0.694302323357422
X4a7c189012c53f1ba02a33414b6e98c8	SampleType	Sample	-0.279769511147429	0.385579127017844	17	2	0.479263053520197	0.694302323357422
a52cb777310616d82a06843afe12cdf6	SampleType	Sample	0.598715569464179	0.827508379821791	17	7	0.480494586273654	0.695256767266049
X0419ceacd5ca9a6dcc7139be048373ec	SampleType	Sample	-0.277828996204207	0.383845487154754	17	2	0.480322707187064	0.695256767266049
bde068878d94896f5b0fc3338929f390	SampleType	Sample	-0.276601606088267	0.382749370342621	17	2	0.480999112741301	0.695572272624109
e85205b2c5bbaaeab27dd01c762f7b39	SampleType	Sample	0.447132311149502	0.620284811306538	17	2	0.482086131388955	0.696527764346156
X33572805c2c181e9ba8b6883c878db3a	SampleType	Sample	-0.708689737259608	0.983467298890735	17	9	0.482233596320383	0.696527764346156
af0734d13d54fc12a56ffe1cea938f3b	SampleType	Sample	-0.470388495288717	0.654535536338449	17	11	0.483395887202211	0.697791447162288
e3f59df2dc7e5ca4c29ba16bffb20c65	SampleType	Sample	-0.269084962551079	0.376043992361791	17	2	0.485248816001126	0.700049985294554
X20dfd847063c5f4dc6d7b782f7232199	SampleType	Sample	-0.267962960161247	0.375044194123719	17	2	0.485899428916	0.700572335752997
X2fe52f02d0f1591c5df302b9f8660faf	SampleType	Sample	-0.334034140891654	0.469676864758489	17	3	0.48787336795828	0.703000912405165
c422f08020860b0bdac09140be73a9d5	SampleType	Sample	-0.262907322734419	0.370542882636379	17	2	0.488885456007714	0.704041451474929
c9d2bb185cccf72c5eabdbc080a6be52	SampleType	Sample	-0.262378151261507	0.370072086598335	17	2	0.489203249493348	0.704081499567189
X81fdc413faba312b03fee1a2241d63fa	SampleType	Sample	-0.261286500485993	0.369101076616757	17	2	0.489862040134937	0.70461198663959
X02a857ce3cd3aa5356ead3f1ae0ce015	SampleType	Sample	-0.256910113981896	0.365211292684161	17	2	0.492547134291896	0.708054731829913
X21839e3490e30ce56ea741cab683a2c5	SampleType	Sample	0.405378280040186	0.576698434260335	17	2	0.49286599132486	0.708079190623669
d574a2b77c8a0a8e2ff4f778cfca093d	SampleType	Sample	-0.255481764352604	0.3639428008929	17	2	0.493439040582886	0.708079190623669
X311d3d484bede4575e8e4882c9cd9de8	SampleType	Sample	-0.162469350724081	0.231408507802408	17	3	0.493375037301105	0.708079190623669
b86c7a7bfb6d8b4e89849713344187cf	SampleType	Sample	-0.25483646445628	0.363369892436562	17	2	0.493844542713504	0.708242498351085
X02a66ea246a43083ba22855338d2aedf	SampleType	Sample	-0.253286585580016	0.361994321318169	17	2	0.494825044102383	0.709229756245918
b9e6b33be217639a80fbbb6cab342c37	SampleType	Sample	-0.259296736000611	0.371241599162974	17	3	0.495577630768818	0.709470806312906
dc597c01ff9d5532f2927e5acf8a3fe0	SampleType	Sample	0.374713517154833	0.536248058815371	17	4	0.495388854824793	0.709470806312906
X2ace65c195895701fd6ba94f06392444	SampleType	Sample	-0.249352689506417	0.358505673533381	17	2	0.49735613186436	0.711520059777274
c1c5f5ea9d61de0d02d9ea1e3a3e04eb	SampleType	Sample	-0.248986071994199	0.358180759882536	17	2	0.497595165363184	0.711520059777274
X9d36c6e7e59d974f9cfc12ce81c58c34	SampleType	Sample	-0.345799534491012	0.498942597665501	17	4	0.498860227685148	0.712489784011494
bfb4c0617b0c11dc1634dfb3d16e1edd	SampleType	Sample	-0.247352075134469	0.356733075231905	17	2	0.498667170024979	0.712489784011494
X033398fd9a06f48d0247ae1a6063f9d0	SampleType	Sample	-0.246037798469858	0.355569181465215	17	2	0.499537369061736	0.712771901200839
b511c5df6f25090d8e637d681e0b9544	SampleType	Sample	-0.245876164350801	0.355426074566675	17	2	0.49964488296698	0.712771901200839
d64f53290e0057135d9600d8b913d263	SampleType	Sample	-0.451708242000086	0.654455851858539	17	3	0.500606351243956	0.713724146107061
dc5d1cf280d5f22e12610d3803b9b61e	SampleType	Sample	-0.48537849887272	0.704753314978889	17	4	0.501513131517592	0.714597349368963
b473d3b9f56f04edbcc9949ac7c997f9	SampleType	Sample	0.262628930055384	0.381689515150815	17	4	0.501911801745177	0.714745955798997
b96ea0d3eaa1a062c1e8411c138f7e28	SampleType	Sample	0.34341987194489	0.501175964982357	17	10	0.503652462984135	0.716335953132529
X2e39714a77fa4eccacec0eacd077218d	SampleType	Sample	-0.468654692601305	0.684845536873066	17	6	0.50420846124526	0.716335953132529
X2b06f7a8b9354342a668f6a1ad2f37b4	SampleType	Sample	-0.239423381069615	0.34971889328948	17	2	0.504027514344893	0.716335953132529
X771dec65238599736e8addc29c56907f	SampleType	Sample	-0.23960737212579	0.349881461116785	17	2	0.50390005994008	0.716335953132529
X25ec277575c4c38dc280e1a28c0fbc15	SampleType	Sample	0.259879530495438	0.381004336281875	17	5	0.505578522696354	0.717023745973568
X31afbb2f7b567f350baa11a70394e708	SampleType	Sample	-0.237614679142165	0.348121311620955	17	2	0.505288412482869	0.717023745973568
ed15742c1be1b062b825d57f61199ed1	SampleType	Sample	-0.237211780124793	0.347765570670423	17	2	0.505571270090664	0.717023745973568
X36ced6d7e229be21b5ac7d3a85b51b2b	SampleType	Sample	-0.299726673267657	0.440318345663736	17	4	0.506430911782348	0.717394547145589
ad74b107d88b3eda15225bde8f2a7611	SampleType	Sample	0.158039120549479	0.232037651725303	17	3	0.506192200631276	0.717394547145589
e9db40c8c6bee07f62ec5d5161167f2c	SampleType	Sample	0.271363132926354	0.399464102379688	17	5	0.507284309548931	0.717552211575316
X4a9c1da085c1d3df30833063ce265277	SampleType	Sample	0.40059449613037	0.589323941737414	17	6	0.50701668021235	0.717552211575316
X033bd05d2345830636f88cb5704f35ea	SampleType	Sample	-0.234178563217264	0.345088920729959	17	2	0.507724340809882	0.717552211575316
X35c4e9ce5fbba407bf94a48774e48733	SampleType	Sample	-0.234579098594448	0.345442214690158	17	2	0.507437620910654	0.717552211575316
X90e592efca2fff3a503a196a7088f7aa	SampleType	Sample	-0.233202109161589	0.344227837273416	17	2	0.508426433926521	0.718126458157994
X4049ddcae10e884e34357d8ef9b06723	SampleType	Sample	-0.472546205782633	0.701079815765121	17	10	0.510548912462273	0.718199744761529
X4cbabed666aa810d62a53e16b8bae40c	SampleType	Sample	0.43851775555044	0.649085794468807	17	7	0.509581142051233	0.718199744761529
X1d2a2e9bf981dff3aa4c2161e2c723c6	SampleType	Sample	-0.232268260504854	0.343404594958393	17	2	0.509102043093001	0.718199744761529
X113cef49142c908128f5e5885db6677f	SampleType	Sample	-0.230850272914433	0.342155064267046	17	2	0.510135747177608	0.718199744761529
X2a19ae6da484242fb42d9a13623ba92a	SampleType	Sample	-0.331713092898604	0.491203462405599	17	4	0.50975772972754	0.718199744761529
badc61383cf0086225982f59d001834c	SampleType	Sample	-0.230357063711571	0.341720593082842	17	2	0.510497527459036	0.718199744761529
X0eecda770d70785de2cf38d31831773e	SampleType	Sample	-0.231761467707845	0.342957938467338	17	2	0.509470402108728	0.718199744761529
X02d6ac442ceffa833eb9dad31596e0bc	SampleType	Sample	-0.246119334980573	0.366934896069322	17	4	0.512579986641035	0.719389715355164
ffdda4a783ffb8bf6000e3974723bb94	SampleType	Sample	-0.265620301403658	0.395993885945586	17	5	0.512564613743101	0.719389715355164
X4bb0e903c6337cf140118344ed11a639	SampleType	Sample	-0.227909229668115	0.339565398412545	17	2	0.512310355721169	0.719389715355164
X84d146160bd500a01dc49f7aeaac35b4	SampleType	Sample	0.298303223960661	0.444297158682173	17	3	0.512170676789783	0.719389715355164
X71b850cc1c59420040864740bd2731b1	SampleType	Sample	-0.225247567893822	0.337224082451178	17	2	0.514314752159474	0.720990888131179
X749744369a2bdf5c07ec590dbd5a4e50	SampleType	Sample	-0.225570769504774	0.337508264352696	17	2	0.514069488823623	0.720990888131179
X72b97646b16e823b5d31b67a794ea974	SampleType	Sample	0.506047765186462	0.758208677475771	17	7	0.514638080019032	0.721027846674097
X116860aee27f70307062cd56aab9c56f	SampleType	Sample	-0.316112870028379	0.474067462118962	17	6	0.515020371754597	0.721147325617163
a834360740fea7a76b5bf9746ca2f2f2	SampleType	Sample	0.450736626329789	0.677631592742126	17	7	0.516042894522601	0.721417753557891
X90993ec39bf291c0f7b6f220daf66b6a	SampleType	Sample	0.334708744614161	0.503272188124385	17	2	0.516104875588985	0.721417753557891
f9e864a4b56320d9a9d165537511a13a	SampleType	Sample	-0.222995352579874	0.33524471160985	17	2	0.516038444360716	0.721417753557891
a66008bd2ac2de565316b665c8449454	SampleType	Sample	-0.221348884927604	0.333798754140213	17	2	0.517314889291237	0.722693067433328
X8491d9d63257ea2240ebeda6bc3b336b	SampleType	Sample	-0.220646213816243	0.333181928763879	17	2	0.517863907959847	0.723044030205008
e60336ff774a125113b2283f95f7c3d7	SampleType	Sample	0.149249724830839	0.226040798131787	17	3	0.519087087363837	0.724335315011147
d41d405ac891a5de15b14cb4dbd6c846	SampleType	Sample	-0.216307549061798	0.329377003328117	17	2	0.521311514140216	0.72535493199567
X7c7f2bf4c5c8298568bc224c04470fec	SampleType	Sample	-0.382501654913247	0.581394620841453	17	4	0.520569696451443	0.72535493199567
X2ad75df55f114f45759fd4f243267a88	SampleType	Sample	-0.510862827447617	0.777251556870878	17	6	0.520966866186934	0.72535493199567
X8c866d6fd971f26428fadc39d12e6224	SampleType	Sample	-0.259962803066951	0.395085011590104	17	4	0.520514451844485	0.72535493199567
X5219f5cb1dbde2f61cc82bd20a4767d7	SampleType	Sample	-0.216567918866651	0.329605161599527	17	2	0.521101776778715	0.72535493199567
X8e88969c02aa4d10048602fe065bddb9	SampleType	Sample	-0.21504966733955	0.328275070334647	17	2	0.522329982632413	0.726355783408648
bd8695f734edf25b7e56b3620e01c6d6	SampleType	Sample	0.312614498607969	0.480430838719066	17	2	0.52508535372029	0.729351967295689
X93fbcb9f788e2456c357d7d7ef6211f6	SampleType	Sample	-0.212023234890999	0.325626117699288	17	2	0.524816191843893	0.729351967295689
fd05da65cb328bfffc23057f4ba68b9a	SampleType	Sample	-0.208620167311122	0.322651418908201	17	2	0.527673680494709	0.732528128211065
X2c6d1025f95ea4a9f5cf17f3877c15c1	SampleType	Sample	-0.207372496894738	0.321561860974782	17	2	0.528738131654315	0.733586390660958
c0ecd9e8ecbe7f9cca2950ca0d1e1bda	SampleType	Sample	-0.206759720850599	0.321026950761094	17	2	0.52926427903956	0.733897012854398
eb1024e79d8a5043080187512b1ebaee	SampleType	Sample	-0.206182790970881	0.320523459641793	17	2	0.529761684516692	0.734167448633863
X3934eeb5cf9015e02dbd45a3342af237	SampleType	Sample	0.257325954126468	0.400975739512049	17	4	0.530721278129564	0.734658644982088
d1826d2ebfa7bfb2870eaccd969582f6	SampleType	Sample	-0.205403056494533	0.319843177614754	17	2	0.530437098293155	0.734658644982088
X533d315d5ee0cc1318bbd2363e63842c	SampleType	Sample	0.291080312863042	0.453971159583927	17	4	0.53107683772714	0.734731944160397
e86aff9d83cae9a0a12ce9418a82f731	SampleType	Sample	-0.203516982273555	0.318198616163932	17	2	0.532086001318236	0.735050300528476
ca9668678d33615fb4e2dd5e594c5216	SampleType	Sample	-0.203299027397621	0.318008657899161	17	2	0.532277944667495	0.735050300528476
e2b25f3dbe28d234b95e4b8cc76614b4	SampleType	Sample	-0.203641313557525	0.318306985066983	17	2	0.531976638454474	0.735050300528476
X300f9736e6e6b6dbba8bbcdba4aee587	SampleType	Sample	-0.20302701014888	0.317771607210224	17	2	0.532517907178579	0.735050300528476
X3932f685f838f186f3f1de610e789887	SampleType	Sample	0.293556261226662	0.46078310639077	17	2	0.533675383886842	0.735614924596075
X45fda4c6e6d36179fa0c4383376116f5	SampleType	Sample	-0.65902777152884	1.03332512034795	17	5	0.533236478685972	0.735614924596075
X3a4db8e6f2af3a836dad1dbbd909cac8	SampleType	Sample	-0.201542116209805	0.31647809256387	17	2	0.533835871967992	0.735614924596075
aaa659efa323c1ef325a599d1de5b93a	SampleType	Sample	0.44028625446389	0.693688113247636	17	7	0.535183562803192	0.736109218144609
d4490020076143bc300dcd67351666a7	SampleType	Sample	-0.199791592997899	0.314954286725833	17	2	0.535407281401722	0.736109218144609
ba334830c3769314c65128ce0bc1fc0a	SampleType	Sample	-0.200492743362869	0.315564484007462	17	2	0.534775557843904	0.736109218144609
X6e45e0e89547e67313b16e31f14e39a6	SampleType	Sample	-0.127947021527137	0.2015319637637	17	3	0.535076524642503	0.736109218144609
ca230262e8f9c1e33852d876eea5b349	SampleType	Sample	-0.373489408931854	0.591214820025654	17	5	0.537071569994414	0.737050638122609
X663669619c2b2ab594ec3b4518ffe1f1	SampleType	Sample	-0.248254274011225	0.393345034374896	17	4	0.537450712209141	0.737050638122609
b560d2dc340f43144cb6a28cb2392f98	SampleType	Sample	-0.197373667281245	0.312851509569196	17	2	0.537609835302776	0.737050638122609
caf8af1d7670436c8234fa82a02ad2b9	SampleType	Sample	-0.197990236067894	0.313387493964545	17	2	0.537044616236658	0.737050638122609
X542099155ac1db5241d11d00a08540f7	SampleType	Sample	-0.197603767926259	0.313051518621752	17	2	0.537398610301951	0.737050638122609
a0039c394cc495783a939e9f7213455d	SampleType	Sample	-0.590647845176304	0.937613142438605	17	7	0.538206788823596	0.737452642925334
e2f7633bb16c302b11d516a8f7b390c1	SampleType	Sample	0.329224252554229	0.524606814791798	17	4	0.539726381168191	0.738284875197953
b1875574a36bcbb5247e65d0fa09c890	SampleType	Sample	-0.219893790942842	0.349996785753376	17	3	0.539273714677945	0.738284875197953
X90bf8c4ae78fcbc99cc9fc3be8d5ec87	SampleType	Sample	-0.195121045301664	0.310894608673622	17	2	0.539695939947091	0.738284875197953
X699df2ed93ea2ec71338ef381492fb73	SampleType	Sample	-0.472169240979207	0.754321224541654	17	10	0.540754576242542	0.739274837340592
ad7cea3f47c9e64cbe5f5544c27fb1c5	SampleType	Sample	-0.403226121084878	0.64843352478525	17	16	0.54337948103537	0.739975076058278
b8bee8a38a71d07528af1bd9689f2f1a	SampleType	Sample	-0.191208043183862	0.307500274546949	17	2	0.543400148522204	0.739975076058278
X0fd35b5eb1fa4701fd522ccabe44cffc	SampleType	Sample	-0.630712446254684	1.01134903699379	17	7	0.542235389410652	0.739975076058278
X8546bced511978fc5e145209ffd02af2	SampleType	Sample	-0.191311001954044	0.307589503877575	17	2	0.543301349409643	0.739975076058278
X4f05f0f545008d7c3ac9e7c6d470f076	SampleType	Sample	-0.193030201359212	0.309080110735762	17	2	0.541662333762139	0.739975076058278
X05d385f8260362e624138cae31e3f909	SampleType	Sample	-0.191829486655023	0.308038917407843	17	2	0.54280491963723	0.739975076058278
e4f7bccf5e48903ec031e290110259df	SampleType	Sample	-0.19233172048771	0.308474353129091	17	2	0.542325805141892	0.739975076058278
X412cfdf27e638b47c5e51696819f5f3b	SampleType	Sample	-0.236099660382929	0.380565410716218	17	5	0.544311133160784	0.740800129660529
X96730263ca104bafb3991d0bea756708	SampleType	Sample	-0.37719421367553	0.612294261844302	17	6	0.547107141040295	0.742524392647197
X540256172f82babb98a840a4195bca2c	SampleType	Sample	-0.188326321486438	0.305004665874715	17	2	0.546195348860497	0.742524392647197
a925f078b34542a7e2745ffde41a3e2c	SampleType	Sample	-0.194453630579955	0.315534188637764	17	3	0.546956920145027	0.742524392647197
X02cc5d245c55e8c6b147bee1bba30607	SampleType	Sample	-0.18747887694615	0.304271450737598	17	2	0.547028475211854	0.742524392647197
X5d1fc4c11c5b0ea4713aecc115686426	SampleType	Sample	-0.187730469910528	0.304489098072103	17	2	0.546780599318608	0.742524392647197
dc26718f6ea99809fc59da715028e1e1	SampleType	Sample	0.37010182397568	0.603297227410745	17	4	0.548759223792557	0.74435050020577
b2502816cf9dc708b96025d23fb925ce	SampleType	Sample	0.263308723880906	0.429722354389942	17	2	0.549225063880675	0.744566418259229
X9ef90d113cba29a6fa3666c185cb6bd8	SampleType	Sample	-0.415895955009148	0.679616724512241	17	5	0.5497305739504	0.744835844615832
X9b85bfcdf367c14a87cc798700aa99f4	SampleType	Sample	-0.184236345397947	0.301468912183723	17	2	0.550263987190163	0.745142755659629
X49363be39f4e73fc08154c4e95e73321	SampleType	Sample	-0.513076609327125	0.846677779944978	17	3	0.553582921551182	0.748896601334351
X12fedf2d58447873ebf5d7c1ed1545ca	SampleType	Sample	-0.180920449459381	0.298607860540383	17	2	0.553652965154514	0.748896601334351
X561068de510e34e29d80bb77cce52380	SampleType	Sample	0.337807490219142	0.558885737865712	17	6	0.554590722982618	0.748995302813733
X2a1d03cc7f363ce20f526e9f1b4187cf	SampleType	Sample	-0.182547355224817	0.301706957687477	17	4	0.554190635065463	0.748995302813733
X1f052b365ef0e0f21b65f59ae1a841be	SampleType	Sample	0.253845605629346	0.420040085515778	17	2	0.554651381572938	0.748995302813733
X3bf46a1fc6f2bccdf5caeb31bd310b09	SampleType	Sample	-0.178869551820769	0.296840826394217	17	2	0.555790856269286	0.750116842146652
X83747839129954a6f9a64ce6dc274b06	SampleType	Sample	0.260810904755951	0.43400979049438	17	4	0.556856858712783	0.750399031318211
X6e698f7d7362b51dd95c2b5cd10e6f6a	SampleType	Sample	-0.231256340172367	0.384898050350075	17	3	0.556927122914092	0.750399031318211
X00c9cf9495b4554873a34eb82fb3788d	SampleType	Sample	-0.1779133570204	0.296017653717233	17	2	0.556798758714903	0.750399031318211
X4c72850cd443f090dd217fc732228e0a	SampleType	Sample	-0.453181694028436	0.756753619826266	17	9	0.558209342504618	0.751056455373221
a171071f11662f45b30b66f388c3dccf	SampleType	Sample	0.3495205581521	0.585462399325826	17	6	0.559412089499662	0.751056455373221
a192c03aff22da6065c44701eea9c11c	SampleType	Sample	0.246509322019769	0.412546823211721	17	2	0.559066588784248	0.751056455373221
X30ee7a915e81f2be6251eabe0c69b187	SampleType	Sample	-0.175022705352287	0.29353179698836	17	2	0.559889696962738	0.751056455373221
bda5f283fa6227873db686f50110e12b	SampleType	Sample	-0.175710958255099	0.294123304030624	17	2	0.559147699342123	0.751056455373221
X21e426b17544acd8bc1a274a448fb043	SampleType	Sample	-0.175236542947105	0.293715551336241	17	2	0.559658752055911	0.751056455373221
X5520169cd6626efa8fc9f7f911be3e58	SampleType	Sample	-0.175527308425575	0.293965446846736	17	2	0.559345316857116	0.751056455373221
ccb4274b4598b50d5de96d2f737e8fd1	SampleType	Sample	-0.175122952808976	0.293617938589712	17	2	0.559781383564359	0.751056455373221
X2a9ded87774bc5d82ec51054bf362b32	SampleType	Sample	0.18520683511239	0.310982127182938	17	3	0.560351922308426	0.751261439737636
X4eec64e26ba6ab8dc0be1e62d7bc5874	SampleType	Sample	-0.328380956259754	0.554611522998942	17	7	0.562608227353115	0.753864015450937
X75b2350101f4e6a267bf7c81d37edab8	SampleType	Sample	-0.140593577618063	0.237640499122274	17	3	0.562914110384081	0.753864015450937
ddb9337473f64582bae31131247a269f	SampleType	Sample	-0.559095248206507	0.948431463442778	17	16	0.564303720742824	0.754134758429293
X7987aaa1343fa88df0c87e81b3f26c41	SampleType	Sample	0.402035107519891	0.682096936711562	17	7	0.564358672185349	0.754134758429293
X5feaa88d4524bd064ae3f58d405ee1cc	SampleType	Sample	0.434519985724617	0.736669657545926	17	6	0.564075655592035	0.754134758429293
X9285aa60b5dc6276cd7e61a87dc708b0	SampleType	Sample	0.257919333536212	0.437250215488652	17	4	0.56406067034146	0.754134758429293
X2f0a05c0c43572b5db4db14cbde14b97	SampleType	Sample	-0.169950789143249	0.289180042727009	17	2	0.565477583358829	0.755214286246004
X1d1ba651814e1415fdf4eab3c393b955	SampleType	Sample	-0.169165801215214	0.288507673064238	17	2	0.566361719572656	0.75597924965498
X2bcdf5ec9d73cfa09fd4005c745f28b8	SampleType	Sample	0.474611944053522	0.810938862679466	17	7	0.567072431887878	0.756096575850504
ac937dd0986b50b6c0fc3d01f3fde005	SampleType	Sample	-0.346165709687501	0.591418319804501	17	8	0.567038249355024	0.756096575850504
X755ff3ff99a637ef0c4566d0dbf21728	SampleType	Sample	-0.439372054110561	0.751343365657958	17	9	0.56738710795304	0.756100932003283
f216f79f0a3e7b2b469c73751e885bc8	SampleType	Sample	-0.167477755488286	0.28706287765823	17	2	0.568280941531577	0.756876646208814
dfbe73d575bbe3c06fb5e35766736596	SampleType	Sample	0.362018601535981	0.621565819172674	17	5	0.568929251684612	0.757324683711753
X93f37695f1b84aaf5b62169b8984beca	SampleType	Sample	-0.391246737197065	0.672726883117361	17	6	0.569484972011526	0.757649047695334
X65524fbf0e3bbd4a2251655f81d4caeb	SampleType	Sample	-0.53748619596048	0.925746880559324	17	6	0.57013244819065	0.758095062544851
b3d73b5df65928a4f8c59f2eb7dcd58b	SampleType	Sample	-0.390111744233379	0.67629675718827	17	17	0.572606616982827	0.758628342400315
X6444657c0f5e7317624f71dc68a429f0	SampleType	Sample	0.568264360482436	0.985091107098135	17	12	0.572587114886266	0.758628342400315
X4c6671fad7a0fe506cb3b74786ee8f5c	SampleType	Sample	0.40183730212578	0.697407184701377	17	4	0.573033105420996	0.758628342400315
X6432814bdab40c918d17483b5e0c0ae6	SampleType	Sample	0.227355502600465	0.393041306212654	17	2	0.571542675035792	0.758628342400315
X35557045bde9c99dae9ad7a75e219665	SampleType	Sample	0.225453987208595	0.391109803318629	17	2	0.572862345504093	0.758628342400315
a272077e460f6e5dfede0a2c7bc5a27b	SampleType	Sample	0.226533849180517	0.392206580197784	17	2	0.572111009017232	0.758628342400315
X89f38ab057a0b6f64e3ed42f033e1cf2	SampleType	Sample	-0.164927301855047	0.284882774272235	17	2	0.57122800321023	0.758628342400315
X8b4e68d54b90b666cdb6ef50b2144cfa	SampleType	Sample	-0.163517494235087	0.283679168322797	17	2	0.572881959877409	0.758628342400315
a5fce72982aa636160694306dae14ff0	SampleType	Sample	0.224200969261361	0.389837539673858	17	2	0.573740481451908	0.759150893169064
X11305527c3c47a972169386531c1deea	SampleType	Sample	-0.216587149289045	0.37749203472293	17	4	0.574637805224421	0.759924069218352
X9399074b2afb78f0ca7f137d56a3ab17	SampleType	Sample	-0.161670985849836	0.282104360872667	17	2	0.575075615851194	0.760089055681383
a6041ebe74034791d31efb06695a1651	SampleType	Sample	-0.169403981010033	0.295903470037913	17	4	0.575466217416343	0.760191499394386
X0a88f777c02c7f724c1fddf73f51f35b	SampleType	Sample	0.221784359024554	0.387920846827779	17	3	0.57597569375437	0.760450780008488
X19b61409df7c30d2664a677418a9277a	SampleType	Sample	-0.4348186377056	0.761706843726268	17	9	0.576555717399349	0.760802870568271
X1224bfb4e4bcd362e1f17dd0978dfff2	SampleType	Sample	0.286536844294305	0.50532224532998	17	6	0.579075954098901	0.763713425612239
f3dd1ef412e09837dcbbb0a3937dc03d	SampleType	Sample	-0.156098786009579	0.277363556767669	17	2	0.581889385640239	0.767007290083877
e31fbd90ae48ef4e5dbc5a70155b3022	SampleType	Sample	-0.528335842758701	0.940515229228525	17	13	0.582582294709665	0.767087750301013
X8d22d93db74dc7edc74caf3f1cda1d87	SampleType	Sample	0.387442073453362	0.689230880611595	17	4	0.582326334426512	0.767087750301013
f555295b7f7f9ed9dbbe329b221d9e07	SampleType	Sample	-0.606474884944891	1.08541410855171	17	8	0.584578139488065	0.767520950005999
X018255ca7287be709143d4edee457b33	SampleType	Sample	0.468356494345055	0.836867200676887	17	4	0.583976218417887	0.767520950005999
X39ac7726042a7e1f67f06aeb672f398e	SampleType	Sample	-0.287878261807683	0.516315006937184	17	5	0.585368036028713	0.767520950005999
X0b0fdb5262a0f096a9447105cf77fe08	SampleType	Sample	-0.159398031692046	0.284872581942943	17	3	0.584051380545216	0.767520950005999
f860501fdaa1eeade80ae16a4d53cc26	SampleType	Sample	0.209000398232954	0.374437689035911	17	2	0.584963119375742	0.767520950005999
a2b6ef925d5401477ec8df3433647502	SampleType	Sample	-0.153288626306112	0.27497943633955	17	2	0.585440197451033	0.767520950005999
X60b3cbed8473cf7bdb4accc9dd276c00	SampleType	Sample	0.210799128868097	0.376256575255765	17	2	0.583577758877081	0.767520950005999
X44e841c41d8ad69577690d9863d5d071	SampleType	Sample	-0.153523369084677	0.275178412883415	17	2	0.585140562927273	0.767520950005999
X1664cae89a69c3de695c2a5c15afacc5	SampleType	Sample	-0.152353239606224	0.274186893771365	17	2	0.586639703685039	0.768263862215359
dfa04716f12120a3c96105bc8f022185	SampleType	Sample	-0.152452791985716	0.274271218561985	17	2	0.586511618296663	0.768263862215359
X39dc76adba771c11dda3986bf001b662	SampleType	Sample	-0.358278544471739	0.646487960460415	17	3	0.587615190495588	0.768797306156864
X267fde138d7a2db10dff02aa6ebdc7f9	SampleType	Sample	-0.207452354590466	0.374398842055319	17	3	0.587680313108378	0.768797306156864
X53b0bf16a3ebf64cb2ca3854a7853e91	SampleType	Sample	-0.151095778124995	0.273122286648728	17	2	0.588266311057626	0.768814762875308
cb5ec78471cee394f3979e8918c5af2b	SampleType	Sample	0.239636141139253	0.433597311346688	17	3	0.588631411849549	0.768814762875308
f3428288134ac8fa7a5b435a47685eda	SampleType	Sample	-0.150805903681514	0.272877005027114	17	2	0.588643593157001	0.768814762875308
X91d3c495e42075de5293ed2d938b0f23	SampleType	Sample	0.50955730743721	0.929737934505646	17	11	0.591710398688041	0.769105904165097
d3ff577f885248bc1829bba8608ceb9f	SampleType	Sample	0.298524162974641	0.542573491765259	17	9	0.590281730693399	0.769105904165097
X875c34bd3f67e4e1972ae8f1a07dead3	SampleType	Sample	-0.568532805377205	1.0337061178568	17	6	0.590419373959968	0.769105904165097
X212501721be7a1789749c014d14d36e8	SampleType	Sample	-0.148269192525957	0.270732720138803	17	2	0.591982686558724	0.769105904165097
X196931e166b0f8fb722f177efeb3814d	SampleType	Sample	-0.148323574761135	0.27077864789024	17	2	0.591910390432044	0.769105904165097
bc00be7d451bf601abfa40fe9e985ab7	SampleType	Sample	-0.14877631149266	0.271161071550238	17	2	0.591309739165177	0.769105904165097
f4fe4d67a1a47ed1afa961671a50b839	SampleType	Sample	-0.150368249192593	0.272506773776552	17	2	0.589214868159727	0.769105904165097
X492965ab1767ee9dc89665985ee3f653	SampleType	Sample	-0.148230489591206	0.270700035239429	17	2	0.592034157695455	0.769105904165097
X520476dfa9708a24c1fbbd9a6844ea25	SampleType	Sample	0.202146410378287	0.367631648650503	17	3	0.59050856257031	0.769105904165097
X1952ea7ccac5272a02dfbbec40e5bee8	SampleType	Sample	-0.148433324249218	0.270871340870104	17	2	0.591764584533909	0.769105904165097
e7648f8dc77383ec9569036610d726fe	SampleType	Sample	-0.426929584959882	0.782454765913082	17	12	0.593343416895449	0.770394554129492
X98a95bff4f362db41ca6b4d88691f079	SampleType	Sample	0.268877207225283	0.493432565698817	17	4	0.593824089716774	0.770513785814239
d55e2ebd983f8f0276403c4f1f411559	SampleType	Sample	0.197673538307753	0.363006596058619	17	2	0.5940699370034	0.770513785814239
X3d1c06be8a866a13307610746a606b8a	SampleType	Sample	-0.146315423789528	0.26908391879131	17	2	0.59460107198614	0.770790925137399
X7686779e16f84e04e1a59099e64ea486	SampleType	Sample	-0.145165930853285	0.268114978586281	17	2	0.596160924616582	0.772400600303661
c2df47694b8c0c62f5a72a5c1b33c492	SampleType	Sample	-0.175860019828898	0.327416910224071	17	3	0.599066920721263	0.775751724539321
X2bbe9ffa11b7f8f8f39949efd572622e	SampleType	Sample	0.376693567148291	0.703369282880741	17	16	0.600116820005548	0.776235626420805
a90d2253d08aa972cbadc8ec44a2ce76	SampleType	Sample	-0.35132293022341	0.657748124931948	17	8	0.60107886774072	0.776235626420805
X8eacb55f129d25a75261128d162eb513	SampleType	Sample	0.230876757337717	0.432584242146875	17	4	0.601358819315294	0.776235626420805
X90c24ac434da9c8294f1caee8b3d44b3	SampleType	Sample	-0.236895902718846	0.443848632894517	17	4	0.60134791490105	0.776235626420805
X45eaf469402754eaea12cc09249c45f6	SampleType	Sample	0.21273172978991	0.398050549405142	17	4	0.600873664159218	0.776235626420805
X162e09e3d9c5f881d4d7a1675aa2f274	SampleType	Sample	0.176832270473124	0.331061566025599	17	3	0.601073986588776	0.776235626420805
b6904b132fa7e312b8dc2803932d7f2d	SampleType	Sample	0.347789360163242	0.653669304545468	17	5	0.602478659067936	0.776442772938932
X3e81313d807b5dcbd1733917ccfd4dda	SampleType	Sample	-0.399335904654472	0.750485755892991	17	7	0.602447445355886	0.776442772938932
X16559825a2ac98bca8a02f2b5b6494e4	SampleType	Sample	-0.141001119392149	0.264611490532386	17	2	0.60193561747224	0.776442772938932
f81af456b74a2caf196dac298c9a6e0f	SampleType	Sample	-0.287619167875839	0.542194673069851	17	6	0.603550042240801	0.776629227125158
c701bd1e8c2828ad42068b9e62b37d97	SampleType	Sample	-0.311718897085986	0.58690556541398	17	4	0.603110121912007	0.776629227125158
X344b89751fc2de8f51385fa631be76ae	SampleType	Sample	0.186687650890388	0.351959607665508	17	2	0.603582928988951	0.776629227125158
X691423f72058019c2c0d097586f16030	SampleType	Sample	0.184461440279115	0.349726153207127	17	2	0.605598729189498	0.778810230122935
X6499e4803df71282d4f276bc5038b9c3	SampleType	Sample	0.44947735800268	0.85613706178061	17	6	0.607252117993608	0.780110128300784
X6d04de8cc4a1df332a852fd85ce91f75	SampleType	Sample	-0.126603258325443	0.240973960334045	17	3	0.606997645472187	0.780110128300784
a448fba42706695ea808d59fd73e5449	SampleType	Sample	-0.136948434680605	0.261213407029826	17	2	0.607746273875557	0.78033207454778
X54d27bea8f7f00f1666fc2b9457e69c4	SampleType	Sample	-0.136694387159947	0.261000767995457	17	2	0.608117002049777	0.780395391636817
a5ce2abe540b5a1f42949458e9f06063	SampleType	Sample	0.386291208916412	0.740952738295038	17	8	0.609738935872993	0.781867065406095
X13236fd3277f5ff81a6e2ab1fa9f4f8d	SampleType	Sample	-0.13547463041778	0.259980451003046	17	2	0.609907834381855	0.781867065406095
ba5dc2aa80c38c642dcbf7b13573e0af	SampleType	Sample	0.318033303831035	0.611015740150046	17	5	0.610313114458926	0.781973742430751
X1cb1cab4e83db881e4cc221cb4a980f7	SampleType	Sample	0.383532052609987	0.737528809879376	17	9	0.610636988876458	0.781976059594958
X5649447d0222bd34d28a6e5f13981af0	SampleType	Sample	0.624464263463969	1.21112046504536	17	13	0.613643234771121	0.782368504921576
X76b18d0a46a13d4468c03f3ec1970168	SampleType	Sample	0.339185050879538	0.655445557525483	17	10	0.612362718957955	0.782368504921576
X5f66f15f6cb9a7b556702e828fa430bc	SampleType	Sample	-0.411922869229893	0.798626086506484	17	7	0.613520045240683	0.782368504921576
X81703e7ea9070f5db356c359ddd4731e	SampleType	Sample	0.25739785139815	0.499398486496881	17	6	0.613774798816281	0.782368504921576
X1f3e0e00723a8b239da5ee4874e79498	SampleType	Sample	-0.132836494078194	0.257777258775189	17	2	0.61384349335898	0.782368504921576
X06e6a378dcec8f409f0fda46a3c2a1db	SampleType	Sample	0.273739102984927	0.530350012319555	17	4	0.613275585865751	0.782368504921576
dd361ff8e55a94f564c69d4c902931ba	SampleType	Sample	-0.134400256209734	0.259082609955104	17	2	0.611500239949271	0.782368504921576
X7200d1d7f5e300df144e7457b43a3429	SampleType	Sample	-0.133478203068375	0.258312714153086	17	2	0.612878228330367	0.782368504921576
X18136ef67494ec6a84c41e9d19c97418	SampleType	Sample	-0.133419218019468	0.258263483471309	17	2	0.61296673957215	0.782368504921576
X542daaf55619562eee4302a2341de57f	SampleType	Sample	-0.280294965376824	0.545850425885227	17	5	0.615080847238219	0.782806151975597
X875323affec03ddd73e936f888fac408	SampleType	Sample	-0.132220545327561	0.257263577144306	17	2	0.614774868061707	0.782806151975597
X3ffde3ddd130f449ab0a7614fba79f67	SampleType	Sample	-0.131970653626147	0.257055253698279	17	2	0.615154093068138	0.782806151975597
dba53424e92d8150b0a59c02c1bd24ef	SampleType	Sample	0.173656243002681	0.338912141757348	17	2	0.615837600789499	0.782876258426261
X03dbbb8980b7c90d5c7c9f83e16ac7fb	SampleType	Sample	0.17363951864295	0.338895438923001	17	2	0.615854058317199	0.782876258426261
X03e1b9a251a4b1e0e8cbd810bf6936aa	SampleType	Sample	-0.130632648557764	0.255940593283777	17	2	0.617198095708831	0.784174241957636
X311b65088573e7d737ac3862dc72d333	SampleType	Sample	-0.237042228979546	0.465865419037867	17	3	0.618279507627705	0.785137366380788
X7a34bd904c04a4f2d6f903b7378bd032	SampleType	Sample	0.169194284098056	0.334459955525689	17	2	0.620298562257492	0.786467315488872
e09cfeed17ee0e5aaf18e62ed186b52e	SampleType	Sample	-0.294279808522951	0.581215376401318	17	5	0.619993648476828	0.786467315488872
a60d853c569f51557b1f6226036ffd45	SampleType	Sample	-0.128924789354294	0.254519731853066	17	2	0.619840559498684	0.786467315488872
X03ff409687c3813261924a6f629fff78	SampleType	Sample	0.168232477420763	0.333501332437682	17	2	0.621278944352367	0.786934455929365
e330f9b7d5ec837cb1f853f827833526	SampleType	Sample	-0.127982230318569	0.253736497511857	17	2	0.621315219117213	0.786934455929365
X5da8dd7b442681c297e5a98c13bdc4b4	SampleType	Sample	-0.26871514828244	0.535710860142271	17	3	0.623227251537976	0.78894461247873
X8e5d84ca83d3dc0c96dd48901592fbb8	SampleType	Sample	-0.291755137100415	0.582556941205713	17	3	0.623767692594687	0.789217278592966
f0f732788ef67da775fd896b57bf1025	SampleType	Sample	-0.145943202973277	0.292443714498529	17	3	0.624985368569969	0.790306342356834
X553df8f491c5320e7db5eee35a62bcc7	SampleType	Sample	0.163450174696432	0.328740706132058	17	2	0.62625593191703	0.790306342356834
X652429f662390e6dff567844b2e233bc	SampleType	Sample	0.163573849984681	0.328863696125199	17	2	0.626125035554201	0.790306342356834
X44133021165ec1f91d55708a65c01f73	SampleType	Sample	-0.141895731185617	0.285305759121444	17	3	0.626155903230118	0.790306342356834
c140cd1b2758b99475a3b107aedfe2c5	SampleType	Sample	0.164198081453952	0.329484570969588	17	2	0.62546615217825	0.790306342356834
b0cfc2bcd6d42bd25931b0c9d97b9c0a	SampleType	Sample	0.357114459336406	0.720963344838594	17	12	0.627545005769279	0.791110734168126
X9bc801f7a80ecd8428deaf488161f41a	SampleType	Sample	-0.245165486755679	0.494841817647405	17	4	0.627467425343792	0.791110734168126
X608f80d21233a6261c4ca5704b5096fa	SampleType	Sample	-0.123647621015721	0.250143317494336	17	2	0.628249854251337	0.791177721017763
X8a237237cc0a223df5b2b7cb3c47ffc2	SampleType	Sample	-0.291979987123164	0.590558141341521	17	5	0.62817641527992	0.791177721017763
X2ac9a92b525560524bea4464ed2683fd	SampleType	Sample	-0.123346185907368	0.249893985815157	17	2	0.628741636605188	0.79127798803286
X7bbddf5f2769c69353ac0818cfd095da	SampleType	Sample	-0.123199585226081	0.249772751184591	17	2	0.62898126725841	0.79127798803286
ac1c2bb601a53bac8e65b6debe661a8e	SampleType	Sample	-0.267709628085206	0.544181525675429	17	14	0.629876804232646	0.791584306768563
X93b8f4990bcff13031bb21d0feba9ef1	SampleType	Sample	-0.591087504322763	1.20038764217296	17	11	0.629555999509088	0.791584306768563
X93ce69bae41a429b122e9515b6ad7d83	SampleType	Sample	-0.122425755610004	0.249133098369361	17	2	0.630251121268084	0.791644967635235
X053770c674f88fc74233d26dd695cc54	SampleType	Sample	-0.301218238150901	0.613699709915314	17	4	0.630654162202226	0.791741626591006
a701ea3d792859ee95d76be492299b56	SampleType	Sample	-0.335381075476585	0.691077278644616	17	17	0.634473918811248	0.7932557543119
a92f67f922033eb44348e4b8ae1a3d16	SampleType	Sample	0.683478770665026	1.40763364346054	17	7	0.634300906577986	0.7932557543119
X33a516f00563ddac500c9d4b43236758	SampleType	Sample	0.425301899873761	0.873181975170153	17	6	0.63324865499536	0.7932557543119
f8831fa35e481423c9bf15d3f4049536	SampleType	Sample	-0.36799763991541	0.754901149643578	17	5	0.632967268778281	0.7932557543119
b3d7c668f62042e81ea4183f4ec0efdb	SampleType	Sample	-0.490089218204402	1.00325667380151	17	6	0.632261336756528	0.7932557543119
X8f66bab95993ad5364ec8c3deb7f9480	SampleType	Sample	0.380566799004059	0.783335037479212	17	10	0.634108845678485	0.7932557543119
X77e7088850ceec846f635abbe8dda69f	SampleType	Sample	-0.217442145622781	0.447324895250125	17	4	0.633924951170716	0.7932557543119
X5f0adfcf206baf26db3d52d915b28548	SampleType	Sample	-0.120800609905878	0.247791301134961	17	2	0.632945423475446	0.7932557543119
ee6661de74f0dc0f622724754546ea35	SampleType	Sample	-0.119594936304175	0.246797221400003	17	2	0.634968625312251	0.793465683097348
X59da3ba21971969e8d421010ad4e2442	SampleType	Sample	-0.11890693605379	0.24623049769668	17	2	0.636132544405373	0.794102734095756
X3667bdb79bae37e87cc801ab34639b3e	SampleType	Sample	-0.119087934515053	0.246379553040895	17	2	0.635825674888057	0.794102734095756
b661cf07b63e11a160347be0584678b4	SampleType	Sample	-0.305988153473399	0.634411836092256	17	3	0.636542661177539	0.79420636245584
e9207667d9e1a42a8a6cf06f11434702	SampleType	Sample	-0.252475266446493	0.527150321655165	17	3	0.638885742293522	0.796720381247392
X8884593e6daeb04434eca7c7ea8728ce	SampleType	Sample	-0.370627183735664	0.776241898610149	17	4	0.63991476076906	0.797328569149971
X05b6f1512bcf69736ac3713898a56f66	SampleType	Sample	0.151027758288851	0.316422683458236	17	2	0.640030222929692	0.797328569149971
ba401d97a3d1fd259b0c9abfb61197a6	SampleType	Sample	0.125466743595966	0.264094734645594	17	3	0.641571870881887	0.798680301323399
be04e5a5f333faeeb89b7922cc154ccb	SampleType	Sample	0.388342843537298	0.818734248460339	17	4	0.642102120339075	0.798680301323399
X68a8a0e2cdb98b1503d6062e8a21153b	SampleType	Sample	0.163228731761481	0.343962169773192	17	4	0.641939599495048	0.798680301323399
X3c406d57ff34fbce9c8690992bdc5f5d	SampleType	Sample	-0.450049099248746	0.951346754344784	17	8	0.642977139031429	0.799359187694987
X8e797b9bf5b1d55c523d094de494888b	SampleType	Sample	0.262204334775992	0.559247053029049	17	5	0.645916704830504	0.802602742747423
ff2e65ab7ee1a994f929993a4cd98b2d	SampleType	Sample	0.32973149395961	0.704844655372733	17	7	0.646646881223356	0.80306417132036
X7111dfa20d08ec967e55b337db0875ea	SampleType	Sample	0.143399511651359	0.30889569822751	17	2	0.649147138237658	0.80306417132036
X8d10ba9ecc60725589a151d802507cb8	SampleType	Sample	0.464442252656529	0.998388047111283	17	4	0.648475691859543	0.80306417132036
b5e4e36584078c5544e0382e9245ccaf	SampleType	Sample	-0.111594418310563	0.240231701060586	17	2	0.64894028931482	0.80306417132036
fdea1742287c08bae060174c36a75564	SampleType	Sample	0.180558308525931	0.389790565138645	17	4	0.649857199373167	0.80306417132036
X260cf5726fb8fff97552a77b6401a9c0	SampleType	Sample	0.278112285191859	0.600518711611984	17	5	0.649926316575168	0.80306417132036
X8439878c2539bca397c91c2cf9a281fa	SampleType	Sample	-0.111205661821856	0.23991408716364	17	2	0.649644234180208	0.80306417132036
d7c33882ba48ddeee37712e1dd95291e	SampleType	Sample	0.144479502875284	0.3099595311446	17	2	0.647823926742167	0.80306417132036
X068d88d98dec7846b3f8a172f4042674	SampleType	Sample	0.162801700805663	0.349436264652265	17	3	0.64798175202185	0.80306417132036
c931bba869089d3dab800f822d3c2714	SampleType	Sample	-0.111419219978178	0.240088547418396	17	2	0.64925723566578	0.80306417132036
X6a7d9908806f5f833730b5dcb318948c	SampleType	Sample	-0.111332493268951	0.240017693596405	17	2	0.649414310045414	0.80306417132036
X00107bdafa378f95637473669a5b62cc	SampleType	Sample	-0.266266418070943	0.580286822161322	17	3	0.652918242965827	0.806350709013748
X420a7e9189ee45140114a4c7dfafcd5e	SampleType	Sample	0.139777947245073	0.305332863732524	17	2	0.653665527552134	0.806863193135018
fd378a4547ac236b57eaaa8f4a03bfc4	SampleType	Sample	-0.181757346150038	0.397794721996013	17	4	0.654281072880083	0.807212624467907
a2faeb0726a585595ef31b573bd21881	SampleType	Sample	-0.108245837587794	0.23750037709203	17	2	0.655083048467846	0.807791590492601
X4d375362825e9fd1a68050a148667590	SampleType	Sample	0.0990613387749926	0.21796056237679	17	3	0.655982528850907	0.808079949289701
X727b8389b538dd0b722a5ef79a07c175	SampleType	Sample	-0.208983061571529	0.459518956298541	17	4	0.65577535382682	0.808079949289701
X705f5d0a989ba0710a478c1374551909	SampleType	Sample	-0.107494757132446	0.236889151119106	17	2	0.656485822985517	0.808245743530768
X0071e3a7018acbb96f3a73be20821daf	SampleType	Sample	-0.107336336318461	0.236760295661305	17	2	0.656782887967959	0.808245743530768
X1221a418fe7897e1c143b4facb261233	SampleType	Sample	-0.106489186958425	0.236071642696984	17	2	0.658378490546382	0.809798872870626
cd07a64ceddbf8311cb8a72075cbfa67	SampleType	Sample	-0.4118050929222	0.920383050630977	17	11	0.660959613471372	0.811074013002295
d5fefa6a95119dbe2aa218d7e707b6b6	SampleType	Sample	0.411502199501891	0.919355143296901	17	6	0.660839081637485	0.811074013002295
X9a39e55dd18c687bfcd64fad3aa56174	SampleType	Sample	0.128844962100062	0.287529740030569	17	3	0.660478309011578	0.811074013002295
X883c621a94c8c41fb099d57470e16755	SampleType	Sample	-0.105066323273831	0.234916504981576	17	2	0.661085449642316	0.811074013002295
X1e56591e48022cd75744a0735eb9b273	SampleType	Sample	-0.105732442571317	0.235457049239704	17	2	0.659813937490752	0.811074013002295
X12479d8565e104f02af902b8c165c23d	SampleType	Sample	-0.227679490563322	0.511520715383253	17	14	0.662601195827046	0.812117506910527
X13497d30d81f50bda8169ee13b224952	SampleType	Sample	-0.273099670332674	0.615535644405634	17	5	0.663608374674829	0.812117506910527
X529170f84bd6b3cc571c789a249e2ffd	SampleType	Sample	-0.234846245182213	0.528758175962302	17	4	0.663277040162167	0.812117506910527
X586fd1105d7630baa71c5c77aee1196a	SampleType	Sample	0.184107013358658	0.414020177489306	17	4	0.662899308911569	0.812117506910527
c5675b36d4dea35804b0c87762f7249b	SampleType	Sample	0.132234107619592	0.297934756427269	17	2	0.663496878544779	0.812117506910527
X58b0265db6ad82d9f233c8a3fa8b1235	SampleType	Sample	-0.103251417276002	0.233445890700914	17	2	0.664588115547294	0.812497454455605
e506fed0a99720b790dbcb04fd26b9c8	SampleType	Sample	0.356247638644645	0.804834387455093	17	7	0.664346192950173	0.812497454455605
X0296bb5d13421ce997f2c4e6eb1a52f7	SampleType	Sample	-0.298531296856372	0.677724423151144	17	10	0.665863476652818	0.813646965935099
ebf00dd6a9329614e82c0a214cb16490	SampleType	Sample	0.29012164723081	0.659807273096485	17	7	0.666418699347027	0.813665767663297
X1bb6d17ee817eb6f0510a5f445e627ac	SampleType	Sample	0.129980472617786	0.295731063220267	17	2	0.66654909879831	0.813665767663297
X9b08bed331b09ad329f05f289f6f6b1c	SampleType	Sample	0.554016132257217	1.26519701920477	17	13	0.667706510473239	0.814669048959309
X9fc216e9061a3a0e7f1564040cb4c92a	SampleType	Sample	0.396372416028906	0.908128949666031	17	9	0.668711827720455	0.815076464711479
X2214099515b01034cfcd604b413c5df3	SampleType	Sample	-0.101183504727486	0.231774161386433	17	2	0.668648519304312	0.815076464711479
X9a06ac9191854e0a48b66496324388c9	SampleType	Sample	0.285763703844619	0.656544762443086	17	7	0.66957574107846	0.81571996956272
X31b174cf4b11aa7566700df0802f4014	SampleType	Sample	-0.100087547834421	0.230889886216359	17	2	0.670830998942554	0.816429907484973
e85e86d755e07e2b8a388feecdc83362	SampleType	Sample	-0.100172719948302	0.230958564564661	17	2	0.670660621197995	0.816429907484973
X392f12d7facbcb27beba31a0ed941026	SampleType	Sample	-0.206509373304548	0.476921188909306	17	3	0.671172574911065	0.816436378699432
X84c2f9084a75be51cdee8d3bbc091469	SampleType	Sample	0.126357320697452	0.292194657443933	17	2	0.671572601745202	0.816513909382749
X26b941552eaad9d941eff16910335833	SampleType	Sample	0.474220230577201	1.10320210678067	17	15	0.673410222626077	0.818338348616675
X00d118907f9e925af430d287d4c42e47	SampleType	Sample	0.122970898903695	0.286661715771463	17	3	0.674038111583083	0.818691613268497
X7cc608136bbc17022985f32fa805406d	SampleType	Sample	-0.0980073293941614	0.229214779205694	17	2	0.675032834430103	0.819489860998145
X1c81758c43c0ca40c7aad4c9d82e3dc9	SampleType	Sample	0.183983785359406	0.430865931170836	17	6	0.675438297789579	0.819572307362868
X94a02b5190bb536fd547d1fee9ccdba9	SampleType	Sample	-0.20541518254826	0.484295418568912	17	4	0.677474747578923	0.821632710849963
X49dd13d9b323fe9e074eefde2bbcd317	SampleType	Sample	-0.0965536368393596	0.228046810436862	17	2	0.678016041141869	0.821878655962285
X503c322982d287ae459c8f2d4d246316	SampleType	Sample	0.120768982941087	0.286756331265469	17	2	0.679614159471291	0.823404780038071
X6e04d0bf5886d26a7e7c95e57647b71e	SampleType	Sample	-0.0955842802188042	0.227269200463941	17	2	0.680027105361807	0.823494170483027
X2ba67af8399fd2f51ce16752f263851c	SampleType	Sample	0.120192243949953	0.286196231352644	17	2	0.680465059566169	0.823613741090059
c742bd5804b23fe1bae2f04ec30d5c4b	SampleType	Sample	-0.186913202210713	0.446675949272395	17	5	0.681545084144273	0.823689131061371
e2d59cd304f40b1a8a42c6453f74cb17	SampleType	Sample	-0.192236989766463	0.458996187393272	17	3	0.6812828297196	0.823689131061371
X5834af9910429434e8c9c508cfb85157	SampleType	Sample	0.131783793058979	0.314336674452184	17	3	0.680979950134251	0.823689131061371
X8e319d9b771e7886f5ea522fa3b444ae	SampleType	Sample	0.17365648967432	0.416344129938197	17	17	0.68251455159334	0.824040443196733
X8837586ffddd9338f2c4fe7f542ff123	SampleType	Sample	-0.298349819502511	0.714759287226604	17	7	0.682289485369892	0.824040443196733
X75e049d0d093319fee0b6088d81aaf3d	SampleType	Sample	-0.191413111734366	0.460035103348825	17	3	0.683240814605698	0.824507305100713
X674a4c9375f88394b927fcf0a3b8ad7c	SampleType	Sample	0.118063319817852	0.284130655241223	17	2	0.683641006696659	0.8245804094682
X9e82ed15ea0def7fc2797fddca438b12	SampleType	Sample	-0.193205155153906	0.465833097343956	17	4	0.684194511126192	0.82483826862681
a7f93049424ef4e35da79187bc5de3c0	SampleType	Sample	0.328545547992699	0.797539091383525	17	7	0.686203318849146	0.825759881544963
X683ed5e895196c4c2f6f9d15b9d20d2a	SampleType	Sample	0.191714022219906	0.465565619564194	17	5	0.6863193743648	0.825759881544963
X53b227995a6a99a320f4efd39444e8ff	SampleType	Sample	0.11642378031773	0.282542000555855	17	2	0.686125029449022	0.825759881544963
fc2bcb7cea8478b10765ee0b3a7a9079	SampleType	Sample	-0.0929151045177061	0.225133142366303	17	2	0.685656458653978	0.825759881544963
a88a19c329baf8c273d8741211a68186	SampleType	Sample	-0.373579087882288	0.913179344389295	17	7	0.68824992773327	0.82767252329687
f936cc0095df2ce79b485df5f7fe631a	SampleType	Sample	-0.357986448337509	0.876645655969863	17	7	0.688779810146877	0.827899692592385
a0863c974f365a3be5dc0df1d6569284	SampleType	Sample	0.113993202248394	0.280190290633375	17	2	0.689869988826128	0.828799768861869
X1263b941de1a0c2fb61d10f6b7e273da	SampleType	Sample	-0.313257223076958	0.771885819462855	17	5	0.690594975430534	0.829260435383451
X0077b1c328d7c6d76713c77105393caf	SampleType	Sample	-0.316971620625039	0.784704973587844	17	14	0.691959095266049	0.830487732726627
f94bc1597f513a65a6eb6eee20e9ef63	SampleType	Sample	0.107901134028341	0.267802329195556	17	3	0.692696146478465	0.830961582830886
X0b84f4dd505d194c6ab896130bd862be	SampleType	Sample	0.171924934817088	0.42772512086649	17	5	0.693388476788811	0.831381344021349
cc8f106544aa3a06a7f5ae350c8d3d47	SampleType	Sample	-0.306930307656984	0.765876193991077	17	9	0.694249283051447	0.831468574315998
a1b1b70a3a7772a4826cca570fc9ed63	SampleType	Sample	-0.260434092471524	0.651042733185539	17	6	0.694776114020387	0.831468574315998
X621f8ddee7c51b714a2fefbeb3f5940b	SampleType	Sample	-0.0889669797023936	0.221987766384555	17	2	0.694236913433963	0.831468574315998
X4e361470e81c37b7332058c229f1143c	SampleType	Sample	0.188701456725599	0.472127004678249	17	3	0.695022972543633	0.831468574315998
X497410d6fd55e49412a7aed1f2f9e0b6	SampleType	Sample	-0.0885445021025742	0.221652216597169	17	2	0.695173478526143	0.831468574315998
X89ed587eafc3b94e83432b434e2e898b	SampleType	Sample	-0.352954257313238	0.885121467479618	17	6	0.695686396367462	0.831672363554996
cf19d8069aa53ba775e5e19c9fa65aa5	SampleType	Sample	0.194641449741318	0.489022325911097	17	6	0.696221654258385	0.831902645934724
X2aed2e4339d8dc4bf6d71006b930b902	SampleType	Sample	0.109709463657653	0.276055824286815	17	2	0.696657412639497	0.832013870087899
X117e2ebeb25f17a7989fa76a7863d66d	SampleType	Sample	0.289032054518575	0.732032899241255	17	8	0.698522313172009	0.833687342991525
X1dcf716abc1f94a90854a9d155550633	SampleType	Sample	-0.212599148998039	0.538872272816402	17	4	0.698745363668761	0.833687342991525
X1687d1d71904a59df757dbb0a48c35d9	SampleType	Sample	0.123893877650191	0.315790351944282	17	3	0.700333089765313	0.835171287794784
X4606e5a8b45cd256c0e043c41198e57e	SampleType	Sample	0.0868542382818813	0.222337141720921	17	3	0.701553829485679	0.836216346583813
c4733fa05dc3db3a9cb9752c6f409755	SampleType	Sample	0.181598002319598	0.466713183615372	17	4	0.702670272921599	0.836315403261589
X269689d5610b300e6b875925f70d2e83	SampleType	Sample	-0.0852485617781355	0.219041452261851	17	2	0.702605549876142	0.836315403261589
X2005002db75f1c8dc00b4ee4ba74b9b7	SampleType	Sample	-0.18567975113244	0.476716481717976	17	4	0.702382496796346	0.836315403261589
db30bfa14b0cd36a31d9d1bd5aae464f	SampleType	Sample	0.357931767121562	0.921301906346874	17	15	0.703099953557959	0.836361537528876
X6efcd9846560ff414ec2d5d259c0ec88	SampleType	Sample	0.224332403582416	0.5780346548932	17	4	0.703397965252868	0.836361537528876
X86b30873b5a53654038175bf96772f4d	SampleType	Sample	0.104952079208224	0.271480204394277	17	2	0.70448715834102	0.836836996307239
b2a3de8c0af5d09f31f320464ff7db75	SampleType	Sample	-0.0844984963403782	0.218449078626789	17	2	0.704328463046056	0.836836996307239
X7e082f297945c886ab711479d86ae7ef	SampleType	Sample	-0.420316450356821	1.09164126283414	17	12	0.705618574422322	0.83777109960753
dbf6d7757be706cf55237aa9474e6fe2	SampleType	Sample	-0.0832042546223803	0.21742850320398	17	2	0.707329418799003	0.838297471513089
e4900c79f81ac774749962612c701fa9	SampleType	Sample	0.305900479155591	0.798457711764427	17	5	0.707009923095795	0.838297471513089
X5e160fcb069f0ac9410412d37fae88e0	SampleType	Sample	-0.0832112164199928	0.217433987584219	17	2	0.707313180755747	0.838297471513089
d0bf2a78a088be2dc1edade2fb0f3789	SampleType	Sample	-0.0830077319221755	0.2172737101265	17	2	0.707788227595483	0.838297471513089
X552ad056fcd4dde8e80508025745ece6	SampleType	Sample	0.103094351097334	0.269698199631238	17	2	0.707631384184451	0.838297471513089
X0e5bb3b72148d1f430252f78d3c1f88e	SampleType	Sample	-0.0823753445193769	0.216775919495485	17	2	0.70927026782286	0.839643203449002
X0ae14e4ca61b4d8ec1579f833a4afc3a	SampleType	Sample	-0.195203966505423	0.514805511827495	17	4	0.709867992049585	0.839785382049947
ef3b1aa602afb5a04b3d850c82e1607c	SampleType	Sample	-0.241920475690318	0.638505459898942	17	3	0.710082120819003	0.839785382049947
e1fe0d870c76a03daec395104ceae55c	SampleType	Sample	0.19478253522428	0.516568408890996	17	7	0.711402609641532	0.840380327450293
X5c6188171e7915e579f6830c80049438	SampleType	Sample	0.304798316958982	0.80898450950621	17	5	0.711623539224795	0.840380327450293
X153b706dc39620f464baf39da352cc57	SampleType	Sample	-0.0816491985572888	0.216204923196083	17	2	0.710982722280676	0.840380327450293
be24af0c21448fdc4c360e0ed4e81c27	SampleType	Sample	0.285581614043624	0.763715795428066	17	8	0.713683894139137	0.841468721089781
X1936998e7cb4e2a37e5ae5f1caaba7f0	SampleType	Sample	-0.229105436563432	0.61220866210825	17	3	0.713472135122669	0.841468721089781
f96e7d22183bc9eca4cf73c6a327910b	SampleType	Sample	-0.0808074121111321	0.215543800069427	17	2	0.712982297314141	0.841468721089781
b4659221c7ea769ffcf3379092a67a4b	SampleType	Sample	0.103559131898665	0.277194568321909	17	3	0.713931451995448	0.841468721089781
fda92df4fad27f969b71f944af93d9c9	SampleType	Sample	0.0975971723333545	0.264441391294416	17	2	0.717233832159669	0.844950870685917
X033214354a91af0c2372acdbcddf917a	SampleType	Sample	-0.423866321814455	1.15336415515592	17	12	0.71837647277567	0.845886554752341
b1c7a85af1d7c5606009ad7ecae291b2	SampleType	Sample	-0.283701089524163	0.776979922213355	17	5	0.720109227806804	0.846285191246332
X5178e9441cf8c8b2c71fabcd4068b15c	SampleType	Sample	0.186366845775153	0.510098005428387	17	4	0.719947026353118	0.846285191246332
X57b95a28e499db839fc745b99d80e1f9	SampleType	Sample	0.207543203783122	0.56785385640206	17	3	0.719850517422143	0.846285191246332
X45fabcfc2094cbd81d7f265624c51b8e	SampleType	Sample	-0.239606739233172	0.655025711266655	17	3	0.719623596153487	0.846285191246332
X094b90b37ab7cbb5661727bdf30972b8	SampleType	Sample	-0.101629977393601	0.279694370950584	17	3	0.721405341301458	0.846873419447105
X7962e05010d48d659881432184e5938b	SampleType	Sample	0.125630370952418	0.346071987362371	17	4	0.721656138729843	0.846873419447105
X07422705f42a249506c2942c4df6c7dd	SampleType	Sample	0.0952515167143477	0.262205980439898	17	2	0.721471926843289	0.846873419447105
be3cb677392518f2eb047d5691a05c87	SampleType	Sample	0.250519405480881	0.692978664624559	17	4	0.722759113860557	0.847146930963103
X1ecfc371b8787946db63d89d307b0693	SampleType	Sample	-0.34513615525968	0.95332370017022	17	8	0.722375829674077	0.847146930963103
b3d28761310626fc312b9144c77eb5e8	SampleType	Sample	-0.192032791314775	0.53154999472868	17	3	0.722935931200803	0.847146930963103
X935f3388748f455cb6362705f4582773	SampleType	Sample	-0.223117040096901	0.618773025972436	17	8	0.7234409733682	0.847329803829228
cdfa5bee668ff3eb1caa79fd0dd15408	SampleType	Sample	0.358656094842761	0.996625765870546	17	11	0.723960573271918	0.847529542866064
X86f63e39a4dcc396cb0e3426c1581ec7	SampleType	Sample	0.0935820074464854	0.26061783257878	17	2	0.724541467249207	0.847532004889363
aee44702f6ba3e291161e1b019781301	SampleType	Sample	0.0935175869846568	0.260556600529121	17	2	0.724660808134398	0.847532004889363
X4d728d3c71fc9f2f4d90cdd34c4bb2f5	SampleType	Sample	-0.144606833768186	0.404663310824581	17	4	0.725807046213242	0.848463894177058
fca8a899f0212537b4749fcd0cfe9572	SampleType	Sample	-0.229871463703677	0.644129013943567	17	6	0.726158463217512	0.848466192825852
X99ab4d49d5793fe65a88a0b67daa05fc	SampleType	Sample	0.175654968561997	0.493576231407187	17	5	0.726884377695217	0.848905853316011
ffdc379ce4e6cc286de85b251ec6d8ab	SampleType	Sample	0.149030478779571	0.420167914661162	17	4	0.727757244939401	0.849516630150416
X0302b6711c3421fd4463c37658685463	SampleType	Sample	0.115968618718832	0.327450066622758	17	4	0.728150715159711	0.849554585577138
X610842603a4bd8cb8d6f80c310912a0c	SampleType	Sample	-0.0963281617324593	0.272715391590787	17	3	0.728839457066383	0.849554585577138
X5559cc8d1d8efe55e43397b2498feb60	SampleType	Sample	0.0913518539933482	0.258500205360375	17	2	0.728712295918254	0.849554585577138
db1e957f641eea77586f338d6883f316	SampleType	Sample	-0.0869884559884328	0.247203725424886	17	3	0.729815635398175	0.850284243160638
X4b57c93aef543ae42241d05de5df6ac4	SampleType	Sample	0.255961520814302	0.728495855668745	17	6	0.730207715395413	0.850333013419694
X743701a156f188bc190c1cbe80a67e4b	SampleType	Sample	0.0895448779224784	0.256787694558408	17	2	0.73215209174433	0.850562081432065
X6de7a8b86171c6585fa037e920daf262	SampleType	Sample	-0.225348340447278	0.646240881147926	17	6	0.732155992665987	0.850562081432065
ea31672fb76c2d720f74a11c27f7c17d	SampleType	Sample	-0.227424520095274	0.650778371508431	17	5	0.731597746792162	0.850562081432065
c39ea129388a077989abed2081b5fe88	SampleType	Sample	-0.287497632013652	0.820788130352401	17	5	0.731005957555039	0.850562081432065
X1c3b6f2980036a986430756477910c11	SampleType	Sample	-0.255186275795106	0.72949992988915	17	5	0.731344428943344	0.850562081432065
X2ca0ad9d8f59b9f317a89a5b6566f385	SampleType	Sample	-0.212805349603362	0.611217124583835	17	3	0.73255317916286	0.850616508372751
X7e64efeca8fe17cc836ce410951b2aee	SampleType	Sample	-0.175888677057784	0.506672216323214	17	4	0.733305009486962	0.85090825763946
X655a6ba2f375a3d0f1ebb3b829419e28	SampleType	Sample	-0.232650393231569	0.670708215153445	17	5	0.733505347297937	0.85090825763946
d29f81bb963e451423a48f884dbc05b0	SampleType	Sample	0.0879167393136767	0.255247248262238	17	2	0.73529873077775	0.851361620566703
X23546c76839072bf2cefbde86181042d	SampleType	Sample	0.0880713000482323	0.255591047468082	17	3	0.73519454512263	0.851361620566703
X05e092e03eb18588060216b83c8c35f0	SampleType	Sample	-0.0719290196028385	0.208625624889118	17	2	0.735049704863534	0.851361620566703
X9951140d9fe224a3b5a91dd2083a435b	SampleType	Sample	0.0881632979093362	0.255480368326956	17	2	0.734819302830556	0.851361620566703
b9e49e24eed13e9d42be624184d6232b	SampleType	Sample	0.167721133489995	0.489462998257152	17	3	0.736606194894956	0.852468942423715
d4326a70982173389e9c9c2dc7fd1602	SampleType	Sample	-0.204251262341157	0.59814136722533	17	3	0.737481494435599	0.853075306569621
X7109b433163f6a01631b5d15d0401bc9	SampleType	Sample	-0.188543870597896	0.553600336625774	17	3	0.738144659129954	0.853435824936918
X4803c16216b172f3051fcc898f35e4cb	SampleType	Sample	0.0860659704475101	0.253499187138518	17	2	0.738931147062448	0.853938517404867
X8fdf2422d7f1da92c7b91f0751a324fb	SampleType	Sample	-0.0700925840909902	0.207207671964385	17	2	0.739846343161644	0.854589401140091
X2230a611b5446444fc86fa3be6b3e84e	SampleType	Sample	0.147649683245579	0.437567108976243	17	6	0.740465908815402	0.854717726132901
X7f346c66f05f3e8b0e04b876f3c3dbd0	SampleType	Sample	0.0851949192789247	0.252677606416249	17	2	0.740661489202481	0.854717726132901
X5aaaaa5a63365189cd48ff82ace504ec	SampleType	Sample	-0.113595062775337	0.337945557868809	17	3	0.741425642759343	0.855193092930967
X2a4cbe325a7902e1b791a53b1895487d	SampleType	Sample	-0.069323555718289	0.206615271371975	17	2	0.74187958332473	0.855310364820724
de4b78e5c5921dd5feb02902353082ee	SampleType	Sample	0.084193634365107	0.251734095879391	17	2	0.742667193493772	0.855812029332168
X0b4fcf6a6dabf532fe549245c1d82bba	SampleType	Sample	-0.311559995105261	0.935160753288397	17	12	0.743623240901826	0.856101104271993
ac717b5192cf2846e6c36f3fce80cad1	SampleType	Sample	-0.165129293650813	0.495006113336203	17	3	0.743306316063076	0.856101104271993
X59da0ed6c4b6626c26b73745b1a3ef93	SampleType	Sample	-0.183726634422389	0.556753440154579	17	3	0.745966307123832	0.85839156099368
X7d1f6c73c26ccba52591155d9b9c9d9d	SampleType	Sample	-0.138525511608432	0.422580067992114	17	3	0.747586952143055	0.859848943535451
bf0fc57d701c5060d650485ca2bca7b0	SampleType	Sample	0.275448781347873	0.847522115098277	17	9	0.749666203989438	0.860111721773269
X38421d66789673e27b13640ba5c87f82	SampleType	Sample	-0.134040831726586	0.409974284781251	17	5	0.748224099457383	0.860111721773269
X1e63564dc26ca56c52b18f6f5fe808d9	SampleType	Sample	-0.116731839195667	0.360108772377866	17	3	0.750295151036155	0.860111721773269
d375307681fd8a321dd28c294db7605e	SampleType	Sample	0.150629217065514	0.463779198645219	17	4	0.749828191590451	0.860111721773269
X908fd8303003e54b1d027d33153c2cda	SampleType	Sample	0.0932696427618523	0.285797256529498	17	3	0.748669253855357	0.860111721773269
X91f1493bfa6c6cabb7cba0c5c637a50e	SampleType	Sample	0.0807714418344194	0.248516838985571	17	2	0.749659431490048	0.860111721773269
X6a939acb9b8183ceb840368972671191	SampleType	Sample	-0.0663115110146357	0.204303052370809	17	2	0.749985658037322	0.860111721773269
f7f02e7234f183160ac7d43463f37eec	SampleType	Sample	0.119677788409185	0.370499499273694	17	4	0.751141112549343	0.860675139815859
X367dc19d41820be96c3139b17ad88393	SampleType	Sample	0.181638022687272	0.564069838314144	17	6	0.751886622864237	0.861122981280362
X992d4d84004e921e2356b0a17d4a66a8	SampleType	Sample	0.200303456774162	0.628101693092188	17	8	0.754197755876717	0.861332150173409
X4949fe0db03d05998d5074355e66760e	SampleType	Sample	-0.214329929499951	0.671001590863467	17	7	0.753814925753192	0.861332150173409
f376fc5aa7f1de9c19efec8dafb961d1	SampleType	Sample	0.0786968666691279	0.246572268184691	17	2	0.754004041419359	0.861332150173409
bb72e07f1c082a327362d170476a7a02	SampleType	Sample	0.219500101213511	0.685898061290216	17	4	0.753368530823943	0.861332150173409
d7e42c94c508fed0d0f68a1973c20d10	SampleType	Sample	-0.0653578704879012	0.203573696973256	17	2	0.752600205561029	0.861332150173409
X0235929dce25e4c6cbc3b251a9f15980	SampleType	Sample	0.0787413907642644	0.246613955471797	17	2	0.753909942419476	0.861332150173409
X42f547d0fb7d6723665eaaa73d95e2c1	SampleType	Sample	0.17072805651787	0.539151951312179	17	6	0.755865520502944	0.862020424509698
X066524fff17a44dd6e850b2f0d29c551	SampleType	Sample	-0.256898310750021	0.810290424269731	17	8	0.755579582886792	0.862020424509698
X146dfc521129a89b0a2790242dfbdfea	SampleType	Sample	-0.110810019605432	0.349870711582494	17	3	0.755823352651909	0.862020424509698
f8f3e2a9e73c50bd626bf4f8467b3eb2	SampleType	Sample	0.145598765930436	0.460944521658144	17	5	0.756453259556355	0.862285687419169
e351f300e5104c20098190800b467b43	SampleType	Sample	0.0767425762848064	0.244744542014016	17	2	0.758171862789556	0.863839175435496
fa3be2840777c910e6ffcce73ddc962d	SampleType	Sample	0.0762838308075049	0.244316091908202	17	2	0.759160944529583	0.864155074223079
ed565b271e6416f9c7eaeba653a384f8	SampleType	Sample	0.0763709609985356	0.244397450762929	17	2	0.758972770028836	0.864155074223079
b9daea5529d55d97d57ccee11ca966fc	SampleType	Sample	0.193952329480318	0.622597730698901	17	9	0.75969229316832	0.864354680324593
X06c86234afafee939f040c2898a1481f	SampleType	Sample	-0.0624788769461452	0.201379933521312	17	2	0.760636991252307	0.865024175531897
X89d3822e3d6b793c5bf9e4876685079c	SampleType	Sample	0.0738683060046935	0.242063831180429	17	2	0.764437514503004	0.868939272103602
ba118af331e20ce430657c050ec1b9f7	SampleType	Sample	-0.28077876230556	0.926693222422787	17	6	0.766058983341387	0.869561108720378
X9a0231d0c3bbf229f3f5c1dc21907e58	SampleType	Sample	-0.0922605749933726	0.303981363636382	17	6	0.765672381910455	0.869561108720378
X8d5bf30fedb4082a61464fcba830e224	SampleType	Sample	-0.131667821769724	0.43416578155156	17	3	0.765852542247458	0.869561108720378
e7821b39688d56edb6e80f33ae1b60df	SampleType	Sample	0.26001701417109	0.862582965326359	17	11	0.767217603319508	0.870062746781768
X5c2e9259ed132e03f65aeae8a712c4d4	SampleType	Sample	0.0727009968683207	0.240977710309287	17	2	0.767029353147842	0.870062746781768
X4c5d9a2d50929ad6a992c966b9d1694f	SampleType	Sample	-0.153940389756714	0.517290954391399	17	5	0.770098320136743	0.872921905365085
ee81ff6b5c3eca7e14f53f92e2da9103	SampleType	Sample	-0.0590023517905334	0.198747581021852	17	2	0.770636460461715	0.873124277182008
f4a831fa091eab6956331ba126b986e6	SampleType	Sample	0.147809394712602	0.504444736373128	17	7	0.773526053037564	0.875989392152614
X2fa2dc6154f7245a709e8743261f20ec	SampleType	Sample	-0.107038587608953	0.36594893715989	17	4	0.773914482536758	0.876020682330652
X787bbff233fbcff5337306f46745d2b7	SampleType	Sample	-0.057754340718955	0.197807205925735	17	2	0.774306720961044	0.876056252792831
e844a43db6f67a04cf90d6557c076dce	SampleType	Sample	-0.057589668613516	0.197683310248768	17	2	0.774794235250556	0.876199535718841
ab8339b4333073e07ce3db3b188a5af3	SampleType	Sample	0.068576198861221	0.237152114789462	17	2	0.77641299561256	0.877621393550882
a4249126c5ab1a9f4915ed66a50f9693	SampleType	Sample	-0.150023754738347	0.520354622185461	17	8	0.777054708301245	0.87767124824699
c8d1e9e05032d7101f7074ce7ce123af	SampleType	Sample	0.173798094562935	0.605817753338847	17	3	0.778127636162933	0.87767124824699
f01725ca29548cf9a088d79d5d1e988a	SampleType	Sample	0.104095806645138	0.361988244155496	17	3	0.777613184999087	0.87767124824699
X02948f2590237f71b368732df72ccff0	SampleType	Sample	0.0677804819765823	0.236416379036553	17	2	0.778264496489196	0.87767124824699
X7f862d47af52669cc0105ef893caaf4e	SampleType	Sample	-0.0565894646921842	0.196931711810351	17	2	0.7777716689891	0.87767124824699
fe41e7deccdae4a599789b415e1ffedd	SampleType	Sample	-0.0560876789731691	0.196555254735544	17	2	0.779276008431012	0.878403968649256
f78896c17375fddf1669649a2df1e91c	SampleType	Sample	0.0668049162091092	0.235515372777223	17	2	0.780553100941037	0.879435233914078
c197bfccc6da06a321f59bc2c96c7162	SampleType	Sample	-0.208035598675441	0.748033466728241	17	5	0.784724824438032	0.880332000857495
X6e5cc304920962afe59765d10a842ea3	SampleType	Sample	0.190621469311078	0.686170257393239	17	4	0.784954598760908	0.880332000857495
X8953074f0e4992f695be92b545ae4a33	SampleType	Sample	-0.124636759409303	0.442284791254716	17	3	0.781945968700871	0.880332000857495
e5db0c3d75cc082603df6476ccc68669	SampleType	Sample	0.0651927788695489	0.234028944862565	17	2	0.78438058214763	0.880332000857495
X09190385d902f343aaa2d03a744571d0	SampleType	Sample	-0.118489969817778	0.422724440696562	17	3	0.78307558556282	0.880332000857495
X583c26950423e3430f6a56507ce4729d	SampleType	Sample	0.0648771954065194	0.233738338165391	17	2	0.785136539814344	0.880332000857495
fcf01bed0a2b53b6331df92e326d6663	SampleType	Sample	0.106984506214013	0.384054255606556	17	3	0.784381361710952	0.880332000857495
c2d6b8dcf040d4b2a2cb2cd150f993e0	SampleType	Sample	0.0716528682973219	0.256876708536795	17	3	0.784100800359269	0.880332000857495
b62db71170bf69b124d283a06f6c9dbd	SampleType	Sample	0.0647935149771694	0.233661301001803	17	2	0.785337361555739	0.880332000857495
X519120921a053fe907b87e6983394653	SampleType	Sample	-0.152939806682127	0.550228676070966	17	3	0.784840203134659	0.880332000857495
X24cf33237dad8f173799ba804793e275	SampleType	Sample	-0.124831610714456	0.448966291037142	17	3	0.784775835322903	0.880332000857495
X18ceabbe49341c54f3cb8029445f547f	SampleType	Sample	0.124776735038169	0.455004516643438	17	4	0.787647029949844	0.881704264820698
X609170e64cd103eb09eb3a2bdebbf018	SampleType	Sample	-0.135075899632058	0.491661267944035	17	5	0.787268735003154	0.881704264820698
X76886d61e047e21f8ffde1bb7f489843	SampleType	Sample	0.238017657046854	0.86795965464307	17	4	0.78765096803793	0.881704264820698
e2218e94bcd7aaaa8721124c1f9a149a	SampleType	Sample	0.287954795765664	1.05641387778735	17	10	0.788894502517567	0.881876543329951
b9ab4c688a7413bdaadb9e60af6fe0cc	SampleType	Sample	0.0634232930214859	0.232401083936692	17	2	0.788647989490487	0.881876543329951
acf3b07ab5b3b78c3ff988cb3edf7d48	SampleType	Sample	0.0821571654182014	0.300727703478398	17	3	0.788429219247007	0.881876543329951
affa96f338dec1417ea547440a695ab2	SampleType	Sample	0.0937117515511928	0.345451236292689	17	3	0.789878419289156	0.882570088372789
X6443898054518f4a3520abd88ae8a640	SampleType	Sample	-0.151960486794888	0.561941693416026	17	3	0.790522211208683	0.882883131929476
eaec7d4c22b16671657fd9b8f0a7b1fb	SampleType	Sample	0.0622379535938015	0.231312788772277	17	2	0.791546125001275	0.883620225978434
ed0068a3e570f369a0a2cffadff203ba	SampleType	Sample	0.0620432823864178	0.231134224132826	17	2	0.792025157178067	0.883748658836557
X4c619a5f9a3cfde4d9c049639f84a587	SampleType	Sample	0.336156770537128	1.27297049921259	17	8	0.795317528179552	0.88551895451729
db89d941ee5dc2935674d8799463294d	SampleType	Sample	-0.205996541657225	0.77763891214466	17	11	0.794692074435298	0.88551895451729
d995ad7e73b6423e5de694a241b24079	SampleType	Sample	-0.0723281884169359	0.2721935115807	17	3	0.794069685025463	0.88551895451729
afaf822789355640d58e014c15b20bc5	SampleType	Sample	0.0608867564244957	0.230074377518888	17	2	0.794889038724611	0.88551895451729
d14c1faa51576437b3519e8ce676bf28	SampleType	Sample	-0.0508422608904702	0.19264489224339	17	2	0.795435271747203	0.88551895451729
f682ab7ce14f68292ea45a066404b92e	SampleType	Sample	0.261059639067706	0.992576424778056	17	8	0.796119577270804	0.885874580024524
X385e7cd456dee8b8a4093f46bd6d9a8c	SampleType	Sample	0.184088462878956	0.708706833581934	17	17	0.798586010087937	0.887805326233293
X08d5f62db2ed11b14b8cd442334e7d00	SampleType	Sample	-0.0960217905627023	0.369562953649203	17	3	0.798531026202647	0.887805326233293
X7cd8e743e8f0ec465964cfa86eb00a2b	SampleType	Sample	0.0591189922569049	0.228457709943158	17	2	0.799326708395804	0.888222081457672
fa46d1a76dfc0b07319a62528d41dbff	SampleType	Sample	-0.0924080184941388	0.358303156639993	17	3	0.799985411698432	0.888547383167334
e147b59672d5b3fd45f1892b61ca78e3	SampleType	Sample	-0.140589071249066	0.54756609319754	17	3	0.800857990355925	0.889039663206826
X5695bb2d26462786fad40742c74407a6	SampleType	Sample	-0.133949961249755	0.523508579837057	17	3	0.801527109868098	0.889039663206826
X883dc6a0ea6f4729c3096bbf06d06699	SampleType	Sample	0.0699566393095288	0.27312121053711	17	3	0.8013239833013	0.889039663206826
X813404d7d0bc23f20805e2c9773812e1	SampleType	Sample	0.0578963520773701	0.22734196085439	17	2	0.802439154557576	0.889644870897623
e713171ed431d19b4820994d09efdbb2	SampleType	Sample	-0.159188142654043	0.629120161462738	17	12	0.803677683556854	0.889799095155513
b7f6e3af62686cd7f2c8f4016f835784	SampleType	Sample	0.104558608033759	0.412731786820739	17	3	0.803450095829749	0.889799095155513
X87a6ea9e5a8d3b6912fd3a6aa9d47012	SampleType	Sample	0.0576497934817099	0.227117197679042	17	2	0.803071145150654	0.889799095155513
ad2ba11296c74fbe8adc62ece4adccac	SampleType	Sample	-0.10363692560718	0.414475531966715	17	4	0.805945835995063	0.891903596078401
X1daf95ae2c2b41cd186dc772c0ac8d25	SampleType	Sample	0.0557679992506899	0.225404437197505	17	2	0.807943130707166	0.892893000162494
X1bd4b3b01b4144a568fe250d4577f03f	SampleType	Sample	0.0756758892551372	0.305834537043892	17	3	0.807922185347674	0.892893000162494
dfb2439a2c33d00aafd07980b040919c	SampleType	Sample	-0.132075362375663	0.533393638641368	17	5	0.807791029550374	0.892893000162494
e0aa4a8c67cf4588b30e621b6a218c31	SampleType	Sample	-0.223552976026227	0.906457079221946	17	6	0.808543434707952	0.893106382064297
X74b5a6b749924965c5034b2da7326ed1	SampleType	Sample	0.13619286857669	0.553201194762536	17	4	0.808871883920671	0.893106382064297
X1e6f7d8a634b6ec13fe0d65e698aee68	SampleType	Sample	-0.0461165063279294	0.189162505239987	17	2	0.81069400237429	0.894711380802171
X85a37660aaf46d110b2d9c403cb12131	SampleType	Sample	0.122774721633	0.505108523414472	17	5	0.811246797561725	0.894868354224066
X5aecbb5146b057457c6587cee552b38f	SampleType	Sample	0.136155698072479	0.561150707290396	17	8	0.811573359143902	0.894868354224066
aa33d363ce39b1dfb721c593bbac61db	SampleType	Sample	0.101085021832736	0.418455075916315	17	4	0.81238674301503	0.895358607371989
X4bbec3bb723375416616a87d785ac74a	SampleType	Sample	-0.133471652847435	0.559244552914459	17	5	0.814595896036124	0.89661203871418
X466e594af8210172304016b059f8fe31	SampleType	Sample	-0.0449303092870125	0.188294704978417	17	2	0.814631860545091	0.89661203871418
d1885576ab9730a5b6f4b8fa7129d089	SampleType	Sample	0.0535131448901897	0.223358493831209	17	2	0.813895680238881	0.89661203871418
X27cc3062316246796eebed7deb37c6a4	SampleType	Sample	-0.0932019669958574	0.391397676745517	17	3	0.815005630722388	0.896616978429523
X27f246cd4fee5eefc5b9dbed86c802b1	SampleType	Sample	0.0521932391665729	0.222164169077739	17	2	0.817439245233141	0.898073523722202
X5ccb4f78733eebae6e1f005f88ffe275	SampleType	Sample	-0.0441717155968182	0.187741092111353	17	2	0.817173320057954	0.898073523722202
X5eccc95ffdce6df08f16b39a02d2efb6	SampleType	Sample	0.0523645154157691	0.222319010254726	17	2	0.816976920883511	0.898073523722202
X91b454f9d907fc43a1b5f570da0f773a	SampleType	Sample	0.136728282842442	0.583608507205064	17	4	0.817934670394407	0.89821138838427
X8188598a9b197d172cfc57da67efb2ab	SampleType	Sample	0.171071995716539	0.73481164236585	17	12	0.819055288732667	0.899035371176725
X53bc8adad8a2eb8fcea6a2d2cd6106eb	SampleType	Sample	-0.10716346604156	0.461575561648088	17	10	0.819544650153495	0.899036678659027
X36048b1f84af11b18b82552d19b1b40f	SampleType	Sample	0.150282851667863	0.648223929536779	17	4	0.819797037294516	0.899036678659027
X8ddc52ff32005e285f904d6b3cf4d82c	SampleType	Sample	-0.234828508693594	1.0228622116081	17	9	0.821519443034227	0.899428690709938
ba2f196ebaf40e40a61e9436051457fe	SampleType	Sample	0.275270665497914	1.19832142221723	17	12	0.821417400995738	0.899428690709938
c18423578bc01b00706b60cd784c3425	SampleType	Sample	0.158485100444259	0.68815730915379	17	7	0.820967248535456	0.899428690709938
c41e38ec0abb37da79acd32fd3cd7c66	SampleType	Sample	-0.0427437676186382	0.186701909574901	17	2	0.822006698799569	0.899428690709938
X4322acd5a167e253ec184242f906b8e5	SampleType	Sample	0.0505691447087482	0.220698004820486	17	2	0.821860548895679	0.899428690709938
ccc9fe4018425bd588c0dc6966d53d6d	SampleType	Sample	0.141244898111976	0.623757658232421	17	9	0.823914520303039	0.900775515546438
a8e653f42c93a1aa20f54601a9f2966f	SampleType	Sample	0.104117802051887	0.459972169113917	17	3	0.823979579912948	0.900775515546438
X658dab86edda812552985442be9236c4	SampleType	Sample	-0.0414018874217646	0.185728883266985	17	2	0.826608190634299	0.903242433330368
ec624f757380fc47e78ad2a090d6dcbc	SampleType	Sample	-0.0779814426695102	0.353676669055998	17	4	0.8284640656573	0.904863136039552
X4bb00ff635bc24788a9b5d0cf25109fd	SampleType	Sample	0.0883304172564258	0.401915178906907	17	5	0.829010203644681	0.905052506496981
X9d1af6a7baf99a0c43b2a2834384d911	SampleType	Sample	0.144132441285465	0.662231335571186	17	9	0.83063738448645	0.90560735048635
e23f13c4880a9bef120d582d3b9cc6f8	SampleType	Sample	0.112862829359239	0.517623470911724	17	3	0.830336126373744	0.90560735048635
b4c360599c2cf690cdf0df5b8033e8dd	SampleType	Sample	0.0869356510653195	0.399372910505148	17	4	0.830611578851558	0.90560735048635
X2c21ea3d32d17453f602080ac726244f	SampleType	Sample	0.0465739888537084	0.217107806445271	17	2	0.833030567192282	0.907420574714499
X4c2cb6ea3b40bbadef673c8397d4aabb	SampleType	Sample	0.0465678826151142	0.217102337479786	17	2	0.833047965831391	0.907420574714499
X5070a6a4673dc83f8c9070a35b48d1be	SampleType	Sample	0.0794481027462307	0.371904045324903	17	5	0.833715817893996	0.907740809796691
X8f23fca78d2153ed64bf5dbb1a22cd82	SampleType	Sample	-0.0661357734226413	0.313263958777793	17	3	0.835636320959057	0.909424019403223
c50ab1039fce426af6b69a1a61c8f84f	SampleType	Sample	0.045456915002163	0.216108266083947	17	2	0.83623033991873	0.909662753280769
a567d871c9a9435a151554f86aa1de97	SampleType	Sample	0.113128792559969	0.540746121582647	17	4	0.837100007342285	0.910198894825813
a1739d3bee669e97b8e1b01f65d97a95	SampleType	Sample	-0.0382989073880338	0.183492213390362	17	2	0.837472953476469	0.910198894825813
X8b31ff60df3e94cd2cc15a2909b46752	SampleType	Sample	0.112424957972613	0.540139340725609	17	3	0.837918893310578	0.910276095283259
X3414832da4ebb865f6dd8cef2960f3ae	SampleType	Sample	0.0839940204214667	0.405354892774435	17	3	0.838631784283463	0.910310930048075
bb4aaa7fd0f22205885a3c83c2ba5c00	SampleType	Sample	-0.127395360558806	0.615076750241431	17	3	0.838700803343305	0.910310930048075
e76a0ff525a9d7313bc9ff6c2f164462	SampleType	Sample	-0.0370569902117802	0.182602370123657	17	2	0.84191048887192	0.913386357006712
fc00e5297e414e061517e3517e41bc8c	SampleType	Sample	-0.139434923616851	0.692374602791266	17	7	0.843101845120094	0.91389522236504
e9c5f705e62b934d60ffc48bf6c116a7	SampleType	Sample	-0.0367175492444324	0.182359699795196	17	2	0.84313233035325	0.91389522236504
X0a64ca9ff10aae62532c59205fc45853	SampleType	Sample	-0.0364587860043028	0.18217486427652	17	2	0.844066366996804	0.914499392712289
badeae06f9f02ed7567ab02f37fc1612	SampleType	Sample	-0.160706952291959	0.820469460238951	17	14	0.847339184841674	0.91722672349335
f63e23c3a430142af6e9ba5eea24e58a	SampleType	Sample	0.0648702035692905	0.33103544175299	17	3	0.847270331434185	0.91722672349335
a951e9a2944330a971325f5906d10d40	SampleType	Sample	-0.110483972642447	0.566330690129879	17	4	0.847942433875738	0.917470690485869
X8b9f9f5311c00090d15c955528889ca4	SampleType	Sample	-0.188852387214776	0.986451648426785	17	9	0.850743430241765	0.918972474908782
X733f5a346b282389a45d1ec10c786fc7	SampleType	Sample	0.0658597033554785	0.341749390566403	17	3	0.849768340149207	0.918972474908782
a1ae9616b621213b6f5255a65e4a7888	SampleType	Sample	-0.131765242837869	0.692293615385687	17	3	0.851601346188122	0.918972474908782
X0ca75d95055116f27b2d5c7da3df3e8c	SampleType	Sample	-0.0949178667403747	0.497016255923951	17	3	0.851105737089494	0.918972474908782
X3aaa1850c1e23933445434d1abdae751	SampleType	Sample	0.0406800969061027	0.21185615071019	17	2	0.850303764697273	0.918972474908782
X1e69e8e352003f18131892f799b9d6e0	SampleType	Sample	-0.0930089199969383	0.488613051536458	17	3	0.851584816988069	0.918972474908782
X04db8fa0f286c42335556af597b5c346	SampleType	Sample	0.10526508548416	0.560252022802357	17	10	0.853481926037549	0.920592677218645
X490311f3d1a99ebe1e75fc9ab2946594	SampleType	Sample	-0.0935249554126485	0.50077120077773	17	6	0.854349881355203	0.921119676700903
adb741c1bf4a08a13bdcc5433e8d3f6c	SampleType	Sample	0.168041959250111	0.905428137550025	17	10	0.855249593277289	0.9216804316366
X8af2b79a4e1bdc37b200c6fda2dea9c0	SampleType	Sample	0.0386275828403109	0.210040469425458	17	2	0.856550688991784	0.922263890408892
X710ce684c65361504403d8cd2d841fa8	SampleType	Sample	0.148320507310669	0.804397387553714	17	7	0.856179480600223	0.922263890408892
X62f66d4c2a7fa871b17c06f5385d4984	SampleType	Sample	0.0382945707537878	0.209746546807094	17	2	0.85757582799787	0.922958382260119
X31a174191f7ce10077fc97463573c544	SampleType	Sample	0.148224352964004	0.826440332573394	17	9	0.860060958451495	0.924262279865706
cbd797e49a45acaedc5d0a4b01b94a38	SampleType	Sample	0.0733406382160025	0.406904826551495	17	3	0.859376409223394	0.924262279865706
X558be274779e44ca86a6196f2b26f8d4	SampleType	Sample	0.037411526610157	0.208968066110835	17	2	0.860310029858524	0.924262279865706
X264fe18138e8a12d6b4a85a6c61eedc7	SampleType	Sample	-0.0897312614016517	0.500529822127424	17	3	0.860122823285566	0.924262279865706
adac632de09439e770c9c543ca1bbffb	SampleType	Sample	-0.0315966560966393	0.178727688597466	17	2	0.862040924446275	0.92571223553983
X604135a276fd1286a903f69cf07f4900	SampleType	Sample	-0.0312881240360313	0.178510636827538	17	2	0.86320906366848	0.926556855255114
fdcf6dc62b2ba950d1f777eade33b2e2	SampleType	Sample	-0.123301360261089	0.707264326652454	17	4	0.863932884654493	0.926924014114498
c3100f3032c793be2b99ca23ab1824ee	SampleType	Sample	-0.120212662697279	0.693355774344168	17	4	0.864672297171161	0.927307569581086
X3d99e08c5cb5e965b01862c852980cb1	SampleType	Sample	-0.122101962246266	0.711143740609136	17	16	0.865969882081981	0.927879467650066
aa6fbd578bead0e4af7ef245cc30555f	SampleType	Sample	0.206845135107279	1.20371446633158	17	8	0.865860940041629	0.927879467650066
c66406bc16ec9d13755f01073df22cb9	SampleType	Sample	-0.0819830218381827	0.479700106106523	17	4	0.866582706280491	0.928126515592868
X9b1687e3f44ec77e101fdcb240a42150	SampleType	Sample	0.0879467917775746	0.518240647473595	17	5	0.867511557657207	0.928711667544841
X698587ddaa71957432b1610e89ae58b0	SampleType	Sample	0.0691659387140653	0.409813066920868	17	4	0.868228930259197	0.929070005583663
X6d5814cf85b9295a0732580d936c03c3	SampleType	Sample	0.0723794410776956	0.432144125270558	17	3	0.869222387096352	0.929691602679618
X179a2aa993179c08304c982daabf4cb2	SampleType	Sample	0.0344733592898403	0.206387501513762	17	2	0.869575630018704	0.929691602679618
d9b7b6fee2b056ad73593d175bf71cb9	SampleType	Sample	0.0935105845031968	0.563959304613346	17	5	0.870519976751918	0.930291594873969
b4918ca05ca56eb640aa8aabf485ef04	SampleType	Sample	0.0335791747889418	0.205605163963493	17	2	0.872447556825769	0.931941340947192
dfefc4e20424ac54d7b4dc07caca2adf	SampleType	Sample	-0.21428916474123	1.31855100749449	17	10	0.873066548893282	0.932192427754129
ffefed58f8b224cb6a79f6d31dfac69d	SampleType	Sample	0.0330133799063826	0.205110880927475	17	2	0.874277503427371	0.933075067394135
X0d91c2a2269c88a37e40035c04cfbde4	SampleType	Sample	-0.028038672173708	0.176237333441062	17	2	0.875715511850624	0.934199148845921
X81fe5149b9ca7e2b0083baa138a1b10c	SampleType	Sample	-0.0554700159347537	0.354298840312927	17	4	0.877677198559873	0.93577693062226
X1b373861a092db91abe8094a4a55ad41	SampleType	Sample	0.0318823748382591	0.204124565615439	17	2	0.877965341003916	0.93577693062226
b67a95e930026efee852ea33c4886d29	SampleType	Sample	-0.0272825080031735	0.175711703112909	17	2	0.878679697810948	0.936127383187793
X0e41f8b37cf8bb646fa840984726b47f	SampleType	Sample	-0.0483445937226106	0.312439280565244	17	3	0.879094812522377	0.936158861756285
X959a46e605731e65c95adf5fb6389a5f	SampleType	Sample	0.031288188411525	0.203607332129024	17	2	0.879918841934835	0.936215139446879
X56f1f2b68f909d9cc22db60fdade3570	SampleType	Sample	-0.027052407358157	0.175552011314786	17	2	0.879585773105095	0.936215139446879
e65d5ebd6b672929b53b5e0b8bad5586	SampleType	Sample	0.0717553310632756	0.468699317723768	17	4	0.880364170096765	0.936278670606634
X2bcd393aaeeb61b3e0234bb5659e821c	SampleType	Sample	-0.0265117240741549	0.17517724813914	17	2	0.881722346137717	0.937312546594736
X6ad9c44452ac293914339b93c3ee34b4	SampleType	Sample	0.0849615035387537	0.56455529215158	17	5	0.882380900248584	0.937602111949043
a7c0e5b81d8f91d217059d6d45bb4a9c	SampleType	Sample	-0.0640977082126832	0.429792991456621	17	16	0.883432744538164	0.937898864774229
c29856c6d70ce77484414e69d5fceec9	SampleType	Sample	0.125038962190292	0.835763605828089	17	3	0.883065029551813	0.937898864774229
X5a00b3ec705a2045f468b9f02ea01f08	SampleType	Sample	0.0408969479956014	0.275856329584408	17	3	0.884116525458266	0.93821456460344
X2d5737c747c7b3ef5ab09216258dcf34	SampleType	Sample	-0.0797470017794057	0.540106656170757	17	6	0.884585030205834	0.938301639729037
fccca080bd9210e75a1abb27ff913854	SampleType	Sample	0.073520062380488	0.501630737325347	17	8	0.88542927536144	0.938494716680797
a6fd2b03ca23928d929d4518fb95144b	SampleType	Sample	0.0688887720983113	0.475341834902046	17	3	0.886699703486716	0.938494716680797
X784170b1b453d1178247da8c3928139f	SampleType	Sample	-0.0744408000714556	0.513008568923309	17	3	0.886558750413484	0.938494716680797
X9302518dc0f83dcb8115a0da465ef86b	SampleType	Sample	0.067541831955256	0.465207847652092	17	5	0.886496669213695	0.938494716680797
X28e1af2226735cdaccf3a39c7e8ab9b1	SampleType	Sample	0.0756526063088204	0.520627969088085	17	3	0.886400496743339	0.938494716680797
da71c37613ac4f11e563ef4e1393f3d4	SampleType	Sample	0.0679460799614618	0.474970273550494	17	4	0.888152039696128	0.938944776008819
X4946aacd3ea9b498d45d8293c0ad50ef	SampleType	Sample	0.129068360061941	0.903321687297898	17	7	0.888285070219216	0.938944776008819
f3e4d3993e67d237461aeed380f89296	SampleType	Sample	-0.0717119383186643	0.500742442265469	17	3	0.888029485486014	0.938944776008819
X17dacf7c43412bb67f4c42b274418b48	SampleType	Sample	-0.107245897814203	0.764541257125791	17	6	0.890309146994314	0.94026559760861
X8d32cb7d685931e9669b78d2cde217c5	SampleType	Sample	-0.0244195750781878	0.173733477229048	17	2	0.890089513438356	0.94026559760861
X14cbfbff578d66019bd47d58c798b4c3	SampleType	Sample	-0.0617952879658404	0.443119314758445	17	5	0.890945655953851	0.940470426248881
X113f7fdc7dd11b33b04dabb466e452ab	SampleType	Sample	-0.0403966427157445	0.29266532323276	17	3	0.892052467731126	0.940470426248881
e6e577fa80ca68dd597e77d65f91e991	SampleType	Sample	-0.0239486598934313	0.173409913775318	17	2	0.891994858211081	0.940470426248881
X320c38dc57faa9b5f686810d51121f54	SampleType	Sample	0.0278111238907258	0.200593834262656	17	2	0.891575705000077	0.940470426248881
X438b33941dc5c0d7d0ebe3ec528c62b1	SampleType	Sample	-0.122923784344444	0.899569427021803	17	7	0.893126711460129	0.941194294889407
X8b682136896b3cf6de6e2f41823bc96e	SampleType	Sample	-0.0231506610612377	0.172862811831838	17	2	0.895242182421575	0.942605385481173
X79ee2fe49b49eb577ecba4f586c0f124	SampleType	Sample	-0.0231715640066102	0.172877123402821	17	2	0.895156822518203	0.942605385481173
ee2c1f17bfe3ed557ed385fd7aae0446	SampleType	Sample	0.0440322794278192	0.333187537236301	17	3	0.89661838991037	0.942827826202849
X3eda1bcd6c45d2bb6c693e7fc5584579	SampleType	Sample	-0.022820589026505	0.172636960653517	17	2	0.896592210344669	0.942827826202849
b967e65d550e53455fbf8ab6a0d76b03	SampleType	Sample	-0.0228205890265002	0.172636960653517	17	2	0.896592210344691	0.942827826202849
ff9e1d490073bf90476e598d4e773774	SampleType	Sample	0.108733293798994	0.830806165852192	17	9	0.897611879044643	0.943463914424413
X0fd3bbf5c2b8a4e73d01cec80573ea27	SampleType	Sample	0.0880059573553747	0.683817849958956	17	16	0.899306389748337	0.943484532095772
ded6d067d1f5b7ffd2ed86e0788ec67a	SampleType	Sample	-0.0825980871073821	0.638421213394221	17	3	0.898776947117598	0.943484532095772
X93006e75c917df32eff6cbd0cffb9eb6	SampleType	Sample	0.042426725615175	0.330603274457012	17	3	0.899591635313623	0.943484532095772
X6ef0ba7972a3d850ab53b4cff1ecc30a	SampleType	Sample	-0.0800441701235622	0.629087709808305	17	7	0.900441686079237	0.943484532095772
X3d6435fc5d7905cdd4faf05bc6967343	SampleType	Sample	0.0251564202140479	0.198308746026273	17	2	0.900740175205107	0.943484532095772
X30cdc9ad668901fcd5c69ae54aaf463f	SampleType	Sample	-0.0223528047475257	0.172317327698834	17	2	0.898512386404786	0.943484532095772
X9d41c79b07ef6db009a70e0cb2f5858f	SampleType	Sample	0.0255024762456925	0.198605831279897	17	2	0.899532318928003	0.943484532095772
X90bc67e1699517b9b0b0158c43d6477b	SampleType	Sample	0.0252358731811352	0.198376934354894	17	2	0.900462503571492	0.943484532095772
ad31131cc1adbe40a92576e6b651c188	SampleType	Sample	0.0247801767832324	0.19798601723268	17	2	0.902057931744069	0.944457377436222
db66d87d00a29a7cae7f21e5385cd9e9	SampleType	Sample	-0.0741774708800522	0.598197408552324	17	5	0.902960370734826	0.944587583000499
c4aa8c393514cdb149032e5183fe484b	SampleType	Sample	0.0726109444098689	0.584007318963966	17	7	0.90270307632813	0.944587583000499
df1b3002bfae3461157d8d55d0eed9b0	SampleType	Sample	-0.0592843695394259	0.486212062956308	17	6	0.90457211071551	0.94586610026583
b0a0cfe74f60beff16ab69097c133927	SampleType	Sample	-0.0375093916624188	0.312617346991728	17	3	0.906087361676401	0.946635160994106
X37c1744c70e8c16049c6135037d02f8f	SampleType	Sample	0.023690793941544	0.197053192424897	17	2	0.90590018107093	0.946635160994106
X1a04461b51bc23b48c24529fbdb95d2b	SampleType	Sample	-0.0825979250928398	0.694581563946598	17	11	0.906918661795876	0.946688955649349
X0074238c998c7fb81601ba6ca910cee2	SampleType	Sample	0.0849000280590839	0.713651212630562	17	7	0.906881134659572	0.946688955649349
bef4944cd7c1a9d609dc3c64589591ba	SampleType	Sample	0.06353132744003	0.538715177359538	17	5	0.907686877438544	0.94708368647219
b61dce58a8a096848b5a56becd454525	SampleType	Sample	-0.0199647268580688	0.170693857415316	17	2	0.908441697410695	0.947464107093285
X79fabf27c5775bc636bf52ee0be3c599	SampleType	Sample	-0.0538627055491885	0.463797843066556	17	7	0.909086880456353	0.947729903713192
X58c4c519152238addd28ad789a0e3adc	SampleType	Sample	0.0605511464269238	0.528502196661801	17	8	0.910304539671891	0.947778482986
X53b5292952d746da18bdd79e508d3926	SampleType	Sample	0.105431032586185	0.915589605035861	17	16	0.909852800721792	0.947778482986
fb706aac74597b6451e954ba734adca5	SampleType	Sample	0.0224609211635675	0.196002979198305	17	2	0.910286176823183	0.947778482986
X936cb431dee6e4d49f4da3dad0c107f8	SampleType	Sample	-0.0351140874139247	0.308975905760631	17	4	0.911025017007881	0.948122049419261
c1ffb16041d03c51f266ce6f78dbc65c	SampleType	Sample	0.0817459692270019	0.726106385764218	17	12	0.911855382179708	0.948579634932446
fd2777eb3de596ba15923dd212653463	SampleType	Sample	-0.0723508677932408	0.648780744628834	17	8	0.912683996101927	0.949035007509841
f9acb324a4060a71557a25c32fcb64b9	SampleType	Sample	0.0215665937831787	0.19524126122086	17	2	0.913507970672817	0.949485168147945
ed692081bc5bb7a3cb698843daaf5451	SampleType	Sample	0.0727898902056096	0.66643920704822	17	6	0.914474104564257	0.950082638374846
X09de3dde6c465b74bcb8e6f8a478e4e0	SampleType	Sample	-0.0182417067608602	0.169531269187587	17	2	0.915738372377512	0.95098920792669
X31fb49d7319338818e5c561cc3e8f134	SampleType	Sample	-0.0179568502604702	0.169339785278443	17	2	0.916955470292498	0.951846037567416
X77112dc05174d9e7f1eb82817b2c6220	SampleType	Sample	-0.0391784156362588	0.376915193137554	17	5	0.918590140873588	0.953135411128663
aef2d0315f579d3e34ca9c06ed461aa8	SampleType	Sample	-0.058694374696326	0.575512143672919	17	9	0.920118383206484	0.953180893967739
X51072144763d6f2480df1cad15babda4	SampleType	Sample	0.0464926889682572	0.454497183927105	17	3	0.919877688361765	0.953180893967739
X47509f15faafe996fc21047f5f99fc1e	SampleType	Sample	-0.0171999719067121	0.168832005871461	17	2	0.920204289728328	0.953180893967739
X2b2b07518b9464a40cf120230ab78ff4	SampleType	Sample	-0.0172768690547994	0.16888352834112	17	2	0.919873225557595	0.953180893967739
X97eb5bfddf2cfed5231c1b5d16b1e2d9	SampleType	Sample	-0.0339925106499127	0.340875113564112	17	3	0.921886155336404	0.954515814565795
ff46a90a0e7cdb17b2e870dbda7aeaf5	SampleType	Sample	-0.0571551520597006	0.596469758568231	17	4	0.924930109274969	0.956851429620633
X6d69f4cc18ff3607840c25606afc392d	SampleType	Sample	-0.0308432560708495	0.320226363814656	17	3	0.924543850684518	0.956851429620633
b693b51af195619b7b6b04af97bb69d5	SampleType	Sample	0.0722601221603183	0.769352725999702	17	7	0.926413220031587	0.957977554615287
X935ded79f407d3d848e6fe33b3f476cd	SampleType	Sample	0.046662026919037	0.499893100621359	17	3	0.926865646979409	0.958037373719031
X8bec49129fd7f391f8f2af0dcbac22bd	SampleType	Sample	-0.0564079519207063	0.62172666874006	17	14	0.928909278173424	0.959332933817556
c2ee5e684940ba21ed32aca647f2d6a8	SampleType	Sample	0.0390219092760815	0.428760061523041	17	3	0.928688050035858	0.959332933817556
X3bf9403115d5b9db41356ea16133dcca	SampleType	Sample	0.0171796407734685	0.191529471445041	17	2	0.929714636515532	0.959756435994775
X5b3b0872d278327e82c4b8b55d328345	SampleType	Sample	-0.0376574487935877	0.434264463749347	17	5	0.932044661103638	0.961752841971794
X90c0035ae54087a647e0e82a190ee448	SampleType	Sample	-0.0397827866280231	0.471249459686921	17	7	0.933839068979059	0.963195097485622
X8eb1aa0d5cbad21b5af75ec62e0604d0	SampleType	Sample	-0.046247946008383	0.571150077490431	17	4	0.936533662470899	0.965157336283007
X7868c2184da631282f76dc3aaa063044	SampleType	Sample	-0.0385954627929864	0.47666545877122	17	4	0.93653652565188	0.965157336283007
X0c4a3d0ef52b9bd1cc850f6b5e880ba6	SampleType	Sample	0.0472858852375549	0.599864434832711	17	3	0.938211723554616	0.966159597915365
b34449e7ac6bde54616af2f1263133e6	SampleType	Sample	-0.0281868801717881	0.358117509795912	17	3	0.938304914285186	0.966159597915365
X204a89ca64a3143e8c1c00483f85dd85	SampleType	Sample	0.0146986190731305	0.189449059666564	17	2	0.939182757080152	0.966653554129126
f279dac433b48ad24db7f2ca56648712	SampleType	Sample	0.0145535374561025	0.189327837203603	17	2	0.939743309116109	0.966820658700811
X9cfa7308cf0257267ed64e6d303abb0a	SampleType	Sample	0.0342897335735982	0.458599037197183	17	3	0.941385278828453	0.968099727655859
X1f60a36156b7291f4b6543ae3ff27823	SampleType	Sample	0.0138604401437921	0.188749391778267	17	2	0.942431822310098	0.968321518776007
X53387e257ffc543c3c7bb27f25fe275a	SampleType	Sample	0.04058199564125	0.552702946551714	17	7	0.942438415963904	0.968321518776007
X6e9509e5cc965b817c9e811c040ae49c	SampleType	Sample	-0.0303820374336182	0.416387199401135	17	4	0.942797393075157	0.968321518776007
X52fb9f37e3a50fbefb8895765e0b897b	SampleType	Sample	-0.0437097745108071	0.619831110998474	17	4	0.944712293450347	0.96987799090801
X5a16530a54a20f3f083344efc7cc27f7	SampleType	Sample	-0.0218311187743656	0.316196902561823	17	3	0.945867553975999	0.970653601459732
b0fa33069cecc58c00671932986cc3e7	SampleType	Sample	0.0501131478360299	0.766078468368011	17	7	0.948707327683495	0.972076972351985
X8eb8dce5dd7b27b32e2f85e8dadf9c79	SampleType	Sample	-0.0229278269794996	0.351517713464173	17	3	0.948856023259557	0.972076972351985
X1cc11fd20b7dc30873002bbe870bb18e	SampleType	Sample	-0.0111951698848014	0.168675900531276	17	2	0.947959095925551	0.972076972351985
a91a511545159879d35403f5e3bb2b1f	SampleType	Sample	0.0123256182784983	0.187472443242015	17	2	0.948448082681847	0.972076972351985
X1cc26edba5b978511667a29b0dca865d	SampleType	Sample	0.0120088740295299	0.187209607800188	17	2	0.94970049240232	0.972531756875932
X7c9cd50b902bc19d4e71fe495945c73a	SampleType	Sample	-0.010686584600681	0.169065212311028	17	2	0.950434047439056	0.972872625287533
af811ac88e4707a63f57d5c95483773e	SampleType	Sample	0.0204155716124763	0.337183098673988	17	3	0.952518989706493	0.974185386271004
ce42a8efbdff7786bf4e272aa4faeb2f	SampleType	Sample	-0.0232783497823886	0.384213876475318	17	3	0.952488036487533	0.974185386271004
X2991c3b434900ecc60487ed314bfc27f	SampleType	Sample	0.0338237858159029	0.605199364855442	17	5	0.956168148919006	0.975862238577279
e0c4a345382c1b00b71c37cf7af0672b	SampleType	Sample	0.0189929088347418	0.337298234159831	17	3	0.955838904594746	0.975862238577279
ae154a5c03ab5070a1a0eacf408da36f	SampleType	Sample	0.0247497740384655	0.436734169583706	17	3	0.955555979517381	0.975862238577279
cfefa53506bfd400c2163986df6f768c	SampleType	Sample	-0.00978810924140485	0.16975501531111	17	2	0.954780398394165	0.975862238577279
X624f32e02d0566eac6ecce2d3c3ee520	SampleType	Sample	0.0106056849954998	0.186048121530407	17	2	0.955293592839658	0.975862238577279
X2b72428ebbcbfc529a8aecf2ea37157c	SampleType	Sample	-0.0151922845071375	0.295778069651716	17	3	0.959713399290482	0.978657762905204
fecea8d7e4c0244724344deb0f149857	SampleType	Sample	0.026366002526748	0.508749073209066	17	6	0.959351877199945	0.978657762905204
X7cd35a4b9e944317318b02eb142118e8	SampleType	Sample	-0.0400434252100036	0.787602746078871	17	9	0.960122160507966	0.978663562432133
X81d480aa124518d47f3e50da0a25381c	SampleType	Sample	0.0249696385583919	0.506837922457563	17	7	0.96135770086796	0.978857514072685
X0e877af721259340b19029ae0231c64a	SampleType	Sample	0.00906446603420305	0.184777884701937	17	2	0.961521899119998	0.978857514072685
X1b67220e59157676a58f9f1badc682d7	SampleType	Sample	0.0138019636469852	0.277053156929892	17	3	0.960925505956446	0.978857514072685
aa3b685972051a4b15173adc81d71667	SampleType	Sample	0.00864601640091237	0.184434017671971	17	2	0.963228398667774	0.98018380216486
X24c645a13f6ee8c910f5c215a94b4fdf	SampleType	Sample	0.0228560053214375	0.509969879337673	17	14	0.964843316576546	0.98141582431833
X33cdd20ec287f2d5ee20e418a2652df1	SampleType	Sample	0.00791584402923003	0.183835032809359	17	2	0.96622207426602	0.982406698625584
X358e020d780326d26aabc971a1ef8876	SampleType	Sample	0.0159842894507737	0.377829727623352	17	4	0.966813136982071	0.982596189448501
X518d0d5cbecbf77c754e50c82d0b8bb3	SampleType	Sample	-0.00702078558193656	0.171895673362686	17	2	0.967959510607153	0.983343123936032
X3ff72574fc9dbbec021870db071bbd5c	SampleType	Sample	0.00739786719254107	0.183410930472805	17	2	0.968358076330746	0.983343123936032
X4378e11353a8c16da59f8df8bb03370b	SampleType	Sample	0.0285897673886391	0.718218440050333	17	6	0.968772378888939	0.983352565193288
edcfb96c9964f3f9dc6f0621861a0b2f	SampleType	Sample	-0.0196574685974588	0.5036841062864	17	7	0.969383262171254	0.983561454472129
X91e74632630a5384ffaa44974cb17119	SampleType	Sample	-0.0199537863388009	0.520645900682552	17	10	0.969933932425756	0.983709101056699
d77309793f82eb417d1458904160e46a	SampleType	Sample	0.00691142696786001	0.183013267246223	17	2	0.970373373294239	0.983743862362594
X2904654002b342bca2a88d10f08cdd84	SampleType	Sample	0.0156097802905105	0.443591845636327	17	4	0.972392645375502	0.985379525447295
X395a88a00302383f951cfa297e8f0f66	SampleType	Sample	-0.0295503990008355	0.858898871757053	17	9	0.973007874206852	0.985591622267099
X6e497759c13a3e3547e83497f2ebd822	SampleType	Sample	-0.0149874136106942	0.461020427579426	17	3	0.974494602997432	0.986555883488212
X2668a80948284d525b772c62016aaef7	SampleType	Sample	-0.0181506367324147	0.56447474804748	17	5	0.974772473018213	0.986555883488212
b856d2f44127d2af47e509909e4b762c	SampleType	Sample	0.00571932359362978	0.18204128263582	17	2	0.975350635162793	0.986729725906359
db3eb57f3f4bee539fa96bb93046e3c3	SampleType	Sample	0.0122266142437684	0.411600259222268	17	4	0.976693900187921	0.987677130219188
X589ff3c69b59b32cfc733ea6c991cc22	SampleType	Sample	-0.00503191152480557	0.173448751415299	17	2	0.977238336626802	0.987751432520914
cc88d93d607745892996eb2eea940bd6	SampleType	Sample	0.0151121736723894	0.528877404726848	17	4	0.977581010027906	0.987751432520914
d736edb475ef5e5a4096b206cc0fb9e3	SampleType	Sample	-0.00446461928100671	0.173893923280538	17	2	0.979855509489354	0.98963776083201
X7d1daa55acb23fe2a3081a89ebffe193	SampleType	Sample	-0.0102573980638196	0.426533638117708	17	4	0.981131106737458	0.990514065346589
df65d8c39aa857d761d7138e1012a592	SampleType	Sample	-0.00995372353827438	0.439638440418278	17	6	0.982235315692988	0.99121668599442
X2a102392f4667b13b2357317e3cd8b6a	SampleType	Sample	0.00383086452086736	0.180509072777802	17	2	0.983347856730215	0.991927127603225
X1b479b5bf21e42e99e4238c1fca02aec	SampleType	Sample	0.0209965457616494	1.04844334133031	17	10	0.984286277587524	0.992374842233456
X84776907a1d77f7ba9ef074fbb2eb86f	SampleType	Sample	-0.0186498132878609	0.951059758937065	17	10	0.984613347428306	0.992374842233456
X2dbcc75e512ef4ca8510cd08890dd243	SampleType	Sample	-0.0108264105323807	0.567008689583107	17	3	0.985017862348694	0.992374842233456
f37fdde7f16787d978cbda79b16b1354	SampleType	Sample	0.0218135336863411	1.24753839533443	17	14	0.986279951289584	0.993234227180054
X81b1d854fa98dcfc7217f209ac736c09	SampleType	Sample	0.00864187883431679	0.519430346057096	17	5	0.986945307765607	0.993492208646307
f947e47838e617ee7fffd37b941290cb	SampleType	Sample	0.00542589423330376	0.352536948285337	17	3	0.987923097842734	0.993652560713405
f77f6eb1c870b0d161a0978d973695b1	SampleType	Sample	0.00285779451949621	0.179723247940055	17	2	0.987522879397951	0.993652560713405
X7454e5573466dfa6018c7cd0181711a3	SampleType	Sample	-0.00602639328304642	0.484531501630849	17	5	0.990240430462921	0.994564005671965
X212b340b7771fc75695ffeb983538990	SampleType	Sample	-0.0061326735330947	0.504837342238236	17	3	0.990467778300993	0.994564005671965
X44d8a016183a253bc0e43c071918bc00	SampleType	Sample	-0.00225437659219309	0.175637414264031	17	2	0.989928274853306	0.994564005671965
X62b00c1f41f0fddd69eed8378cba6c0a	SampleType	Sample	-0.00240555142231234	0.17551771082474	17	2	0.989245595926554	0.994564005671965
f966f5315b4ea943670cd7370c960df6	SampleType	Sample	0.00656516431450479	0.564792893674771	17	13	0.990878776489471	0.994565386240776
X07b77f8e4f3da3713de8e4fdc8c52b31	SampleType	Sample	0.00197874703913908	0.179015541153263	17	2	0.991326442483366	0.994603554689923
d94f8044c0b073db8b386d38e506c2ff	SampleType	Sample	-0.00168900236222136	0.176085672060589	17	2	0.992473270856358	0.995342875522197
X6f7da6d62ca47bbc3f1dbec7f3c519a8	SampleType	Sample	-0.00318765887049865	0.357779618707996	17	4	0.993008710809756	0.995468682843141
X35c9f2904eb6080634ec9c50380f8805	SampleType	Sample	0.00242246793097995	0.343206516848494	17	3	0.994461325820781	0.996513454020989
X46c7350c550155a374eb1f4f2a3dc9ed	SampleType	Sample	-0.00305842909460734	0.671336815015406	17	16	0.996425103244265	0.998069369091203
X54b2938845517c66a88daab1b15b06a8	SampleType	Sample	-0.000823444246973065	0.465800726489875	17	4	0.998612794026063	0.998969189060037
fc27c909d92c30000f2fce40bdda1cf7	SampleType	Sample	-0.000939775124054339	0.715404959087275	17	4	0.998969189060037	0.998969189060037
ac19714327a55354547f5bfe46591c30	SampleType	Sample	0.00109257511916506	0.476684755610827	17	4	0.998201432295689	0.998969189060037
X2829d308274e89f4fae5159464beadf4	SampleType	Sample	-0.000860066533903228	0.383684410221226	17	4	0.998241004771633	0.998969189060037
