feature	metadata	value	coef	stderr	N	N.not.0	pval	qval
badeae06f9f02ed7567ab02f37fc1612	SampleType	Sample	-4.02977960929046	0.323234085324643	18	13	1.18095837447887e-09	4.12863047717813e-06
X9be493e9aea5ea556ea35a3ff8fc61c8	SampleType	Sample	8.05705523177242	0.827924456329407	18	11	4.00529136734799e-08	4.66749954008286e-05
a7c0e5b81d8f91d217059d6d45bb4a9c	SampleType	Sample	-3.57150798079833	0.361375014196551	18	14	3.23428884303334e-08	4.66749954008286e-05
X417b908efc21728c97947e2319527752	SampleType	Sample	3.81234240184159	0.473758687573271	18	9	5.13908497514322e-07	0.000449156026827517
X4d833bf0162967d91310d1a93db92ed2	SampleType	Sample	4.7074097452822	0.615835009613266	18	14	9.95947314263392e-07	0.000696366362132964
d23c235f41d3398df2e2f5edbac63604	SampleType	Sample	-3.16963990063522	0.444967467639358	18	12	2.41587017392359e-06	0.00140764702133948
X26b941552eaad9d941eff16910335833	SampleType	Sample	-1.74092020967455	0.250525583052001	18	11	3.27630626756388e-06	0.0016362809587719
X5d0f35ba3e7d0ebce9788d34229f1ade	SampleType	Sample	-3.21487702825244	0.468872097980266	18	9	3.85760948360863e-06	0.00168577534433697
X9879a750c4dcbe94271efc3a64a8dcc6	SampleType	Sample	-2.10783050811357	0.314071808212626	18	11	4.99843949339865e-06	0.00194161605210241
b6b5e5683e22e7ccbc945f50aa1bfb52	SampleType	Sample	-3.83825990362482	0.628920505753179	18	12	1.52585724589699e-05	0.00533439693165587
a86091032bf65639a7bae7d5232f0378	SampleType	Sample	2.88029096727353	0.486721021364433	18	10	2.16473645840759e-05	0.00675622063925125
X992d4d84004e921e2356b0a17d4a66a8	SampleType	Sample	-1.52793139675913	0.259783083691123	18	8	2.31906886930821e-05	0.00675622063925125
X2f5f939a9cb1a84c481d0d730257edfc	SampleType	Sample	2.90972913171226	0.511280530951314	18	8	3.34235365732857e-05	0.00821848548959441
e53d40931998c5c89278f8b7d89112fa	SampleType	Sample	3.42980900923785	0.600570458973593	18	9	3.21668907918198e-05	0.00821848548959441
a2856ec474695516bcc911974ec23ec6	SampleType	Sample	-1.6753719385983	0.295826664519961	18	8	3.52623805331568e-05	0.00821848548959441
ad7cea3f47c9e64cbe5f5544c27fb1c5	SampleType	Sample	-2.94089878276193	0.549712357824028	18	16	6.50855439120869e-05	0.014221191344791
X450b0f9dbaf395de258b2b6c62a5f5aa	SampleType	Sample	4.12189042879559	0.786944024064069	18	10	8.12695827340279e-05	0.0157843589576756
X644e54b8ec5af158bba8bd750443f3aa	SampleType	Sample	-2.6860951101586	0.511635524033416	18	9	7.93264343420283e-05	0.0157843589576756
X9c872286b28ea46be348ce877c3c656d	SampleType	Sample	3.06023476369227	0.591031497726946	18	14	9.16007326439807e-05	0.0160088570124569
X9c7f57129ddb57343abd55a3fa67f442	SampleType	Sample	-3.35618445462915	0.651249516326221	18	9	9.61630426949641e-05	0.0160088570124569
f682ab7ce14f68292ea45a066404b92e	SampleType	Sample	-1.85596383923338	0.356770459272231	18	8	8.72602590942926e-05	0.0160088570124569
X87840ae42f96525d12342d1c69d1461c	SampleType	Sample	3.39973343125756	0.664501949149245	18	9	0.000103603805342039	0.0164635865216258
X93b8f4990bcff13031bb21d0feba9ef1	SampleType	Sample	-2.75885987927918	0.562435823262512	18	8	0.000158522096346403	0.0240953586446533
X56335ac95e507e0bbb08dc360850bfe5	SampleType	Sample	3.51501351237794	0.725601741526461	18	16	0.000179400520679595	0.026132675845661
d350ed02e3e8ac5ff62590f2f6fa3906	SampleType	Sample	-1.75628628885732	0.373394215855425	18	12	0.000239093727353474	0.0334348668331098
X9fdf06c3cb2d32b8b07e5644e95d18ca	SampleType	Sample	2.46248675902981	0.525918803247964	18	10	0.000249770918018566	0.0335845818997271
X60ef3e6936a0df613cd8639cf1d82dd8	SampleType	Sample	2.52672035230465	0.546162409415518	18	8	0.000280175283741232	0.0362775108133091
X495c1bd1608a1dad54d3e2824ce899ef	SampleType	Sample	-2.4019487271049	0.543190797906001	18	7	0.000427347344115914	0.0481937520977172
c99293daaa3f4b14f0ece7cabc5e88fe	SampleType	Sample	-4.23552884545166	0.956811988387409	18	15	0.000423126677820745	0.0481937520977172
X631e1451e27bd0c65644a3c6d9f7b42c	SampleType	Sample	-2.17146710709004	0.48904010997341	18	7	0.000411400406495431	0.0481937520977172
X34425b47892462604276847bccc5adeb	SampleType	Sample	-1.54369948387604	0.346750818559817	18	7	0.000401599179172951	0.0481937520977172
ff3c00a7c251667c047120fba528fc25	SampleType	Sample	-1.76384290226227	0.40550227074929	18	11	0.000496450419868988	0.0525936566018783
b86a8e8151ed7a7539be26190c47ce0c	SampleType	Sample	-2.80722904478429	0.644741658650919	18	10	0.00049206680252851	0.0525936566018783
b28d50f8401c6660191fcf0576c96b5a	SampleType	Sample	-2.9088206554281	0.678408383763128	18	10	0.000564946046866935	0.0564300394241944
X730a41c0b1131e10a7dddb613cf11d51	SampleType	Sample	-1.75332144184446	0.408690081392146	18	8	0.00056214158172468	0.0564300394241944
c814f16ff326fbb584191065487c8abf	SampleType	Sample	1.9800349995887	0.465224469114232	18	8	0.000603477251485962	0.0586043464220812
X8940efad20d6105be9d06b29420046f8	SampleType	Sample	-2.85239668668934	0.684149573808627	18	10	0.000723563140274666	0.068366938875682
ea35e19076b89bd364590d06ab875623	SampleType	Sample	-1.69065077182895	0.414167562023131	18	10	0.000868663258735923	0.0799170198037049
X4c72850cd443f090dd217fc732228e0a	SampleType	Sample	-2.44517940372313	0.6130679586162	18	9	0.00105743687470762	0.0924199828494456
a63518f4179fc9fe25dad386787f15e9	SampleType	Sample	-1.5554104408137	0.389444120744035	18	7	0.00104529229579337	0.0924199828494456
X75bb0a0b7853fefe490cb476018ab14a	SampleType	Sample	-2.6951924107884	0.680427400002418	18	7	0.00112018171545906	0.0955159823718261
X5d10eace291cd6e21a10aa0b539c6675	SampleType	Sample	3.58385883235227	0.918513036414157	18	17	0.00126893772674348	0.105623959349886
X27e997926a556e38007174107ce8d5c1	SampleType	Sample	-2.0053751756062	0.518340806872085	18	9	0.00136022904382836	0.110589784586603
db89d941ee5dc2935674d8799463294d	SampleType	Sample	-2.30244401958856	0.606570124882573	18	9	0.00158659226153667	0.126061966962095
X1b479b5bf21e42e99e4238c1fca02aec	SampleType	Sample	-1.82254261887826	0.483462233319438	18	15	0.00167631905217038	0.127400247964949
e0aa4a8c67cf4588b30e621b6a218c31	SampleType	Sample	-1.07520159573664	0.285065237331729	18	6	0.00166925342360218	0.127400247964949
X8f4c101dad164251d4878936cbc25ece	SampleType	Sample	-1.71251568520123	0.456666038513049	18	10	0.00174761506761421	0.129992814391049
X565f215f8267ea06b8cb664483dfccfb	SampleType	Sample	-2.23959707188333	0.607848332255264	18	12	0.00200714241404824	0.146186872489847
X0e4324eee7005e82de8f34a668a35d53	SampleType	Sample	-2.34379299725699	0.64171455397542	18	7	0.00214783769030241	0.147128366726765
ae6d65029da85c4ac1884b3cd9e27767	SampleType	Sample	-2.52640584071846	0.697454961390697	18	9	0.00228870291292737	0.147128366726765
X9630f9ee63cc0be75cd903690c6ea353	SampleType	Sample	-2.61039941379849	0.720971681796702	18	7	0.00229670766533666	0.147128366726765
X0302b6711c3421fd4463c37658685463	SampleType	Sample	-1.48504495070446	0.406259019183008	18	6	0.00213416929502031	0.147128366726765
a5ce2abe540b5a1f42949458e9f06063	SampleType	Sample	-1.4226880822344	0.38881814706331	18	6	0.00211803635168586	0.147128366726765
be8c43432dd59d95e4ed97d23a751395	SampleType	Sample	-1.16875105299263	0.32312877350572	18	6	0.0023146625200149	0.147128366726765
c596dcbb7695b00a5d89cc56bc325ae3	SampleType	Sample	-1.57586171270325	0.434146518846212	18	6	0.00225286325882713	0.147128366726765
febcdaff68e9e307509a6cf398597260	SampleType	Sample	3.13536640500049	0.873124271649695	18	8	0.00244540246360075	0.15013137149162
X14888fa4df557695367fd95574e2a921	SampleType	Sample	-2.34057942315739	0.651879175088333	18	7	0.00244779410040685	0.15013137149162
X664ddcd6b4bdb13116e4a71964fda54f	SampleType	Sample	1.63792214566933	0.462242063650076	18	12	0.00270378076315052	0.162972716344383
b2c7f912f0c9c47667ab4ecdc1bff415	SampleType	Sample	-1.36021713176395	0.386546986973146	18	6	0.0028476201857642	0.163201314252978
X10dbbe438378754c4dc5e77443b7fac4	SampleType	Sample	-1.13506365446944	0.321676641060635	18	6	0.00278990377840713	0.163201314252978
X2a945663bf660ed3f28afba31164b107	SampleType	Sample	-1.43976239747887	0.408341570595211	18	6	0.00280591020114325	0.163201314252978
X033214354a91af0c2372acdbcddf917a	SampleType	Sample	-2.27033707390104	0.648362930841475	18	12	0.00295326688724989	0.163882873616279
X0348c09cb1ff1cd1e1208e2794eea6c1	SampleType	Sample	-0.953762304917088	0.27210981190494	18	6	0.0029320196851067	0.163882873616279
X2e39714a77fa4eccacec0eacd077218d	SampleType	Sample	-2.35719466277086	0.674627794275652	18	9	0.00300091753703009	0.163925120460268
c39fd6fc4661167fed13f8f1f43e9966	SampleType	Sample	2.07705469511307	0.596179998860348	18	10	0.00306579757065493	0.164892743184764
X0a05ee4d171b0d8a22c44965669531a1	SampleType	Sample	-3.15656396774195	0.914657443247538	18	7	0.00328600962823769	0.16493868250808
d68e97c77530e15c3774f6830604a0cc	SampleType	Sample	-1.86511018419678	0.538783409860579	18	7	0.00321316026589546	0.16493868250808
X2a4863a84bf70e4da20cf6cda8cc8ec2	SampleType	Sample	-1.87760976210871	0.541436352023482	18	6	0.00317187655534275	0.16493868250808
X1992493418215760960c2fa2f7d391b8	SampleType	Sample	-1.47818145429852	0.427117494003205	18	6	0.00321910770403636	0.16493868250808
e06db7dc9d71e1bb9d9b9abdab7f3ab9	SampleType	Sample	-1.05664685124015	0.306388938886147	18	6	0.00330254799072242	0.16493868250808
X094b90b37ab7cbb5661727bdf30972b8	SampleType	Sample	-1.59722138903786	0.464454503710577	18	6	0.00337152930154407	0.166012203354902
a0039c394cc495783a939e9f7213455d	SampleType	Sample	-3.72987634537291	1.09757129649958	18	9	0.00367332085253827	0.171225729339651
X04db8fa0f286c42335556af597b5c346	SampleType	Sample	-2.07354220949926	0.609621756320919	18	14	0.00364968832028783	0.171225729339651
db66d87d00a29a7cae7f21e5385cd9e9	SampleType	Sample	1.25419385182037	0.368097310457279	18	6	0.00360471375390862	0.171225729339651
e6acf6e76691883091b8419f0a670f59	SampleType	Sample	-2.02655586219768	0.595062753140932	18	6	0.00361703849912615	0.171225729339651
X75db9b4fe7a0f119947425627d6891bd	SampleType	Sample	-1.59676408409338	0.473666288723902	18	6	0.00389048444744932	0.177560454131248
e31fbd90ae48ef4e5dbc5a70155b3022	SampleType	Sample	-3.03329974303977	0.903723675061466	18	9	0.00401237868317179	0.177560454131248
a7233f84db0360ad7535619a0b20e8bf	SampleType	Sample	2.23095103737621	0.664336251783396	18	6	0.00399785658971828	0.177560454131248
b5de712b93a82e4723968c0839061699	SampleType	Sample	-1.48601852264944	0.441309087862734	18	7	0.00392160565778473	0.177560454131248
a9da372ac0851e6d3f72c0d0ba8a9169	SampleType	Sample	-1.64891939172902	0.49921837393609	18	6	0.00449080990843644	0.196248392998672
X1b894e7b3abc023b445b8edae5056a21	SampleType	Sample	-1.73162238693905	0.525459081664926	18	6	0.0045628589931278	0.196935247407096
b5fb61584fb688918ec8c5431cdd4547	SampleType	Sample	-1.47377454848004	0.449520820036828	18	14	0.00472819534346468	0.199153866515091
X576cd6100838c548f4cebc7657f7b79a	SampleType	Sample	-2.21365575758176	0.674749146517716	18	6	0.0047067036591294	0.199153866515091
X3022aecd3cf0ed1b4e11f5f364b31690	SampleType	Sample	-1.875240598469	0.576397927151532	18	12	0.00498544210722946	0.204545432128238
X169b6455530e3a2dc5bab9634bf5464d	SampleType	Sample	2.30574871198735	0.710595100957215	18	13	0.00507610508767905	0.204545432128238
X0f7a2cba3ea1a42dabd1eb84a27f5927	SampleType	Sample	-1.20390026917721	0.371174029587385	18	6	0.00509023243568555	0.204545432128238
X4bb00ff635bc24788a9b5d0cf25109fd	SampleType	Sample	-1.39937902255195	0.430097583814853	18	7	0.00498278857274598	0.204545432128238
X7dfcf4cd9861f411497dd9ec9e5b3e21	SampleType	Sample	-1.8526156236632	0.57332723824433	18	7	0.00522203262122568	0.207457114134147
X7cd35a4b9e944317318b02eb142118e8	SampleType	Sample	-1.26466372992575	0.392688476687261	18	7	0.00534215089354145	0.209844489031696
X6ace4e7664815b50cab6e2db8056b113	SampleType	Sample	2.51066814367238	0.783468116470628	18	12	0.00552454402996631	0.210042838571107
X12479d8565e104f02af902b8c165c23d	SampleType	Sample	-2.3721560090075	0.740302290168554	18	13	0.00552744312029228	0.210042838571107
X368d8403c6cc4e29e24c23cfce3bcd0f	SampleType	Sample	-2.71995648045704	0.848640172400318	18	13	0.00551851644456163	0.210042838571107
d5e758ebd3c124e486293fe3fddf32cf	SampleType	Sample	6.19112020316147	1.94705707414153	18	9	0.00582033542439046	0.218794544555581
X185474c3dc53ff6ff5abb3d7d564841a	SampleType	Sample	2.87388686195874	0.912369441190608	18	10	0.00619629548791026	0.224160088802907
X5a9ca63a1b38151bcc148cc2c0790a3c	SampleType	Sample	-2.00464706513964	0.634921229750759	18	6	0.00610080907828446	0.224160088802907
X1db2aedb3113eb91e4c997379103dce7	SampleType	Sample	2.15374258678957	0.684133755141029	18	11	0.00621954479802115	0.224160088802907
aadf15eecadb292d444c66b51235c196	SampleType	Sample	-1.25029762568566	0.396988726614263	18	6	0.006202305258208	0.224160088802907
c94124146fa5319419d291ad648a77fa	SampleType	Sample	-1.56186597340728	0.498069218178478	18	6	0.00638197386519366	0.225613228091283
X427b8ead127fc0b334406fbaca3f38d7	SampleType	Sample	-1.29188277956985	0.412041557416447	18	6	0.00638893294652089	0.225613228091283
X8188598a9b197d172cfc57da67efb2ab	SampleType	Sample	-1.88092603908885	0.602955245641434	18	8	0.00660426597983976	0.230885138655198
X933db767d1b3ad87196e86e7d73f8bd1	SampleType	Sample	-0.64207860770183	0.207032269875253	18	5	0.00686051625587747	0.232857910976191
X4949fe0db03d05998d5074355e66760e	SampleType	Sample	-1.39117793777382	0.448097393289786	18	6	0.0068134314196051	0.232857910976191
ee065ca4ce4405228c305a28f9378f58	SampleType	Sample	-1.13823982555871	0.366785769799267	18	6	0.00683273656638433	0.232857910976191
X9278c3ba31355d47f18a60ce54266a48	SampleType	Sample	2.03938946694891	0.661814432829869	18	9	0.00715143505612033	0.24039823996343
f053778ac11218db2855b879731e41f6	SampleType	Sample	1.84972194002	0.60269475422449	18	10	0.00733985034723262	0.244382064894526
acfbc2958b95e403ef08473906cd1b07	SampleType	Sample	-0.76934332287389	0.251058370022335	18	5	0.00741215192166592	0.244461161491925
ba2f196ebaf40e40a61e9436051457fe	SampleType	Sample	-1.49435699111646	0.489521310213293	18	8	0.0075959083379036	0.248180332236551
X344d0da289e986bb5c7e86ee7a303bba	SampleType	Sample	-1.67115032945743	0.550095807559561	18	8	0.00783397372299144	0.253588630884982
f555295b7f7f9ed9dbbe329b221d9e07	SampleType	Sample	-1.95830499492372	0.648652094438887	18	6	0.00814921556028613	0.259561822540836
d99337a60b9830490a59b14f62e1eb46	SampleType	Sample	-1.09291058064081	0.362131479367061	18	7	0.00816699098383636	0.259561822540836
X7e47fbb4b5a5473dd42799e9a8cdbe34	SampleType	Sample	-0.863828753047782	0.286812869301165	18	5	0.00827292306696583	0.260559811190203
X8bec49129fd7f391f8f2af0dcbac22bd	SampleType	Sample	-0.778809859979896	0.259314119618518	18	5	0.00842052671789847	0.262840726837259
ac1c2bb601a53bac8e65b6debe661a8e	SampleType	Sample	-1.05013338430235	0.350169713169408	18	7	0.00849850102221418	0.262927075873104
X10f2ac072c9e248cc02a345e88e2b361	SampleType	Sample	2.19237322852231	0.73502133467045	18	11	0.00879034401479419	0.269570549787022
X75ba6f1992139fb3fe848d91a1721d29	SampleType	Sample	-2.29138207482949	0.78037871691073	18	13	0.00968370713639066	0.286900340244252
ece90a7187114a07725d074efe460109	SampleType	Sample	-1.09548762950916	0.372338861122151	18	5	0.00956489944927427	0.286900340244252
X1d669aacc3d1cc0ab4ed1df1d2dcd103	SampleType	Sample	-1.83820377972057	0.624397117125115	18	8	0.00952941505500207	0.286900340244252
f77b6d08afc43cb826f8b96dbbcc2033	SampleType	Sample	-1.17980665869682	0.401382104150043	18	7	0.00962114287731222	0.286900340244252
X4c43948937b9d0fed28beda09ad518f4	SampleType	Sample	-1.17700774565143	0.401470840865529	18	5	0.0097748333754477	0.287166533450127
b96ea0d3eaa1a062c1e8411c138f7e28	SampleType	Sample	1.36798981185571	0.46850159287983	18	15	0.0100178011010445	0.287277052351394
X97cb2352342fd78079411b83c853d2c7	SampleType	Sample	-2.41968206165604	0.826852014528116	18	7	0.00988436178654545	0.287277052351394
X9e1f9f747807bfb1b7eb38abe5018c13	SampleType	Sample	-1.07202687817361	0.367457416552229	18	7	0.0100701279993378	0.287277052351394
X826d131e8249f025261406314f44d18b	SampleType	Sample	-0.902236310701168	0.309446569104971	18	5	0.0101072875970313	0.287277052351394
e3bd4c321c5364d01871ebb503a1dc7e	SampleType	Sample	-1.55856489305578	0.665974856598537	18	11	0.0325556953380867	0.291143824877369
X146391f29d4cc4afb7fb24facf6df8df	SampleType	Sample	0.27953164347232	0.189823092936647	18	2	0.160259858485848	0.291143824877369
X1a04461b51bc23b48c24529fbdb95d2b	SampleType	Sample	-0.902684815450532	0.383718214435875	18	4	0.031780161071102	0.291143824877369
X48c73c7418438db43c0cde9d59ccdd75	SampleType	Sample	-1.31162172131657	0.591002717498541	18	4	0.0412689877578516	0.291143824877369
X2a75921d722ef2e9c11a55f7655f5fb1	SampleType	Sample	0.829145281563101	0.569679052928243	18	14	0.164881938689714	0.291143824877369
X9b08bed331b09ad329f05f289f6f6b1c	SampleType	Sample	3.29794698886411	1.20094134424305	18	13	0.0143476001455032	0.291143824877369
X811b45d386b7b6dd81665a0bac6761d6	SampleType	Sample	1.39866239751389	0.516793557617594	18	5	0.0155658059078469	0.291143824877369
X385e7cd456dee8b8a4093f46bd6d9a8c	SampleType	Sample	-2.58054637267055	1.13138304802	18	10	0.0365940412273422	0.291143824877369
c91c73a98c22135b81d233985a17ebdb	SampleType	Sample	3.48120314555334	1.66901373555216	18	4	0.053368398643565	0.291143824877369
cd595c4d4718f235de7afa8a4fb1d827	SampleType	Sample	1.18275503830034	0.710653510050289	18	16	0.115506602696062	0.291143824877369
de76f4b0b39baa2fc0b5e01950f5d33f	SampleType	Sample	-1.26936721842187	0.753522907345539	18	3	0.111473189129712	0.291143824877369
X7b4dd13b286d26f749387b7fcf3080b4	SampleType	Sample	-0.991691923514973	0.571981810435143	18	3	0.102179553975703	0.291143824877369
a634a2821a34209d91ff6a23afaf0749	SampleType	Sample	1.76101949689065	0.655844186006761	18	9	0.0162598220991738	0.291143824877369
a30387bf30a75f6ab45d6e8ba3082804	SampleType	Sample	-2.18091049273459	0.915001422796736	18	6	0.0298834632011392	0.291143824877369
X667056e7769500e21052bd12d4ffde76	SampleType	Sample	-1.65323352979165	1.02064309273502	18	4	0.124815508513481	0.291143824877369
X041792056bd7be0d5d925d8a6546e833	SampleType	Sample	-1.81828181691315	0.849030154191735	18	9	0.0479610579634248	0.291143824877369
X97e3e3c32da6c00e50e7febbd1e9fd2e	SampleType	Sample	-0.433847981411051	0.221259873625458	18	3	0.0675485608338192	0.291143824877369
X656fde067ceb604ab17ebc00b2ec1399	SampleType	Sample	0.498419280532844	0.261610779877687	18	3	0.0748884270704686	0.291143824877369
bbaa49db59da4b9d9c05ca4a337866f3	SampleType	Sample	-0.79047618578656	0.51352356008442	18	4	0.143268223695411	0.291143824877369
f495d6392152b685fee3ac09dfa0f382	SampleType	Sample	0.902765307758236	0.602786680824864	18	18	0.153691129067831	0.291143824877369
be67b02f02948b2fce8ad5af987afdb4	SampleType	Sample	0.877691818899389	0.576443847335556	18	8	0.147377655017282	0.291143824877369
eda779de9198f9be9317ecf6596927a1	SampleType	Sample	1.48207759410327	0.832266929040498	18	18	0.0939422218968892	0.291143824877369
X6f22e76ddce23b52576bded16632b532	SampleType	Sample	-1.4379041180918	0.547988255849741	18	6	0.0184208237967135	0.291143824877369
a92a70a830ce3912a908e38da18d2966	SampleType	Sample	-1.14942861986545	0.702803064121262	18	5	0.121463130584625	0.291143824877369
ffcf4ed82045665508e925b0f4531d28	SampleType	Sample	1.68863387903941	0.742758362879495	18	14	0.0371297487316471	0.291143824877369
X749d814406a2b1cf400824f23cae8af6	SampleType	Sample	-0.811699674383082	0.554985460894272	18	3	0.162953028450967	0.291143824877369
X6e0546931ed7eab1f41201aabb92be68	SampleType	Sample	1.37932416408931	0.794089096949012	18	12	0.101597969743728	0.291143824877369
X5218fb6a47b2fc4bdbc66f967c9fd013	SampleType	Sample	-2.57471472092008	1.06316419323695	18	8	0.0276928640378985	0.291143824877369
a6041ebe74034791d31efb06695a1651	SampleType	Sample	1.47148527040782	0.817236843733827	18	11	0.0906512616963874	0.291143824877369
X8e319d9b771e7886f5ea522fa3b444ae	SampleType	Sample	-1.19230016556531	0.845633601621908	18	8	0.177697675026117	0.291143824877369
X74f0d139f1d4ad74fb1be85bce6934a9	SampleType	Sample	-0.259557748734022	0.173949893711224	18	2	0.155116273975878	0.291143824877369
X25d772a3b016a22119775466a69d7ad1	SampleType	Sample	2.45020039115451	1.2931543236867	18	13	0.0763443250074964	0.291143824877369
X624e722f9ce73da36d9972d68241ef8e	SampleType	Sample	1.50027434641551	1.05631352581347	18	13	0.174715615783139	0.291143824877369
X58c4c519152238addd28ad789a0e3adc	SampleType	Sample	-1.66879383446992	0.757563401883402	18	10	0.0426107125290723	0.291143824877369
X5234d703355574c2c5651a4064ff536f	SampleType	Sample	-1.50000399270891	1.0986125145861	18	12	0.191029677387583	0.291143824877369
X400ffcd99d22a8970abbe369d7121ca2	SampleType	Sample	0.923813225969433	0.670495380900336	18	3	0.187229635912637	0.291143824877369
X54852a8e2846df6da292b067da6342fd	SampleType	Sample	-2.13134667330271	0.916111488788313	18	9	0.0334523494377877	0.291143824877369
db30bfa14b0cd36a31d9d1bd5aae464f	SampleType	Sample	0.906014322873226	0.633392819501279	18	18	0.171837254320002	0.291143824877369
cac4cb76f9c8edbcbbb885a32f6a8ca9	SampleType	Sample	2.467561774179	1.62263337499864	18	6	0.147846545932624	0.291143824877369
X9bd20c6dd9e216eb9c62ab933e134da3	SampleType	Sample	1.31495250931408	0.748787359221912	18	15	0.0981900314694454	0.291143824877369
cf2752910266aa9986d441f815389f2c	SampleType	Sample	-2.28243297800985	1.02669439890159	18	11	0.0409672181422828	0.291143824877369
X2bbe9ffa11b7f8f8f39949efd572622e	SampleType	Sample	0.892051965254703	0.524455825616654	18	16	0.108310251552827	0.291143824877369
X7abeba37600c1cd5f7d3cdf665467bd7	SampleType	Sample	2.54248156034005	1.00795524318536	18	16	0.0226291717238823	0.291143824877369
X36602542caa215eaa04c5068fe515205	SampleType	Sample	-1.15446651882854	0.654663153257853	18	6	0.0969082528514365	0.291143824877369
d0602127936110886fa4b70b8724d6f6	SampleType	Sample	-1.13518167367155	0.540929614403824	18	4	0.0520820518325287	0.291143824877369
X46c7350c550155a374eb1f4f2a3dc9ed	SampleType	Sample	-0.262698176758327	0.176390378593461	18	2	0.155855076504341	0.291143824877369
X7d372fe772be67fbd518123f6300b372	SampleType	Sample	-1.78778768247468	1.00270311218488	18	14	0.0935718960323902	0.291143824877369
X1bd64880dd9696b130cbe87fcc4e86e5	SampleType	Sample	2.78377908367205	1.46356884602046	18	4	0.0753241378569062	0.291143824877369
d419d3173d0f1c706bf4ac47047c7bd6	SampleType	Sample	-1.82682809484878	0.738061075707904	18	7	0.0248852109637607	0.291143824877369
c50b0835bf381d4453071f135ed88b39	SampleType	Sample	-1.1509044054953	0.5773770747285	18	7	0.0635623833807588	0.291143824877369
X92fd25d988fa75e53fcaa4c1e6ec8e26	SampleType	Sample	-0.99197693742708	0.649983697590409	18	4	0.146494702946015	0.291143824877369
X8dca44bec5b3e374eebbc68b22f6aea5	SampleType	Sample	-0.803842780721462	0.564978065214248	18	5	0.17400300076605	0.291143824877369
bb729ad32f334da79f02ba537d1bd5f2	SampleType	Sample	-0.948371824883747	0.540537192120593	18	6	0.0984732031697928	0.291143824877369
acdc4f302ddfcdb282f60e732b1e2737	SampleType	Sample	-1.79841044846998	1.04184902539764	18	12	0.103571361827079	0.291143824877369
X6efcd9846560ff414ec2d5d259c0ec88	SampleType	Sample	1.72822408454884	0.802629664073085	18	12	0.0469020932847643	0.291143824877369
X9424c4cde9ac3d8bb3707412cb09cac6	SampleType	Sample	0.762952103126351	0.394473677572545	18	5	0.0709884522052802	0.291143824877369
X2bcdf5ec9d73cfa09fd4005c745f28b8	SampleType	Sample	1.34218783837531	0.541630461724867	18	9	0.0247418400322301	0.291143824877369
X6845fe55f2b4f051a22bc167ef2b80ea	SampleType	Sample	-1.85833340747162	0.733865349739205	18	10	0.0221844468765556	0.291143824877369
a873093c14011b2af25ae42d32316822	SampleType	Sample	-0.286789702437536	0.195777132455769	18	2	0.162327266446971	0.291143824877369
X91d3c495e42075de5293ed2d938b0f23	SampleType	Sample	2.26042313104456	0.906735929127418	18	16	0.0240135701041065	0.291143824877369
X21aabedf7b194cbcb4b3953b109b602b	SampleType	Sample	-2.05214262976921	1.09176281161743	18	4	0.0784915336758639	0.291143824877369
ccda3bedbcfa03e7682d8bfb7085882a	SampleType	Sample	-1.98254244209372	1.05491118387817	18	4	0.0785368459601734	0.291143824877369
X68e97f8c00f3cf84de842890290838fe	SampleType	Sample	-1.95158977656816	1.02086883473008	18	13	0.07399502076166	0.291143824877369
X022ea353da449030f117bb27f6ca5713	SampleType	Sample	-0.901731491125649	0.608239643112358	18	10	0.157628286519499	0.291143824877369
fe5112809e597ffaed49705c6953ec36	SampleType	Sample	1.68337526815779	0.942661627712228	18	6	0.0931015795405936	0.291143824877369
dcb71cc699d841c3ef3a379f802904e6	SampleType	Sample	1.15138539321845	0.679416661538293	18	3	0.109509761019817	0.291143824877369
X0fd3bbf5c2b8a4e73d01cec80573ea27	SampleType	Sample	-1.22756598244003	0.711436429341056	18	4	0.103699567708264	0.291143824877369
X681fa292ab8bf1f2f448f5a3345bd94e	SampleType	Sample	-2.35313662294864	0.966594090453141	18	7	0.0269987096006106	0.291143824877369
b2c3381653c8fe7a0e95b2614c9f386d	SampleType	Sample	-0.676967059304771	0.372863345910484	18	3	0.0882203034182286	0.291143824877369
X00d773da90524e1aafd3b82ecf6b2555	SampleType	Sample	-1.20483631366994	0.767446866942676	18	7	0.13599494261504	0.291143824877369
X1b016950e3962a21914753645fe35c76	SampleType	Sample	-1.66621300260579	1.07489228540072	18	5	0.140664838126884	0.291143824877369
ce04c5e50383bc87866e551d14443e51	SampleType	Sample	-0.87759474917314	0.519154965457703	18	4	0.110330762932114	0.291143824877369
ba857f609a4cb0fbddce7b8c84f7ba21	SampleType	Sample	-0.623674122370938	0.336270191524864	18	3	0.0821648524816116	0.291143824877369
X53bc8adad8a2eb8fcea6a2d2cd6106eb	SampleType	Sample	-1.8428029272949	0.678256015760851	18	11	0.0152328234086288	0.291143824877369
X96d5943942c7edf511b73c474e1e59f5	SampleType	Sample	0.250195173204206	0.166813096522451	18	2	0.153125315264653	0.291143824877369
X49ceb09eaa75e328c204399aeee948c8	SampleType	Sample	0.989566826239355	0.673187618621403	18	3	0.160959367695944	0.291143824877369
X2bb4f043a4921095621970bc2a982349	SampleType	Sample	-0.550362615220387	0.296332234100914	18	3	0.0817804268207083	0.291143824877369
X617151310cc7a127508fd889c3f0912e	SampleType	Sample	-1.85175523121563	1.06390317307167	18	5	0.100959208667356	0.291143824877369
b63bbf2aceb2f73c502164dc94831322	SampleType	Sample	-0.611532112995852	0.334807126621492	18	3	0.0864885991207952	0.291143824877369
X5aa4c49a59f25e428efb43fc1293d9f9	SampleType	Sample	-0.929803626554668	0.531844343744605	18	3	0.0995763271496232	0.291143824877369
X6444657c0f5e7317624f71dc68a429f0	SampleType	Sample	-1.25054244413993	0.866745209204836	18	14	0.16836744924153	0.291143824877369
X398b27b58cd45cd00d44f536a9411b08	SampleType	Sample	1.4725784412002	0.71373359830982	18	12	0.0557102969215338	0.291143824877369
c38eed8f2f2f07fc99e6135205c57cff	SampleType	Sample	-1.64744806285117	0.710042690878029	18	8	0.0338708216532674	0.291143824877369
X982925871472c4f876909ed322877969	SampleType	Sample	0.928233693879198	0.565881051047955	18	7	0.120444679916334	0.291143824877369
f59dd44d4b98efdaf4996d73bea49c66	SampleType	Sample	2.50143312074378	0.874187225822047	18	11	0.0113099685040497	0.291143824877369
e710ba8eeb660e6dff2f183bb30d5c0b	SampleType	Sample	-1.30838270813791	0.772266132139076	18	14	0.109597717783773	0.291143824877369
X3745c356ad1072eb6338d9b3808a4b31	SampleType	Sample	-0.469235336048531	0.313491674505327	18	4	0.153910143870009	0.291143824877369
d88c1b4a0db578b43dc2d789dbcd36e8	SampleType	Sample	-0.260205253212286	0.174451248989441	18	2	0.155265984066332	0.291143824877369
X5469b4f52bb3f11250795aa47af5fff5	SampleType	Sample	-2.25730729094043	0.79640563980884	18	7	0.0119615272668444	0.291143824877369
c0cbc7be02ab7ab71ae694861accc33d	SampleType	Sample	-1.32073572317586	0.65509985622803	18	9	0.0609018877515088	0.291143824877369
X655a1b51e872b772e582756d1f9f04ad	SampleType	Sample	1.68823770600118	1.11959340222988	18	6	0.151070165040515	0.291143824877369
X7fb90deff7e4c9d723398463bac7c595	SampleType	Sample	1.40849875239229	0.675335477596075	18	12	0.0533843001064258	0.291143824877369
a8e6800c5a936d388df3caf46afdb958	SampleType	Sample	-1.64787438231315	1.0138080098932	18	4	0.123603082039937	0.291143824877369
X31fb49d7319338818e5c561cc3e8f134	SampleType	Sample	2.32466819217367	1.10326471010162	18	4	0.0512424620631351	0.291143824877369
X2929cbb9aed04ed43e7d1d55f5d75408	SampleType	Sample	1.78478195998001	0.975059528431115	18	4	0.0858759655719617	0.291143824877369
X0f46c35d6629feaffa5e8f4b256e255b	SampleType	Sample	-1.91979132101907	1.01182130849636	18	9	0.0759775500633357	0.291143824877369
X3b354dc575ff72cae474c8c6917d32de	SampleType	Sample	-0.250565899722276	0.167091510708482	18	2	0.153197328063	0.291143824877369
X934803696e9c94174f3c3c8a94844bb2	SampleType	Sample	-1.49427055830852	0.81259428517896	18	11	0.0845654014851353	0.291143824877369
d77309793f82eb417d1458904160e46a	SampleType	Sample	0.852951286647828	0.483528328933935	18	3	0.0968104064144431	0.291143824877369
db79242c961c3c2e613ebd14d7e1e3ce	SampleType	Sample	2.52433234034348	1.01803665800439	18	13	0.0246645962923167	0.291143824877369
X16237faf931bc6e4493261088a530e64	SampleType	Sample	-1.04201673040907	0.766928605000998	18	6	0.193093121797397	0.291143824877369
X61771b37cea411a6c3f65546fcb0d14d	SampleType	Sample	-1.074432484394	0.502637085676732	18	7	0.0483318837461641	0.291143824877369
X659058dc692923e0741772981e6fc52e	SampleType	Sample	-2.55271845540236	1.13224636050883	18	9	0.0385287213537513	0.291143824877369
e018027ae4ac53f0766656b67ac716cd	SampleType	Sample	-1.35382877553968	0.598854103166884	18	10	0.0380691630205567	0.291143824877369
X11309bd5c05d2d963f958beb73b0d5cd	SampleType	Sample	-1.71155439133784	0.918147606378551	18	4	0.0807564878556022	0.291143824877369
X0ba0d4c5a289facc80e0e481377a9e18	SampleType	Sample	-0.978822798592977	0.424531058490753	18	4	0.0348555811566383	0.291143824877369
X1f8cfbf8468a8f3dc57b001d19983dd3	SampleType	Sample	2.09620665698563	0.979551492193133	18	4	0.0481118281060036	0.291143824877369
ae2030ace237249b32ce15b9b2443b93	SampleType	Sample	1.45994097637527	0.61677647776769	18	6	0.0308753562256598	0.291143824877369
X0077b1c328d7c6d76713c77105393caf	SampleType	Sample	-1.09982721535236	0.426905187747549	18	8	0.0202943975446122	0.291143824877369
e2b87ba027da4610ce0901256fe147de	SampleType	Sample	-2.30657787555022	1.33580552118443	18	6	0.103468395175504	0.291143824877369
d33376accb73ed5f6287f6d1ff7e1e8f	SampleType	Sample	-0.469185626495179	0.241856156080765	18	3	0.0702236718983652	0.291143824877369
e7648f8dc77383ec9569036610d726fe	SampleType	Sample	-1.34465594032402	0.931298811920243	18	13	0.168076763991877	0.291143824877369
X2c674dd5dcc493fc0bad82c12f46397e	SampleType	Sample	-2.12283659621046	1.22409446432945	18	8	0.102101855956449	0.291143824877369
X7c17dc1a855a11dfc9beb31f5cd52fc3	SampleType	Sample	1.10234215485923	0.744991762256104	18	7	0.158381086489058	0.291143824877369
X1aa74d2afb6f3a2fa8fd6667626cfc09	SampleType	Sample	-1.52454746225091	0.841670474030595	18	4	0.0889026530195261	0.291143824877369
X77b742f1171816c6a3e147850262dc15	SampleType	Sample	-0.590107467050107	0.374634488667631	18	4	0.134784609762396	0.291143824877369
X321a83a6e5fa7b84f7c14fac45af21c3	SampleType	Sample	-0.430998764098547	0.222472913926543	18	3	0.0705671482862397	0.291143824877369
X1a9a348c2987cb2e5c50c4ba550f24a3	SampleType	Sample	-0.49749486765073	0.261486617416801	18	3	0.0752526715628355	0.291143824877369
a3512dec19c020cc96c0e195ac468aac	SampleType	Sample	-1.39848668840414	0.976212376305165	18	6	0.171231060356218	0.291143824877369
af0734d13d54fc12a56ffe1cea938f3b	SampleType	Sample	-0.60235603641096	0.400785594659772	18	4	0.15233489532209	0.291143824877369
d7a0c284b870a0fec384febf21d16517	SampleType	Sample	-2.09333153036494	1.11409410000018	18	4	0.078593287268344	0.291143824877369
X897570e09d862d745dcb4fc5dd65d9a2	SampleType	Sample	-0.337414611254949	0.239317247293983	18	2	0.177710385255487	0.291143824877369
b4a21b48ca6397ec82217703c164adc9	SampleType	Sample	2.19181073301155	1.19593594200119	18	4	0.0855204869532563	0.291143824877369
X526b3d453dadeaa8c15e168de5fb3739	SampleType	Sample	0.840473689967736	0.565014011594612	18	4	0.156317567956408	0.291143824877369
e0c54024e47e5c289016e750ef81331c	SampleType	Sample	1.95510625209409	1.05399174489295	18	9	0.0821239693915088	0.291143824877369
X86be5888dd2d3ab174b406bd0756ef62	SampleType	Sample	1.4620524166126	0.707158045125699	18	5	0.0552572295461043	0.291143824877369
X90011a33899ed1c7b04fc135cbcc547c	SampleType	Sample	-0.831736159024184	0.472080904425218	18	3	0.0971863892993016	0.291143824877369
X749b1e195ab505b26d20951f53834d11	SampleType	Sample	-0.582133393347513	0.378720812886627	18	4	0.143806742721236	0.291143824877369
X42f547d0fb7d6723665eaaa73d95e2c1	SampleType	Sample	-0.731357516904578	0.306267983848996	18	4	0.0296197676378256	0.291143824877369
X4fce5ae579fbc32998ec4b7159aeb31e	SampleType	Sample	-1.38347966764484	0.829024632132687	18	3	0.114603125683376	0.291143824877369
X54b2938845517c66a88daab1b15b06a8	SampleType	Sample	0.701362410840285	0.392249004270952	18	3	0.0927192171491349	0.291143824877369
a7f93049424ef4e35da79187bc5de3c0	SampleType	Sample	-1.96694151465242	0.708372728129947	18	8	0.0134730260172777	0.291143824877369
X987027dc44208ccada49fa8ca6ab884a	SampleType	Sample	-1.59289045145658	0.922932735372547	18	12	0.103621211892774	0.291143824877369
X7ccceb323aa33324446ba0ef7fad7817	SampleType	Sample	-0.463653236150954	0.252492835720979	18	3	0.0849643959712864	0.291143824877369
X21fd903628de351d159b3a92a36520d1	SampleType	Sample	-0.717713971202693	0.473016604106078	18	3	0.14869684105299	0.291143824877369
X4eec64e26ba6ab8dc0be1e62d7bc5874	SampleType	Sample	-0.833120419824594	0.496785978302426	18	8	0.112963266579712	0.291143824877369
X31f02db7276788649e73005201477002	SampleType	Sample	0.305813877807052	0.211769771651671	18	2	0.168011213210276	0.291143824877369
X30c14e5f7a2be1cfb5bfd9cbd2ecde7b	SampleType	Sample	-0.455750031445171	0.236511029703846	18	3	0.071933051458614	0.291143824877369
X09e719a2acca4d1cc7ad3ebe7582810d	SampleType	Sample	-2.18385248153718	1.02590061693059	18	10	0.0491623410793009	0.291143824877369
X659a778f3b9c699fec97059bc284de0b	SampleType	Sample	-1.61431917966658	0.878688169335347	18	4	0.0848269356689367	0.291143824877369
fa23daf33387ebacfe81878df1c3c54b	SampleType	Sample	-1.37561531178536	0.728802524354292	18	8	0.0773689845126039	0.291143824877369
f42eeea87cf2ddb3a7941923d3918516	SampleType	Sample	-1.23403942903007	0.686741633555822	18	4	0.0912444056621962	0.291143824877369
X03ff409687c3813261924a6f629fff78	SampleType	Sample	-0.546255378293726	0.301712154779627	18	3	0.0890342080196224	0.291143824877369
ac60ad741ae6189321c85d3ef49885d6	SampleType	Sample	-1.88898783875195	0.738076304455994	18	8	0.0210027245349734	0.291143824877369
X229ae3d23cfc11ccbf3ddaf040f1330a	SampleType	Sample	-1.11387537157491	0.622850944648381	18	4	0.0926698372380761	0.291143824877369
ddb9337473f64582bae31131247a269f	SampleType	Sample	-1.30943726722677	0.753585112348486	18	4	0.101485656832654	0.291143824877369
X76b18d0a46a13d4468c03f3ec1970168	SampleType	Sample	-0.744502887605806	0.440853698168091	18	7	0.110652571648065	0.291143824877369
c44ff307960c98eb2c3f6c5cf28a5e59	SampleType	Sample	-1.93353160459338	0.9491207075804	18	7	0.05852525250958	0.291143824877369
f966f5315b4ea943670cd7370c960df6	SampleType	Sample	0.491305544953188	0.356977076563845	18	5	0.18768822657804	0.291143824877369
X7bbc62177baff660f822fd1f5ec70b87	SampleType	Sample	0.500809531615408	0.300760707456859	18	5	0.11534040171796	0.291143824877369
X4322f4680e8e12c643936186ff94fcc8	SampleType	Sample	-0.568054457821573	0.302433184583202	18	3	0.0786904397685221	0.291143824877369
X7e082f297945c886ab711479d86ae7ef	SampleType	Sample	-1.55864660726772	0.573298938093486	18	7	0.0151779296751816	0.291143824877369
X4b57c93aef543ae42241d05de5df6ac4	SampleType	Sample	-2.46301051643517	0.96428162722331	18	5	0.0212203569644587	0.291143824877369
c251ad2522d7bcf25e41815542a477f4	SampleType	Sample	1.06185838791145	0.643600763694151	18	3	0.118459896407732	0.291143824877369
e77a64dca70416e2edd62d06c97eace7	SampleType	Sample	-1.24434818677862	0.766230262577166	18	3	0.123912657440262	0.291143824877369
X8a44a4e06b1a74f11ee8e2686464e0d5	SampleType	Sample	-1.23401287882497	0.680558095704499	18	7	0.088597171128946	0.291143824877369
cd78e353ff7460b7e9e77db2ede05397	SampleType	Sample	-1.05230229733928	0.670559455482293	18	9	0.136143274739327	0.291143824877369
X150e6e6bcd9dca3b3a4a9dc3579a6c06	SampleType	Sample	-0.597146476369465	0.319680438968307	18	3	0.0801952555876601	0.291143824877369
X81740d08517e1c4878c4af397bae845b	SampleType	Sample	-1.79012928490025	0.841277394590667	18	9	0.049242288387628	0.291143824877369
X169a0f5e6200d8505cc9a7bab3b1db9d	SampleType	Sample	-1.00253960794074	0.486793767807173	18	4	0.0561060144355115	0.291143824877369
X8e57f969178d1b7b927cf520942dbdbc	SampleType	Sample	0.776909595596839	0.336479139831725	18	4	0.0346312030333751	0.291143824877369
X8ddc52ff32005e285f904d6b3cf4d82c	SampleType	Sample	-0.545455903438921	0.292967319661448	18	3	0.0810980124985544	0.291143824877369
X6633d8833aaa3f75ccc5e8bfe095dfa7	SampleType	Sample	-0.685976848257181	0.390949684726087	18	3	0.0984479378479639	0.291143824877369
X519c6acaa408476b29fc7dfdeea67efe	SampleType	Sample	-1.21287201947909	0.574009708496013	18	7	0.0506673093236373	0.291143824877369
X5ee4574ba659edac67db88d3179cadb0	SampleType	Sample	-1.23856446411839	0.61603890166556	18	11	0.0615418327991966	0.291143824877369
X8cc3507e919491c447d8407312a58a04	SampleType	Sample	-0.742381327868359	0.418029388324444	18	3	0.0947671435434174	0.291143824877369
X1bc7e599ad2dbd3c9e8128114addb62e	SampleType	Sample	0.580591095660331	0.364527578917567	18	4	0.130783766847232	0.291143824877369
X0f067d3b0fcbcbb517d57a849a9928db	SampleType	Sample	1.2846328158343	0.715959277550473	18	13	0.0916843816986586	0.291143824877369
X755ff3ff99a637ef0c4566d0dbf21728	SampleType	Sample	0.666308660135772	0.36529593749994	18	3	0.0868814232382033	0.291143824877369
e035ad9450215a21b4a5c15ca85eba44	SampleType	Sample	-0.487384051253084	0.253288256286391	18	3	0.0722996884521534	0.291143824877369
X4c5d68fe9f0b36f32638abc717a65ad3	SampleType	Sample	-1.38335710016618	0.96560298694362	18	9	0.171210925402414	0.291143824877369
aa6fbd578bead0e4af7ef245cc30555f	SampleType	Sample	-1.79029167657439	0.840883823477561	18	11	0.0491300838611008	0.291143824877369
e713171ed431d19b4820994d09efdbb2	SampleType	Sample	-1.82177969730233	1.08866943184372	18	9	0.113683327741045	0.291143824877369
X4074ce86cd14964dd221e071bbe22f83	SampleType	Sample	-1.37667488689544	0.93913783452118	18	10	0.162054228158011	0.291143824877369
dba53424e92d8150b0a59c02c1bd24ef	SampleType	Sample	-0.733475645046128	0.415445530286794	18	6	0.0965504518021309	0.291143824877369
a6905f293d92223e65dd6e1631fc40e8	SampleType	Sample	1.70440570016292	0.762740790311967	18	16	0.040060689862517	0.291143824877369
X84311fa56ffef22f7e70b831f3dbda39	SampleType	Sample	-0.252884593933049	0.168840892982707	18	2	0.153661360569141	0.291143824877369
X9fc216e9061a3a0e7f1564040cb4c92a	SampleType	Sample	-2.04755679677658	0.789263891447993	18	5	0.0195675062721924	0.291143824877369
X535d7269a026905fe61cd2baeece3bd4	SampleType	Sample	-0.476262117881472	0.24665376394428	18	3	0.0714120855668607	0.291143824877369
e06d134d202f3e94fe4e3017d3664e11	SampleType	Sample	-1.11195187594078	0.717500432212861	18	11	0.140751698453687	0.291143824877369
X019bed84669410b5d384f6e3280da1b9	SampleType	Sample	-0.492662139120698	0.196391043906724	18	4	0.0232690196886327	0.291143824877369
cab28bc37c5d62b75a6b8b9e2ba2c9cb	SampleType	Sample	0.810254128207723	0.34597090301055	18	4	0.0324467604813647	0.291143824877369
X3b437c4d2375e717fe51983c24c322da	SampleType	Sample	-0.818989793646055	0.481532719572141	18	5	0.108331639843525	0.291143824877369
f59d7c1cddb8b746750780d02843581d	SampleType	Sample	-0.865988099380948	0.540331925849105	18	5	0.128557292835906	0.291143824877369
a23b5047a994e4335c9629c0d1bc31df	SampleType	Sample	-1.32875092706209	0.591213374723551	18	4	0.0390639224616901	0.291143824877369
fde2fb7f1401c7a2ffc4997a89eea5a5	SampleType	Sample	-0.445513215624259	0.240612202232352	18	3	0.0826311738801793	0.291143824877369
fda33eb8eb9fdd3aa18a81532af319de	SampleType	Sample	-1.04106906576944	0.373061754064757	18	5	0.0130925068976739	0.291143824877369
X73f95638ad5e78c543092b62f5631caa	SampleType	Sample	-0.958923220621658	0.420794311996029	18	7	0.0367404943675395	0.291143824877369
X30dba76e3b65c436920dfda8e5e91895	SampleType	Sample	-0.47952132160549	0.263540319310652	18	3	0.0875915403925579	0.291143824877369
f0f732788ef67da775fd896b57bf1025	SampleType	Sample	-0.323220128923343	0.22681269207909	18	2	0.173357017616655	0.291143824877369
ccb0c2a085c2c26ea8ee4a97c3a9e582	SampleType	Sample	-0.61907404136775	0.337979430423438	18	3	0.0856798954548363	0.291143824877369
X9e01ade5359ac1665e85f8c81d452a25	SampleType	Sample	-1.25461162364176	0.911516085482802	18	5	0.187655881919917	0.291143824877369
c60fb40a81840b666a6b6b0f10e36345	SampleType	Sample	-0.599602774929208	0.358035319979781	18	3	0.11342380727263	0.291143824877369
c1341686134e4ccf6ff9204c6079811f	SampleType	Sample	-1.70738559641312	0.714445376862806	18	7	0.0295116578577708	0.291143824877369
X533d315d5ee0cc1318bbd2363e63842c	SampleType	Sample	-0.839839081946611	0.501482888482779	18	4	0.113422119084633	0.291143824877369
X5ee0e917502235a097410d2a311f2e71	SampleType	Sample	-0.778615991329611	0.449369096163901	18	3	0.102378849807106	0.291143824877369
X8b682136896b3cf6de6e2f41823bc96e	SampleType	Sample	-0.701228418267206	0.451298762007888	18	3	0.13978712646114	0.291143824877369
X85f96df83ba14bf79a082e587b136d3d	SampleType	Sample	-0.282790526445012	0.192485396883951	18	2	0.161178588115184	0.291143824877369
X4bfedc0e9de9bed36f6c448669465526	SampleType	Sample	-1.48433453341417	0.573652809738795	18	5	0.0198373084221514	0.291143824877369
a808d64656c89b269905004de83c1b9d	SampleType	Sample	-0.492573112369278	0.277787194955922	18	3	0.0952283809820426	0.291143824877369
ff901874ac79617b42a96c2b0b7364be	SampleType	Sample	1.09289978043725	0.534839798873773	18	4	0.0578394363355641	0.291143824877369
a17fd0f8d4eee41ef864153c9c21b286	SampleType	Sample	-0.737377222612311	0.467339934095456	18	4	0.134171638359109	0.291143824877369
fa51b03f97fea398164120dc216c6b91	SampleType	Sample	-0.509290233576785	0.277443100278115	18	3	0.0850643208323674	0.291143824877369
X92634de857dc6eba3c4d57d33d710553	SampleType	Sample	-0.847347713245145	0.478836330633551	18	3	0.0958464350860563	0.291143824877369
X7253d54afaf98cdc5250fb3743ccb37b	SampleType	Sample	-0.670539471411824	0.365895642544386	18	3	0.0855388744652021	0.291143824877369
ba7511fd6b8ac09c29d16f45ff52da5f	SampleType	Sample	-0.664016143816452	0.36159657835866	18	3	0.0849578003502569	0.291143824877369
X8ad36dcd5330da85a79ab026cae977dc	SampleType	Sample	-0.799190624746086	0.526660024579608	18	3	0.148657442857401	0.291143824877369
X7ea06d2bb42e27fa68406d4602c2d01a	SampleType	Sample	-1.38101056315186	0.769689846203071	18	5	0.0916908355312539	0.291143824877369
cdfa5bee668ff3eb1caa79fd0dd15408	SampleType	Sample	-1.23285726462207	0.577622829913892	18	9	0.0486324007974322	0.291143824877369
X1667a608ce9dcd9173cc4a7ea408e61a	SampleType	Sample	-1.00383131157353	0.438723367945911	18	4	0.0360810288709016	0.291143824877369
ff2e65ab7ee1a994f929993a4cd98b2d	SampleType	Sample	-0.772322381504127	0.439000867444409	18	9	0.0976358966214295	0.291143824877369
f12f5ba8c80d765b2f9120da917d196f	SampleType	Sample	-1.56543503728751	0.891674335409209	18	7	0.098277229983504	0.291143824877369
e6b4689699677dd0d16361f54b4d761c	SampleType	Sample	0.497094497249409	0.281107256584989	18	3	0.0960620923755794	0.291143824877369
e91a544742f83b8662d1ebf6674f646d	SampleType	Sample	-1.08489538933106	0.611497319220735	18	4	0.0950645621842907	0.291143824877369
X2b07483fc25f916a162dd3f363532886	SampleType	Sample	-1.42166126285642	0.840016084297116	18	4	0.109944192257333	0.291143824877369
badfe430d2430166a61838ee2179df26	SampleType	Sample	-0.785148036888694	0.487769306261845	18	5	0.127019745683937	0.291143824877369
X768c02ad828dacf149957d9fa614fd77	SampleType	Sample	-1.58742330091481	0.645262711025307	18	8	0.0256477479356513	0.291143824877369
a27c293d4497503fcd38e01fd86a2952	SampleType	Sample	-1.23733855916288	0.764711820335925	18	5	0.125194216512124	0.291143824877369
e417c151046ba195520fed7677425096	SampleType	Sample	-0.702779011009781	0.337060564661389	18	4	0.0534459049520306	0.291143824877369
X06aa8371756490aa26b512dac0839f29	SampleType	Sample	-1.36611971169913	0.631949206826945	18	4	0.0461353544017644	0.291143824877369
X7e6d49ee79001adc19db0967b5346d7c	SampleType	Sample	-0.958861351778446	0.510443342586095	18	9	0.0786606263273302	0.291143824877369
f936cc0095df2ce79b485df5f7fe631a	SampleType	Sample	-1.48248693971494	0.533714900934903	18	6	0.0134460918865053	0.291143824877369
X0bbdb9142f35f4f921582b626e73ac05	SampleType	Sample	-0.385157235482743	0.193965838210806	18	3	0.0644786629799018	0.291143824877369
X3ad1c8aad6bdd6f9f60902f08beaf0b1	SampleType	Sample	0.880773309494045	0.382925627166492	18	6	0.0352374767807985	0.291143824877369
X0003367c233ad8b39a1434737ecbe030	SampleType	Sample	-0.60136955453588	0.24719736159614	18	4	0.0270911708436461	0.291143824877369
c7ac3845afbf5fd3c59010a5810b8cf9	SampleType	Sample	-0.620418614960261	0.334336797422716	18	3	0.0820167042156403	0.291143824877369
X743701a156f188bc190c1cbe80a67e4b	SampleType	Sample	-0.226928388437506	0.150140514676236	18	2	0.150174257063397	0.291143824877369
debc0007bfdcefb74927da6756a0e949	SampleType	Sample	-1.33632618602193	0.676332599724737	18	9	0.0656787671211488	0.291143824877369
b9daea5529d55d97d57ccee11ca966fc	SampleType	Sample	0.821226251901133	0.358280453983777	18	4	0.035794621309694	0.291143824877369
dbb50b016562b8a1c8cf2f89d2f03c9c	SampleType	Sample	-1.51099493106261	0.829789994752476	18	4	0.087369494892513	0.291143824877369
a6fd2b03ca23928d929d4518fb95144b	SampleType	Sample	-1.06016904277033	0.505354823740194	18	5	0.0521521996174545	0.291143824877369
X3cca860688daf17ba659d026ff5c195d	SampleType	Sample	-1.69569346912375	0.911471387170005	18	4	0.081311952113947	0.291143824877369
X31a174191f7ce10077fc97463573c544	SampleType	Sample	-1.37498733076291	0.968394707156601	18	9	0.174838808032934	0.291143824877369
X51b695908e497fb29968f89b02a286e6	SampleType	Sample	-0.41254985103544	0.210141373732406	18	3	0.0672476331067301	0.291143824877369
X0919acf89fa8a15db3c351214f6e4f7c	SampleType	Sample	-1.88186857009452	0.7862126089293	18	9	0.0292905906723188	0.291143824877369
bef4944cd7c1a9d609dc3c64589591ba	SampleType	Sample	0.486129951400312	0.264339423120991	18	3	0.0845426104634095	0.291143824877369
dc5f2dd3c3d2c044e4a0b92b66404ba7	SampleType	Sample	-1.03157794048992	0.49663924203562	18	6	0.0542564896244702	0.291143824877369
X6f3fdac8cc88bf89cc56ca40dc4860d2	SampleType	Sample	-1.54534310275406	0.966556878148633	18	4	0.129420432682612	0.291143824877369
c968d53c0418f0b1ea2686794e5464cd	SampleType	Sample	-1.69482439284185	1.1227719978773	18	5	0.150665025590732	0.291143824877369
c543d7cee2410934c231287c566a8c79	SampleType	Sample	-0.594929254910039	0.323482317268328	18	3	0.0845267488139912	0.291143824877369
e91a1dfec6244157af2b9c1fcb046f68	SampleType	Sample	-1.07453203667763	0.685981454387679	18	5	0.136813372740839	0.291143824877369
X6964bb65de0df60688194be5b739b0c2	SampleType	Sample	-1.37059441007281	0.807094042046175	18	4	0.108832565380512	0.291143824877369
X17c1fb718fb64ec7ed51ea86c47b4df1	SampleType	Sample	-0.683576833364991	0.373934570217549	18	3	0.0862463009271966	0.291143824877369
ff46a90a0e7cdb17b2e870dbda7aeaf5	SampleType	Sample	-1.33147555866847	0.934303513738346	18	7	0.173343789810578	0.291143824877369
X152eb25db765f4e6590dc9eb62bddf72	SampleType	Sample	-0.339418616287427	0.169732981367887	18	3	0.0628048522850899	0.291143824877369
c3796a24efd3999e518779cf3768c470	SampleType	Sample	-0.425829302603227	0.21714210867236	18	3	0.0675163969402682	0.291143824877369
fbb9cf1ac3daaf43498837f65090937d	SampleType	Sample	-1.80891476472853	0.967104278360927	18	4	0.0798293829237243	0.291143824877369
X20f40622081aba833657fcbb6f2a973a	SampleType	Sample	-2.21174933793571	0.781383079344072	18	6	0.0120561513603982	0.291143824877369
e3ca6ba7bfee69e7e5e01fb80bf2b9d0	SampleType	Sample	-2.41856212233876	0.866416375681622	18	6	0.0130696677234339	0.291143824877369
f690e76a3de3a7b1cd99d01daef0d027	SampleType	Sample	0.276501925430145	0.187364914503273	18	2	0.159421732521578	0.291143824877369
ac79a9d71daed031027868720625612d	SampleType	Sample	-1.28486072861669	0.610030422559285	18	5	0.0513264978312434	0.291143824877369
X8053de8260b26d281be9c32130517ea0	SampleType	Sample	1.21747814886628	0.677722889123414	18	6	0.0913306979442772	0.291143824877369
X2f4a3ef5de56c8b5b8470e19c136c025	SampleType	Sample	-1.56185947295329	0.730905169268957	18	4	0.048397580927581	0.291143824877369
X2598412b8a24c6874da8610e4f9deded	SampleType	Sample	-1.13858063804256	0.500148370218206	18	4	0.0369104933269383	0.291143824877369
d9b7b6fee2b056ad73593d175bf71cb9	SampleType	Sample	-0.754091618848865	0.549563238350653	18	6	0.188944689885488	0.291143824877369
a46c68ade453c5b8cdc418a30ff62c46	SampleType	Sample	-1.00962111502678	0.483336845888786	18	5	0.05305688412208	0.291143824877369
X46ca097e633fe69ec90772cf148a72eb	SampleType	Sample	-1.65835585040061	0.891906673348189	18	8	0.0814687199508886	0.291143824877369
X6f4e8d53540daa897094612f2e212f68	SampleType	Sample	-0.717472238106929	0.310604658729686	18	4	0.0345642811501485	0.291143824877369
X5c4fab4e521841d76295a4a38ac511e7	SampleType	Sample	-0.246005090840419	0.163691813439391	18	2	0.152356155441677	0.291143824877369
c30cad9fcfd8f81ab1ad5e4fd7791450	SampleType	Sample	-1.1946125994979	0.840536191077855	18	12	0.174441516393754	0.291143824877369
X5f66f15f6cb9a7b556702e828fa430bc	SampleType	Sample	0.384116852167117	0.281592473008021	18	2	0.191422307984139	0.291143824877369
X0074a48d66fc98db6cedc317176f1fd9	SampleType	Sample	-0.843569671156165	0.533650721267164	18	5	0.133498732014294	0.291143824877369
X4f5d5c70f37db3c66d86b59a75e416ee	SampleType	Sample	-2.05096507764109	0.761015246867705	18	7	0.015933072746057	0.291143824877369
c4b6dd36d89c0eacd28b14749a4f88b4	SampleType	Sample	-0.973456188016511	0.68707887288633	18	4	0.175716737034811	0.291143824877369
b39c708f3cf7af879b004a5b52e3d713	SampleType	Sample	-0.353928712193013	0.177198698530022	18	3	0.0630844421996091	0.291143824877369
d378a4de03e02db5daae83d3cd223cf4	SampleType	Sample	-0.436726028845732	0.2229463064664	18	3	0.0677911464853936	0.291143824877369
X0c4a3d0ef52b9bd1cc850f6b5e880ba6	SampleType	Sample	-0.353851325865004	0.254019107800866	18	2	0.182670419164992	0.291143824877369
e2f0bac1ec09a88649e2789aa212b782	SampleType	Sample	0.85061940283286	0.409940693378437	18	4	0.0544773795511907	0.291143824877369
X4654e3ab4a33fb57af90ad7a70df8166	SampleType	Sample	-0.345958800985089	0.246932317671354	18	2	0.180303101225008	0.291143824877369
f5292f9df723852bf526abec59fb08ec	SampleType	Sample	-0.495288763987263	0.258490307239656	18	3	0.0733974498421894	0.291143824877369
f79f7e82be925ea7d56a504a2dbefef1	SampleType	Sample	1.171357787528	0.431109808229842	18	5	0.0152296134146346	0.291143824877369
X7b3b47b36e3b19f25b8c6d80c16f3d2b	SampleType	Sample	-1.23412296698947	0.567401216244538	18	5	0.0449669736715276	0.291143824877369
X4291121b82bbd1740762c03bdc3812a9	SampleType	Sample	-0.420461547628435	0.214311412355691	18	3	0.0674087290468943	0.291143824877369
dc9ed72ba2a4e89a9eb4f04ede08aa4c	SampleType	Sample	-0.950189986680936	0.581780078754466	18	4	0.121938012243401	0.291143824877369
X1cd64a5ff62650fb5f56476e255ea941	SampleType	Sample	-0.378017762601148	0.191568672920465	18	3	0.06599458678503	0.291143824877369
X84a995c94371b6ba6a6c1272da8e1b24	SampleType	Sample	-1.44755226367568	0.871683734092573	18	8	0.116252890678117	0.291143824877369
X4cbabed666aa810d62a53e16b8bae40c	SampleType	Sample	-0.306127031699582	0.212037212276709	18	2	0.168106761497557	0.291143824877369
X9c3f2a825ae617e7d7bd699a7cb65938	SampleType	Sample	-0.463561325632911	0.238625205927445	18	3	0.0698727232924217	0.291143824877369
X219c4d025ac48c89e80c0b6856efbd4e	SampleType	Sample	-0.42028408150761	0.214497499145091	18	3	0.0677273835467637	0.291143824877369
c81cd644cf82c3b163fef1d2d67f8aa1	SampleType	Sample	-0.345619073980846	0.172912245332088	18	3	0.0629121389859856	0.291143824877369
X0074238c998c7fb81601ba6ca910cee2	SampleType	Sample	-1.95019337127349	1.09818512518178	18	9	0.0947797469707735	0.291143824877369
c1a91a0726e45a33397ed6b628812bcc	SampleType	Sample	-0.637313431933154	0.295207891326949	18	6	0.0463933397611189	0.291143824877369
X367dc19d41820be96c3139b17ad88393	SampleType	Sample	-0.650621945782335	0.42187866533059	18	4	0.142569421203574	0.291143824877369
X87baf32a036590dda0107f93d3a00c68	SampleType	Sample	-0.951638083410215	0.675809120848489	18	5	0.178221594151925	0.291143824877369
X7d5aa56880a9ec00a7bb78f06f5c2d92	SampleType	Sample	-0.597095205661412	0.32216959560286	18	3	0.0823638730272232	0.291143824877369
X732d0269d10d9084d7aca2dcdf1f9246	SampleType	Sample	-0.547402955605002	0.290358580369257	18	3	0.0776875532188745	0.291143824877369
aef2d0315f579d3e34ca9c06ed461aa8	SampleType	Sample	-1.22686316140063	0.579318600207675	18	7	0.0502050043495359	0.291143824877369
f226b88db27e37e0697607801f984930	SampleType	Sample	-0.635861126245349	0.350248036503076	18	3	0.0882412035086726	0.291143824877369
ae4746a38095e10055d4f8a06409ca01	SampleType	Sample	-0.572261084021075	0.310967138065039	18	3	0.0843541970649859	0.291143824877369
X7111dfa20d08ec967e55b337db0875ea	SampleType	Sample	0.28460479575101	0.193975432992168	18	2	0.161696996641664	0.291143824877369
X2e681b6d1b933b32f96cf0591725d304	SampleType	Sample	-1.96329118406186	0.753939466054398	18	11	0.0191825857093653	0.291143824877369
X16ff6fdb8b9bbe665e7ec8c665e78183	SampleType	Sample	-0.417325858351527	0.212635808493744	18	3	0.0673190911053439	0.291143824877369
X979894fc6365cd4ed6a0f0091d940e15	SampleType	Sample	-0.653495674555338	0.380143288595604	18	3	0.104883667110954	0.291143824877369
a026c9f4e27f5825b1a267eaf8127c93	SampleType	Sample	-0.805125457843213	0.534595181904179	18	3	0.151541873719216	0.291143824877369
X6499e4803df71282d4f276bc5038b9c3	SampleType	Sample	-0.847677122650583	0.361573783344365	18	4	0.0322907710838462	0.291143824877369
fdcf6dc62b2ba950d1f777eade33b2e2	SampleType	Sample	-2.38455041406205	0.910908373512294	18	5	0.0186545779002577	0.291143824877369
f0a6b61b8a65998ec885aeefd17019df	SampleType	Sample	-0.909080132917559	0.457985844517509	18	6	0.0645685451071213	0.291143824877369
X55d531dd2ec7ed28ce6c3955250fd34b	SampleType	Sample	-0.248842096087353	0.165800007663109	18	2	0.152867791649	0.291143824877369
f019c487628266edc1ffdb527d9cdac8	SampleType	Sample	-0.835631258061167	0.359031293055356	18	4	0.0333899591325704	0.291143824877369
X585bdc57cf459ec692ceb947132e91ea	SampleType	Sample	-1.2019521636622	0.875489585756648	18	5	0.188723241221328	0.291143824877369
X99b14d3c57a98b8e794b2c552ef44637	SampleType	Sample	-1.16420220573597	0.712697974861931	18	5	0.121881232836239	0.291143824877369
db349d0f9b8d202b77bccedd5ec284b1	SampleType	Sample	-0.863352721869244	0.317909700373522	18	5	0.015272097150172	0.291143824877369
X86c79ce11305fa7514a735237898ab60	SampleType	Sample	-0.467675241878596	0.246260408941193	18	3	0.0757334595288143	0.291143824877369
bc1948dcd6a33e69c1e0b2d07ae494a8	SampleType	Sample	-0.817258347724593	0.555174520929889	18	5	0.160397404758306	0.291143824877369
X6effb1c02250d8c94b861fdaa3f96373	SampleType	Sample	-1.31509241073292	0.712909018161873	18	8	0.0836772698215678	0.291143824877369
b033223a359e0f71390d1caba3e8ef0e	SampleType	Sample	-0.789402925309694	0.479331770765266	18	4	0.119078887007719	0.291143824877369
X05725ba2b7fa9372035f0338c449a43e	SampleType	Sample	-1.30965300208147	0.761253876733654	18	4	0.104639892934499	0.291143824877369
a130124737fcdfbd98b30e43310f4735	SampleType	Sample	-0.615621245780299	0.434611726835338	18	5	0.175808386370445	0.291143824877369
addff1327c8b525422a1a38bac47f59a	SampleType	Sample	-0.290332925852779	0.19871525897328	18	2	0.163361772378644	0.291143824877369
X8af2b79a4e1bdc37b200c6fda2dea9c0	SampleType	Sample	0.965012379158211	0.438582710079124	18	4	0.0428216993884263	0.291143824877369
a38d50093be16bece9e77cad438baf5b	SampleType	Sample	-0.256799089125083	0.171824845909954	18	2	0.154494672044163	0.291143824877369
e72ec2a560d904c975608f36998a0e07	SampleType	Sample	-1.75466258688648	0.649022513333547	18	5	0.0156578400986428	0.291143824877369
c742bd5804b23fe1bae2f04ec30d5c4b	SampleType	Sample	-0.422598136334159	0.215636048990855	18	3	0.0676786930158289	0.291143824877369
X133ef08cb4d21c38ee46849679b36dd7	SampleType	Sample	-0.503638971014043	0.275668047746087	18	3	0.0864170696021656	0.291143824877369
cc3f6a1e057f63ddfc9374beb1d7b1d9	SampleType	Sample	-0.484264147282004	0.250980113933417	18	3	0.0715978384244855	0.291143824877369
X44b1feb2bb2ace0cfbf0bafc7d2cd78d	SampleType	Sample	-0.598603272376432	0.321347466062521	18	3	0.0809558069231539	0.291143824877369
b408f008ba73a691f5bf6c95eb64f578	SampleType	Sample	-0.916340913790194	0.524804200006994	18	3	0.0999681058547741	0.291143824877369
X422f277f9c047e7f5bcbc311e68213c4	SampleType	Sample	0.346077960187135	0.247038948868962	18	2	0.180339055326853	0.291143824877369
X8e8c76ea06887126df6899f930931a03	SampleType	Sample	-0.837367884114351	0.529208325090134	18	4	0.133144369870968	0.291143824877369
X1d87ec4dd49943f616db49f884b01bb1	SampleType	Sample	-0.614947336381119	0.331980771722299	18	3	0.0825141587039726	0.291143824877369
bd3301e91a4c19c730c75200b0c50472	SampleType	Sample	-0.925950658130064	0.621174841710467	18	5	0.155505135473514	0.291143824877369
ce4a246905a62b7a3ef0c692a97a7672	SampleType	Sample	-0.410484354464493	0.208104092288981	18	3	0.0660908632132924	0.291143824877369
ded6d067d1f5b7ffd2ed86e0788ec67a	SampleType	Sample	0.258151861981324	0.17286467576365	18	2	0.154796132600193	0.291143824877369
X85a37660aaf46d110b2d9c403cb12131	SampleType	Sample	-0.818774321211141	0.482677407191194	18	4	0.109191514832901	0.291143824877369
X72b97646b16e823b5d31b67a794ea974	SampleType	Sample	-0.737579260512388	0.486100546400326	18	7	0.148690212231662	0.291143824877369
X46be24de915fbc76ac5ab88523cb7235	SampleType	Sample	-1.2896122885453	0.781316799652631	18	8	0.118317121702721	0.291143824877369
b4880fe8ab9cc3f3256cec94f06a68e5	SampleType	Sample	-0.508450502594139	0.267209231413507	18	3	0.0752173658929233	0.291143824877369
e92bf336f5310a9394e0b7799d049e8b	SampleType	Sample	-0.493562410424442	0.26503676386921	18	3	0.0810373033818111	0.291143824877369
ee7ce269abcde443020175b2d3085328	SampleType	Sample	1.12241647381448	0.581889509446536	18	5	0.0716742205818289	0.291143824877369
ee2b1cdc07f755f43376b99d77d013c8	SampleType	Sample	-0.676833555762933	0.371784595241293	18	3	0.087438822694523	0.291143824877369
X553df8f491c5320e7db5eee35a62bcc7	SampleType	Sample	-0.315573134872567	0.220161071747336	18	2	0.171003094194475	0.291143824877369
a2b331ecd3efd29c9ec70479d67fd0f5	SampleType	Sample	-0.385109546013922	0.195640039690797	18	3	0.0665909325793476	0.291143824877369
X8c1aa42e3f38caaf82eb47d5bd3ecab3	SampleType	Sample	-0.261292049764967	0.175294896123398	18	2	0.155520367019412	0.291143824877369
c0ecd9e8ecbe7f9cca2950ca0d1e1bda	SampleType	Sample	-0.542323996107373	0.287622863519439	18	3	0.0776485505844659	0.291143824877369
X603bfd9b18f3cec3d67eecd0b9577b05	SampleType	Sample	-1.2247436568258	0.679438797511482	18	4	0.0903211701104117	0.291143824877369
X4adae9a07fd6254c8191147328ef3c67	SampleType	Sample	-0.708619673114294	0.521693980475481	18	5	0.193212013559758	0.291143824877369
X4c4a24b02d3a748806126425b142a076	SampleType	Sample	-0.572010403894273	0.34720141499611	18	3	0.118953054653452	0.291143824877369
X7687fe3ebd82bffe1fb1dd0e45415460	SampleType	Sample	-0.811385684955564	0.459172569291833	18	3	0.0962835165669657	0.291143824877369
d90d6d6f6739bcaf0ecf940bc43cbe80	SampleType	Sample	0.750021949234775	0.421436052234853	18	3	0.0941265712768174	0.291143824877369
X49b49aa4f854bfe985ddbf1f9ab8f276	SampleType	Sample	-1.56134235915287	0.552826640171957	18	6	0.0122133205320843	0.291143824877369
X15c30ec5a5cb5f3fc6073508809a8ae8	SampleType	Sample	0.473614894303761	0.32103012556681	18	4	0.159539331873423	0.291143824877369
c197bfccc6da06a321f59bc2c96c7162	SampleType	Sample	0.24827744356723	0.165378674170069	18	2	0.152762845818574	0.291143824877369
ab2a3e824df82facfae0d793da4705ce	SampleType	Sample	-1.05974163802593	0.758489214267999	18	5	0.181437687992235	0.291143824877369
d1c2dbff8bab642aee2570f744aa25f3	SampleType	Sample	-0.975846830031017	0.459497313591687	18	6	0.0496351251240363	0.291143824877369
X7857d3187944415a804e443783213d31	SampleType	Sample	-0.432027909533416	0.220927301362413	18	3	0.0682173598209575	0.291143824877369
X62e579df664eed2a0b039f8a2499dcdb	SampleType	Sample	-0.287279510694767	0.196182102570826	18	2	0.162469396321386	0.291143824877369
X22ef78c3377fcf8d1e02f991eecd2893	SampleType	Sample	-0.264701922239285	0.177958997679605	18	2	0.15634240605659	0.291143824877369
X5fba16886f13fb96fc35e9fa7558990d	SampleType	Sample	-0.427131134477939	0.217425434436058	18	3	0.0670855711905287	0.291143824877369
X259d0f6ff4849379cd9c65121f42b155	SampleType	Sample	-0.530537030243886	0.341202051482763	18	4	0.139524510657385	0.291143824877369
af00438e369f9b5f7e406caa9216d383	SampleType	Sample	-0.425102786797391	0.216357723545605	18	3	0.0670455682216478	0.291143824877369
X1ecfc371b8787946db63d89d307b0693	SampleType	Sample	-0.352971823577209	0.25322703276486	18	2	0.18240810894414	0.291143824877369
ec6812a21da26b469193c7689c7e300b	SampleType	Sample	-0.329538724787916	0.23235504667565	18	2	0.175299783862096	0.291143824877369
X36ced6d7e229be21b5ac7d3a85b51b2b	SampleType	Sample	-0.482992583309824	0.252827894155403	18	3	0.0741775383094561	0.291143824877369
X642e827f460c5d95f59e194ffe648b44	SampleType	Sample	-1.38876372317932	0.49977710745324	18	6	0.0134159249490472	0.291143824877369
X70f6a2f8c2cbec1f0c438ff5d2a3f0a2	SampleType	Sample	-0.576292504828499	0.365373472204275	18	4	0.134297610644664	0.291143824877369
d892e186f5d0faef3dcb94743201ac8a	SampleType	Sample	0.274939482279059	0.1861038047002	18	2	0.158996164877582	0.291143824877369
ba401d97a3d1fd259b0c9abfb61197a6	SampleType	Sample	-1.89565414762499	0.812931326466858	18	7	0.0331003654495518	0.291143824877369
d1300f2f31f9c146c2902a7148dab9b3	SampleType	Sample	-0.802424638909264	0.586154457700614	18	5	0.189923364057326	0.291143824877369
d3ff577f885248bc1829bba8608ceb9f	SampleType	Sample	-0.372398285948708	0.270848093344105	18	2	0.188101401837248	0.291143824877369
d886c4e3d4f5eebddd8088d39194a2e8	SampleType	Sample	-0.43151564786818	0.229697823814718	18	3	0.0786410222095334	0.291143824877369
X5a16530a54a20f3f083344efc7cc27f7	SampleType	Sample	-0.625528987623619	0.38609887846391	18	4	0.124744118307312	0.291143824877369
X8158dcac1d1fed642b0f35ade437767e	SampleType	Sample	-0.234840201059436	0.155620202886883	18	2	0.150776570143493	0.291143824877369
X6d5125657f968c2fa0c9a38df0299856	SampleType	Sample	-1.42059540260995	0.814139647473234	18	5	0.100174952240268	0.291143824877369
X9ee24a36e3740e27fde374d20bc45806	SampleType	Sample	-0.70388923587332	0.480329935720564	18	6	0.162179048205667	0.291143824877369
c60140ab87a316bc38cf294cbe7fb5b0	SampleType	Sample	-0.410604826571291	0.209422935459092	18	3	0.0675685298260464	0.291143824877369
X93f37695f1b84aaf5b62169b8984beca	SampleType	Sample	-0.321974495832451	0.225724898463209	18	2	0.172973563313694	0.291143824877369
f91d7cbc45dba24d16bee25d8982e570	SampleType	Sample	-0.728375297985262	0.415588559776075	18	3	0.0988016618209888	0.291143824877369
f6a213d117e8ba43a58c22f63ca194d5	SampleType	Sample	-0.462662670182296	0.242204367966933	18	3	0.0741974169024676	0.291143824877369
X57f316f2b8bb8cd1fcfdfe2c557148f0	SampleType	Sample	-0.310061046970268	0.21540744853303	18	2	0.16931013969726	0.291143824877369
X0cf4d688b407c0268b95700e5ad19d55	SampleType	Sample	-0.656047222464391	0.352402050208985	18	5	0.0811258648468806	0.291143824877369
X1f9d114e8d3a20c7bb9811eeab731b17	SampleType	Sample	2.37847992416994	1.00340779636917	18	6	0.0306708366707234	0.291143824877369
X22cff5314e438d12ca41cb76554b2010	SampleType	Sample	-0.842306422655832	0.495487251745689	18	4	0.108492807299138	0.291143824877369
X3c406d57ff34fbce9c8690992bdc5f5d	SampleType	Sample	-1.060545369006	0.552700216947636	18	7	0.0730236025314826	0.291143824877369
X002085ea8c3c04471dd214414320a048	SampleType	Sample	-0.290813222620097	0.199115048586085	18	2	0.163503078694741	0.291143824877369
X7ec69f2c62aad60e060e588ef687bdd0	SampleType	Sample	-0.480879163560935	0.25107926440057	18	3	0.0735107193986353	0.291143824877369
X1e8eba533d1486327c9205aa00ff16b5	SampleType	Sample	-1.4302465241686	0.598604330757384	18	6	0.0295412177524602	0.291143824877369
X64db8404bb5d297d9e37f6fb3ad2010c	SampleType	Sample	-1.139378210292	0.696929639775474	18	5	0.121597827708093	0.291143824877369
X18974468112c5946f06bc90f9cb1a0f4	SampleType	Sample	-0.820346301644345	0.500233568266104	18	4	0.120530018351509	0.291143824877369
X59df091cad70ff2bacbf82a7c4724f87	SampleType	Sample	-1.0814926313357	0.727725666908796	18	9	0.156683706783751	0.291143824877369
X1e63564dc26ca56c52b18f6f5fe808d9	SampleType	Sample	-1.57816074765913	0.852548253557774	18	4	0.0827023593380387	0.291143824877369
e408617a22dc395d38ff58256293e64e	SampleType	Sample	-0.467671153051468	0.241917803094771	18	3	0.0711096283938369	0.291143824877369
ffdc379ce4e6cc286de85b251ec6d8ab	SampleType	Sample	-1.2381336233118	0.68556050915759	18	4	0.089762153559919	0.291143824877369
X3a4629502b41450600e793677caa5387	SampleType	Sample	0.606120193889556	0.353124764535696	18	3	0.105373716691081	0.291143824877369
X08ed80909b936a6060a71fdb6f1493b3	SampleType	Sample	-1.10145975523186	0.475804936921433	18	5	0.0342243826799598	0.291143824877369
e356565df5a2d71faac2145e43e834a0	SampleType	Sample	-0.635618968837713	0.345947157998523	18	3	0.0848057429014514	0.291143824877369
d0759c304fc7b0b7642fb564dbce4e55	SampleType	Sample	-1.78619196104492	0.97477769610487	18	4	0.0855681220074057	0.291143824877369
X5c87cb0d3ff6e2ec7e9b5ad4089ded12	SampleType	Sample	-0.494767751062665	0.259102812177051	18	3	0.0742898034266868	0.291143824877369
X06c409910eaf5f75ef54e303b000111b	SampleType	Sample	1.01277763825271	0.669689667150976	18	6	0.149954899400599	0.291143824877369
X9de69e69744436484c8a286e29d69f3a	SampleType	Sample	-0.634299423794788	0.346745750849567	18	3	0.0860542393084661	0.291143824877369
bc439950d7a883846b4ba87955d98fba	SampleType	Sample	0.934218578610021	0.556124872723318	18	6	0.11239899837735	0.291143824877369
X179a2aa993179c08304c982daabf4cb2	SampleType	Sample	-0.781167530122623	0.461544366103009	18	4	0.109927430771533	0.291143824877369
X2a1d03cc7f363ce20f526e9f1b4187cf	SampleType	Sample	-0.798014879680456	0.469065082878875	18	4	0.108237875636439	0.291143824877369
X2ea0ae7a46fdf3b091edc5449a40e332	SampleType	Sample	-1.08939091698953	0.616681956674067	18	4	0.0963740635543228	0.291143824877369
X74b5a6b749924965c5034b2da7326ed1	SampleType	Sample	1.05413680459254	0.688301295198347	18	7	0.145176337771529	0.291143824877369
c66c82398333a5b033cfbc88f2deb5ce	SampleType	Sample	0.595005731853849	0.322839927816919	18	3	0.0839290135682327	0.291143824877369
c48971a2478c87d8d863fbfb715440bc	SampleType	Sample	-0.451700310041759	0.239746482509728	18	3	0.0778576827401259	0.291143824877369
X944bad048e0ea316aa96276bef89f178	SampleType	Sample	2.17995638620189	0.808206922293348	18	6	0.0158602629693158	0.291143824877369
X3a6a103fe8adb17da246884f091c89f0	SampleType	Sample	-0.662387820594658	0.274397199745266	18	4	0.0281254562031804	0.291143824877369
X3ad95b2cbfdf6dc4c055be2135bee247	SampleType	Sample	-0.362353078531111	0.182895557958167	18	3	0.0650234816000809	0.291143824877369
fac20814acf0f9319e4f1a5340c6b36f	SampleType	Sample	-0.391305161011184	0.197386437034125	18	3	0.0648739951763616	0.291143824877369
X81496373f17893e8c78889b21b9d9781	SampleType	Sample	-0.655558042202266	0.372458261040356	18	3	0.0974941872099549	0.291143824877369
b473d3b9f56f04edbcc9949ac7c997f9	SampleType	Sample	-0.572384047004431	0.329000014046435	18	3	0.101096162946849	0.291143824877369
X21021bdd12e09ce57c9809e7f6a75cb2	SampleType	Sample	-0.390491750370636	0.196977132327344	18	3	0.0648752232549671	0.291143824877369
bacb3aa883f63e491e7e14f2a7f0fe78	SampleType	Sample	-0.862312516814765	0.50933604445437	18	4	0.109829649032175	0.291143824877369
c482d551cefb31f0f81a3a7d81a47627	SampleType	Sample	-1.41336195282003	0.775622274587589	18	4	0.0871647935551365	0.291143824877369
ad6847c64a5f55160daf02a9ee834d94	SampleType	Sample	-0.245755609061821	0.163507476580335	18	2	0.152313078953282	0.291143824877369
X393582404f6a56b7697224af5bf7bb9e	SampleType	Sample	-1.07330189992093	0.624068850314413	18	4	0.104740896042675	0.291143824877369
X346e3eec6e12792fa3ce8146dcb36d38	SampleType	Sample	-1.15728493594462	0.813656951611598	18	5	0.174134427349542	0.291143824877369
X06b79ef377f389567e2c2c0f086257cf	SampleType	Sample	-1.19145629856666	0.667815601533521	18	4	0.0933799050913469	0.291143824877369
b4af3baf1a52c77423728b7003a60db6	SampleType	Sample	-0.27139789979067	0.183262442526821	18	2	0.158050083377019	0.291143824877369
X8d3ddd319716d69ecda0ba8d1dd2a460	SampleType	Sample	-0.231526049553079	0.153298979158905	18	2	0.150464807849301	0.291143824877369
X7025135320ef85ec0972bc9f20277688	SampleType	Sample	-0.521904714271321	0.306453828151071	18	3	0.107902494463898	0.291143824877369
e6b3efd4d17beeda41bdc25399b5214e	SampleType	Sample	-0.58201444484239	0.314894087801961	18	3	0.0831295629673855	0.291143824877369
X29d249d9deca741ac3ed4eea1e7819ff	SampleType	Sample	-0.818110117520929	0.482388671321706	18	4	0.10926117111985	0.291143824877369
da0cb8571e674602e428f2c8fabde5f4	SampleType	Sample	-0.319851586619688	0.223874783274016	18	2	0.172319946612354	0.291143824877369
X4bd995ff78af106b46538d2e94a70827	SampleType	Sample	-1.09625205857007	0.499326286299053	18	4	0.0432249723070045	0.291143824877369
X77efca3dda0fcba8eb05a5bba7c0e0ca	SampleType	Sample	-0.441565382576655	0.236767673708751	18	3	0.080633223213275	0.291143824877369
X68fb4f4c2c976da006edc8e3fa0280eb	SampleType	Sample	-1.8854759722954	0.762177457891275	18	5	0.0249537228615614	0.291143824877369
X58b61ab2faf46b2e723b61cb75d41d73	SampleType	Sample	-0.348294557244479	0.249024571222974	18	2	0.181006733685744	0.291143824877369
af02d354ba6861b2558d0afc411edec3	SampleType	Sample	-0.533092478625822	0.341715863114755	18	4	0.138308165567044	0.291143824877369
a555af0f7b89738f7251c54af1e1eef7	SampleType	Sample	-0.642841368883651	0.351969226810465	18	3	0.0865054102919864	0.291143824877369
X40b4f2ef8685826fc3f0fee2977d4ac0	SampleType	Sample	-0.413286581019443	0.211672233819242	18	3	0.0686042560760604	0.291143824877369
X23546c76839072bf2cefbde86181042d	SampleType	Sample	1.26749948445941	0.590657661048249	18	4	0.0475648546144635	0.291143824877369
de0d0a9506b63613c69beff09b81c44d	SampleType	Sample	-0.430581335447542	0.227916855072506	18	3	0.0771271030343347	0.291143824877369
X0cc192b38e1221a0b3e341f4f2785cd5	SampleType	Sample	-0.485192702105876	0.273113078666911	18	3	0.0946617000838519	0.291143824877369
X0f63559c53b3c7042053c1ab99d77efd	SampleType	Sample	-0.834120313604286	0.488709801528314	18	4	0.107192496775903	0.291143824877369
X9b96de8eef438ca03df67532ff32f48e	SampleType	Sample	-0.343594767955893	0.244819219742787	18	2	0.179588559160847	0.291143824877369
cdbf62214cb26bd56426f3abe9bdd6fd	SampleType	Sample	0.276397932929585	0.187280836908451	18	2	0.159393261433748	0.291143824877369
X9f9be308761b9f6ee70c1e30933893bc	SampleType	Sample	-0.5456797463651	0.302992192169724	18	3	0.0905844818676843	0.291143824877369
X31b6bd37545a70f63343ae664b031625	SampleType	Sample	-1.59975254841482	0.58211687121459	18	8	0.0142878941896318	0.291143824877369
X98133264f058d9b887cdcf0d7f95d9c8	SampleType	Sample	-1.08000260942751	0.608485297867096	18	4	0.0949381169092876	0.291143824877369
f688fb5b04c50f3734b71adc86fdf41c	SampleType	Sample	-0.90893961341454	0.398473258910376	18	4	0.0365812852062591	0.291143824877369
X94a7a76b924dad1eeb46b645b35ce42c	SampleType	Sample	-1.61127323708285	0.96290039066641	18	5	0.113692547706046	0.291143824877369
da78b34f69d167d8dd518f9ed36443ae	SampleType	Sample	-0.365278459832781	0.184027311131683	18	3	0.0645731486995459	0.291143824877369
X358e020d780326d26aabc971a1ef8876	SampleType	Sample	-0.516004357102473	0.362788807286725	18	6	0.174133933442683	0.291143824877369
X4bfd33f4a11c52fbf680ca831858fd7e	SampleType	Sample	-1.03402624219231	0.60458901238275	18	4	0.106527931303327	0.291143824877369
d3c4ab4e7b4fbaba221ba9a46384c95f	SampleType	Sample	-1.10252018166194	0.618024025535866	18	4	0.0934077715088909	0.291143824877369
X2a845e1e6a5d81b1811c5bd53bd61f64	SampleType	Sample	-0.292546810329522	0.200560991793955	18	2	0.164015060435935	0.291143824877369
c257ccd3ea53dcca8cfde15f2e0bc10a	SampleType	Sample	-0.879530753812589	0.508538446777761	18	4	0.102955822334193	0.291143824877369
X444a5d2e1edf778209fd4837af7d2e65	SampleType	Sample	0.593504915120714	0.360952880196605	18	3	0.119621549305707	0.291143824877369
X715fd2c02e481bb60d9459e61a73518d	SampleType	Sample	-0.912998579841991	0.604270819630603	18	5	0.150308317192703	0.291143824877369
b286420e1358b25de3044d4210998bd0	SampleType	Sample	-0.299035509447182	0.206012466434237	18	2	0.16595484497973	0.291143824877369
X83298e13001ffe21fbe2234f3081383c	SampleType	Sample	-0.256673562917849	0.171728579302511	18	2	0.154467036467187	0.291143824877369
da89c71ffb64418c9cf45a55852722b6	SampleType	Sample	-0.517847543700417	0.287415473402717	18	3	0.0904587710258331	0.291143824877369
df827a58f6b377fcf5b6860d49301447	SampleType	Sample	-1.30581906223532	0.62154681860768	18	4	0.0518495529935307	0.291143824877369
X2e6ab736cc771264acd25eedac00cf96	SampleType	Sample	-0.557175543115199	0.29560883949755	18	3	0.0777482076255861	0.291143824877369
X938639e8b4177814b67c20452a9b2ffb	SampleType	Sample	-0.254877140325947	0.170355068480581	18	2	0.154078036612756	0.291143824877369
e58b08318c6b05fa21f5536ae178e561	SampleType	Sample	-1.58064281188525	1.05772233262662	18	5	0.154535132179444	0.291143824877369
d942f3774f52619483927401ef9e5d5e	SampleType	Sample	-0.71848667712952	0.429842812615489	18	4	0.114060779164386	0.291143824877369
X71277eaeb7214ada7b1d4176e69af0b8	SampleType	Sample	-0.458307784097729	0.240302200669297	18	3	0.0746097570440341	0.291143824877369
X55008a2eb4479de244e822f55b015c7a	SampleType	Sample	-0.882099289949245	0.367438074929351	18	6	0.0288804820053311	0.291143824877369
X5e31c3f6a8c55072585070765d9a0387	SampleType	Sample	-0.452487903236572	0.232157673075901	18	3	0.0690435132445145	0.291143824877369
X226920d36ce0f5bbab3fee7922e45b5d	SampleType	Sample	-0.942415660625788	0.605839958863181	18	3	0.139371054172136	0.291143824877369
X05e092e03eb18588060216b83c8c35f0	SampleType	Sample	-0.830510145629973	0.502192757348393	18	4	0.11765716716645	0.291143824877369
b1a5eb447a19e86e0dc6c5108177aa53	SampleType	Sample	-0.347024395006967	0.173732781650665	18	3	0.0630719374478705	0.291143824877369
X1cb6ba1f21c7dc2f71df36a6b18f5354	SampleType	Sample	-0.471148721691741	0.245903710388117	18	3	0.0734101895905007	0.291143824877369
X00e609b728d90c9f663f30f888e571a9	SampleType	Sample	-0.923482176837952	0.607809458857849	18	3	0.148184235120341	0.291143824877369
X2fc8e7aa4d676eb8db3fba379bb407a2	SampleType	Sample	0.569173884140311	0.238478021592035	18	4	0.0296947758750467	0.291143824877369
X5295f710a2863493c3fa6f5d104b7f85	SampleType	Sample	-0.680602901514716	0.348572611072549	18	7	0.0685967199916957	0.291143824877369
ebc2335e296915a462ee570d14cd35fa	SampleType	Sample	-1.00240221277002	0.366038785613057	18	5	0.0145740331135229	0.291143824877369
X591bb8b8db6db69e0392bf36f03b2ce6	SampleType	Sample	-0.618323003933522	0.334037725510956	18	3	0.0827103255639134	0.291143824877369
ff4a3ae241768379bc4514556b875686	SampleType	Sample	0.462924536264548	0.250929229029971	18	3	0.083653441667347	0.291143824877369
X90f34e1613bb5bf8b9763f7e323e552f	SampleType	Sample	-0.896864691982708	0.525548870900108	18	4	0.107240047646515	0.291143824877369
X721a8ee417a9d9ea3fe7b063aa597142	SampleType	Sample	-1.30073721964186	0.793848244735233	18	3	0.120825033729451	0.291143824877369
d3910b9c4735c4eaf55a055b4c532791	SampleType	Sample	-0.755574647304521	0.475647573032227	18	3	0.131731977584295	0.291143824877369
df7c51c0e41caf50f31ea564978884be	SampleType	Sample	-1.19111558769045	0.664822017320448	18	4	0.0921236543092703	0.291143824877369
X5b3b0872d278327e82c4b8b55d328345	SampleType	Sample	-0.490605633407709	0.261019249677364	18	3	0.0785035396453413	0.291143824877369
X834fecd04e0c10e062a4670d299032c8	SampleType	Sample	-0.762900326022467	0.437623311067181	18	3	0.100465337163214	0.291143824877369
X382df3e0baaef58683f1815a6dd0082f	SampleType	Sample	1.50747072380677	0.666121120538711	18	5	0.0378938884196106	0.291143824877369
c5f63d29f715d92a595cde36cccd6d9d	SampleType	Sample	-0.555419238227769	0.233736039340811	18	4	0.0303160240426646	0.291143824877369
X27f246cd4fee5eefc5b9dbed86c802b1	SampleType	Sample	-1.59201379009035	0.593867196082902	18	5	0.0164055214666637	0.291143824877369
X32fa7c5e6da905161f2039eb0820b697	SampleType	Sample	-0.60448283280847	0.254071600131613	18	4	0.0301410537255964	0.291143824877369
X91d04e3057a53158682f8c3742e6266a	SampleType	Sample	-0.843725359971665	0.490143751529114	18	3	0.104455497167587	0.291143824877369
X6afcf78e594393c9bb308d83d2af83da	SampleType	Sample	-1.66647910569221	0.651559443926773	18	7	0.0210734626232301	0.291143824877369
ff61594f8ffc3973d7334ce2ee4ba2b4	SampleType	Sample	1.00144281517518	0.63304520282255	18	6	0.133226058808092	0.291143824877369
X5053463748a1c938b97aad055a1a60ee	SampleType	Sample	1.28178145724547	0.605290748351993	18	4	0.0502184651871622	0.291143824877369
X91271cec70efbcaa70a1b2a872daa868	SampleType	Sample	-1.04285202912149	0.594817649993056	18	4	0.0986968029969758	0.291143824877369
f713c0d27d8b5150f0a673098cd96849	SampleType	Sample	-0.833957404522262	0.548408998707559	18	3	0.147853821439994	0.291143824877369
bb7baf8a4c7bc2c67cc9aa40e76e091d	SampleType	Sample	-0.461973157929171	0.237634900023382	18	3	0.0696895547778485	0.291143824877369
fde8e84cce41b1ce4694d7b9a136fed0	SampleType	Sample	-1.0026736343358	0.729066721321597	18	9	0.187995125312151	0.291143824877369
X2b940a1811eaa32c6f147a01244fc863	SampleType	Sample	-1.26818808204638	0.887388666647652	18	9	0.172202193877452	0.291143824877369
X9bb14823fcd15f4631be21a5676ec15b	SampleType	Sample	0.635311103202661	0.424668985681043	18	4	0.15411353780031	0.291143824877369
X9f6d159b725c97946de87efa3ca8ec22	SampleType	Sample	-0.84926734427437	0.502392391464226	18	4	0.110327459204726	0.291143824877369
X248d18115e231d93a1e297e4157fc0cd	SampleType	Sample	-0.742915197014352	0.417664912389551	18	3	0.0942868467191774	0.291143824877369
X4a187e4af130163a1f52acc5346105aa	SampleType	Sample	-0.7755424320829	0.539530396363631	18	4	0.16986245724818	0.291143824877369
X4b28bc2eab2f36fc7b1491d84b591526	SampleType	Sample	-0.499931887445303	0.261438532097406	18	3	0.0739212441832479	0.291143824877369
d284a43c85080ee7cba1cf0e98e25965	SampleType	Sample	-0.829672365122914	0.354090482841507	18	4	0.0323739568333561	0.291143824877369
X75b2350101f4e6a267bf7c81d37edab8	SampleType	Sample	-1.34211363258976	0.598808247734738	18	6	0.0395386713406463	0.291143824877369
ff9757c22b00ea283f7e9f5bbf55a1aa	SampleType	Sample	0.718538180308676	0.456488130482676	18	3	0.135038214023852	0.291143824877369
X53387e257ffc543c3c7bb27f25fe275a	SampleType	Sample	-0.648340137435595	0.37929096362348	18	5	0.10670685473763	0.291143824877369
X578cabc2ffdc8324871bfe6fcb86c8a9	SampleType	Sample	-0.543384698023785	0.2945480468282	18	3	0.0836584232424034	0.291143824877369
X09d1d01a9f7d45ecaedc1f434b679511	SampleType	Sample	-0.503275219770155	0.277855317183082	18	3	0.0889107215057084	0.291143824877369
X3e1e1c8c65e173b7d15a76db2f7d583f	SampleType	Sample	-0.599939374470393	0.374011592687828	18	4	0.128254080439555	0.291143824877369
X191a26e896934125154c050c0cea4a5d	SampleType	Sample	-0.352228092980694	0.252557684534487	18	2	0.182185988047199	0.291143824877369
X7c6817fe72989c261e31022911d55370	SampleType	Sample	-0.738217351909382	0.410767379071731	18	3	0.0912085476020209	0.291143824877369
X5b475b63021775ef8fb254c4390db9e6	SampleType	Sample	-0.504638167736195	0.328770955602567	18	4	0.144338937880502	0.291143824877369
d5ae6fac9ccc19b0fdb59ffb45ab3c5e	SampleType	Sample	-0.994755129614151	0.579954123579531	18	4	0.105601192879619	0.291143824877369
X4cbabcefe79806b5273823ebec22fb24	SampleType	Sample	-0.874527020046353	0.537384915267283	18	3	0.123186895806569	0.291143824877369
e8687bbe3687f97d9a858e4f2fac155b	SampleType	Sample	-1.28292452654132	0.714402021669631	18	4	0.0914333717996521	0.291143824877369
b968fc1f8ed4d7fbacac9d1f3a23ffc4	SampleType	Sample	-0.439349650981566	0.22484664015674	18	3	0.0684112274986409	0.291143824877369
X0a662115d49f07130a6a8cc1f405d8e3	SampleType	Sample	-1.26092218352735	0.889625142778193	18	5	0.175555905301213	0.291143824877369
ad9480c98df5e0bb6467716fecb99efa	SampleType	Sample	-1.61608764535056	0.907779720846395	18	6	0.0940280388076424	0.291143824877369
a66008bd2ac2de565316b665c8449454	SampleType	Sample	-0.571858493800162	0.241895123995688	18	4	0.0310579114656602	0.291143824877369
e44c0dc26e57981a91a305cb77e9b4ff	SampleType	Sample	-0.848849777188873	0.379377582718858	18	4	0.0398349146947625	0.291143824877369
X49dd13d9b323fe9e074eefde2bbcd317	SampleType	Sample	-1.05046952426199	0.610575947832294	18	3	0.104627364679763	0.291143824877369
ad2ba11296c74fbe8adc62ece4adccac	SampleType	Sample	-0.271062733784918	0.182994808610794	18	2	0.157961972035895	0.291143824877369
a65862dc95ce35a2f6a841e27cf89724	SampleType	Sample	-1.5843288840663	0.858578960796269	18	4	0.0835847033435115	0.291143824877369
X05dd42226fdc6c0854bd8d9cc3e52450	SampleType	Sample	-0.380779219052901	0.27605587396359	18	4	0.186761069120404	0.291143824877369
b85d3cde5385da34edb06e329bb376ca	SampleType	Sample	-0.556031199268836	0.309373819714391	18	3	0.0911899558372433	0.291143824877369
X921a2b0bb1ce1f503c1470d851c9720e	SampleType	Sample	-1.4738867660341	0.690850493788446	18	5	0.0487189210919264	0.291143824877369
X789fd7219bb913aa0edeea9c040d3d06	SampleType	Sample	-0.999271383841764	0.646240101072612	18	6	0.141584671357435	0.291143824877369
d696e2436f2444624bcfcf3aa3e295dc	SampleType	Sample	-1.14149511668337	0.696785458666175	18	8	0.120886171618313	0.291143824877369
b054597b9a5cd68bc2e181e1c56be550	SampleType	Sample	-0.418119420984998	0.212361008347229	18	3	0.0665351436161496	0.291143824877369
b9e11fbffda936bdcd47766edbe0a271	SampleType	Sample	-1.19121058445938	0.776999292605042	18	5	0.144787288307947	0.291143824877369
f33d699ff38dbd7df406767cd6f880a6	SampleType	Sample	-1.15848773664766	0.646452597873763	18	4	0.0920508985006484	0.291143824877369
X627752c11601f02b497de1725f018eff	SampleType	Sample	-0.807682114165387	0.456311481923639	18	3	0.0957732479500476	0.291143824877369
X3b5aac656169e022a58179cd457209f5	SampleType	Sample	-0.761191901187358	0.428148629384405	18	3	0.0944338072427505	0.291143824877369
X631302f2dc40df12cb9ce5b040e360d0	SampleType	Sample	-0.761216887974351	0.504881810252016	18	4	0.151118276804799	0.291143824877369
X1918ba0235c185f6e2a7668109e6cd5c	SampleType	Sample	-0.458148363156582	0.236473893936088	18	3	0.070553092444289	0.291143824877369
X9ef90d113cba29a6fa3666c185cb6bd8	SampleType	Sample	0.366050983431308	0.265062925342226	18	2	0.186265607124005	0.291143824877369
X7f7f581b24451331c4f5dc0950c90ca9	SampleType	Sample	-1.19136719951908	0.608001158575113	18	6	0.0677156939874354	0.291143824877369
X8eb1aa0d5cbad21b5af75ec62e0604d0	SampleType	Sample	-1.47140410414628	0.662814651257854	18	4	0.0412194922412376	0.291143824877369
X47410b2b76ee24da9766c39ad2d67817	SampleType	Sample	-0.990513344913901	0.573619722568083	18	3	0.103460087725316	0.291143824877369
X726a7a94581d1987e230ae082232763f	SampleType	Sample	0.253460948923403	0.169277857902558	18	2	0.153780233953056	0.291143824877369
X9910b78ecfcab8367a1b3ae162fb4cee	SampleType	Sample	1.62865808047479	0.611693919297761	18	6	0.0170278468269832	0.291143824877369
X35c9f2904eb6080634ec9c50380f8805	SampleType	Sample	-0.860168138676557	0.50824840325168	18	4	0.109945097660675	0.291143824877369
X78862a97f19271c27609cee73c7f4e00	SampleType	Sample	-0.263008745226034	0.176632928800498	18	2	0.155929826794027	0.291143824877369
cb06a4bdf66bbe038337ac2fc29f2d8e	SampleType	Sample	-1.19605427538911	0.573096694259694	18	4	0.0532446707029341	0.291143824877369
X948ce947e78ef542e7f7bdacc4eb2bf7	SampleType	Sample	-0.298571424169996	0.205620565766606	18	2	0.165815038404079	0.291143824877369
X106b7487135f87660fd21dff1dfffa47	SampleType	Sample	-2.12083552452467	0.820017737174052	18	5	0.0198850524022909	0.291143824877369
X6cec7d6ec86979f6d70772e889e5a82c	SampleType	Sample	-0.51458554828369	0.269097162775024	18	3	0.073916900105261	0.291143824877369
X526e807ae8ae947088b46d18da832021	SampleType	Sample	-0.369387203145453	0.185359058534722	18	3	0.0636235151867974	0.291143824877369
fc3a34cff9107a3c336f3b3f00bfec3c	SampleType	Sample	0.24721158884136	0.164585692649477	18	2	0.152568914785924	0.291143824877369
X05005fbc7c9e19d2eee67a14ddc40ccb	SampleType	Sample	-1.17157863930233	0.655300750064612	18	4	0.0927534966690853	0.291143824877369
X20bb6193ca818a6990ce3dab2aecf241	SampleType	Sample	-1.59047592160436	0.690911321500087	18	5	0.0351073677931724	0.291143824877369
ee17b19acce0a45478f3c652a127e7a5	SampleType	Sample	-1.2020987878366	0.768747857623333	18	3	0.137446614571876	0.291143824877369
X93af4828d984a5828524cfaed3e4706a	SampleType	Sample	-0.889873337130386	0.611618841767811	18	3	0.165021986454157	0.291143824877369
X5c72bfc5c2c03f4ce353dab0ca1335e7	SampleType	Sample	1.35043073834639	0.758352683401616	18	6	0.0939472205498799	0.291143824877369
X65524fbf0e3bbd4a2251655f81d4caeb	SampleType	Sample	-0.694659381364394	0.465745244412172	18	8	0.155282488986826	0.291143824877369
a88a19c329baf8c273d8741211a68186	SampleType	Sample	-1.05241130122229	0.602525288493652	18	4	0.0998602487847635	0.291143824877369
ae3a0d1a42996c3597632985f8aaff20	SampleType	Sample	-1.09662362929334	0.710185267869944	18	4	0.142101870034195	0.291143824877369
f86ab1314d983f8e2bbe1b89795fe084	SampleType	Sample	-0.331536910741429	0.234115939816988	18	2	0.175912821254396	0.291143824877369
X9ce64039312dc43fcef8e394a080e541	SampleType	Sample	-0.522224876552568	0.273693180108713	18	3	0.0744924370055271	0.291143824877369
X8fff9594c4d5ba39d2b43e5be38fd7d8	SampleType	Sample	-0.52593218025306	0.276762584023675	18	3	0.0755672202373197	0.291143824877369
X8f51a564f763a2c7a93a85540c5763d2	SampleType	Sample	0.720517818906942	0.297476419352571	18	4	0.0276733345383708	0.291143824877369
X9d18753af1ebe86aedaf2861a020392c	SampleType	Sample	-0.466051167326107	0.248473439851577	18	3	0.0790700358965241	0.291143824877369
ee511840be948d2330f213a1bb6428fd	SampleType	Sample	-0.588498318837151	0.315062336042484	18	3	0.0802054093293023	0.291143824877369
X1f173c4ad08d81a3fc0a29b873916aaa	SampleType	Sample	-1.12070164086379	0.629783385483538	18	4	0.0941567220174726	0.291143824877369
X66c75141b6cc5f29b38f794ad6433eef	SampleType	Sample	-1.48281236625951	0.539289205160812	18	7	0.0142467130382709	0.291143824877369
X957a525f57ea30f598c9cdafe5721781	SampleType	Sample	-0.561607614750601	0.29897590651517	18	3	0.0786677910379222	0.291143824877369
X9bc801f7a80ecd8428deaf488161f41a	SampleType	Sample	0.374939510636254	0.273171259020546	18	2	0.188829246326518	0.291143824877369
X8e244c5f638a5cefa21683dc026a8c35	SampleType	Sample	-1.30827865582005	0.564975941296377	18	7	0.0341774716477844	0.291143824877369
X8884593e6daeb04434eca7c7ea8728ce	SampleType	Sample	-1.78542123287968	0.917851638474216	18	5	0.0695379211301547	0.291143824877369
fbc3ff7feac681805484d8b755cc76a0	SampleType	Sample	-0.364584317822786	0.183853925077379	18	3	0.0648037239391446	0.291143824877369
X1bd4b3b01b4144a568fe250d4577f03f	SampleType	Sample	-1.48356331851819	0.67370754054502	18	6	0.0426732300878949	0.291143824877369
f51d7d86f0745a9d94f20d141552f940	SampleType	Sample	0.373977092074844	0.272290965982759	18	2	0.188554085650876	0.291143824877369
X8a9be522625d780ad4262efbc53eda02	SampleType	Sample	-0.901027786909083	0.525686082918954	18	4	0.105831013047598	0.291143824877369
X617c4d6643d2bb0dcea81e5d72f301b0	SampleType	Sample	-0.351886894974821	0.25225075002682	18	2	0.182083994435221	0.291143824877369
X39fd59fb6b1d1ca7580f5f4b0648e9bd	SampleType	Sample	-0.914289765548252	0.348664541543181	18	7	0.0184849285998344	0.291143824877369
X018255ca7287be709143d4edee457b33	SampleType	Sample	-0.261106880760135	0.175150965649724	18	2	0.155476754704351	0.291143824877369
X62cea00da56ed3ba471297766a0fb539	SampleType	Sample	1.61583991973962	0.644274632014771	18	9	0.0232961520719837	0.291143824877369
X08c4cbab33c288015ae8edb5d04c5b95	SampleType	Sample	-0.799843706788055	0.574645341484184	18	5	0.183003062504237	0.291143824877369
X0a77be2c8b8d52cc4541fd7f6081e3ae	SampleType	Sample	-0.606637367076214	0.397128940087705	18	4	0.146148372471797	0.291143824877369
c8d3af993be54dc5356ff8798580ac91	SampleType	Sample	-0.289482528903508	0.198008282888041	18	2	0.163112183770816	0.291143824877369
b47920da5592b397004ae53c52cbee5c	SampleType	Sample	-0.488902771268668	0.254511841124032	18	3	0.0727405108405862	0.291143824877369
X3e95ce43a56e9ceb73d63216bb9ed795	SampleType	Sample	-0.532341794164848	0.280724238294661	18	3	0.0761241125962864	0.291143824877369
fc27c909d92c30000f2fce40bdda1cf7	SampleType	Sample	-1.00211917326992	0.543958096709144	18	6	0.0840458645602287	0.291143824877369
X174cee293f6698abe1aadb77ba2d31d4	SampleType	Sample	-1.60581808326848	0.884801218824895	18	4	0.0883320661545691	0.291143824877369
cce881e5f347fc79d73c2d886bc6aaf1	SampleType	Sample	-1.22887012520187	0.681997085787256	18	4	0.0904372896205421	0.291143824877369
X1f3691f5d2bb06e49f0c0c7b0d1fe1ae	SampleType	Sample	-1.8978021381717	0.759564050748628	18	5	0.0237437998384825	0.291143824877369
X1406cab91377de7a3ba021fc160fc8d6	SampleType	Sample	-0.246174556731544	0.16381712662864	18	2	0.152385597381248	0.291143824877369
X395a88a00302383f951cfa297e8f0f66	SampleType	Sample	-0.556512386362805	0.30844011215282	18	3	0.0900443251030925	0.291143824877369
X85a2838176a44416fb97822da4d8ed58	SampleType	Sample	-1.15290735246623	0.50678865938561	18	4	0.0370233963173397	0.291143824877369
X6705ed0ba04cdc178b1198ee82ffeab5	SampleType	Sample	-0.415124485227199	0.211618551731456	18	3	0.0674407486915177	0.291143824877369
X0b7ee59778fc8e0377f8091c86b4f678	SampleType	Sample	-0.285787562653978	0.194949783487913	18	2	0.1620374099898	0.291143824877369
adac632de09439e770c9c543ca1bbffb	SampleType	Sample	-0.473607091629548	0.245012653326416	18	3	0.0711349188698561	0.291143824877369
X57b95a28e499db839fc745b99d80e1f9	SampleType	Sample	-0.723678450087504	0.434501726890654	18	3	0.11526094526037	0.291143824877369
a72cde1efc60babd2f3a54f2bb599e09	SampleType	Sample	-0.531703792325625	0.27946582473378	18	3	0.0752515082288341	0.291143824877369
cb1996f51e74bdc72dfa8cbdce0c3cdb	SampleType	Sample	-0.751926377044	0.422088896184978	18	3	0.0938293023700974	0.291143824877369
X018cc7a3512361b8033ef3e1235f3380	SampleType	Sample	0.682445761448342	0.415738586970481	18	4	0.120194957835789	0.291143824877369
X869778ce835a1bca866993c3b2bec4f2	SampleType	Sample	-0.908851717199819	0.515550569055039	18	5	0.097008144715453	0.291143824877369
X2e2d0d2f648a8ce511450a4df9c71794	SampleType	Sample	-1.27819466187755	0.487606981599406	18	5	0.0185187946936354	0.291143824877369
aa1abef6b8e7b16b073b699fb7405082	SampleType	Sample	-0.341094889738722	0.242589734220075	18	2	0.178830514704408	0.291143824877369
X276d6a9ec6f8d79174bd465f2fd18328	SampleType	Sample	0.689759283897308	0.389712023756891	18	3	0.0957909774996737	0.291143824877369
a009363a6f1bbd2de9b3862611a5f465	SampleType	Sample	-1.46969810925935	0.800165485841688	18	4	0.0848963752068558	0.291143824877369
X776a1afc996cf87472d6f8f8e4d8f85d	SampleType	Sample	-1.85391320496595	0.992084788683488	18	4	0.0800842529302089	0.291143824877369
X05969244ae4242e689ad0b4ea340fb32	SampleType	Sample	-0.321515879521837	0.225324807071966	18	2	0.172832367249891	0.291143824877369
X9522914cf64d80e85017ff713157ceb0	SampleType	Sample	1.33468014018262	0.527205526875861	18	6	0.022213181266566	0.291143824877369
X7803d1d2e9430ff918777e720a20dd98	SampleType	Sample	1.12057497184539	0.729699689284671	18	5	0.144157518391403	0.291143824877369
X504446600d9c791a1ab6c262ac0ae158	SampleType	Sample	-0.55751600608951	0.299065856705773	18	3	0.0807486810711683	0.291143824877369
X371b256fd6fe4403cd6d11351c0b8eaa	SampleType	Sample	-0.483289256378112	0.253771388710786	18	3	0.0749943695141864	0.291143824877369
X2204807b0c60652d5eca8b7e8680c637	SampleType	Sample	0.729417638709997	0.415701886087882	18	3	0.0984439026744702	0.291143824877369
X25c2a523e62ce2efdbcf4f66f8ec1697	SampleType	Sample	-0.242714158269464	0.161274303082872	18	2	0.151814372712789	0.291143824877369
X125fd13beded469cd0956fa00aab7082	SampleType	Sample	-0.440253361040412	0.233270797771289	18	3	0.077396700806505	0.291143824877369
e710b8ac685f11cc7c09374158f8e5f0	SampleType	Sample	-0.319099092296274	0.22322015009406	18	2	0.172088266293139	0.291143824877369
X6a9556dc96fe357dd004b6f16a002572	SampleType	Sample	-0.559792239519107	0.296590521441366	18	3	0.0773798205969753	0.291143824877369
X1d2a2e9bf981dff3aa4c2161e2c723c6	SampleType	Sample	-1.09245710900178	0.668060169804748	18	4	0.121510472533504	0.291143824877369
X3e81313d807b5dcbd1733917ccfd4dda	SampleType	Sample	-0.720200418273227	0.475020345445565	18	4	0.148989211390032	0.291143824877369
X504fc4ef167fb40c6d6ab62ce9b4b1e1	SampleType	Sample	-1.5503851661332	0.569190643043996	18	6	0.0150196894242181	0.291143824877369
aa9079117b94958f5f0912b6861fa5d2	SampleType	Sample	-0.637438645449995	0.394502585400891	18	4	0.125680741033318	0.291143824877369
X8aae9e23ed46e8e376be6dd990cf0ad4	SampleType	Sample	-0.509807631485232	0.26670499625692	18	3	0.0740211415416304	0.291143824877369
dc5eed5732641bb399783fbc2316b873	SampleType	Sample	-0.601699369871297	0.323577389625998	18	3	0.0814412555447247	0.291143824877369
c54c79f16daa3faf8bb7b1b1e427840c	SampleType	Sample	-0.530455150983675	0.309160818936413	18	3	0.10549653501532	0.291143824877369
e8f2e18ef1bee75aaa8f0b2445249e19	SampleType	Sample	-0.279273406569341	0.189612926121315	18	2	0.160187792581704	0.291143824877369
X01487c30cce81a4d51bf50bc0a4a4d9c	SampleType	Sample	-0.879527224984537	0.412719007007675	18	4	0.0489422329103401	0.291143824877369
X176755d57d04a92586f9fa5803b9992e	SampleType	Sample	-0.810234756107814	0.363616279396242	18	4	0.0405562790755354	0.291143824877369
X38347ddf4838b66ee2500f3a03790f41	SampleType	Sample	-1.78852462192392	0.654607098478591	18	5	0.0147638932358982	0.291143824877369
X50b73452066a9d60390e33f6e56fc8a5	SampleType	Sample	-0.735523777513395	0.470456378359345	18	4	0.1375132318758	0.291143824877369
X93afba93bc36d98f9c6a31e4514a8163	SampleType	Sample	-0.423238424973579	0.217526924719955	18	3	0.0694777961315432	0.291143824877369
X61ed6ce1622d7abc236fcb34e383b9df	SampleType	Sample	1.08297323786626	0.397323665011016	18	5	0.0149634417292836	0.291143824877369
X007d4b40d9694fa55d876daeac9a79df	SampleType	Sample	-1.55876884036655	0.587730753831578	18	8	0.0173916062329607	0.291143824877369
e30f2240792c6b70b56bf50df34be4b6	SampleType	Sample	0.303084029715132	0.209443785817003	18	2	0.167180132928347	0.291143824877369
X0fd35b5eb1fa4701fd522ccabe44cffc	SampleType	Sample	-1.31567206316091	0.505952498004667	18	6	0.0193256299185301	0.291143824877369
X06028aaf94db096f4968a6de6226b4e2	SampleType	Sample	-0.604216953559348	0.32467361538593	18	3	0.0812217928160795	0.291143824877369
X985f991371226b17ab215afab408c39d	SampleType	Sample	-1.05345997050458	0.530681711698429	18	4	0.0645498635748498	0.291143824877369
X38024a020604dc0a8e7c86518a57d544	SampleType	Sample	-1.14160365944422	0.639605252042949	18	4	0.0932544803573981	0.291143824877369
X245afdb90d812b11c5cd24eadd7cef01	SampleType	Sample	0.630826017182442	0.361334712024368	18	3	0.100011040424365	0.291143824877369
ab12eb33327a6bf5ca58d8ef6bd91677	SampleType	Sample	-0.813365947930461	0.345598145065829	18	4	0.0317151875329322	0.291143824877369
cdad6b220d18ad44492a91bb0448c2c8	SampleType	Sample	0.651919949162622	0.357747952886632	18	3	0.0871555113358196	0.291143824877369
baf36ce8683c1f48dbf354478ef976af	SampleType	Sample	-1.09668359750631	0.623278452625178	18	4	0.0975891941816446	0.291143824877369
X741a3a9f2cd63e112ee051e45ff6a6eb	SampleType	Sample	-1.29675435670504	0.713045445724405	18	4	0.0877382274329687	0.291143824877369
c191261eecdb2363498ade5aaa7c186a	SampleType	Sample	-0.706626686618967	0.389977824309216	18	3	0.088801167943442	0.291143824877369
d995ad7e73b6423e5de694a241b24079	SampleType	Sample	-0.648960136522321	0.34762832068742	18	5	0.0803608232278	0.291143824877369
X41d8bd5200e81539cb8a805d099acca3	SampleType	Sample	-0.417393743730426	0.215742574967037	18	3	0.0709117424978781	0.291143824877369
X68bbfe2cea6bebcf605b5e3a0260eec7	SampleType	Sample	-1.44318194531252	0.64732107586656	18	4	0.040461634699777	0.291143824877369
X5a74db6cdc06a2c143f0f054a65f5e00	SampleType	Sample	-1.28479198116008	0.579339186215746	18	5	0.0414000411268461	0.291143824877369
X97f2f203c47b98f55c07f1c82e7164a8	SampleType	Sample	-1.12978944139092	0.828391280820607	18	3	0.191500108611201	0.291143824877369
X060d60a51b1677ff11532825c4fee796	SampleType	Sample	-0.265961551368637	0.178949536858944	18	2	0.156654684986026	0.291143824877369
X153b706dc39620f464baf39da352cc57	SampleType	Sample	-0.720324153477002	0.329608203764337	18	4	0.0440759430278855	0.291143824877369
X262e3ade3b1ae7c292c93b0178862679	SampleType	Sample	-1.32483970899094	0.508358242756013	18	8	0.019102034533426	0.291143824877369
X19ca26d8259240ea391ed8b914b35e56	SampleType	Sample	-0.621935933525537	0.432925522384141	18	6	0.170100677909541	0.291143824877369
a23a8e391c9817d021d1911b1a758b97	SampleType	Sample	-0.445403745355054	0.230067988454574	18	3	0.0707433010410519	0.291143824877369
X576cc7266eee8245d7f063a782499619	SampleType	Sample	-0.400766534633722	0.203351486287786	18	3	0.0662996601098101	0.291143824877369
X784170b1b453d1178247da8c3928139f	SampleType	Sample	0.260930710677916	0.17501410195519	18	2	0.155435364181443	0.291143824877369
X18ed2bd742600b9cbb98463c47929420	SampleType	Sample	-0.462675844577126	0.241480136018372	18	3	0.0734087051149041	0.291143824877369
X5902b976696037e7a983900e92933d34	SampleType	Sample	-0.437425594312508	0.2960338952544	18	4	0.158923273610862	0.291143824877369
ea4ffb93b25f4719ae273ed8239279f9	SampleType	Sample	-0.292464176970213	0.200491965789374	18	2	0.16399058933648	0.291143824877369
a72f9cdd7da6834e54f8810659e51943	SampleType	Sample	-0.686164044595382	0.409612483281833	18	3	0.113334019350468	0.291143824877369
a72fbf030d1d58526f8a4ff1042816e9	SampleType	Sample	-0.472691589129297	0.244610743055333	18	3	0.0712097232862864	0.291143824877369
X100c2a43ee71e19b2d15def65bbbddf1	SampleType	Sample	0.389975718506747	0.286992873040335	18	2	0.193047758611222	0.291143824877369
X229f0f1aad5e0fad07fc975fe4645a95	SampleType	Sample	-0.460040629735227	0.236878012415674	18	3	0.0699421140613179	0.291143824877369
aab0d6c7f52e60a829fc1342ec036ca5	SampleType	Sample	-0.673220617311966	0.368220166701314	18	3	0.0862079814165961	0.291143824877369
e36abf8dae2cc4c40613bde27cbd5dfa	SampleType	Sample	1.04541489143268	0.661803590343872	18	5	0.133752263263195	0.291143824877369
ed59f72e69215cd9dc582ed9cf1928b5	SampleType	Sample	-1.48004851986551	0.81813525491677	18	10	0.0892708770701203	0.291143824877369
X931c681f98c83cc6cfa618cafba4ce14	SampleType	Sample	0.356858580179646	0.256731725699612	18	2	0.183564299378377	0.291143824877369
f1fa467d2f6f9b26d5c605bd22235d47	SampleType	Sample	-1.08244678250926	0.607605584767352	18	4	0.0938200248081356	0.291143824877369
d41d405ac891a5de15b14cb4dbd6c846	SampleType	Sample	-0.716236848427257	0.3959114757738	18	3	0.0892656803967805	0.291143824877369
X4b9f857eb345240da916661c1a2b8609	SampleType	Sample	-0.233091997921399	0.15439124907979	18	2	0.150602033529506	0.291143824877369
bd74f28f2bffe2759aaec0aadf348b7c	SampleType	Sample	-0.428712543659281	0.219892692814864	18	3	0.0689677538754052	0.291143824877369
X02b2a28911205f1c76d4d26c6959b38f	SampleType	Sample	-1.62325734680064	0.972151475144892	18	5	0.114411768188125	0.291143824877369
X8b3cd304d438f52eb5ef55332df50d3c	SampleType	Sample	-0.842602414544779	0.29221152004541	18	5	0.0108037699568318	0.291143824877369
X8ba569af9f86cc4bc47a2006f712d4a4	SampleType	Sample	-1.31445608597375	0.480951355677398	18	5	0.0147389830950577	0.291143824877369
X9e0db80f069c4ed4af1e39f08c49a1ff	SampleType	Sample	-0.677326466839625	0.379736799170732	18	3	0.0934532247108982	0.291143824877369
X5b30634d999cb0e8ddb44af415e927ca	SampleType	Sample	0.635749881274505	0.344034100545604	18	3	0.083184077653188	0.291143824877369
X1e3b18ad34eaa30e3f09fbebcc9c0828	SampleType	Sample	-0.755847807611082	0.300765808522517	18	6	0.0230590721573157	0.291143824877369
X609170e64cd103eb09eb3a2bdebbf018	SampleType	Sample	-0.320440518107451	0.224387552898741	18	2	0.172501274550834	0.291143824877369
X319aab5b67538c018b47b24b49ff3bfc	SampleType	Sample	0.301527780968026	0.208122164199956	18	2	0.166708005022134	0.291143824877369
X490f7022ae9936cc74482d629b706226	SampleType	Sample	-0.346538760823194	0.173493452889654	18	3	0.0630771129431627	0.291143824877369
X5f2fdd0b1f56d0c553671a537b93c28a	SampleType	Sample	-0.511196145541493	0.267330151970975	18	3	0.0739222164010757	0.291143824877369
X59da3ba21971969e8d421010ad4e2442	SampleType	Sample	-0.402866860586802	0.285693394459748	18	4	0.177643042960342	0.291143824877369
X5831990e19d088be53719b143f7860e6	SampleType	Sample	-0.324398730299752	0.227843436207695	18	2	0.1737197478456	0.291143824877369
c3ff5c573fb0e919a4b6e39d5db06dd8	SampleType	Sample	0.240873498647844	0.159935754184828	18	2	0.151537513722314	0.291143824877369
ee330423dab94f8ea27d37f7a51a7ab7	SampleType	Sample	-0.887249544955469	0.512320544399123	18	4	0.1025359310759	0.291143824877369
fb628452acba4e1e92082e75d04b7604	SampleType	Sample	-0.451820158612735	0.246995872878379	18	3	0.0860590218117894	0.291143824877369
X422fe2a2cc35897b9637ead59defb071	SampleType	Sample	-0.484127961416997	0.251450220910756	18	3	0.0721503683986139	0.291143824877369
X2b807bb767b034a5b3f6170f3e6c15e6	SampleType	Sample	-1.32957361476531	0.798089464986577	18	3	0.115178398235936	0.291143824877369
X4449b17589a37c0ce7471a656c28168f	SampleType	Sample	-0.364957394093595	0.264068795502166	18	2	0.185946815648165	0.291143824877369
a5d55d5ad4853e30e4f801023e11f3c1	SampleType	Sample	-0.261850731046133	0.175729622903024	18	2	0.155652612899048	0.291143824877369
X742cc5079aa1565c7962b2f1a3b6cb4e	SampleType	Sample	-0.460288373092735	0.237011547673656	18	3	0.0699484721736147	0.291143824877369
X03ff4389751571679d504b8b37d762d1	SampleType	Sample	-0.855387658616256	0.524486888557279	18	10	0.122434980211381	0.291143824877369
X447fafcd4605f30e0e711a9b948cdcaf	SampleType	Sample	0.610146643591318	0.330764050696782	18	3	0.0836813112122443	0.291143824877369
X0c547f558c7b4df083b47ff27fa3d3a2	SampleType	Sample	-0.285705123252486	0.19488179601331	18	2	0.16201362287217	0.291143824877369
X72da9bd2dac35c1c366f11e4e243b498	SampleType	Sample	-0.379313997774341	0.27717934129683	18	2	0.1900722843872	0.291143824877369
X9357a54bfc51c5bf17b0f513c967efd0	SampleType	Sample	-0.693292801397353	0.390050812317872	18	3	0.0945061350870084	0.291143824877369
e75ceab0dea79dd73f76041a764688c1	SampleType	Sample	-1.10915354771584	0.636951535294905	18	6	0.100812315790108	0.291143824877369
e06dac8797c611f807d59a8977fe405c	SampleType	Sample	-0.412882992449324	0.211500978310774	18	3	0.0686460640080459	0.291143824877369
X6d04de8cc4a1df332a852fd85ce91f75	SampleType	Sample	0.275634781354752	0.186664445279686	18	2	0.159184958544186	0.291143824877369
X8c7e73284af4da78355fb99eb86372f4	SampleType	Sample	0.891900949908243	0.566754083876812	18	3	0.135120616256489	0.291143824877369
X2214099515b01034cfcd604b413c5df3	SampleType	Sample	-0.934041168345845	0.649929936345548	18	7	0.169945962528534	0.291143824877369
edab60a0874cc7cdbd6b175d7c0e57da	SampleType	Sample	0.306784801119755	0.212599368992308	18	2	0.168307585456471	0.291143824877369
X1a9fe0c37a5ef71705c7772f7c123588	SampleType	Sample	-0.228878560680985	0.151471228776065	18	2	0.150276227704256	0.291143824877369
X4a6654db0e78cf338a12f9b2dfcff522	SampleType	Sample	-0.606511557299921	0.325558456802821	18	3	0.0809266563561213	0.291143824877369
X9c68328908f8c2cb4ba7f4c10f0eb222	SampleType	Sample	-0.698511208686907	0.450337314864988	18	3	0.14043457477902	0.291143824877369
ee71fc241e86b6d08cd74a1ce41e8548	SampleType	Sample	-0.497247590796196	0.258932625644039	18	3	0.0728171017090251	0.291143824877369
X1182e68256c255ece7c7071bc2ace6d9	SampleType	Sample	0.277713095785674	0.188345606272679	18	2	0.159754811404933	0.291143824877369
f5e1813bd29d2dfa1239982f374b7616	SampleType	Sample	-1.37879499082743	0.555408328982687	18	6	0.0245223577489393	0.291143824877369
X5fab9a5013c9ed33f763892b51dc2d3f	SampleType	Sample	-1.08961799220155	0.611384570658001	18	4	0.0936989540344737	0.291143824877369
X5f78e404ee15aa019b6e457dfbf23976	SampleType	Sample	-0.636300495545807	0.35749973207455	18	3	0.0940958898603464	0.291143824877369
X859b3c7c3c892ff654d71b1a4f5616d9	SampleType	Sample	0.28100845041713	0.191027260827697	18	2	0.160674111894339	0.291143824877369
X70cfd8ae387b5123aa9ce313aafb6985	SampleType	Sample	-0.468727570092895	0.245354800667945	18	3	0.074171232554233	0.291143824877369
ba5dc2aa80c38c642dcbf7b13573e0af	SampleType	Sample	-0.583665301662154	0.283370203064491	18	6	0.0560791825714991	0.291143824877369
X92ab2c8ad72bc68572a03bbea1033eeb	SampleType	Sample	-1.48389611775843	1.02343270806792	18	6	0.166400051727754	0.291143824877369
baa1f3c388ef92a335c3759695abbf63	SampleType	Sample	-0.718682437253522	0.397291295485643	18	3	0.0892862586339443	0.291143824877369
X7109b433163f6a01631b5d15d0401bc9	SampleType	Sample	-0.831474067714251	0.492617463538979	18	4	0.110829159731552	0.291143824877369
b1875574a36bcbb5247e65d0fa09c890	SampleType	Sample	-0.327747704700388	0.230780002467832	18	2	0.17474965891483	0.291143824877369
X5ba0845ced0655dd01b64b0e72259de7	SampleType	Sample	-0.646790940714255	0.378482261911404	18	3	0.1067901071737	0.291143824877369
bb7005807c21794e615dc81c2677bf17	SampleType	Sample	-0.550889264251934	0.301721604322883	18	3	0.08659872667032	0.291143824877369
X605d9cdb3db925f292fbd97c53837837	SampleType	Sample	-1.02258429935369	0.387425100671903	18	5	0.0178495098203763	0.291143824877369
X75c70d00252c9a612191a90d5ce3ac7a	SampleType	Sample	-0.273845590218248	0.185223614869152	18	2	0.158701111099112	0.291143824877369
X9b2afb5dc1633a1864a599769e736c32	SampleType	Sample	0.313039832068574	0.217971916131769	18	2	0.170224292807503	0.291143824877369
X05b35a4bbf1ee4b2098f28d2f722caaa	SampleType	Sample	-0.943317544871183	0.679103945253644	18	5	0.18384575230826	0.291143824877369
X592b4e82a3096f3fbf166f645b5ad422	SampleType	Sample	-0.393302197055514	0.198360305449821	18	3	0.0648333504482472	0.291143824877369
eadc948ef3576b2f2df0be2120a9a7d1	SampleType	Sample	-0.588316483067368	0.318935010142482	18	3	0.08368591330276	0.291143824877369
eb73aac3aa795a34035936b9a281cd93	SampleType	Sample	-0.627792249847658	0.35300766114713	18	3	0.0943419851163113	0.291143824877369
a925f078b34542a7e2745ffde41a3e2c	SampleType	Sample	-0.822246084434604	0.506920314667456	18	4	0.124330970058047	0.291143824877369
d410143c4dd12a8a9f584f007f7cb72a	SampleType	Sample	-1.2254347122231	0.464479291389232	18	6	0.0178910119608277	0.291143824877369
e0c4a345382c1b00b71c37cf7af0672b	SampleType	Sample	-0.384381454144275	0.19384332813296	18	3	0.064811208322882	0.291143824877369
X6ef19c53611505ed27fa12c9ec3d242f	SampleType	Sample	-0.369861056182217	0.268532520586328	18	2	0.187370586350612	0.291143824877369
X30575c727189662cb34e85abb9c2fec9	SampleType	Sample	-0.657218812824814	0.358215930297308	18	3	0.0852124407105569	0.291143824877369
X02207ddcaca52b8fa936f59ce92b3fbc	SampleType	Sample	-0.443151397130225	0.23484451764189	18	3	0.0774403696540428	0.291143824877369
d436efdbda238017e4ef498dd05e6aee	SampleType	Sample	0.354024870156465	0.254175468776915	18	2	0.18272213190285	0.291143824877369
a951e9a2944330a971325f5906d10d40	SampleType	Sample	-0.84854353982147	0.553343222982124	18	8	0.144690762929378	0.291143824877369
e4a3d9d5dfd30a8d66dade955b16db6e	SampleType	Sample	-0.98087527244035	0.587122069396584	18	8	0.11423301654929	0.291143824877369
e09cfeed17ee0e5aaf18e62ed186b52e	SampleType	Sample	-0.766447376383896	0.345291636353686	18	4	0.0412373524606103	0.291143824877369
ba67bb7005e4796b7386227e4f4a749f	SampleType	Sample	-0.296993208125699	0.204290091338633	18	2	0.165340728081672	0.291143824877369
X91e457dd514f534f1716b3b149be4de2	SampleType	Sample	-0.261509785054846	0.175464239073088	18	2	0.155571789687399	0.291143824877369
b5bbb660c8280040c8d82d78dd9f4a28	SampleType	Sample	-0.316837835836551	0.221256712974383	18	2	0.171392213186721	0.291143824877369
X3860774456cffb4afcb45563c8a9d8d9	SampleType	Sample	-0.561492018438418	0.304227165543813	18	3	0.0835325983356089	0.291143824877369
b856d2f44127d2af47e509909e4b762c	SampleType	Sample	-1.23565940539911	0.484367421186234	18	5	0.0213566270941254	0.291143824877369
X3705c9dc9623cbc66bb1f97d46e86ee2	SampleType	Sample	-1.23071356267892	0.47298885403168	18	5	0.0192626776985879	0.291143824877369
X73a06805b4c745a86e5950a95917e914	SampleType	Sample	-1.20411128701565	0.669572585025069	18	4	0.0910175103444953	0.291143824877369
df1b3002bfae3461157d8d55d0eed9b0	SampleType	Sample	-0.238972355962438	0.15856379063773	18	2	0.151272637123315	0.291143824877369
X8dab40dae5a9bad0368cb55fa444ddcc	SampleType	Sample	-0.4531627800461	0.232594703353157	18	3	0.0691412812182304	0.291143824877369
cf9440bd69d05d48d32efe39d374ee13	SampleType	Sample	-0.393422559293541	0.200670224115726	18	3	0.067581886998707	0.291143824877369
c66406bc16ec9d13755f01073df22cb9	SampleType	Sample	-0.439238819814681	0.22496533998001	18	3	0.0686055811387522	0.291143824877369
X6c4684b906be0e29cd67f3d04c0107ae	SampleType	Sample	-0.746065113229123	0.419744857350475	18	3	0.0945090231613042	0.291143824877369
X3b297ecb1a3987335adf10cf00dfe083	SampleType	Sample	-0.360313582696422	0.180886850803597	18	3	0.0637300076067972	0.291143824877369
X269689d5610b300e6b875925f70d2e83	SampleType	Sample	-0.956476054711288	0.429992575536811	18	4	0.0408627354552462	0.291143824877369
X392f12d7facbcb27beba31a0ed941026	SampleType	Sample	-1.34164341285977	0.683525534512257	18	5	0.0672944295252871	0.291143824877369
X7cd8ce37426160b984e9a1efa333b75c	SampleType	Sample	-0.723573017029804	0.469965616511167	18	3	0.143192603760527	0.291143824877369
X3c545757770b1a1e2e83ee4bbdc08097	SampleType	Sample	0.893608056073709	0.400192582324856	18	4	0.0401885567119726	0.291143824877369
X412cfdf27e638b47c5e51696819f5f3b	SampleType	Sample	-0.966871857483319	0.420191616874978	18	4	0.0351744737170792	0.291143824877369
X653ba06c3b7bf77a9e8282b8e9722897	SampleType	Sample	-0.659323359631273	0.413232404983547	18	3	0.130154412025675	0.291143824877369
c9dd27a651fa2c10f6293e43c8621093	SampleType	Sample	-0.357591447966908	0.179122961995795	18	3	0.0632039945790547	0.291143824877369
dce0d562730455b7d4ef74fee5c2d917	SampleType	Sample	-0.407295953930074	0.208171296692359	18	3	0.0680876521378588	0.291143824877369
X510ef154f5a500b91459bec4787d1722	SampleType	Sample	-0.47036249096808	0.245617989726868	18	3	0.0735422469751628	0.291143824877369
ac626e47d505b6fab9b1124d6cc8bf28	SampleType	Sample	-0.281780339461403	0.191658166065029	18	2	0.16089202262198	0.291143824877369
ae637f5e747b1ec45d80f23435d3e324	SampleType	Sample	-2.06318762326666	0.972897104358151	18	4	0.049927391036148	0.291143824877369
c70c983ea7f2f513df007e72bd0a89d7	SampleType	Sample	-0.560822570805023	0.388974581559598	18	4	0.168646873868013	0.291143824877369
d65afac3be5410fa256d7d5e8efdec2d	SampleType	Sample	-0.326301293065379	0.22951032300873	18	2	0.174305014066956	0.291143824877369
X87510c969f75ab8b37e1541b95bb3ecc	SampleType	Sample	-0.452200621831268	0.235076074590383	18	3	0.072378925871098	0.291143824877369
X4a4bbf910e98dcb2a6bd568992e04f32	SampleType	Sample	-0.518879663303156	0.273231664781916	18	3	0.075742102435224	0.291143824877369
X9951140d9fe224a3b5a91dd2083a435b	SampleType	Sample	0.313287597623963	0.218185694299101	18	2	0.170300415635296	0.291143824877369
a9954e3ed16fe698b57cfcee5b6163de	SampleType	Sample	-1.30018018997045	0.581787873619717	18	4	0.0400434700995417	0.291143824877369
X4e5f81f87754aa472de3ee2d04b660b5	SampleType	Sample	-0.24592279985695	0.163630991267001	18	2	0.152341911541712	0.291143824877369
f947e47838e617ee7fffd37b941290cb	SampleType	Sample	-0.391162605751627	0.288089066919022	18	2	0.193374130825301	0.291143824877369
X38d1c493a79c04ceda01b97ba523f743	SampleType	Sample	-0.660857843297184	0.361717531970817	18	3	0.0864133776535299	0.291143824877369
baae0a9f4601dd266225d670e26a28dd	SampleType	Sample	-0.865518774700927	0.514061448810753	18	4	0.111647702463902	0.291143824877369
a45c612046d9c72f42ef8a4fcf579361	SampleType	Sample	-1.21569644751618	0.590504487100903	18	7	0.0561840806518971	0.291143824877369
cbd797e49a45acaedc5d0a4b01b94a38	SampleType	Sample	-1.01792787351895	0.450536539678075	18	7	0.0381683656935964	0.291143824877369
X9a06ac9191854e0a48b66496324388c9	SampleType	Sample	-1.2292793099123	0.549996592447561	18	4	0.0400227151554613	0.291143824877369
X212501721be7a1789749c014d14d36e8	SampleType	Sample	-0.459820589276538	0.240860035228638	18	3	0.0743535068863591	0.291143824877369
e9c5f705e62b934d60ffc48bf6c116a7	SampleType	Sample	-0.956951823596602	0.41020148359733	18	4	0.0330345964818793	0.291143824877369
beede1fde2450438a058a7fd8955421c	SampleType	Sample	-0.653990871302075	0.357495112549069	18	3	0.0860421168342547	0.291143824877369
ad0bf88826aba1a9b2612db50a8c91f0	SampleType	Sample	-1.16830120612282	0.513898090795955	18	4	0.0371336052450896	0.291143824877369
b22bcbfbabe25781b4f5e4c8a34127a0	SampleType	Sample	-0.510326993385703	0.27669334691621	18	3	0.0837241405268273	0.291143824877369
X1457a586e2c10c42c5d9cc4c8e4f5030	SampleType	Sample	-1.60198740120217	0.560384994722736	18	8	0.0113736647265567	0.291143824877369
X6d1f35f272824e7acbddb3955ebcfd22	SampleType	Sample	-0.987138624895547	0.554320765195735	18	7	0.0939362006108448	0.291143824877369
a62b05609cafeb33e1fe085e96899231	SampleType	Sample	-0.885562299565555	0.512669363730082	18	4	0.103353794450994	0.291143824877369
X250eff414ba3de003b8ddd7f5f264dc0	SampleType	Sample	-0.712919817989563	0.294366159483446	18	4	0.0276854610591042	0.291143824877369
X7399c5c473fce0dca57710a56022e6bb	SampleType	Sample	-0.343443823197837	0.171861779701625	18	3	0.062964092890228	0.291143824877369
X7f30f260ebdc3f8a29e9843f4fb14423	SampleType	Sample	-0.32179492253855	0.225568214327129	18	2	0.172918278123526	0.291143824877369
ef96f3e6464a2aad457e22b9afcfcb3a	SampleType	Sample	-0.47416471749522	0.258602752287299	18	3	0.0853886825792669	0.291143824877369
X6882b4c1d276f5904f8d791be8d4df17	SampleType	Sample	1.1950659473167	0.541888672847228	18	4	0.0424022115864627	0.291143824877369
X82c56fba54a6e974c430ddba263f7ed7	SampleType	Sample	-1.32896760573812	0.701984461514284	18	10	0.0765679639589137	0.291143824877369
d60a5747fe784d05bfe1e010c533014d	SampleType	Sample	-0.449932171991556	0.319493194453046	18	4	0.178186052572365	0.291143824877369
ed692081bc5bb7a3cb698843daaf5451	SampleType	Sample	-0.24980536153244	0.166520737582502	18	2	0.153050263488637	0.291143824877369
X471fc32fc0f0d57f1c5fb744cb1803e8	SampleType	Sample	-0.785376929385061	0.438770763415037	18	3	0.0924034021571842	0.291143824877369
X58b89f9f41e3472756c09a166494d52b	SampleType	Sample	1.01760292503984	0.683351663097778	18	5	0.155898036580887	0.291143824877369
X8e5d84ca83d3dc0c96dd48901592fbb8	SampleType	Sample	0.345458707342637	0.246484927370752	18	2	0.180152140679448	0.291143824877369
X222fb06799fd248024d7a08001eb6681	SampleType	Sample	-0.644534781491704	0.448595989711616	18	5	0.170046469591949	0.291143824877369
f1a69c7f93f09e5fae3e1be1be9ca0fd	SampleType	Sample	-0.320630908267473	0.224553401326574	18	2	0.172559894572216	0.291143824877369
X03e54a962cef41b3c7ede9fcb49089e7	SampleType	Sample	-0.399535652670129	0.204301760213527	18	3	0.0682053363088295	0.291143824877369
beed98991657851771a5400a5bf1f490	SampleType	Sample	-0.264073734966625	0.177466282812664	18	2	0.156188353529784	0.291143824877369
X4afcdfaccc13a1b2bd5f1068c9d4db3d	SampleType	Sample	-1.0648665522318	0.605970828633602	18	4	0.0979828951127236	0.291143824877369
fd35e9fdcc7340ff1039903e632a97d4	SampleType	Sample	-1.20518528895717	0.669525111668305	18	4	0.0907334248853121	0.291143824877369
X07422705f42a249506c2942c4df6c7dd	SampleType	Sample	-1.03977365838162	0.608714583329607	18	6	0.106933850052365	0.291143824877369
b8a30d80e460567357a5449acd5c1d18	SampleType	Sample	-0.440661725883945	0.229044386209399	18	3	0.0723415631267655	0.291143824877369
X046dd3e0f9d6a09f6419e54bccfdc01a	SampleType	Sample	-0.567771239164365	0.329372571344491	18	3	0.104009160090128	0.291143824877369
e96296923effdf7d9a28addc446ae518	SampleType	Sample	-0.528280439166579	0.377874193634355	18	4	0.181184415273878	0.291143824877369
cc868f9667d1b49eeaee37ba862893fd	SampleType	Sample	-0.477011694499761	0.256673130939216	18	3	0.0816024973336486	0.291143824877369
ce8997565fc82b235541c3ee800026e3	SampleType	Sample	-0.518325828235491	0.272118842820555	18	3	0.0749459994531026	0.291143824877369
X86ab82fc04a392c83efb4e0ad37928c7	SampleType	Sample	-0.359453019622783	0.180175378405076	18	3	0.0633617800823974	0.291143824877369
cff90739aec43855cf9b4c0c5a7fb2b1	SampleType	Sample	1.90154431034161	0.718158055067903	18	5	0.0175474891205792	0.291143824877369
cc0ab9ce71646f0e6693747e2cec6fd7	SampleType	Sample	-0.254752245392705	0.170259868912867	18	2	0.154051452856693	0.291143824877369
X34c4396b5c4837b0104d5e0beeca5519	SampleType	Sample	-0.222411965806482	0.147111756362503	18	2	0.150068910302784	0.291143824877369
X73559856950a5d6dabd4d45634d9939a	SampleType	Sample	-0.647764979849978	0.270711976526071	18	4	0.0293353332644495	0.291143824877369
X35557045bde9c99dae9ad7a75e219665	SampleType	Sample	-1.08718973068812	0.688724089656997	18	5	0.13400202151061	0.291143824877369
X228bf55df9509ac47c1827c718e5193b	SampleType	Sample	-0.374864278701028	0.272742771668886	18	4	0.188256464995975	0.291143824877369
c2ca2bc6fd2a27c7e2acabc8b471e199	SampleType	Sample	-0.548338528848841	0.291749059285614	18	3	0.0785164475220053	0.291143824877369
e8623ba43e31cf255ff21c05725ee284	SampleType	Sample	-0.496746549629674	0.263483621571506	18	3	0.0776821233742448	0.291143824877369
X80adea37b591d7be9f3654798c613c5a	SampleType	Sample	1.18697098374349	0.570798344994704	18	4	0.0540117597354765	0.291143824877369
X5ae1e2a9172e056c5f9cbe8643ace044	SampleType	Sample	-0.367784674028961	0.266640536530226	18	2	0.186769510639791	0.291143824877369
X22a9a444c3b7e50e4309a7862e9baec9	SampleType	Sample	-1.87758030581588	0.863907738006933	18	4	0.0451137839964757	0.291143824877369
d0db327e93111a416612395e91517d29	SampleType	Sample	-0.492571935204992	0.255758835640764	18	3	0.0720728610325848	0.291143824877369
b46d29df61a67bba70bd1f064b067f0a	SampleType	Sample	-0.64923608854881	0.422085376801142	18	4	0.143549026480991	0.291143824877369
X36ddd2c07684ac8a13e1ea753c095e2d	SampleType	Sample	-0.510053482182831	0.33812435952861	18	4	0.150923872549825	0.291143824877369
X8712b80a760d874f2691fc1a79f4d89a	SampleType	Sample	-0.620041889314408	0.378549145182119	18	3	0.120946626040175	0.291143824877369
X29eb8e3a54c817ab8e7b37dd9a6a9c77	SampleType	Sample	-0.544964593487247	0.318792779956794	18	3	0.106685011634936	0.291143824877369
d4326a70982173389e9c9c2dc7fd1602	SampleType	Sample	-0.763790604946924	0.334128273350313	18	4	0.0362338294353484	0.291143824877369
X43573476295126b8fce332ae0c19a912	SampleType	Sample	-0.553454212263807	0.295831244257668	18	3	0.0797708983952159	0.291143824877369
X0ee17acea997e093c1e319ed06302394	SampleType	Sample	-1.7836201314957	0.860559098627567	18	9	0.0547216150450494	0.291143824877369
f72bf2d8a9dac883e39a51820e8dd79f	SampleType	Sample	-1.10096131069071	0.630292353411165	18	4	0.0998460621154063	0.291143824877369
X9e761733a7cce2ee236b78765b5e4dd7	SampleType	Sample	-0.337398526509175	0.239302970815335	18	2	0.177705479701812	0.291143824877369
X4be617d4c45bc8fa9098b409b9c1533c	SampleType	Sample	-0.388723553615779	0.285837174820756	18	2	0.192702367348696	0.291143824877369
f1cacd9e70445f24c4619f0fca89b7f4	SampleType	Sample	-0.473796047783584	0.251783458301281	18	3	0.0781894359789576	0.291143824877369
X82cae819e5c6e17a4f8811ea1cf0ee7e	SampleType	Sample	-0.535979532762358	0.284184587647325	18	3	0.07757901058267	0.291143824877369
f25e28b0aea637475a0b92a164cbfd5c	SampleType	Sample	-0.527669534024142	0.277316986567322	18	3	0.0752244616261397	0.291143824877369
X45be7559898c4cd744dd17cd0258a914	SampleType	Sample	-0.404458474054313	0.206115015203823	18	3	0.0673614206168318	0.291143824877369
X0cd519632b2b79b0ff874f2dd08b0a14	SampleType	Sample	0.241540967785351	0.160419995481001	18	2	0.151635645970258	0.291143824877369
X88c199565e2f534795948eb980839542	SampleType	Sample	0.507994680840092	0.265040207021946	18	3	0.0733177348999054	0.291143824877369
X5aecbb5146b057457c6587cee552b38f	SampleType	Sample	-0.467910556300408	0.241835508759678	18	3	0.0708925794057007	0.291143824877369
e2055a8a1dc431d491a1170faf4780fa	SampleType	Sample	-0.274757630514083	0.185957322187027	18	2	0.158946945612337	0.291143824877369
a941cf1ee22b9c787f0a179c48e51e1c	SampleType	Sample	-0.662647122322093	0.363680047586162	18	3	0.0871915229411771	0.291143824877369
fed3fcfec9e0d1aa80b3eef047f5f34e	SampleType	Sample	-0.408362996176871	0.207115614693591	18	3	0.0661932468074363	0.291143824877369
X7c39b61079e297eced486dbc8047cd77	SampleType	Sample	-0.3915785304587	0.199632898087701	18	3	0.0674622532097323	0.291143824877369
X5ec6f951a040ef39b9cf438d693ad97a	SampleType	Sample	-0.301381981717089	0.207998512620223	18	2	0.166663841542605	0.291143824877369
b8191607b1719a5588c3c497254c43fb	SampleType	Sample	-0.378689006634966	0.1931879114618	18	3	0.067623744832461	0.291143824877369
X59157aaac7c2572192307a72fe99dc2b	SampleType	Sample	-0.47245546385064	0.244327702394001	18	3	0.0710418852914103	0.291143824877369
X21fda367a76c17cabf4ff7a061b44918	SampleType	Sample	1.08660315362246	0.518578693507848	18	4	0.0524038706036066	0.291143824877369
X83ca4878648b302ce53f93db465cfe88	SampleType	Sample	-0.580575239387604	0.378791789503182	18	4	0.14488241655129	0.291143824877369
X3662fc336ea5d5581e6783d2b2f5466a	SampleType	Sample	-0.264215100053928	0.177577087094035	18	2	0.156222921386506	0.291143824877369
d01020e28305b8d210d69333db1f4f3e	SampleType	Sample	-0.876042213275872	0.409936605661926	18	4	0.0483850428922283	0.291143824877369
X9570ec83b9859e60c098e9000ca9a3dd	SampleType	Sample	-0.405323195423329	0.205062594100371	18	3	0.0655878242094932	0.291143824877369
X7f45e039f04b7eeac60f359217aace3f	SampleType	Sample	-0.427752243898141	0.220464985962389	18	3	0.0701857405879638	0.291143824877369
X68a2dba19daec286a2bc463c2880f036	SampleType	Sample	-0.45267631285489	0.23218804728308	18	3	0.0689720643993429	0.291143824877369
X9693e2cce61b76daf888e7a5256429e5	SampleType	Sample	-0.421102826688977	0.222736745513076	18	3	0.0769313205307532	0.291143824877369
X1d1ba651814e1415fdf4eab3c393b955	SampleType	Sample	0.359388554678344	0.259018864838028	18	2	0.184312553531141	0.291143824877369
be8ea7c8e692b19ca2a5b4b6e4b05b5c	SampleType	Sample	0.334996864180512	0.237173904010171	18	2	0.176972126126625	0.291143824877369
X7e64efeca8fe17cc836ce410951b2aee	SampleType	Sample	-0.856867378740645	0.506486242384876	18	3	0.110066973706681	0.291143824877369
fecea8d7e4c0244724344deb0f149857	SampleType	Sample	-0.277502123917229	0.188174588021453	18	2	0.159696598984463	0.291143824877369
b2bc621396297801417e60a17bc5f66b	SampleType	Sample	-0.762655941717652	0.323172125001629	18	4	0.0313155618735686	0.291143824877369
b618f4badbb0d4990fed1da49f6cd65b	SampleType	Sample	-0.457533120327131	0.240851907366409	18	3	0.0756586235599781	0.291143824877369
X77435465acd0400c510bf21787d51108	SampleType	Sample	-0.703020191477754	0.386245223668776	18	3	0.0874958746669792	0.291143824877369
X3eb9a1eb91feca4fc5e3de1880ff658c	SampleType	Sample	-0.404194243453449	0.206210257895483	18	3	0.0676367718818591	0.291143824877369
X0beb150e4ddc363774dc57f0c2c58159	SampleType	Sample	-0.403149947996409	0.203863558431563	18	3	0.0654695572026627	0.291143824877369
X3b7c88fc9e30c1fee1dbdc932898bd5e	SampleType	Sample	-0.615148343422042	0.394249443302353	18	4	0.138247743400771	0.291143824877369
X983e197471ad3483cbf7561c9cc9b4fa	SampleType	Sample	-0.441039090092881	0.225518798254466	18	3	0.0681990985810792	0.291143824877369
X20d5ae010708e997b7aaaf0f1826a13b	SampleType	Sample	-0.452182323406977	0.231952071436615	18	3	0.068990838517793	0.291143824877369
f617931335477584dfd0b193104558b4	SampleType	Sample	-0.306950529813218	0.212741094001811	18	2	0.168358210650681	0.291143824877369
X9d8c458aa30ec6a7dd57c856c0995e3a	SampleType	Sample	-0.51067168348814	0.271620727650612	18	3	0.0784294220123963	0.291143824877369
X5170a06c03ce0079bf7130ff41477137	SampleType	Sample	0.510035047990161	0.266275218358897	18	3	0.0734842590290098	0.291143824877369
X50234b9c75fb7d66b49d7ddf20871e8b	SampleType	Sample	-0.242384141533659	0.161033581781476	18	2	0.151763304338636	0.291143824877369
bd0d1296987b91ceb19ee255825a00ef	SampleType	Sample	0.528666669788401	0.305686620431883	18	3	0.102971665229131	0.291143824877369
X0c57f153db4403da5de6eb2eb6f7ab86	SampleType	Sample	-0.284624124497031	0.193991337175714	18	2	0.161702544524762	0.291143824877369
X1e403559a958fc48c375f1904ad6296e	SampleType	Sample	-0.307568003734743	0.21326943936126	18	2	0.168546920545742	0.291143824877369
X0b81d8a08a3175423a0b32b8c1924fbb	SampleType	Sample	-1.15980519810017	0.402997787452365	18	5	0.010929739505048	0.291143824877369
X02301f7d1e08451a4244ccf9407ca8a8	SampleType	Sample	0.813561325923192	0.46954855890872	18	3	0.102386358122665	0.291143824877369
a192c03aff22da6065c44701eea9c11c	SampleType	Sample	-1.18859368124414	0.665929925526982	18	5	0.0932534081562675	0.291143824877369
X5d3d3563409f547ecd8a1e7f83daee93	SampleType	Sample	-0.971858468538593	0.421840106584896	18	4	0.0349793211005197	0.291143824877369
X5bcbf751a36732260a9065d4c473edaf	SampleType	Sample	-0.493621445397181	0.262393183966986	18	3	0.0782658414644543	0.291143824877369
X370193423197c319ea0599a307dac49e	SampleType	Sample	-0.45058756301487	0.234155213349708	18	3	0.0722883536213724	0.291143824877369
e266740c54c4cd776c3d23d24269eba6	SampleType	Sample	-1.04107970754782	0.589650236140624	18	4	0.0965378634068492	0.291143824877369
X5a00b3ec705a2045f468b9f02ea01f08	SampleType	Sample	0.61960594132439	0.252486874244507	18	4	0.0259633764673795	0.291143824877369
X57ca157d0182135d9dfd45fbdeeadb8c	SampleType	Sample	0.528537589531284	0.288135384872579	18	3	0.0852686363732892	0.291143824877369
fb9a18e922b86e88db02bbd52df12ebc	SampleType	Sample	-0.350700801276232	0.175681959252616	18	3	0.0632183183361379	0.291143824877369
X0b721dd75e7759cece34faf31e341642	SampleType	Sample	-0.714872179054987	0.407065079167497	18	3	0.0981808123872619	0.291143824877369
X479e17f7134df6c5adf0b493bfe050a1	SampleType	Sample	-0.227758086292913	0.150705016759097	18	2	0.150213676811205	0.291143824877369
c48029e83b8ffafbd57f584adc010978	SampleType	Sample	-0.430939769693065	0.229169598666906	18	3	0.0783791287692537	0.291143824877369
X87e6193b681585a9f49af4cb84c83733	SampleType	Sample	-0.876536322291236	0.499569784931325	18	3	0.0984584884034063	0.291143824877369
X91982105a9e2fce5a761bad7f3861d3c	SampleType	Sample	-0.388011880044961	0.285180691531812	18	2	0.19250557522745	0.291143824877369
be2daa3bf0f8dd960c5b91e98dff114e	SampleType	Sample	-0.834653544151525	0.487978346653994	18	4	0.106502409144334	0.291143824877369
X6bd27c79f2f053d5c5f10f9d3fe0f7a9	SampleType	Sample	-0.468187475586612	0.2446266331283	18	3	0.0736960725526521	0.291143824877369
X2648e6d779e1bfe0fcde25bf6658fa18	SampleType	Sample	-0.594597122728728	0.248033678983591	18	4	0.0290783488425884	0.291143824877369
f56f2f2600fb67393ae993605e3991db	SampleType	Sample	-0.664491639416373	0.362369036202323	18	3	0.0853609231045388	0.291143824877369
e658c6a50347d38f39c67be259396905	SampleType	Sample	0.583890099508466	0.327514291159573	18	3	0.0936014223695129	0.291143824877369
X08d7f58a060027555e4beffab9d04b67	SampleType	Sample	-0.417636400214937	0.28927919799626	18	4	0.168114558973217	0.291143824877369
f94bc1597f513a65a6eb6eee20e9ef63	SampleType	Sample	0.230968335324992	0.152911954631835	18	2	0.150420456139907	0.291143824877369
ff0f2a14bea45e255c82d045ede51828	SampleType	Sample	-0.589285836061371	0.353082768336759	18	3	0.114569072683879	0.291143824877369
c26bfbcdd891b7854ff1b7114afe7716	SampleType	Sample	-1.91367215099626	0.789947950193647	18	5	0.027649668440214	0.291143824877369
bbf43586c7d9d43d070548c60672c99a	SampleType	Sample	-1.44276828176314	0.654202098630537	18	4	0.0424010187426569	0.291143824877369
ea11a2a25d7325895490989691680d53	SampleType	Sample	-0.80956034697919	0.454433989422033	18	3	0.0938244377438632	0.291143824877369
X610c4134a01cde1c17d92535c91a06fe	SampleType	Sample	-1.08118119175583	0.605190052830443	18	5	0.0929764958465048	0.291143824877369
X8953074f0e4992f695be92b545ae4a33	SampleType	Sample	-0.670438794832806	0.284348595596984	18	4	0.0314461047121896	0.291143824877369
X8eb8dce5dd7b27b32e2f85e8dadf9c79	SampleType	Sample	-0.223689259010682	0.147960628620777	18	2	0.150079286239762	0.291143824877369
X58b0265db6ad82d9f233c8a3fa8b1235	SampleType	Sample	-1.10639065578291	0.650160273148655	18	3	0.108155389155281	0.291143824877369
ec31dcb1fb5f0ee9497f7ea7a8578eb9	SampleType	Sample	-0.349576898101613	0.250175060585023	18	2	0.181391980448141	0.291143824877369
X50e01735c61827744ff92bf24d988e56	SampleType	Sample	-0.59395011579746	0.321381543964216	18	3	0.0831555189054142	0.291143824877369
X9a2dcf92177b2dc1e7f689e92dcb1373	SampleType	Sample	-0.469908895035308	0.243250378632764	18	3	0.071293321504347	0.291143824877369
e714be7f86afba615a37e8823199a4bf	SampleType	Sample	-0.601221345364623	0.324568044284532	18	3	0.08251182141382	0.291143824877369
X196931e166b0f8fb722f177efeb3814d	SampleType	Sample	-0.693234851072809	0.289900519206906	18	4	0.0294249755455142	0.291143824877369
a6554e46ca6d64d27715aae0870eafc5	SampleType	Sample	-0.224392107705062	0.148430350170821	18	2	0.150091677314521	0.291143824877369
c09934d352a43b7de80900b35df99158	SampleType	Sample	-0.421587282304057	0.218150497085969	18	3	0.0711927140467075	0.291143824877369
X4a96e805d002149e7c390a78dc7f744e	SampleType	Sample	-0.684717530629148	0.316053934356167	18	4	0.0457187622697482	0.291143824877369
X0b62d5a1bfde73edada58d8923b380d6	SampleType	Sample	-1.64836692128988	0.600855130938146	18	5	0.0144294034066122	0.291143824877369
X7eabf4698544d2922427cabcb9547de9	SampleType	Sample	-0.530519742094396	0.306885184928045	18	3	0.103102815271861	0.291143824877369
c7ea45b13f82a18377d994bc769a991c	SampleType	Sample	-0.866119338516753	0.369253642590738	18	4	0.0322152185114093	0.291143824877369
X23096ac3a137bba25a1707a94dd24679	SampleType	Sample	-0.602665609249173	0.324722261974196	18	3	0.0819759273834981	0.291143824877369
X81635b81eac0d9346e084d3b07aeed56	SampleType	Sample	-0.397086652515483	0.204076474282933	18	3	0.0694660616322072	0.291143824877369
ca9668678d33615fb4e2dd5e594c5216	SampleType	Sample	-0.690914825778689	0.485369886277623	18	5	0.173804715442408	0.291143824877369
X7871aaea66563e5ebfb4efc7f5599c44	SampleType	Sample	0.358289509278187	0.258024752527805	18	2	0.183987936225649	0.291143824877369
X0fc3cc812219df0bfcb6edcb6f6e39db	SampleType	Sample	0.298503022939606	0.205562829195747	18	2	0.165794444797355	0.291143824877369
X48fcba36a1de64bd249659a9091884a2	SampleType	Sample	-1.00429556333918	0.482917543729893	18	4	0.0539964195270804	0.291143824877369
X45be6f65f9164258c8e9625594853e84	SampleType	Sample	-0.438143893331717	0.230840105321007	18	3	0.0758826278548392	0.291143824877369
c3a93e0352815a9aa1233a126210eb2f	SampleType	Sample	-0.607955685338686	0.328982767464506	18	3	0.0831750537995714	0.291143824877369
X599a750535209e4cbb71fbcdd3e6cd99	SampleType	Sample	-0.829106481493509	0.467747606667097	18	3	0.0953399110742395	0.291143824877369
f933957043a4d7f28189cb3879370473	SampleType	Sample	-0.403477297300118	0.21011184509379	18	3	0.0728274367543913	0.291143824877369
X0d2859683a8a8f8f38afe51509ef86fd	SampleType	Sample	-0.407051325800313	0.211105323831644	18	3	0.0717707383100851	0.291143824877369
X82cdf1d6ceed214e60034ef67bb5ebd6	SampleType	Sample	-0.500844457941659	0.272507561085126	18	3	0.0847161645385741	0.291143824877369
b53666dc2717187aa66d42828fc18b87	SampleType	Sample	-0.635628116992757	0.399758134404426	18	4	0.131389861252517	0.291143824877369
f3085612606c1365160c183a78783d29	SampleType	Sample	-0.604918590698863	0.341479923326853	18	3	0.0955264760463656	0.291143824877369
X2a9ded87774bc5d82ec51054bf362b32	SampleType	Sample	-0.386235155159805	0.194631881507251	18	3	0.0646306255841723	0.291143824877369
c9ab4fe6079d0362c081a8f5e8e591d3	SampleType	Sample	-0.566295384589034	0.300618376020639	18	3	0.0779015318860903	0.291143824877369
X7ccc62a2660bda46b0d31ba1b464ee7a	SampleType	Sample	-0.805634262643907	0.373408069178361	18	4	0.046513856862759	0.291143824877369
X505714fa8ec092e16fe83d256819a103	SampleType	Sample	-1.09370238439815	0.62655637418278	18	4	0.100054732785266	0.291143824877369
X215f6b9380f0892e9e490572221f021c	SampleType	Sample	0.467574052284172	0.256972497680165	18	3	0.0875896096160922	0.291143824877369
ee4379d2de60b5fc1e1948837cf7aeaf	SampleType	Sample	-0.535381952525524	0.281627895420225	18	3	0.0754662809941836	0.291143824877369
X10b72501d263d9d4d6cdc273742030ed	SampleType	Sample	-0.508619919741892	0.267480263626732	18	3	0.0753971437874023	0.291143824877369
X5d5582bcae623dc71ec0360f9ccdb8a3	SampleType	Sample	-0.42453819360953	0.216383388629587	18	3	0.0674019917501168	0.291143824877369
X397bda9d09082f426b785268f1248df7	SampleType	Sample	-0.531864930162178	0.279619858049738	18	3	0.075317001283175	0.291143824877369
bfd375ddf98a50d2b3cb2f06b4ed2e61	SampleType	Sample	-0.935255363394064	0.545922930396263	18	4	0.105988526644263	0.291143824877369
X8f98d5d59c90073ecff10684f6e7ac67	SampleType	Sample	-0.600177286289345	0.321753218084144	18	3	0.0805799706096	0.291143824877369
b7ceac27d09abb3e9735d49f8a13d8e8	SampleType	Sample	-0.392462855459337	0.199691761505579	18	3	0.0669794469969931	0.291143824877369
X45bb43b8bc1f16292a3ff842bf199281	SampleType	Sample	-0.60039971329189	0.246409134636477	18	4	0.0268837886890254	0.291143824877369
de2b0c0e73c9995cd38c18d956e2fb5a	SampleType	Sample	-0.386176765996577	0.283489119498806	18	2	0.191996506456799	0.291143824877369
X733f5a346b282389a45d1ec10c786fc7	SampleType	Sample	-0.780387972232449	0.455827950726529	18	3	0.106202800929417	0.291143824877369
X490df236b81fbfeae44a4080639c7853	SampleType	Sample	-0.300992418023599	0.207668266664818	18	2	0.16654590061028	0.291143824877369
X0922c9b1178c613c6b02cb079724ce38	SampleType	Sample	-0.520309104966175	0.27246179421617	18	3	0.0742737874138338	0.291143824877369
X0f056cbdb1435c8a357970be5d6f9afc	SampleType	Sample	-0.631825448060802	0.342413621617023	18	3	0.0835970155123184	0.291143824877369
X606d00a5ec19a3f3d4c76aed5e5d4580	SampleType	Sample	-0.991606205846935	0.705632424533979	18	5	0.179059273714609	0.291143824877369
X2256473fd805b1fa608b9b68a6d86ffa	SampleType	Sample	0.334399188059203	0.236644876846365	18	2	0.176789363139794	0.291143824877369
a4aee3f0824b681cd9d68165aa505aab	SampleType	Sample	-0.880793846596081	0.509011203627835	18	4	0.102795776027361	0.291143824877369
X7f6a9493c5bfcb1ca57d2983a65afa53	SampleType	Sample	-0.489524658170592	0.254711625667337	18	3	0.0726147684252431	0.291143824877369
X322a5b348bf6b1f290646f2cf2b18fcd	SampleType	Sample	-0.307222158457782	0.212973455648329	18	2	0.168441207456808	0.291143824877369
X0c844b58c617cf65e1b7bb489d32b17f	SampleType	Sample	-0.270540329841129	0.182578107636273	18	2	0.157825154691563	0.291143824877369
a846d55fb1ed2e5d49ccbdd195195f29	SampleType	Sample	-0.665187112257157	0.382344189038902	18	3	0.101097802503238	0.291143824877369
ee48642e332beecba5ed9ccd0e3fb38d	SampleType	Sample	-1.64137678700662	0.745556127969724	18	4	0.0427180464764797	0.291143824877369
X996390453da0412ee997a224772b9d15	SampleType	Sample	0.696620541969047	0.38955626266281	18	3	0.092687974120523	0.291143824877369
b78e9c4260d66a65c87ac5435c0f8d25	SampleType	Sample	0.381228495663458	0.278936945863641	18	2	0.190612296300186	0.291143824877369
ce5dfc4dbf022797930aea60d7605467	SampleType	Sample	-0.785691783372889	0.46387021819291	18	4	0.109682220396337	0.291143824877369
X7c72bacd4ae931842a67a12a536281b4	SampleType	Sample	-0.530008958755988	0.283234683307713	18	3	0.0797084981396104	0.291143824877369
c8755c68caab34b4625c94ace70ed289	SampleType	Sample	-0.223444160627546	0.147797261610086	18	2	0.150076070243911	0.291143824877369
X397f36e060c968698d4d626b2094ff3c	SampleType	Sample	-0.481824597080233	0.249348000465991	18	3	0.0712210483774976	0.291143824877369
X2268387c9b1696e97210916bfbb02994	SampleType	Sample	-0.288829435967112	0.197466103083745	18	2	0.1629210433959	0.291143824877369
X7a1dcef03205881d1648f748377ac814	SampleType	Sample	-0.454256369708948	0.234431396906909	18	3	0.0705166889439147	0.291143824877369
d372ab87d4413c48aef78d9e5c5bb40a	SampleType	Sample	-0.70188829064294	0.422176649436139	18	4	0.115865713189962	0.291143824877369
X191e9eca8427c8db9210210a98a727bb	SampleType	Sample	-0.237216559541151	0.157306497046467	18	2	0.151048059737595	0.291143824877369
X196ad34b5841b6f7a03a8701bac356e1	SampleType	Sample	-0.785013905104769	0.472890166875001	18	4	0.116375942080204	0.291143824877369
d573196f7c39998cbc08ded5e9f2a548	SampleType	Sample	-0.396869227747549	0.201968482902693	18	3	0.0670216446854737	0.291143824877369
X1cd23c8e307bc20d35ee1a9f782b742b	SampleType	Sample	-0.673744478550002	0.368051921028865	18	3	0.0858548574237148	0.291143824877369
X49b9432cda7b37c7d94de7d048422925	SampleType	Sample	-1.10132113176886	0.643890236968411	18	3	0.106505050537559	0.291143824877369
a562741b5716bebdea5a91bce08c5518	SampleType	Sample	-0.387987981790444	0.195564384002694	18	3	0.0646910943285541	0.291143824877369
X4f7cb5b12046b463a87745b97a2de37b	SampleType	Sample	0.977945677489364	0.451799763072451	18	4	0.0458868760260639	0.291143824877369
X0b1dcf7a77faff5f0ad15d17a322ec6c	SampleType	Sample	0.637923778885129	0.407636580029646	18	4	0.137160167745159	0.291143824877369
X0f593c675b5e22484a03323bde0fbe15	SampleType	Sample	-0.514368877671836	0.269208766593648	18	3	0.0741353576310725	0.291143824877369
X90040c5c359f88412e358ee206d790b3	SampleType	Sample	-0.494188208918612	0.256731338923524	18	3	0.0722064564637909	0.291143824877369
X236ab7f90d97fe4d190f167a85e1cec1	SampleType	Sample	-0.578438996018229	0.339648167646846	18	3	0.107900910674627	0.291143824877369
be26719008e0a28040f4982b00a94897	SampleType	Sample	-0.389215083000197	0.196118609922563	18	3	0.0646123578877905	0.291143824877369
X43d1786bcee090db266f60e611bf6ed7	SampleType	Sample	-0.544170027085465	0.291186374248793	18	3	0.0800697612730598	0.291143824877369
db6577cabd4eb1f34828229503e9b170	SampleType	Sample	-0.252531956941475	0.168573953560743	18	2	0.153589308276067	0.291143824877369
X97ddd0a87fbae74c2bbcd43b4d38be3f	SampleType	Sample	-0.407314518534134	0.206584106825657	18	3	0.0661935588042657	0.291143824877369
X1e316870c314ba31094d54e65137bf6d	SampleType	Sample	-0.36565057120022	0.184169893738717	18	3	0.0645146692793568	0.291143824877369
X03e76899b0f0652461b78deaea12c230	SampleType	Sample	-0.502097476763421	0.262771583505819	18	3	0.0741208075177603	0.291143824877369
X33b9a43889beb249785614ecfc958673	SampleType	Sample	-0.4866002030525	0.252396573937402	18	3	0.0718068577709182	0.291143824877369
X5099c40d47ebb0b7f2daaaca988b498a	SampleType	Sample	-0.625570119289455	0.395623962556511	18	4	0.133390862218729	0.291143824877369
e9dc54fb43320564ed0d379c0a98268f	SampleType	Sample	-0.225337092439316	0.149064784228044	18	2	0.150115617763366	0.291143824877369
X39ac7726042a7e1f67f06aeb672f398e	SampleType	Sample	-1.38545321021127	0.507419324912342	18	5	0.014819152189125	0.291143824877369
X803e9dc8e8c4c4fd8c7e399c8eb89a5c	SampleType	Sample	-0.393417873937802	0.198460746059068	18	3	0.0648844176250623	0.291143824877369
X558be274779e44ca86a6196f2b26f8d4	SampleType	Sample	-0.60686852885291	0.340940138025953	18	3	0.0940751330169615	0.291143824877369
X415c4875476b36e099606999ab42850d	SampleType	Sample	-0.249733401184399	0.166466810952832	18	2	0.153036484243623	0.291143824877369
X92522ef3bd1526ee5c4bfdc6b8ea0885	SampleType	Sample	-0.37488726048631	0.189775157625338	18	3	0.0657295276421813	0.291143824877369
X9367ded43cc2e97c8c4d710d27e84cbd	SampleType	Sample	-0.36648559206511	0.184459116265456	18	3	0.0643440349087164	0.291143824877369
X65df4691a33a8f2bdc095277f5664baf	SampleType	Sample	-0.402282745328813	0.296102416757273	18	4	0.193122559036664	0.291143824877369
X08ff9308bc76cbd080dfb90a19b93c2f	SampleType	Sample	-0.750470707509763	0.462518467277818	18	4	0.124216336860809	0.291143824877369
X03b45faa4eba4c8d13eb4dc6e00fca4f	SampleType	Sample	-0.888100529721819	0.511897606596999	18	4	0.101973198331376	0.291143824877369
X0ef34bc568426d6ef249ada6fe7704bf	SampleType	Sample	-0.453157062635541	0.325294168948528	18	4	0.182653246543524	0.291143824877369
b81f1e416c474295bb09d075882ecbf6	SampleType	Sample	-1.39358374250582	0.513853286242276	18	7	0.0153880859299732	0.291143824877369
ca019dc1f7991a3f2a30faf861bee144	SampleType	Sample	-0.223788170590545	0.148026620668055	18	2	0.150080746800668	0.291143824877369
e822c314b2b45ed7a9023eee003e5be6	SampleType	Sample	-0.240153116873206	0.159414610696107	18	2	0.151434564072474	0.291143824877369
af27aca142e8ebadd69de19715c17618	SampleType	Sample	-0.503416821239896	0.28116381190557	18	3	0.0923157063719081	0.291143824877369
X5a1b978227851fbed2c3b5fa2dbc7367	SampleType	Sample	0.293287165534591	0.201179889306674	18	2	0.164234596616809	0.291143824877369
X7307b9ab3f984b0b40815db0440f782a	SampleType	Sample	-0.244356851488629	0.162477185398614	18	2	0.152077557173775	0.291143824877369
X3bf46a1fc6f2bccdf5caeb31bd310b09	SampleType	Sample	-0.602670156247	0.32966592597564	18	3	0.0862371310458196	0.291143824877369
X7a047bcee0100ae8d774044f6256397f	SampleType	Sample	-0.558618815988413	0.298424309177477	18	3	0.0796175277247672	0.291143824877369
X737d1645b9daf18d67dcb4a6f92ebff8	SampleType	Sample	-0.676175828281315	0.380801452993845	18	3	0.0948083410693155	0.291143824877369
X6a4521f49710ad474b5acf11c2d34e74	SampleType	Sample	-1.02210265862309	0.592731090187673	18	3	0.103898639138131	0.291143824877369
X2fc5b7eb18f2ea631157d7b37546343f	SampleType	Sample	-0.379729357120344	0.192058756119328	18	3	0.0655180452315085	0.291143824877369
cb1376d9bfc50f0364a892ead4c03f74	SampleType	Sample	-0.239284968226414	0.158788638574331	18	2	0.151314671583395	0.291143824877369
f2e1304f821698846169cf157a93ef91	SampleType	Sample	-0.252188825631746	0.168314512575	18	2	0.15351969960878	0.291143824877369
X5009914aba89878e37b7cc0292c250f5	SampleType	Sample	-0.739193498970346	0.335299407702427	18	4	0.0424676228569771	0.291143824877369
X773cfb211d1854902824423ee680544e	SampleType	Sample	-0.45880645071703	0.236095262831254	18	3	0.0697848490174957	0.291143824877369
be6136453487f4befa96af90b7f46423	SampleType	Sample	-0.479212451297242	0.248434398868898	18	3	0.071672533210473	0.291143824877369
X67920ac49daac161b49c125ac8a4d31b	SampleType	Sample	-0.261142518576617	0.175178660635828	18	2	0.155485139830573	0.291143824877369
X001f6186eaa80ee9af5c9f9b71ef1b2e	SampleType	Sample	-0.630713174206365	0.348299646121581	18	3	0.0889832009742767	0.291143824877369
X3878f8c59880ac6f53b72dddd53b1c7d	SampleType	Sample	-0.484371655826022	0.2633568589168	18	3	0.0845141666797174	0.291143824877369
e2b25f3dbe28d234b95e4b8cc76614b4	SampleType	Sample	0.528991196861059	0.30517250439314	18	3	0.102245987547003	0.291143824877369
e524589e39167a9007356d0d73cdcc8e	SampleType	Sample	-1.13935099670366	0.637975166386519	18	4	0.0930818385503268	0.291143824877369
X8cf84b42e1cf216611a2cee606fd72c9	SampleType	Sample	-0.478557454864969	0.258264824453313	18	3	0.0824217787696072	0.291143824877369
ad074c8950cb069a26082a20cce57ea6	SampleType	Sample	-0.265236287714184	0.178378794058129	18	2	0.156474339292203	0.291143824877369
X0d3a3d1cf7d4f42efdf5f41ab5a1c3b0	SampleType	Sample	-0.534182049329008	0.350208087811531	18	5	0.146699969612327	0.291143824877369
bc00be7d451bf601abfa40fe9e985ab7	SampleType	Sample	0.229700910043237	0.152036371772216	18	2	0.150328776608331	0.291143824877369
X5da53ce7e4c6e7c9814fe702d0d62b21	SampleType	Sample	-0.291909916400548	0.200029242788686	18	2	0.163826620296749	0.291143824877369
X2ad75df55f114f45759fd4f243267a88	SampleType	Sample	-0.511828894282245	0.268258658462628	18	3	0.074506048843198	0.291143824877369
X52f2a7b9f43c6931542b9615556e1c61	SampleType	Sample	-0.478773919065869	0.248397534483175	18	3	0.0718692672076309	0.291143824877369
X8d5ce85a960238f72a614ce129983ea1	SampleType	Sample	-0.460881269737391	0.243869091070207	18	3	0.0770323944396495	0.291143824877369
X53df45c73bbf0ffe0c2a3ad06b4bb410	SampleType	Sample	-0.665306529077177	0.362639363651993	18	3	0.0852243906432445	0.291143824877369
X8b605eb8d919f8346fa70bb1d1a819b9	SampleType	Sample	-0.379926846368877	0.191557702406112	18	3	0.0647620276778583	0.291143824877369
X37a6d5765911f66a2407e7921c7b86d3	SampleType	Sample	-0.409278665849289	0.208962060851951	18	3	0.067823711230559	0.291143824877369
dff3478158ef7fa3d5b2195be62b0e63	SampleType	Sample	-0.3439053364236	0.245096560752096	18	2	0.179682561993913	0.291143824877369
ee52d0804d8563780e36e1015b4f39fb	SampleType	Sample	-0.604943730638655	0.325743541748113	18	3	0.0818001534639397	0.291143824877369
X15a95b49ae81c29fb97bba2b8e335c44	SampleType	Sample	-0.466248720049004	0.240240369316902	18	3	0.0701164596625964	0.291143824877369
X446c8b3593b7d8f1f69440f11a90c5ba	SampleType	Sample	-0.512323421579867	0.28972502706815	18	3	0.0960681946794863	0.291143824877369
c4543e2c24e4a4ec6a8161275fe1c859	SampleType	Sample	-0.664862796124092	0.373365563776015	18	3	0.0939495165515545	0.291143824877369
X93e4171aa2d41e0f4789453a4802490c	SampleType	Sample	-0.568134173986287	0.333990168560261	18	3	0.108283295751859	0.291143824877369
X3ea7bcf9a0f3be9e4bd93abd930db697	SampleType	Sample	-0.435725673965979	0.22337316760889	18	3	0.0688372008187918	0.291143824877369
X6a2774a215ad5f42bfb6192f3780fcdc	SampleType	Sample	-1.06166972005866	0.464388237999809	18	4	0.0362161920578581	0.291143824877369
X8f60b4663eba42735add79c7655f8337	SampleType	Sample	-0.334805297767997	0.237004305339157	18	2	0.176913557966198	0.291143824877369
d64f53290e0057135d9600d8b913d263	SampleType	Sample	-0.945798476788465	0.543691074770512	18	3	0.101128779233165	0.291143824877369
X940097833eb7d2ef2747302c1da644d7	SampleType	Sample	-0.325129164270338	0.228482953782818	18	2	0.173944489398953	0.291143824877369
babeaeb29da3c50409a817849f490e12	SampleType	Sample	-0.292289834429194	0.200346366278813	18	2	0.163938980865283	0.291143824877369
b518819021a2fd50e0340fd777168d29	SampleType	Sample	-0.34182825894445	0.243243235578419	18	2	0.179053145164046	0.291143824877369
cddaa10e781d256996ce772b0ed7c3b5	SampleType	Sample	-0.545387110614814	0.297018911569402	18	3	0.0849797369025242	0.291143824877369
X0d1ce7641147561f724e596430f36679	SampleType	Sample	-0.730150348360535	0.473095789841988	18	3	0.142292932130709	0.291143824877369
a3866e170822e14cf2b645d0de02f75d	SampleType	Sample	-0.552202772778209	0.292588750760294	18	3	0.0773975338659772	0.291143824877369
edace155e4b31c185330bcc89327ce21	SampleType	Sample	0.546408854710403	0.297151419198666	18	3	0.0845755422577579	0.291143824877369
X2a23013dc8d92c3d6904ea9171324339	SampleType	Sample	-0.781026645064983	0.464122824326538	18	4	0.111821728278149	0.291143824877369
X169db9e1d85f6d602cbe49b3a496432f	SampleType	Sample	-0.31039650870187	0.215695719050285	18	2	0.169412980286729	0.291143824877369
a60d853c569f51557b1f6226036ffd45	SampleType	Sample	-0.74941056697587	0.416893080475669	18	3	0.0911358092761255	0.291143824877369
X8bc9736e7c084a3b27eb8096edf3f920	SampleType	Sample	0.709498751143088	0.465346561486524	18	6	0.146863577691813	0.291143824877369
X248c3a1ca3f247bdadcd82b0f259a9c7	SampleType	Sample	-0.452046381701744	0.233466543176584	18	3	0.0707077955765827	0.291143824877369
X53a4952d80cc40849fc8518c33ec4ef8	SampleType	Sample	-0.269471087203118	0.181726918246662	18	2	0.157547128213219	0.291143824877369
df73e4134abe87dcd04af2479af42663	SampleType	Sample	-0.278931786981145	0.18933508079853	18	2	0.16009263154213	0.291143824877369
fc60ba83cb320c33cadd43e9f7b14b05	SampleType	Sample	-0.276329009613162	0.18722512365673	18	2	0.159374402894114	0.291143824877369
X5cfc7bc30f495de6b5aa9b8f63f28f69	SampleType	Sample	-0.449552444974355	0.231046119935968	18	3	0.069472231751242	0.291143824877369
a73567ed1a880d59ccf09a81a7a49752	SampleType	Sample	-0.389573315807381	0.199015146990247	18	3	0.0679655257225334	0.291143824877369
X9ec2959562899da9d1dbad811abb745f	SampleType	Sample	-0.287371572445159	0.196258261777922	18	2	0.162496143160725	0.291143824877369
f3e4d3993e67d237461aeed380f89296	SampleType	Sample	-0.292985116048653	0.200927292799303	18	2	0.164144968641307	0.291143824877369
X97878b17a03213633ae3741c628aff95	SampleType	Sample	-0.309124022923685	0.214602967349891	18	2	0.169023050985006	0.291143824877369
X04441cc42dcf12d335933e0adbcc5adf	SampleType	Sample	-0.272279641849928	0.18396758051684	18	2	0.15828309596074	0.291143824877369
X88548b1fb8d178177404ab43e2ce2071	SampleType	Sample	-0.367571305682952	0.266446272480044	18	2	0.186707593372478	0.291143824877369
X1aac3e456c0d0699cd455c90d1b08a11	SampleType	Sample	-0.231005531199055	0.1529377338088	18	2	0.15042333876361	0.291143824877369
X66f1659824e42a80f1a7bf028bc73471	SampleType	Sample	-0.742326005442197	0.416557447098163	18	3	0.0937266338112599	0.291143824877369
X55ced324b5aa8ece7ad8d222a626b9b6	SampleType	Sample	-0.624169430978191	0.344992778399829	18	3	0.0892428635251116	0.291143824877369
X39a652b27feff7d85b9a5dc0a346db8c	SampleType	Sample	-0.239148101361758	0.15869015981551	18	2	0.151296193347088	0.291143824877369
X55fa8516c190e77141ebff54b1124f59	SampleType	Sample	-0.4764295645199	0.247520000732537	18	3	0.0722213271480122	0.291143824877369
f574baa899617c909669289611d5799a	SampleType	Sample	-0.461872484537855	0.240215088331485	18	3	0.072498248268918	0.291143824877369
cf8b9c4e4a26e538dff6026e35de2551	SampleType	Sample	-0.368362563337274	0.267166829924424	18	2	0.186937067474826	0.291143824877369
X731548af079be7d4b4629f06b2fd739b	SampleType	Sample	0.267152477728803	0.179889145593101	18	2	0.156953935557451	0.291143824877369
a879dcf68de63c91aafe962b2cd245b0	SampleType	Sample	-0.38165144095224	0.279325508897128	18	2	0.190731261213394	0.291143824877369
b167ec2aedd2543821df16643e04ea0a	SampleType	Sample	-0.42168531037854	0.217757305237999	18	3	0.0706742199871497	0.291143824877369
X73f3b85cd41f51833f265b76367258ef	SampleType	Sample	-0.401914497920431	0.209183744007002	18	3	0.0726862015760166	0.291143824877369
X4213a947b09d5e68fef199524f0e7d27	SampleType	Sample	-0.22729400101573	0.150388963762585	18	2	0.150190893763442	0.291143824877369
X15eca2e791831146ecf24ffdc39cf960	SampleType	Sample	-0.510816482641972	0.297050075122151	18	3	0.104780740570367	0.291143824877369
X00107bdafa378f95637473669a5b62cc	SampleType	Sample	-0.243968287189533	0.162191957675433	18	2	0.152013972476787	0.291143824877369
X7ac44c9714136cb55cd84efb374c3f4d	SampleType	Sample	-1.04604220139257	0.49752987506707	18	4	0.0516959635705481	0.291143824877369
f66369959553e15e8ca0d41447b63d95	SampleType	Sample	-0.571306843074426	0.347262441697846	18	3	0.119434031910995	0.291143824877369
X70d8eaea36e7c7f04d1a62621caab152	SampleType	Sample	-1.50382678296509	0.679780267410338	18	4	0.0418417139081786	0.291143824877369
fbf8d8e46473480f69ba8093cedb7a6a	SampleType	Sample	-0.40218688447533	0.204903643034827	18	3	0.0672967756207173	0.291143824877369
X806a1927c4a9f7a91dc256e4c3b5169c	SampleType	Sample	-0.595802214945984	0.339004320680441	18	3	0.0979450202056237	0.291143824877369
X8ebb5b76d88cadb1619680863b43ffa9	SampleType	Sample	-0.457266864365502	0.23597318388439	18	3	0.0705039394123511	0.291143824877369
b75da9549967d5ff4121ea2ac1d28a9d	SampleType	Sample	-0.576701552015328	0.307123015672777	18	3	0.078766516645029	0.291143824877369
X8bd7eae7b06e68da18ec96166ab803b6	SampleType	Sample	-0.370981786755158	0.26955485006402	18	2	0.187693899806474	0.291143824877369
X0e5bb3b72148d1f430252f78d3c1f88e	SampleType	Sample	-0.344203109032512	0.245362549683722	18	2	0.179772654982232	0.291143824877369
X34416d95107b253dc45c7b8bc08d30a7	SampleType	Sample	-0.300238836555576	0.207030016217766	18	2	0.166318008906784	0.291143824877369
e365e5e32c02ebba563c1cf0f447590c	SampleType	Sample	-0.566732927123798	0.344120008079192	18	3	0.119074160504278	0.291143824877369
X0a806cfaee2902dd1d62834cc24850e6	SampleType	Sample	-0.236086043255044	0.156502034439936	18	2	0.15091411940209	0.291143824877369
X846ed899f8d8ae5228d0aa0a4e294f47	SampleType	Sample	-0.707023289639242	0.404428158417776	18	3	0.099586600747682	0.291143824877369
X3cf7a40b71ff732e2433cb9cd5d40590	SampleType	Sample	-0.282345345201035	0.192120627300172	18	2	0.161052111491086	0.291143824877369
X95e86dd170b284b759d511d9e9f62a60	SampleType	Sample	-0.558222027234123	0.323718034616042	18	3	0.103896248275604	0.291143824877369
X669a8cbc4c3018bdd25d7ae1afd409d1	SampleType	Sample	1.21259000405743	0.430560748234358	18	5	0.0124164359640578	0.291143824877369
X9739fce1d5213e984950e8791cef0032	SampleType	Sample	0.261275820602068	0.175282278221576	18	2	0.155516540222133	0.291143824877369
ef7a61238b04312edb88f4450edfeb08	SampleType	Sample	0.354333464155518	0.254453562677647	18	2	0.182814048526592	0.291143824877369
X399a48c77bbc22ac1d5ed952720c9c1c	SampleType	Sample	-0.268242868640584	0.180752032337567	18	2	0.157231203974975	0.291143824877369
X2ace65c195895701fd6ba94f06392444	SampleType	Sample	-1.30678440160664	0.460275960097749	18	5	0.0118442870004496	0.291143824877369
X614f2705c77a6e16dd14640feef8cd81	SampleType	Sample	-0.470759568816618	0.243497874676889	18	3	0.0710912941593036	0.291143824877369
X4d7d7b1d7879fee95293b073777bc3d1	SampleType	Sample	-0.387163964951649	0.195605792970354	18	3	0.0652544491472396	0.291143824877369
X8829620954c9d9590217df758c1804a5	SampleType	Sample	-0.66000626319962	0.361830738971372	18	3	0.086873488381023	0.291143824877369
bf781ee8a697c00a02940a47861b1980	SampleType	Sample	0.351567518245966	0.251963525340304	18	2	0.181988471745998	0.291143824877369
X54d27bea8f7f00f1666fc2b9457e69c4	SampleType	Sample	-0.548168718863641	0.29112700714449	18	3	0.078023104374231	0.291143824877369
X09190385d902f343aaa2d03a744571d0	SampleType	Sample	-0.330218463116241	0.232953633544466	18	2	0.175508417471284	0.291143824877369
X4d7e9af66394ec3a9055e049445920e2	SampleType	Sample	-0.370213543357848	0.185995788717392	18	3	0.0639079960225071	0.291143824877369
ba76b9c5335fa39ecf430adf10d0a50f	SampleType	Sample	-1.02754988241134	0.491798109513969	18	4	0.0530045832458268	0.291143824877369
b6d9b59a9ce62ec670f20571aed310cf	SampleType	Sample	-0.258749945071107	0.173325778764443	18	2	0.154931489781673	0.291143824877369
X182c7ca343366b09cd131000dcf89f43	SampleType	Sample	-0.332305350563007	0.234794135680233	18	2	0.176148345079288	0.291143824877369
X7ad5f3730a270d49c441ba3af7eb38b8	SampleType	Sample	-0.494569421871983	0.26734822307476	18	3	0.0828841025849158	0.291143824877369
ed2abf50404c6a3f9ebded694af30347	SampleType	Sample	-1.65030473496462	0.586291858795484	18	5	0.0124546032029641	0.291143824877369
c73afb5ccb2bc2d61ab3447b19da7db2	SampleType	Sample	-0.939719638467406	0.538660099183363	18	3	0.100238144629891	0.291143824877369
ede78f92a87a243419cdcea1a0c83b40	SampleType	Sample	-0.416966803551394	0.212376595240371	18	3	0.0672306463865721	0.291143824877369
d4490020076143bc300dcd67351666a7	SampleType	Sample	-0.672571948943619	0.306621221384077	18	4	0.0433901110958519	0.291143824877369
fa904d51823ca3ba9269ee5e68e528b0	SampleType	Sample	-0.658090976119303	0.374514302993707	18	3	0.0980012929823869	0.291143824877369
X4f28f61286ea24b346d9aea3b75b3cff	SampleType	Sample	-0.960198156483579	0.55152069386107	18	3	0.100874449945387	0.291143824877369
X93e60a8cdcc008024d2ec50789130cf2	SampleType	Sample	-0.655934876403587	0.417967387985546	18	4	0.136130583240585	0.291143824877369
X29866e0e0eaabcaffef6e561fad33cb4	SampleType	Sample	-1.03855817286244	0.586903589969773	18	4	0.095853794621845	0.291143824877369
df99b0fbb759970324d0524fd0ed436c	SampleType	Sample	-0.62693211863694	0.377585095376397	18	3	0.116307029684058	0.291143824877369
f7ae45d0f7639699e7d42217626e1f71	SampleType	Sample	-0.300992418023597	0.207668266664818	18	2	0.166545900610282	0.291143824877369
c3c603a79f746a2efeb71d6495763702	SampleType	Sample	-0.380333798000983	0.278115310940236	18	2	0.190360240416987	0.291143824877369
X43e1958ba29bceff52ac242d5175118b	SampleType	Sample	-0.252920231749533	0.168867887618196	18	2	0.153668671085146	0.291143824877369
X23cfcd79f50cfe6f471d5fa0f8d60ba0	SampleType	Sample	-0.382563481248079	0.280163746138585	18	2	0.190987385139796	0.291143824877369
X4509801079fbac9b0ae30c95e5bc4377	SampleType	Sample	-0.8968919323058	0.384809955806825	18	4	0.0331746002706912	0.291143824877369
X9486da0dfc61a6cc41f58f2c399de20d	SampleType	Sample	-0.388700038160626	0.197024435201535	18	3	0.0660468404471244	0.291143824877369
X1b22b23385530919f2e79af78a010d44	SampleType	Sample	-0.233091997921399	0.15439124907979	18	2	0.150602033529505	0.291143824877369
feb6b4a6c8ebb2130eb8ad400aa6562c	SampleType	Sample	-0.259983023835919	0.174279070750522	18	2	0.155214444410602	0.291143824877369
f305eb3c38ffa5109238707d1b15e12c	SampleType	Sample	-0.278286914531584	0.188811164776848	18	2	0.159913546981065	0.291143824877369
X0e2e91fba1ca9ed7de2d11ea4786c914	SampleType	Sample	1.12752917861902	0.501749401047117	18	4	0.0390869771881748	0.291143824877369
ac911931f08c07abb80e291835132f2b	SampleType	Sample	-0.743973847825427	0.30951953734384	18	4	0.0287104483317312	0.291143824877369
X6a342139192d933f73213a03d674b77d	SampleType	Sample	-0.350252862812774	0.250782036803134	18	2	0.181594746973594	0.291143824877369
X3bc48c61a22e1f3c231e755fcff1170f	SampleType	Sample	-0.523590989915584	0.286455357017089	18	3	0.086283564047118	0.291143824877369
X0ace0e4f1d9433a533329594a3f4aad7	SampleType	Sample	-1.42548516460287	0.551842637496811	18	5	0.0200142069869385	0.291143824877369
d365ee2c93879be8668867daf03553ba	SampleType	Sample	-0.553145773531278	0.293535988364651	18	3	0.0778079847612809	0.291143824877369
X722f7c80e20ccf058373a2520df6efc5	SampleType	Sample	-1.06106228463996	0.631518596250528	18	3	0.112339002234086	0.291143824877369
X7b2c785f61d8bceedaa751d34049f13a	SampleType	Sample	-0.255495760273581	0.170827167708062	18	2	0.15421060389186	0.291143824877369
X4195a5f103d4730b4fad2f90a621f708	SampleType	Sample	-0.562929454019256	0.299304376155942	18	3	0.0783284608690144	0.291143824877369
afb7f700e3cb11fff3c4a6e7e8e83e3d	SampleType	Sample	-0.376868011019517	0.189394818498935	18	3	0.0639783078102713	0.291143824877369
X1d3e0c46af7ba7d8e28d623f81876232	SampleType	Sample	-0.395211688006792	0.19941758564452	18	3	0.0649471616933983	0.291143824877369
X116dd27e4948a4fc08d6e34f67556f60	SampleType	Sample	-0.225606154950947	0.14924602571523	18	2	0.150123935202404	0.291143824877369
f83d275c47fc87443711c02b48c3a9d6	SampleType	Sample	0.245020628932186	0.162965423164103	18	2	0.152188043140173	0.291143824877369
X29fd1c151441bf5f1c340be57949ad68	SampleType	Sample	-0.233760633017016	0.154860108071894	18	2	0.150666184834146	0.291143824877369
X944a4af5f4ff292aa920438b3eb9037e	SampleType	Sample	-0.309352684902091	0.214799185772168	18	2	0.169093085361953	0.291143824877369
X783fa9f5d6f1e341f3fd077f95fae21c	SampleType	Sample	-0.244640579006541	0.16268572747109	18	2	0.15212449762956	0.291143824877369
X79ee2fe49b49eb577ecba4f586c0f124	SampleType	Sample	-0.247987551820816	0.165162694579179	18	2	0.152709556328165	0.291143824877369
X5aaaaa5a63365189cd48ff82ace504ec	SampleType	Sample	-0.465895364370324	0.240017068300881	18	3	0.0700730495899968	0.291143824877369
X4d728d3c71fc9f2f4d90cdd34c4bb2f5	SampleType	Sample	-0.31501360774662	0.219676919376307	18	2	0.170830999291354	0.291143824877369
X3fd465dda2ae1676fef3e34adb2988b4	SampleType	Sample	-0.635728021060506	0.262780385379013	18	4	0.027831872995495	0.291143824877369
deba5439e57e39537119b1a829e38d65	SampleType	Sample	-0.423906779014656	0.216382578729046	18	3	0.0677687652777609	0.291143824877369
X4bf3ec6e3d9ef2b88953748b7371058d	SampleType	Sample	-0.506155907432877	0.268316771054849	18	3	0.0775240305694717	0.291143824877369
cc0158cce141aa47600c7ed8ec4dd0e6	SampleType	Sample	-0.556346308731517	0.303175402089663	18	3	0.0851560372479149	0.291143824877369
X02b4cbe5c2955ab2f66dc82cdf6dad64	SampleType	Sample	0.611474702397804	0.329393119540272	18	3	0.0819121816376754	0.291143824877369
a3e1b05a7e9ffc9e7740e17b54a4338c	SampleType	Sample	-0.223788170590544	0.148026620668055	18	2	0.15008074680067	0.291143824877369
fdfe2bd7c49fac59c489310318a16b6d	SampleType	Sample	-0.292770131196509	0.200747589523441	18	2	0.164081227279192	0.291143824877369
X96d1abfda5cc14d7c0dac38335464454	SampleType	Sample	-0.230771289007153	0.152775467127455	18	2	0.150405366222187	0.291143824877369
d26991f12260a4ae7d8556830ad75f5d	SampleType	Sample	-1.03468987161163	0.587709307116992	18	4	0.0974135190147083	0.291143824877369
X69b34eb3d973912e7c2418d22f34e7ed	SampleType	Sample	-0.850631409009278	0.529817983817546	18	4	0.127933752592403	0.291143824877369
X0b0fdb5262a0f096a9447105cf77fe08	SampleType	Sample	0.236594161300816	0.156863107881396	18	2	0.150973263345599	0.291143824877369
X4af94efca4849f646d835e1425484230	SampleType	Sample	-0.395486721508748	0.204416845350516	18	3	0.0709087254245662	0.291143824877369
X2ca0ad9d8f59b9f317a89a5b6566f385	SampleType	Sample	-0.309124022923685	0.214602967349891	18	2	0.169023050985006	0.291143824877369
X992a601a93e16aecc5855bbefbc58aeb	SampleType	Sample	-0.523007870142011	0.276770441659986	18	3	0.0770593929105128	0.291143824877369
f0e85c95cefbfaa2a46700a2a1a7a48e	SampleType	Sample	-0.944222342596342	0.564552274797045	18	3	0.113859919545349	0.291143824877369
b7b32d0e3941d3fd8a597b425b27a06a	SampleType	Sample	-0.516154962433841	0.272491585994671	18	3	0.0764205375859701	0.291143824877369
a40b33d7762dc4f3bf38b92db3a6c896	SampleType	Sample	-0.525529946655695	0.291595589141128	18	3	0.090374234994083	0.291143824877369
X0c4dbb2d5d0069b66f59c8ba2ec2fa10	SampleType	Sample	-0.488040895695166	0.264800370509737	18	3	0.0839265999471062	0.291143824877369
fb4905f23582bc2c72b3fa79243d3a08	SampleType	Sample	-0.442277823163809	0.227791018287856	18	3	0.0700077275743633	0.291143824877369
b54f2bc11a015936658c0a48a3272701	SampleType	Sample	0.274240061253977	0.185540760106424	18	2	0.158807228784667	0.291143824877369
X62f66d4c2a7fa871b17c06f5385d4984	SampleType	Sample	-0.259603390874469	0.173985202280777	18	2	0.155126780883198	0.291143824877369
X525cdd14d4d82b10b2cc3724c9fafb52	SampleType	Sample	-0.578013788254036	0.308055961673187	18	3	0.0789730140432917	0.291143824877369
bb4aaa7fd0f22205885a3c83c2ba5c00	SampleType	Sample	-1.05616105606071	0.481556317053958	18	4	0.0434128202074285	0.291143824877369
d7eaaf84c79dc24b5216ff41e8ee0d91	SampleType	Sample	-0.656185019505741	0.361145319513349	18	3	0.088002326606945	0.291143824877369
X2147dd801daab8c813401a6b37f200b5	SampleType	Sample	-0.502155954714494	0.271327464982415	18	3	0.0827586054443921	0.291143824877369
X434cfb425f8592caa0e85ab49fbbb8f9	SampleType	Sample	-0.338350068016327	0.240147932117577	18	2	0.177995538568309	0.291143824877369
c04a89f1f625d5c80c6b5f07ee0b74fc	SampleType	Sample	-0.320796810679332	0.22469795025762	18	2	0.172610974823024	0.291143824877369
e8359a520179e4103ea9943f234af2a2	SampleType	Sample	-0.642263188530977	0.348479359199389	18	3	0.083927674313724	0.291143824877369
X02fa2a20c28f380c1a01d705836885b2	SampleType	Sample	0.602224387780406	0.386651835497834	18	4	0.138900848887371	0.291143824877369
X84c2f9084a75be51cdee8d3bbc091469	SampleType	Sample	-0.384972266243727	0.282379809819464	18	2	0.191661107779736	0.291143824877369
d55e2ebd983f8f0276403c4f1f411559	SampleType	Sample	-0.458699203924054	0.2369286808895	18	3	0.0707358797610321	0.291143824877369
fb0c25d1ea91b6e99eeb56782a68a227	SampleType	Sample	-0.689174802616689	0.28382373585662	18	4	0.0273396481707083	0.291143824877369
c373c5d546b43f70add75dbe71e366a8	SampleType	Sample	-0.340630083443365	0.242175784634984	18	2	0.17868930898829	0.291143824877369
X457b25a2fd14f01a5972b278c32e1100	SampleType	Sample	-0.537241739669533	0.315067252645809	18	3	0.107499003744533	0.291143824877369
X99655fec47061b3627f40f668afbfc33	SampleType	Sample	-0.799033625871366	0.447873067743898	18	3	0.0933878074105038	0.291143824877369
df0ae769f5f074d0c450dbb192624e3c	SampleType	Sample	-0.367810074339929	0.184867548449098	18	3	0.0640103158749348	0.291143824877369
X837e8e51416dc80a6f7e850ace0f948f	SampleType	Sample	-0.614638518177603	0.335189922316585	18	3	0.0853672285615301	0.291143824877369
X5f5aaf3512dcae5245f4a3d1d8a24f22	SampleType	Sample	-0.744732138227021	0.418638559785666	18	3	0.0942524127620536	0.291143824877369
X3198f757fad3912415303c61b893f80a	SampleType	Sample	-0.42714051454306	0.226071203596341	18	3	0.0770982508990344	0.291143824877369
e033007e425487e6d2aa6205551166cd	SampleType	Sample	-0.763142902464473	0.440725871814288	18	3	0.102584432993559	0.291143824877369
X1dd44e4f6127d52677b22824bb758a2c	SampleType	Sample	-0.378969719519631	0.276863497432683	18	2	0.189974915054836	0.291143824877369
X1707c02f31d8bb443e9dd9ec0ff11394	SampleType	Sample	-1.38766696929389	0.670733361044937	18	5	0.0551129832349621	0.291143824877369
X8546b756599bb946d25400cdb45d9cbe	SampleType	Sample	-0.380731467604901	0.278480450482856	18	2	0.190472339213167	0.291143824877369
X9c995f9551497d05f889ceda055b5d39	SampleType	Sample	-0.309222113684315	0.214687132702671	18	2	0.169053092187455	0.291143824877369
X3db29127be446afa434e84f35fc1bb93	SampleType	Sample	-0.271452370136965	0.183305958704326	18	2	0.158064427232067	0.291143824877369
X2985b6f6842b1ad23bd5d7ca5f030fda	SampleType	Sample	-0.299035509447182	0.206012466434237	18	2	0.16595484497973	0.291143824877369
a4d172ba104364ca4e57246a1d57b1af	SampleType	Sample	-0.279759899959407	0.190008958770957	18	2	0.160323651272301	0.291143824877369
c19008be5dfd7d2517a34e090cff198f	SampleType	Sample	-0.444361286974603	0.230347570712823	18	3	0.0716511680850407	0.291143824877369
d359989497c52ebca3a029d3b517cba6	SampleType	Sample	-0.419848507185748	0.215005159945103	18	3	0.0685719229673946	0.291143824877369
c487a0c462a5aa397c387f97d645233f	SampleType	Sample	-0.483216921047608	0.253398500945443	18	3	0.0746468894060676	0.291143824877369
X96bf62f6ebd5657b75cee8cd21455532	SampleType	Sample	-0.446258344014485	0.232837738181024	18	3	0.0733263658393882	0.291143824877369
b7a81edcc1449f8e2dd4c4096dd30262	SampleType	Sample	-0.493976580534043	0.258203354182546	18	3	0.0737990949886375	0.291143824877369
X50efd337880b0539ba0878a6c9bc2566	SampleType	Sample	-0.37535002591475	0.188660736916484	18	3	0.0640147211567382	0.291143824877369
X61211934dee27759d63ed67a87e7a324	SampleType	Sample	0.223827401820379	0.148052805202552	18	2	0.150081351928854	0.291143824877369
a877ed23504d944de78923ec54321c6e	SampleType	Sample	0.307284254191489	0.213026587786421	18	2	0.168460184799065	0.291143824877369
X0dc87ce0c2fa6b903851dc449179492e	SampleType	Sample	0.316976512535993	0.221376961636167	18	2	0.17143489027013	0.291143824877369
d7be64d52a0d6318b4e1a04b52667670	SampleType	Sample	-0.389690641316962	0.286729686950202	18	2	0.192969220598148	0.291143824877369
a448fba42706695ea808d59fd73e5449	SampleType	Sample	-0.535198049013184	0.296226136765159	18	3	0.0896478597526658	0.291143824877369
ef96591a931506339e541609615e8dad	SampleType	Sample	-0.2726978208582	0.184302534068412	18	2	0.158394208137681	0.291143824877369
c4b7bb1f69f8eb950ed2c113e64fe8be	SampleType	Sample	-0.301058548973893	0.207724313561435	18	2	0.166565915598485	0.291143824877369
f1a13ae91e7d51ae19a37aec2f9708b3	SampleType	Sample	-0.259742514489994	0.174092857374631	18	2	0.155158850708973	0.291143824877369
e0dd5048bc3df8ffe85d99edfb7ea753	SampleType	Sample	-0.555569948749508	0.314099623512398	18	3	0.0959888615751724	0.291143824877369
f6b1326f7f2b138abdb386bf8f7b4d31	SampleType	Sample	-0.302983741134407	0.20935851997465	18	2	0.167149668993472	0.291143824877369
defb63373d46ff18611b9f9a9a849713	SampleType	Sample	-0.998053993430328	0.431292164640698	18	4	0.0342809119762552	0.291143824877369
X54e9dd349d5e614b9f51a8ccdb01fa0b	SampleType	Sample	-0.505098556079449	0.263803320655084	18	3	0.0735881961573299	0.291143824877369
X6b7aa4e6d836a16b0902d910bdadb115	SampleType	Sample	-0.5113740487699	0.361068197333218	18	4	0.175867250445212	0.291143824877369
de87cffa3188e308442d0d392048b2dc	SampleType	Sample	-0.470258886380122	0.315817328448916	18	4	0.155927559898613	0.291143824877369
bfed5f5c453332ce1a4eba7cf3049085	SampleType	Sample	-0.730629954478641	0.472727943126709	18	5	0.141758812447738	0.291143824877369
fb95e8cada6918eadd23c50f86c913dc	SampleType	Sample	-0.306754777112783	0.212573697293655	18	2	0.168298415133432	0.291143824877369
f19fda84a12829f2d6033c22da243230	SampleType	Sample	-0.288488379660065	0.197183234737773	18	2	0.162821418526137	0.291143824877369
X9e82ed15ea0def7fc2797fddca438b12	SampleType	Sample	-0.237987907720943	0.157857673455977	18	2	0.151144283652057	0.291143824877369
d77665673e6552f62ccfa755f56182d4	SampleType	Sample	-0.257143367379793	0.17208906798588	18	2	0.154570764850399	0.291143824877369
eed65d167bba425cd11283f5b040c829	SampleType	Sample	-0.276090320657597	0.187032250625907	18	2	0.159309163690392	0.291143824877369
b4e5eca4e0c476b01edef62a00b79142	SampleType	Sample	-0.407017705250199	0.209311077212963	18	3	0.0696231429952601	0.291143824877369
X8368e2e2376d0c8349f8a5fb8cc53027	SampleType	Sample	-0.458049306624421	0.250020495256723	18	3	0.0856245342457686	0.291143824877369
ec42cbd6c0cb6645a75a2541a8770625	SampleType	Sample	-0.689612002712031	0.404679002523724	18	3	0.107702278890064	0.291143824877369
X0916f5b19b8fbe0155f9aed997162876	SampleType	Sample	-0.496783375078356	0.265949044460971	18	3	0.0801928499120475	0.291143824877369
X589ff3c69b59b32cfc733ea6c991cc22	SampleType	Sample	-0.494669773432578	0.33315494592841	18	5	0.157030248206002	0.291143824877369
f64e1297e2197c892adb376e604240e7	SampleType	Sample	-1.00116408512099	0.433146983965931	18	4	0.0344656470619994	0.291143824877369
abdd8c06a8d221f21694ec725428e786	SampleType	Sample	-0.347045554270563	0.247905235824292	18	2	0.180630780188651	0.291143824877369
X2a19ae6da484242fb42d9a13623ba92a	SampleType	Sample	-1.2291189177143	0.553056923942711	18	4	0.0410214157275719	0.291143824877369
X48237abf285f1f2b6ebdec21bf65ce6d	SampleType	Sample	-0.578022411116327	0.328867475569564	18	3	0.0979259676337938	0.291143824877369
b11621b9d98dd12455e80ecc32eddb0d	SampleType	Sample	-0.288753319473055	0.197402956959163	18	2	0.162898797708024	0.291143824877369
f922aec508a8f715b05f20390e515307	SampleType	Sample	-0.224653236451036	0.148605334066255	18	2	0.150097465161834	0.291143824877369
X138050713628354de306c729cfdfbee7	SampleType	Sample	-0.561893031557576	0.301393520088682	18	3	0.0807301427638114	0.291143824877369
ec4227cdc4f6f8074927b6cd01885583	SampleType	Sample	-0.452821737842487	0.23350306914661	18	3	0.0703127733914619	0.291143824877369
X8cd1e6158e89e84b6b887442e9eafe31	SampleType	Sample	0.328873284354794	0.231769484297199	18	2	0.175095454077134	0.291143824877369
X5592857b2777fbc352c7ded330728ecb	SampleType	Sample	0.372972526906234	0.271372717637643	18	2	0.18826623655895	0.291143824877369
X25e91c4fa81d23b44fe641973f105730	SampleType	Sample	-0.234862633997749	0.155636037365067	18	2	0.1507789516093	0.291143824877369
e1d47aae23d42d605c2f007e9c69f9b6	SampleType	Sample	-0.585651965761246	0.316255919047748	18	3	0.0825938834959746	0.291143824877369
X672e3db2f05f5d8e8693852d2f6c1381	SampleType	Sample	-0.665737398949329	0.362980870789021	18	3	0.0853079878167388	0.291143824877369
X8b64c326db31510c10baa3be3dc866fa	SampleType	Sample	0.696340553650896	0.30487458114382	18	4	0.0363689716875715	0.291143824877369
X9f13fbe002a0ec4ae61a461e52594174	SampleType	Sample	0.352125332171995	0.252465233828376	18	2	0.18215527604076	0.291143824877369
X6c2538699fee0bf59e16eb15ce765a8e	SampleType	Sample	-0.507492948543267	0.266050129887464	18	3	0.0745692152017063	0.291143824877369
X3481fa43fe5fba6aecdc7f9aae6ed9c0	SampleType	Sample	-0.693220636981554	0.296289097928974	18	4	0.0325942760898182	0.291143824877369
X576184fc8bbe8f1cf921ca45e4b7efba	SampleType	Sample	-0.509517339740719	0.275354911417022	18	3	0.082809279213464	0.291143824877369
X33341267c06c134295af03f8949cec80	SampleType	Sample	-0.486106213604589	0.25554834153631	18	3	0.075301941568022	0.291143824877369
X62193a9ecc18582b5563bbe2dbce6f97	SampleType	Sample	-0.412828735196759	0.210613026570097	18	3	0.0676340223927395	0.291143824877369
X08b389203146a3001913fdf842e1cf0e	SampleType	Sample	-0.373596333492601	0.187706180390758	18	3	0.0639218108535749	0.291143824877369
X31307f6be9768741321ca4c7a22368b5	SampleType	Sample	-0.3892150830002	0.20047542609052	18	3	0.0700252028360537	0.291143824877369
X97398816b6aa62260046a740ff195076	SampleType	Sample	-1.51851401258512	0.572516563136659	18	7	0.0173856589813951	0.291143824877369
X5559cc8d1d8efe55e43397b2498feb60	SampleType	Sample	-0.371480284521791	0.187111383943773	18	3	0.064521331367374	0.291143824877369
X321b3c593e32f6eb20b72664643ff88a	SampleType	Sample	-0.924959792927761	0.528865683377833	18	3	0.0994541672217038	0.291143824877369
X02cc5d245c55e8c6b147bee1bba30607	SampleType	Sample	-0.766534554354859	0.428365210958893	18	3	0.0924877620379969	0.291143824877369
X1443ee57cf3284538aada5e1f5458c45	SampleType	Sample	-0.360899094357962	0.18093928202713	18	3	0.0634129965165425	0.291143824877369
X9b31d638533142ce250195732d8a2ae3	SampleType	Sample	-1.44312253037383	0.525377599525875	18	5	0.0143271429034724	0.291143824877369
X5497b5940bce8dbabfe8ad3b8356b5f3	SampleType	Sample	-0.227132335953317	0.150279046526981	18	2	0.150183393988562	0.291143824877369
X32f389ee12f81c27f3756cd2aef08118	SampleType	Sample	-0.522110836749159	0.275208820434379	18	3	0.0760080317899849	0.291143824877369
a887daf3a6e6a6e96f17327178633ded	SampleType	Sample	-0.403502199807882	0.207658694968847	18	3	0.0698118118926902	0.291143824877369
X9f1cf3721f2d2510e43e03394bcbdd66	SampleType	Sample	-0.383331743530611	0.195986259152092	18	3	0.0681677389151933	0.291143824877369
X245d48f16cba67b1e3da244ab46dc27c	SampleType	Sample	-0.638007361403814	0.347065858752467	18	3	0.0846577866539148	0.291143824877369
b869ac69078a3e32c442659656d0539e	SampleType	Sample	-0.390987021825772	0.287926854526494	18	2	0.193325910764151	0.291143824877369
X4b256fc7513fbfc357b1aeca6c5caa1f	SampleType	Sample	-1.1523218402826	0.672432170818695	18	4	0.105894936533132	0.291143824877369
a908da189153fee3dbe4b70ba60b49f8	SampleType	Sample	-1.45804371470296	0.660551061184647	18	4	0.0422426411202074	0.291143824877369
X7671f9829802bd83445a5df07840a993	SampleType	Sample	-0.521849925501839	0.273631103354922	18	3	0.0746214419483892	0.291143824877369
X36c64329fb6e1d83b54660ecff86f4eb	SampleType	Sample	-0.817683058650868	0.460976287529089	18	3	0.0951251610591354	0.291143824877369
X23328416454a025d70d898884b561dc8	SampleType	Sample	-0.243063804174409	0.161529686540617	18	2	0.151869145816315	0.291143824877369
X1d2f2e1384ab079f7269cc7d54dd9b70	SampleType	Sample	-0.912763455997856	0.522577663052908	18	3	0.0998622713577521	0.291143824877369
X33eda262d8e08e6b1cb4f02a7bcef2f8	SampleType	Sample	-0.601487129113719	0.322393502260641	18	3	0.0805271458916799	0.291143824877369
X08afa54e71bd6e5eefa3a55d1464385b	SampleType	Sample	-0.51422906932572	0.268827562210918	18	3	0.0738361345568624	0.291143824877369
d211458c9e38e9ba64beec04cd587c67	SampleType	Sample	-0.441392175079314	0.225604426831552	18	3	0.0680946448756151	0.291143824877369
d594a46bb3fc96b64fe8620c2a28c271	SampleType	Sample	-0.780256656232819	0.444161180170418	18	3	0.0980868814885078	0.291143824877369
cf107c134744ae07339152ff864e2bb9	SampleType	Sample	-0.523693399835369	0.2883598289901	18	3	0.0881371443924727	0.291143824877369
X68262884f1021c896f8e1bf7348d773c	SampleType	Sample	1.26580077325163	0.583525365341395	18	4	0.0454747910125178	0.291143824877369
d201cbacd1c567ff782a4fefb0caf09b	SampleType	Sample	0.25139002818385	0.167711708005413	18	2	0.153359597966424	0.291143824877369
af6efbbc4a151479cf34453f1ddf44fd	SampleType	Sample	-0.330218463116241	0.232953633544466	18	2	0.175508417471284	0.291143824877369
b2a3de8c0af5d09f31f320464ff7db75	SampleType	Sample	-0.289868840575595	0.198329302853911	18	2	0.163225467892573	0.291143824877369
a8084d833b4df8a039613a0304950ed8	SampleType	Sample	-0.543842441802637	0.219326994523055	18	4	0.024665191408644	0.291143824877369
ea9e0a84d7137e5ff94e1ed6de3a6f83	SampleType	Sample	-0.552947945141259	0.292371758980297	18	3	0.076837373956441	0.291143824877369
X25eb05539a4b779f0e24cca5f0b4fdfe	SampleType	Sample	-0.620119294231102	0.335012528970274	18	3	0.0827139875052384	0.291143824877369
d0dfab74e1c5ac3cc0f3db2ed1eb136e	SampleType	Sample	-0.510960099244984	0.270134043328518	18	3	0.076801153972929	0.291143824877369
X2e204219a64ef699ffe97c9c1de77c18	SampleType	Sample	-0.428903391225517	0.22033058290241	18	3	0.069354808406384	0.291143824877369
X85dcd89e44d313ce9aa9f8f93bd8323a	SampleType	Sample	-0.728334094057675	0.463184916523245	18	3	0.135410356032182	0.291143824877369
e9d73de1ae0d86cb7ad0ffb67d429ead	SampleType	Sample	0.720820185729081	0.397923607483947	18	3	0.0888836091018555	0.291143824877369
X0af6877ca68d514628b663274d009281	SampleType	Sample	0.277463937772724	0.188143642196442	18	2	0.159686071109398	0.291143824877369
X2c31849e1e781d2fc1712b57a6a92885	SampleType	Sample	0.592970996955955	0.352339826151477	18	3	0.111792178243755	0.291143824877369
X742bb8f9e89f83f93b3e9879e349b8fb	SampleType	Sample	-0.298756466430473	0.205776790246572	18	2	0.165870765256104	0.291143824877369
ed796c2d7980f60f0d56d04fb6083cc3	SampleType	Sample	-0.329002599538553	0.231883243026016	18	2	0.175135167827361	0.291143824877369
X17e839fc0709509cec374aab6e4f5f7a	SampleType	Sample	-0.385658267131932	0.283011501536597	18	2	0.191852250509589	0.291143824877369
X5b571cad760d367777e9c2236dc3535e	SampleType	Sample	-0.412446168177062	0.209695313515312	18	3	0.0667872297205126	0.291143824877369
X0db008e8fcc2222830470e1805050a26	SampleType	Sample	-0.259572903035133	0.173961616482143	18	2	0.155119761744973	0.291143824877369
b31c6262f18417755f3f51e310f00561	SampleType	Sample	-0.441968713469085	0.232420665712159	18	3	0.0753879150570846	0.291143824877369
eda877642d6c9913f2ad38a45b6c4051	SampleType	Sample	-0.553946023540334	0.296355847125539	18	3	0.0800127343542763	0.291143824877369
b977792c87f2d7fb9ee44ae25371d7fd	SampleType	Sample	-0.388300535209082	0.19634133267386	18	3	0.065453251657756	0.291143824877369
X37b902e8c6ab9854b7caed60d3c8e1c6	SampleType	Sample	-0.526609581259433	0.297874336752365	18	3	0.0961401253461263	0.291143824877369
b67aac699defef5a78c2d1bcdd28f4cb	SampleType	Sample	-0.53887317331389	0.285038050424275	18	3	0.0769390603780133	0.291143824877369
a93e8a48ea1d681bae7a3935c733e1ad	SampleType	Sample	0.390019469909133	0.197544775218577	18	3	0.0658640880370144	0.291143824877369
X1002f9b1c4ef64a57d581ecfd1879c7a	SampleType	Sample	-1.23788755791192	0.556556406553703	18	5	0.040879491073315	0.291143824877369
ed0353e296a05c601d545958eb699a9b	SampleType	Sample	-0.355467962599739	0.255476534270081	18	2	0.183151541217028	0.291143824877369
ec18c0e464a893ce41f36a72f3d7fcf3	SampleType	Sample	-0.317819509177919	0.222108398979845	18	2	0.171694350834094	0.291143824877369
X2c21ea3d32d17453f602080ac726244f	SampleType	Sample	-0.839664684928593	0.394909227060292	18	4	0.0493982301948369	0.291143824877369
X33d10c9b64f09e7346b4c0ec9b744e02	SampleType	Sample	-0.541211665847093	0.286920642828566	18	3	0.0775433047979642	0.291143824877369
X355fcddfce47784a7bab5746aa5498c0	SampleType	Sample	-0.258843693604678	0.173398131753257	18	2	0.154952819767911	0.291143824877369
b815dc79b765f810bcd076dfc5a67856	SampleType	Sample	-0.443089755349427	0.226612850149942	18	3	0.0682489707547462	0.291143824877369
c3a470a48fd01109086bc1126bfac7c8	SampleType	Sample	-0.877273132806574	0.456789323147715	18	5	0.0727974586342595	0.291143824877369
X13b4c88a5af085fafcf447e5ec883588	SampleType	Sample	-0.234039676033722	0.155056211508331	18	2	0.150693918206216	0.291143824877369
fb706aac74597b6451e954ba734adca5	SampleType	Sample	-0.30380133401439	0.210054028342955	18	2	0.167398171031529	0.291143824877369
X1122dbf91d72f629b542509e33966c19	SampleType	Sample	-0.321515879521837	0.225324807071966	18	2	0.172832367249891	0.291143824877369
e5727c7aa854861883fd0ad05083a800	SampleType	Sample	-0.242970175330322	0.161461264844682	18	2	0.151854411648569	0.291143824877369
X651f508fd76f109c29a60347c80eb3c9	SampleType	Sample	-0.677540560025798	0.448590829542875	18	3	0.150443417886825	0.291143824877369
X20034b9d93b0e7c4dc7a73a57ffca910	SampleType	Sample	-0.83439994192031	0.470273535112908	18	3	0.0950433524461695	0.291143824877369
X04e858b9f15b33553025e0b1d7085a51	SampleType	Sample	-0.281694400422941	0.1915878725329	18	2	0.160867715413985	0.291143824877369
X8a237237cc0a223df5b2b7cb3c47ffc2	SampleType	Sample	-0.375817806230087	0.190358920604271	18	3	0.0658733904909124	0.291143824877369
X6b00ebe23988d37fa2efcd223206002a	SampleType	Sample	-0.662873898469875	0.361679289574742	18	3	0.0855125171732036	0.291143824877369
X5de1176a1c94e7f43c4ae5e88cdd31f3	SampleType	Sample	-0.455269105212487	0.242870011447736	18	3	0.0792325792039125	0.291143824877369
X2911974d0ec1c1d9ebb09e1c0e11ae3e	SampleType	Sample	-0.702535639109978	0.314166540043636	18	4	0.0399353275983263	0.291143824877369
fe2c0b8a637ba6106d42080134797e2e	SampleType	Sample	-1.08648658358394	0.634036211743351	18	3	0.105906040825125	0.291143824877369
X9cc087209118b38cdd72d920b37a95f3	SampleType	Sample	-0.716421576978812	0.39899836872662	18	3	0.0914749102970349	0.291143824877369
X7d66304c150679fbdd0a97b977cf30d3	SampleType	Sample	-0.539297195387311	0.284547459666715	18	3	0.0762694074874994	0.291143824877369
abfe2f9e7e3d50021769a6e589982566	SampleType	Sample	-0.538667854234787	0.285557393671199	18	3	0.0775295031349863	0.291143824877369
X69fef8a1ec20a332aecaa8890d2be8ba	SampleType	Sample	-0.515826248145143	0.269756808649922	18	3	0.0739273894902335	0.291143824877369
X4dcfcef5d44c3b42fcdffbc44924736c	SampleType	Sample	0.376277787283346	0.274396253909914	18	2	0.189210864355933	0.291143824877369
c27b109febf5563f32ce6bce8dca2bd0	SampleType	Sample	-0.809599334411377	0.454346744751748	18	3	0.0937522642396502	0.291143824877369
X233f1c8ce67394cc1bc95fceeb329a01	SampleType	Sample	-0.874057926637868	0.393437533299283	18	4	0.0410866479564107	0.291143824877369
d89e2de3db04b5d06327e5ab2ac9d20c	SampleType	Sample	-0.435405681657481	0.222323347467302	18	3	0.0678480257363868	0.291143824877369
d5dbe91e4926185a51b91cb754bd443f	SampleType	Sample	-0.432937787192331	0.221801148084755	18	3	0.0686764600499201	0.291143824877369
e11f7be9902d5428634e0ba56c8e13ea	SampleType	Sample	-0.52808697747832	0.278096515351347	18	3	0.0757577947302387	0.291143824877369
X694cd3ef9284145231e38a430e67b3c1	SampleType	Sample	-0.731252909011622	0.303853571463709	18	4	0.0285419775869534	0.291143824877369
e8a6a3c924f7fac27f6c7f5ec9dd6cbe	SampleType	Sample	-0.297195724733812	0.204460620644615	18	2	0.165401490312079	0.291143824877369
X066a7bc052480342812f6868aa68b9db	SampleType	Sample	-0.396816078973879	0.2020949765295	18	3	0.067208584458956	0.291143824877369
X0ca75d95055116f27b2d5c7da3df3e8c	SampleType	Sample	0.226526559799149	0.149868009002682	18	2	0.150157321316409	0.291143824877369
f01725ca29548cf9a088d79d5d1e988a	SampleType	Sample	-0.344203109032513	0.245362549683722	18	2	0.17977265498223	0.291143824877369
X6228d4a227f9be888bdd0fb45c0a6130	SampleType	Sample	-0.44872796879003	0.241510714987111	18	3	0.0816675412002505	0.291143824877369
X636044a55e3f9d8b13cdbcb1a9b47ca7	SampleType	Sample	-0.923261054040686	0.403429077892084	18	4	0.0360484465427971	0.291143824877369
c391ae908abb8480478cc7564addb432	SampleType	Sample	-0.352530746888263	0.176734583264362	18	3	0.0634006868480143	0.291143824877369
ff615fef456e37e79c969f07f24a8a57	SampleType	Sample	-0.656086318774444	0.359704377173391	18	3	0.0868915933249623	0.291143824877369
X5295ef332f5ca7ea8ad8d5b01476bd1f	SampleType	Sample	-0.2616707186439	0.175589473239194	18	2	0.155609894207766	0.291143824877369
X40c83f3c69058bd9c01ad16bf9923d4b	SampleType	Sample	0.270249277891626	0.182346183140247	18	2	0.157749205094821	0.291143824877369
a1b66284b453d0821f025766860553d9	SampleType	Sample	-0.549115710261784	0.398495095322305	18	5	0.187179188690306	0.291143824877369
X6ddd49bc1ffe4a838074a81ef92661b3	SampleType	Sample	-0.567760971130952	0.401302949868252	18	4	0.176295746863795	0.291143824877369
X727bdd65249befdb6ad9f69c3653531d	SampleType	Sample	-0.308433320711696	0.214010656101738	18	2	0.168811602360582	0.291143824877369
cd45a61ccfc5d492f579a779c1ba0f17	SampleType	Sample	-0.794701424917175	0.44599489162087	18	3	0.0937582239220984	0.291143824877369
f347f7d2640dbec8f52ea0e22b4dc78c	SampleType	Sample	-0.277641327250731	0.188287420085999	18	2	0.159734999619224	0.291143824877369
X49a1ecc8fea425d2ffd31e87eed9b6f9	SampleType	Sample	-0.579298586697724	0.314243367035394	18	3	0.0838625474164978	0.291143824877369
X545ff842ff08cec37727dcf154ae061c	SampleType	Sample	-0.364170418033794	0.183090829757813	18	3	0.0640789708997049	0.291143824877369
d4f5acff10f870155c004743b445f85f	SampleType	Sample	-0.358399737834289	0.258124418447564	18	2	0.184020523789327	0.291143824877369
f8eb8046969e610ea5f35925e0b42d4f	SampleType	Sample	-0.407432141892312	0.212932205040462	18	3	0.0737573793215723	0.291143824877369
d46441b7f6da07d4bcfb55af9a0453af	SampleType	Sample	-0.274017216038415	0.185361561424199	18	2	0.158747241028445	0.291143824877369
c46b263a0f738f57f878da11633d505d	SampleType	Sample	-0.303917544656434	0.210152957542035	18	2	0.167433519299433	0.291143824877369
X9797e47e0fdc2dbe5429aa03ae774fb8	SampleType	Sample	-0.228209962712149	0.151013490062381	18	2	0.150237629949525	0.291143824877369
X6ab36731423b2692cf385e4fe625c0c0	SampleType	Sample	-0.353337436155433	0.253556231490795	18	2	0.182517200034174	0.291143824877369
c898ed2d7ce4a5ec1cd74e7e873fcb9d	SampleType	Sample	-0.630992526749521	0.349342961262389	18	3	0.0897280814346211	0.291143824877369
X78b132704bcac3ce81b5f088c8c97df2	SampleType	Sample	-0.795177072765549	0.275511699767676	18	5	0.0107446379068491	0.291143824877369
X6f4f7af0f3373c471ca478a79f70c6a1	SampleType	Sample	-0.912240084130464	0.527566049650984	18	3	0.103025017787148	0.291143824877369
X3aa939169203ded9c6855a6a60198d35	SampleType	Sample	-0.904675626087363	0.515659930460192	18	3	0.0984899573119339	0.291143824877369
X809da844da4de9f8df5402b27349ca83	SampleType	Sample	-0.499621135353869	0.267760462279786	18	3	0.0804927683618852	0.291143824877369
X9ca59b8bb6f3b3ef715dd0bb5a5172d7	SampleType	Sample	-0.234133659967375	0.155122317916064	18	2	0.150703385197833	0.291143824877369
X5f4974d62d8777e666e688ae7dbd1fd5	SampleType	Sample	-0.378519544215597	0.191309849986766	18	3	0.0653447574266408	0.291143824877369
fcc5e8d7f1186953f91a80571779233d	SampleType	Sample	-0.579665216579998	0.310745534549634	18	3	0.0805700325892824	0.291143824877369
edf2169483abb1e46414d941335a02e2	SampleType	Sample	-0.484349725317533	0.251948446029933	18	3	0.0725424844494668	0.291143824877369
X6ebeeaa86847bd6c34a2afdefc5f1510	SampleType	Sample	-0.401032908321233	0.204573471932162	18	3	0.067607843886532	0.291143824877369
X5dfef5c4b2a015450756dfa240695bd4	SampleType	Sample	-0.361047226706382	0.181858985606782	18	3	0.0645248168922534	0.291143824877369
X0b7761c86394750cec0e50d5bdac73d8	SampleType	Sample	-0.534441020780585	0.318407474539604	18	3	0.112673898712981	0.291143824877369
X65243d363e6f9f2c4ac16d0da7e9a468	SampleType	Sample	-0.645881093170583	0.359156420047293	18	3	0.0910175281129414	0.291143824877369
e5186e4edf80186e339e3d057bbb9e9d	SampleType	Sample	-1.00218804510238	0.437684514192602	18	4	0.0359624846381157	0.291143824877369
ffa34b3f74a9a51b699f6eeb41e4a6ac	SampleType	Sample	-1.14339759722627	0.520783608027468	18	4	0.0432190538571554	0.291143824877369
X5efd0d5018de0b13be5d7a6075d0338c	SampleType	Sample	-0.52085770455679	0.275578900173255	18	3	0.0770072207442086	0.291143824877369
d18b6d72898a8819d04f7aa98474cf91	SampleType	Sample	-0.326421769826458	0.229615999307105	18	2	0.17434206109407	0.291143824877369
X0944cd5d0753b71394975806c2536746	SampleType	Sample	-0.325753134730849	0.229029689957524	18	2	0.174136430682967	0.291143824877369
X3a4db8e6f2af3a836dad1dbbd909cac8	SampleType	Sample	0.549323996985534	0.328615382680764	18	3	0.114036431657645	0.291143824877369
X3667bdb79bae37e87cc801ab34639b3e	SampleType	Sample	0.309688919021822	0.215087829937508	18	2	0.169196095202871	0.291143824877369
f105106081b3cb4d7547ef0e85f4667f	SampleType	Sample	-0.56565332522885	0.363425201366793	18	4	0.139158038825423	0.291143824877369
X77c64cf30a38d03ec09e8bc545159cb3	SampleType	Sample	-0.390384517680455	0.287370353380902	18	2	0.193160282406077	0.291143824877369
X71ed69d32f39f43726ec55f513d4e09d	SampleType	Sample	-0.274836128216912	0.186020544824523	18	2	0.15896818333237	0.291143824877369
X8e93573eeadaa30dcefe5bf3ee3d24f9	SampleType	Sample	-0.267929163500595	0.180503527823578	18	2	0.157151119756964	0.291143824877369
X731b8955592e77b2225cecec9b988b49	SampleType	Sample	-0.252823675764457	0.168794756623877	18	2	0.153648876427316	0.291143824877369
a3597c01ef37c341a26759de38788120	SampleType	Sample	-0.245193179250812	0.163092544637072	18	2	0.152217145004162	0.291143824877369
X569c36a918a02923c15ec7b20f086db9	SampleType	Sample	-0.7897715766583	0.443997994002719	18	3	0.0942804326983578	0.291143824877369
X543cffa3d98df4f5904c16f254c50d37	SampleType	Sample	-0.252931058213345	0.168876088992384	18	2	0.153670893001794	0.291143824877369
e58fb2b0b97722dc8dd282d91636be52	SampleType	Sample	-1.65256247156773	0.600888964600056	18	6	0.0142283316846906	0.291143824877369
X243dcd8a51535c43d71a74c858b555a7	SampleType	Sample	0.286571684832504	0.195597001810845	18	2	0.162264099095814	0.291143824877369
a2e7b359feb5ac4da644307837a338ca	SampleType	Sample	-0.247122234843862	0.164519354548446	18	2	0.152552908710053	0.291143824877369
dca7b05e52480bd690e01c534a67c5a9	SampleType	Sample	-0.578058229487603	0.311029948704973	18	3	0.081589246547434	0.291143824877369
X0994a31076a0d2c9391c67e615e521fb	SampleType	Sample	-0.398297168193627	0.201630841130962	18	3	0.0657357124667651	0.291143824877369
X58a15d0aa9b4509e52d416fbed5582cf	SampleType	Sample	-0.250596584253232	0.167114570740725	18	2	0.153203316009993	0.291143824877369
X26badab9401670dce5ccc3e9e7fc136c	SampleType	Sample	-0.287158575608695	0.196082078276464	18	2	0.162434276585782	0.291143824877369
e70b4d1d62ef2bd45bafc1cfd8a25256	SampleType	Sample	-0.694158963998299	0.38062721219165	18	3	0.0869287896470193	0.291143824877369
X54a25303959d6e8beaee175ff4780cf3	SampleType	Sample	-0.27307779853228	0.184607183489549	18	2	0.15849549956074	0.291143824877369
X7aba1544eee94bf298dc887dad58cbcd	SampleType	Sample	-0.436189189758283	0.224958200833453	18	3	0.0703486984788761	0.291143824877369
X1673501bfbf969b3ff153f323a964e0f	SampleType	Sample	-0.575047162101518	0.343462653289872	18	3	0.113511181097561	0.291143824877369
c77614035cdd7f505c7b112ca5441c60	SampleType	Sample	0.724850194438295	0.400401449768219	18	3	0.0890679988488219	0.291143824877369
e85014cad890284032c00519da645a6b	SampleType	Sample	-0.5488411781983	0.355691345171514	18	4	0.142370018852013	0.291143824877369
X2b21a570c6a77dd8065fe1d86b65e6e3	SampleType	Sample	-0.317926891626804	0.222201627560554	18	2	0.171727404923892	0.291143824877369
X96e3ef8899a470bfc8a8dc634056ac32	SampleType	Sample	-0.271488007953448	0.183334432805045	18	2	0.158073815501401	0.291143824877369
X01276bb3badd1356a4ef04dfcb3f33c0	SampleType	Sample	-0.57460705261913	0.317486245354238	18	3	0.0891396215895244	0.291143824877369
X810d0657ff9cdde324f9c9c2bb00c268	SampleType	Sample	-0.48321692104761	0.256628485382339	18	3	0.0780196745902939	0.291143824877369
X49609dfcd8024738534a2f7bb0696262	SampleType	Sample	-0.460403375148317	0.237877830929555	18	3	0.0708095372680636	0.291143824877369
X7668717122ed4db122d98a899ac57478	SampleType	Sample	-0.554043403835962	0.293562275578085	18	3	0.0773959354974618	0.291143824877369
dc86eb3f64eae19420c48b4ad626f0b9	SampleType	Sample	-0.233760633017009	0.154860108071894	18	2	0.150666184834158	0.291143824877369
X558b36a904ce9366082c20084b67e6c4	SampleType	Sample	-0.452808876654343	0.306977145764072	18	4	0.15960311963103	0.291143824877369
X1d32819e59a4ecdeafedfcc5de1dd4aa	SampleType	Sample	0.330897273525959	0.23355184654205	18	2	0.175716673406274	0.291143824877369
fcf01bed0a2b53b6331df92e326d6663	SampleType	Sample	-0.29310924014053	0.201031078190426	18	2	0.164181790114413	0.291143824877369
X09ccbce351c3ab53d65e6c6bccfaecea	SampleType	Sample	-0.400611619746991	0.203718416735262	18	3	0.0668354009948656	0.291143824877369
X5ce2e143078e72beaa24c9cbbb966503	SampleType	Sample	-0.259033672589017	0.173544816014416	18	2	0.154996137454984	0.291143824877369
X19510c9d274013df8245dc04757d82f3	SampleType	Sample	-0.360149913433672	0.259708027534075	18	2	0.184537035955815	0.291143824877369
X55631a62c82c2e5e77b0c5517c379dc2	SampleType	Sample	-0.283311927764272	0.192913048418756	18	2	0.161327090870926	0.291143824877369
X6a7256c3459d9898b6ef8a73ae05a8ae	SampleType	Sample	-0.450608530003398	0.230998506353818	18	3	0.0688325461844405	0.291143824877369
dc4f6c24e98578db99a09e29ca9459a4	SampleType	Sample	-0.656211157108894	0.36491501889535	18	3	0.0910291375853951	0.291143824877369
X88720d8826663c33b0bffcfab51ef303	SampleType	Sample	0.299485533861069	0.206392779196756	18	2	0.166090552947855	0.291143824877369
X5d1fc4c11c5b0ea4713aecc115686426	SampleType	Sample	-0.429656695511541	0.219302532141553	18	3	0.06775174764917	0.291143824877369
X7502fe320411b161463205f96339baa9	SampleType	Sample	-0.292038077554598	0.200136196453599	18	2	0.163864508174106	0.291143824877369
d167b13524d29dd32432572d5e068108	SampleType	Sample	-0.256978662418989	0.171962627078337	18	2	0.154534307372067	0.291143824877369
e2a6bc84e412ee9b344a08cd896056e0	SampleType	Sample	-0.483037006903322	0.250716560662275	18	3	0.0719791401519598	0.291143824877369
X5368a717d58764c5785182094fdae5a5	SampleType	Sample	-0.830581603087732	0.468320401516424	18	3	0.0951720300950493	0.291143824877369
X56a5ec21ef4d117b90f9a725bcb4eea9	SampleType	Sample	-0.276707627611225	0.187531282865564	18	2	0.159478109822844	0.291143824877369
X380830d895735fafb1b689fce975dab3	SampleType	Sample	-0.358233345954975	0.257973974352318	18	2	0.183971329738732	0.291143824877369
aeb93c67a7c273226c7eee1c03a3155a	SampleType	Sample	-0.613885347885263	0.37046190256264	18	3	0.116978266601807	0.291143824877369
X589904b795910d917de3e208c21bc563	SampleType	Sample	-0.620790225180361	0.334445910255705	18	3	0.0819409655214022	0.291143824877369
dda58916cef1aaf26af332b35fe21ba0	SampleType	Sample	-0.356892545880757	0.256762401088704	18	2	0.183574368029792	0.291143824877369
X9e1e710cb9944e1fe2bbbcbd10d2c77e	SampleType	Sample	-0.40696314466564	0.213036437273639	18	3	0.0741861464375813	0.291143824877369
X39625bd8b34996c5368d8489dfa86c69	SampleType	Sample	-0.445055495274595	0.22797436784743	18	3	0.0686382899315338	0.291143824877369
X6ea5088bdc7f7b7df2e5c0dc6c00b4cf	SampleType	Sample	-0.46210997447381	0.250048861458162	18	3	0.0831610550795545	0.291143824877369
X0eb900cdcfd91bc5644df57697225da7	SampleType	Sample	-0.499882737746303	0.266538129598155	18	3	0.0790981213887459	0.291143824877369
X7699f5e895f6c74c15fd0fc4422c853b	SampleType	Sample	-0.531594095397668	0.286245573342675	18	3	0.0817987453307632	0.291143824877369
X6271c31a5a1f5f61a3019f7226ba7e76	SampleType	Sample	0.357865445986685	0.257641405275543	18	2	0.183862505537549	0.291143824877369
X43523d3bafd66b0eb54eae7b6fdbd805	SampleType	Sample	-0.33176738496501	0.23431928913994	18	2	0.175983474997067	0.291143824877369
X89f22d820e6da5e389f734e495de0491	SampleType	Sample	-0.226582543160553	0.149905940018208	18	2	0.150159595588092	0.291143824877369
X2de8673dba9486bf52a6919779cc56b6	SampleType	Sample	-0.502663906383061	0.270162364139736	18	3	0.0812810355832176	0.291143824877369
X9e9d4cc9689342106ce24fa913fddced	SampleType	Sample	-0.228209962712149	0.151013490062381	18	2	0.150237629949525	0.291143824877369
ba8849595d25f34e7630bd70d5a762db	SampleType	Sample	-0.634608497667131	0.263029868191399	18	4	0.0281977737899596	0.291143824877369
X40cbe820e5262132e650207d7dd8cfcb	SampleType	Sample	-0.812464900717824	0.434094194998079	18	4	0.0796557320442522	0.291143824877369
X0f6f700e1b3b9d4a7c4d620cfbd867d4	SampleType	Sample	-0.657932216897652	0.370117612862305	18	3	0.094474241785938	0.291143824877369
X30fd295c1e3eaf777da1526636b50874	SampleType	Sample	-0.934881868730956	0.535127751505416	18	3	0.0997964461434234	0.291143824877369
X73df3f6ef08cc2d6aacdb199deb8dc2c	SampleType	Sample	-0.571151740846343	0.30465750782136	18	3	0.0792041519994112	0.291143824877369
X4f9fd72b32c2fe97f011ec6ad0f068e9	SampleType	Sample	-0.460935336005214	0.237955256259906	18	3	0.0705988139571593	0.291143824877369
a9fb46f68d6e1d56c95ebddbfd69897b	SampleType	Sample	-0.532373115408159	0.281870409291118	18	3	0.0771963102116739	0.291143824877369
a77c6f3c4189f3307f602d3b1796ae3d	SampleType	Sample	0.79772706360221	0.345532888181903	18	4	0.0346483850251164	0.291143824877369
X2cc4573604d3603d227c8958a1c3164d	SampleType	Sample	0.893315344582222	0.550948086929579	18	3	0.124466140322272	0.291143824877369
ad1165ff4cf3a446c9f203f8325d83b3	SampleType	Sample	0.373551627949234	0.271901985160082	18	2	0.188432252090944	0.291143824877369
X8169ef0ad1eee6c5b9317e01110716b3	SampleType	Sample	-0.259788433134944	0.174128399420516	18	2	0.155169449841128	0.291143824877369
X30ac9cacdc7d05f931f9f547f9c97856	SampleType	Sample	-1.19000006403396	0.541038385166643	18	4	0.0428900950979143	0.291143824877369
X3f448af248ef6f6642bc9e8969e1e162	SampleType	Sample	-0.257973892778951	0.172727629343326	18	2	0.154756097683027	0.291143824877369
X195d1e1212238bd5e95f07752952ef04	SampleType	Sample	-0.546404201913084	0.289111014087081	18	3	0.0770218546068318	0.291143824877369
b8f40eb84e245c67035afcb3f144a310	SampleType	Sample	-0.527705715246978	0.27943773077584	18	3	0.077233283313309	0.291143824877369
X05d4b31849b97f7f9f3b565132719b79	SampleType	Sample	-0.420965581037297	0.219102782250244	18	3	0.0726903940907392	0.291143824877369
X7de2581f80a1790e75e3a5d652de7fde	SampleType	Sample	0.26537194400842	0.178485462832357	18	2	0.156507960634562	0.291143824877369
X26af50628ca6fd06a9c8b72c7274aa18	SampleType	Sample	-0.225270961489025	0.149020278806982	18	2	0.150113674522554	0.291143824877369
X87a8c3c53124d59b7e6ffd3db58c506d	SampleType	Sample	-0.692179617697476	0.42246244649719	18	3	0.120841987263047	0.291143824877369
ae9a4d41c4ea968cacb3c2b84e796197	SampleType	Sample	-0.248854336176217	0.165809150433347	18	2	0.152870083242067	0.291143824877369
X3644a313e16b64947a9e77f94165562a	SampleType	Sample	-0.256030984306668	0.171236376468765	18	2	0.154326485385966	0.291143824877369
X64684113a2fe0d245bd5c7be81992da9	SampleType	Sample	-0.22630350014384	0.149716989413929	18	2	0.150148535322993	0.291143824877369
ae8d07fc04f07c35e2df04fcb5f20c15	SampleType	Sample	-0.595610115824153	0.320409028861653	18	3	0.0815331339644284	0.291143824877369
X6c096ca2f24527dcd74ad2f4d351c9a5	SampleType	Sample	-0.744894790920606	0.417125985447826	18	3	0.0930998029389102	0.291143824877369
a37c2369381c61103c3432be7017eefc	SampleType	Sample	-0.253944517584324	0.169645118977327	18	2	0.153881017626555	0.291143824877369
X99588b4c9b2380aae38cd785d120edf1	SampleType	Sample	-0.238822799663111	0.158456326793619	18	2	0.151252743236968	0.291143824877369
X88d1651e19a502d9c136ff3d64da0a41	SampleType	Sample	-0.992657198905519	0.572644043539916	18	3	0.10223763390948	0.291143824877369
ad67f0e6bff5c9ee954acb13b39411f3	SampleType	Sample	-0.386559094088948	0.19498158466523	18	3	0.0648606747881807	0.291143824877369
X13a949400403776ba105170bf04303db	SampleType	Sample	-0.547499660607787	0.313492773722588	18	3	0.09989888541033	0.291143824877369
X875323affec03ddd73e936f888fac408	SampleType	Sample	0.286512627709438	0.195548220875021	18	2	0.162246998447993	0.291143824877369
X16df97b518a70c090db429c1c4c3fd35	SampleType	Sample	-0.845656678139255	0.503188898634297	18	4	0.112256316566618	0.291143824877369
X41138974e340e72773d2b83a3f86e1d9	SampleType	Sample	0.288489639646112	0.197184279417488	18	2	0.162821786330622	0.291143824877369
X8921497d849be6d1478ffca7a432bd9b	SampleType	Sample	-0.361052926661916	0.181306878033911	18	3	0.0637941819566989	0.291143824877369
X3fa88ae887bbe2a8bf51ce88e26db395	SampleType	Sample	-0.240886226063646	0.159944975441719	18	2	0.151539360410442	0.291143824877369
aee507b9359c84c56dea14bb7a72686e	SampleType	Sample	-0.477417806491168	0.265071942102385	18	3	0.0905651786592659	0.291143824877369
deda120ed0424e61b4c7c5f1f06303af	SampleType	Sample	-0.407017705250202	0.209311077212963	18	3	0.0696231429952587	0.291143824877369
X36bccacd468de512178a0fa738a9daf7	SampleType	Sample	-0.50953918943777	0.266041033523861	18	3	0.073508410058342	0.291143824877369
e6cfba26ada7883c144630ab17cb4438	SampleType	Sample	-0.509137939043062	0.266386683747253	18	3	0.0740525796902379	0.291143824877369
cc639fb3840c27527489c7f85493e659	SampleType	Sample	0.307366285573054	0.21309678526785	18	2	0.168485256921816	0.291143824877369
c87b6e5f3d2cd479074eda0e92e2d5d7	SampleType	Sample	0.83242297118683	0.477889556208003	18	3	0.100717793076793	0.291143824877369
X9f3136dc394c4a4d0f4357e1b9b0ecd7	SampleType	Sample	-0.266771551551551	0.179588280817851	18	2	0.156857804555696	0.291143824877369
X7cff39d7e95d993082c45f9726710301	SampleType	Sample	-0.268031545693572	0.180584608539238	18	2	0.157177228774861	0.291143824877369
a2c37fc977aa9b46fc68070ca9152ed7	SampleType	Sample	-0.390318386730163	0.287309283029408	18	2	0.193142087505374	0.291143824877369
f71a90f381ffa5375c1e0d4a4cdcc50f	SampleType	Sample	-0.532221491302241	0.315890901426168	18	3	0.111424160890415	0.291143824877369
X90e7c1c65f94dddb3cb5a2a8eca810d6	SampleType	Sample	-0.380960466516306	0.27869075728668	18	2	0.190536843233055	0.291143824877369
X32460ecaa1ea481a303a719b10c29ab6	SampleType	Sample	-0.342735262257801	0.244052089129044	18	2	0.1793282028239	0.291143824877369
X0b87935aef1ef6f1b080ae5b44bc7f54	SampleType	Sample	-0.532335845512283	0.279795985896302	18	3	0.0752495751039974	0.291143824877369
X5d6629af73a0c17e2e5339b918816213	SampleType	Sample	-0.378034579790226	0.190026239672059	18	3	0.0640350445161118	0.291143824877369
a80d322668c4b15c7709f1920fa2392c	SampleType	Sample	-0.359236523788676	0.258881298772969	18	2	0.184267689194048	0.291143824877369
X71bcdc484096ad3cc79612519c3285c6	SampleType	Sample	0.239322893305558	0.158815936579213	18	2	0.151319812363294	0.291143824877369
da96420254b3ea525f8b7e9713ed22b2	SampleType	Sample	-1.00204182300786	0.365928483689246	18	5	0.0145788053804741	0.291143824877369
X715ed60e859700522eb8ce8e0b100611	SampleType	Sample	-0.23511503744811	0.15581431015788	18	2	0.150805989612016	0.291143824877369
X6679bf830b2e65becce0a67e26a482b6	SampleType	Sample	-0.245366542891286	0.163220349299274	18	2	0.152246540740795	0.291143824877369
X94391234c95266fd4fe6fc36a5a5b60c	SampleType	Sample	-0.299319236965096	0.206252210058148	18	2	0.166040389465859	0.291143824877369
c4ae6535fee8705b200fbacf9b026bce	SampleType	Sample	-0.545062776101909	0.28805641961064	18	3	0.0767019186104957	0.291143824877369
fcb18e224e28d37943652dae3aeb7937	SampleType	Sample	-0.652999536968933	0.35531505596955	18	3	0.084732513469943	0.291143824877369
X155ea0a1ab1511bc8060d98ee2345669	SampleType	Sample	-0.3621510420067	0.261521307932338	18	2	0.185125490328832	0.291143824877369
cde870d42b7c2405cba88a4efd490643	SampleType	Sample	-0.915265497664889	0.412047033759593	18	4	0.0411128719393352	0.291143824877369
b4d6630f839a625664d2036c4d2df0d2	SampleType	Sample	-0.671072429475926	0.412255511352991	18	3	0.123094707027367	0.291143824877369
X9909704a590052edcfb9a3bd03ea4058	SampleType	Sample	-0.69364818065989	0.382717099249299	18	3	0.0887265643522232	0.291143824877369
X16c1d7cb7713cee41a8e8755d067c2d4	SampleType	Sample	-0.821285445061131	0.462189829422994	18	3	0.0945907770066816	0.291143824877369
X9e2f70ac7448391f02de7bfbfe00c2fb	SampleType	Sample	-0.3892150830002	0.200000895320968	18	3	0.0694282367019331	0.291143824877369
X0bd70bb9dba72767081a01f7a2305d2b	SampleType	Sample	-0.454068221029612	0.232981518694891	18	3	0.0690575198288697	0.291143824877369
X505757189f5292e963bc20d3c03cc083	SampleType	Sample	-0.364649613116648	0.182969415658381	18	3	0.0636075150553194	0.291143824877369
X3bc87933bd65885a48a9ddf3dabb0da0	SampleType	Sample	-0.613208587874532	0.335020354272472	18	3	0.0858871492403907	0.291143824877369
fc674dc2fbd8d7813eec3eded10cc5b8	SampleType	Sample	-0.604944095077153	0.328127610450746	18	3	0.0838391216511742	0.291143824877369
X9ef11a303006acbe9c4751328c824930	SampleType	Sample	0.827573443452899	0.471776311420606	18	3	0.0985319876545149	0.291143824877369
f9b67f9534bd23c4b33afad97af64afa	SampleType	Sample	-0.285652107267362	0.194838079818145	18	2	0.161998330296631	0.291143824877369
X63cddbf1e9f1e76ec2f0ac186c4fd149	SampleType	Sample	-0.388741611898029	0.285853836119697	18	2	0.192707356239186	0.291143824877369
X14715d3897d782c82914d9418ef3985f	SampleType	Sample	-0.290262370760701	0.198656560342782	18	2	0.163341035101316	0.291143824877369
X1da65b83b4d858935a48dd0244e0d7d0	SampleType	Sample	-1.03660900682133	0.519082497163294	18	4	0.0631262053990619	0.291143824877369
X22eb89171e58af337f66cb892114ffa9	SampleType	Sample	-0.503681623132835	0.263916856765572	18	3	0.074434816673805	0.291143824877369
ab3701e467752a6f3a0f15c2a912f20f	SampleType	Sample	-0.814165694950515	0.345242189604451	18	4	0.031418766949814	0.291143824877369
X7e2ae49cd641ad8982c1a2e561d5e934	SampleType	Sample	-0.450099120356659	0.230764851968934	18	3	0.0688623172342928	0.291143824877369
b5e6d073ba80b055fa84cb7c17917c16	SampleType	Sample	0.227237554181433	0.150350574534251	18	2	0.150188249385097	0.291143824877369
ac224919e92eff597122725ca227df81	SampleType	Sample	0.299690520468067	0.206566104962024	18	2	0.166152411864048	0.291143824877369
X3f554ceaef1ee08c0422cc6ae441af81	SampleType	Sample	0.231026574456005	0.152952320246059	18	2	0.150424974375247	0.291143824877369
d34c137091f1d78e0a92c442712ee942	SampleType	Sample	-0.342637160664191	0.243964570132115	18	2	0.179298467924965	0.291143824877369
f5b65a4789004983e0670b59b0bd518a	SampleType	Sample	-0.47056736265716	0.24272799024118	18	3	0.0703901893237779	0.291143824877369
c6402a86d1a2b05b1190e0d33f19661e	SampleType	Sample	-0.652905896731779	0.357124379058379	18	3	0.0862203392797153	0.291143824877369
e7a3d542e1b437eacb588838089a8fc8	SampleType	Sample	-0.415422771012989	0.305393362534623	18	4	0.192596994719041	0.291143824877369
X3f7be2e26b70d290d21a03ff80b7ad89	SampleType	Sample	-0.827741284999839	0.571062154131832	18	4	0.16652218125985	0.291143824877369
X2904654002b342bca2a88d10f08cdd84	SampleType	Sample	-0.32307189871078	0.226683159578894	18	2	0.173311390884488	0.291143824877369
b29f5fbcf51df3b67f256cc9d16e0dee	SampleType	Sample	-0.245400675288405	0.163245521799779	18	2	0.15225234670688	0.291143824877369
X8a36d5dabac2c287e484777dc1dd8073	SampleType	Sample	-0.578643640659527	0.24426344710552	18	4	0.0307603461716501	0.291143824877369
f41a24136f14a6e1a14264098fbf403c	SampleType	Sample	-0.466388260593115	0.251985387940201	18	3	0.0827409761732605	0.291143824877369
d51c3c0287c5fe6c8b3094e94cb7d3c1	SampleType	Sample	-0.241147892869172	0.160134664566189	18	2	0.151577539045883	0.291143824877369
d3f64cc1a83408adace0370c76bfe231	SampleType	Sample	-0.486086594176257	0.259033248307048	18	3	0.0789420029879509	0.291143824877369
fc52dc6277aef363ef9b9719775c7d42	SampleType	Sample	-0.504544844133424	0.266741460687354	18	3	0.0768001820962777	0.291143824877369
a3022e8ed42cb33e0ee95f6c8277c17d	SampleType	Sample	1.21598138073779	0.589185163760231	18	4	0.0556435865151828	0.291143824877369
X9fbcf4dec0f1a6aec1caf16c76217aa1	SampleType	Sample	-0.325388684266994	0.228710302697613	18	2	0.17402432623684	0.291143824877369
b12a0013fb7111585ed6eae1cc0769df	SampleType	Sample	-0.48484434059921	0.251853631836273	18	3	0.0721823832626248	0.291143824877369
X737b2e2b48d3a64df88ac7047e3ced36	SampleType	Sample	-0.229264766148653	0.151736347780651	18	2	0.150300216090135	0.291143824877369
X296f0273b08aa77c4ae9eb067725fd24	SampleType	Sample	-0.49890560714693	0.264520191721758	18	3	0.0775716597065599	0.291143824877369
X4c3350c4cf23b518ea9e94c76d4ab859	SampleType	Sample	-0.276985161489442	0.187755870988765	18	2	0.159554299847698	0.291143824877369
X7078955d3fcff373e3d517351ebb4ff1	SampleType	Sample	-0.616602352743546	0.332253675807153	18	3	0.081994464845551	0.291143824877369
af65602810de5da6ba909079be1d9abe	SampleType	Sample	-0.573637053405058	0.315371308953468	18	3	0.0876886098718246	0.291143824877369
X5757a7aaca7ff9cf17cf84fa2eff977c	SampleType	Sample	-0.269247282526912	0.181549046525108	18	2	0.157489282750551	0.291143824877369
c378d31cfb8437f1ea916c3911aa2737	SampleType	Sample	-0.240867146779808	0.159931152314585	18	2	0.151536592454969	0.291143824877369
f16dec807c2c0b415d26d1a81426dab2	SampleType	Sample	-0.361934684208167	0.261325127683125	18	2	0.185061978558614	0.291143824877369
afc0eeec83a181be740331928d883362	SampleType	Sample	0.384543488129246	0.281985106003978	18	2	0.191541471612296	0.291143824877369
X6b66526dbed3f0c98c6dc9c49c1047f4	SampleType	Sample	-0.280406710605966	0.1905361474344	18	2	0.160504890472562	0.291143824877369
cb30f7e7275faca6238dafa0d27c49c7	SampleType	Sample	-0.347490966647925	0.248304265001036	18	2	0.180764931015851	0.291143824877369
X1d53a6bc2b18688edbe6e07cd6dc3b0d	SampleType	Sample	-0.661447684234632	0.28495438218938	18	4	0.0338020728298	0.291143824877369
X23a67cc9c264eb4ea1d7aa0b01a6b5e9	SampleType	Sample	-0.411532778532065	0.211540738844534	18	3	0.0695134833497165	0.291143824877369
X87d89244f954b50c0b287c72b7e31c29	SampleType	Sample	-0.409813555980581	0.2108714427618	18	3	0.0697695824863631	0.291143824877369
X11703f2b7008680956427ad83db3dee7	SampleType	Sample	-0.409813555980581	0.2108714427618	18	3	0.0697695824863631	0.291143824877369
f43b89c9ce7568afbd28572c3a9ea39a	SampleType	Sample	-1.01367281687033	0.606935003134802	18	3	0.114333004795355	0.291143824877369
X52702f7c3451f1106cc696c3f19909d6	SampleType	Sample	1.15759677075233	0.448214461214893	18	5	0.0200325633616071	0.291143824877369
X778392df2a291ea48536a6e8e47657c5	SampleType	Sample	-0.58296586146325	0.312452856822237	18	3	0.0805153901807371	0.291143824877369
bcbbc8b8463814c6695092c6918440ff	SampleType	Sample	-0.765136820754581	0.429390928589559	18	3	0.0937498323327486	0.291143824877369
ce904b78c4a593ef81e1d3a8861b99c9	SampleType	Sample	-0.285510742180058	0.194721534846486	18	2	0.161957571251741	0.291143824877369
f52a02354e4743323e56ccaea4405ca6	SampleType	Sample	-0.402865832754146	0.205730512473839	18	3	0.0678749952263835	0.291143824877369
f7078335e08bccd10ee114dff221d314	SampleType	Sample	-0.39323624377378	0.200725517351344	18	3	0.0677671222604412	0.291143824877369
e4b435ba5b79f79a70384e3db5bbca58	SampleType	Sample	-0.405390285698599	0.205085929834348	18	3	0.0655752876496735	0.291143824877369
X018935d014cf217df3ec383baba3e3e3	SampleType	Sample	-0.395953248632063	0.2022916023162	18	3	0.067986656795686	0.291143824877369
X7fdc34d96e3240f61bda895885a07fdd	SampleType	Sample	0.457329832811587	0.251002736654965	18	3	0.0871993306797244	0.291143824877369
acf3b07ab5b3b78c3ff988cb3edf7d48	SampleType	Sample	-0.789810216441413	0.347032478731576	18	4	0.0369530995881126	0.291143824877369
badc61383cf0086225982f59d001834c	SampleType	Sample	-0.345769057400836	0.173109061856556	18	3	0.063078422172733	0.291143824877369
e84f910689bf6d94dc9b618cae429151	SampleType	Sample	-0.642645249179946	0.362704140815542	18	3	0.0954656363115223	0.291143824877369
f0849a24ad6da95639ad61660026f49f	SampleType	Sample	-0.95947532475827	0.338294999235204	18	5	0.0119161038690977	0.291143824877369
a04e8f41f2068be209f68ea85722f9b1	SampleType	Sample	-0.519807834351118	0.272323787346301	18	3	0.0743935993716219	0.291143824877369
X44dbb2baf9e8d7fb0c725232adb42adc	SampleType	Sample	-0.358851965902612	0.258533401583418	18	2	0.184154148689979	0.291143824877369
d588b71fe311e5cd1cdfc4b40da2d129	SampleType	Sample	-0.252571814421154	0.16860410912099	18	2	0.153597426046173	0.291143824877369
X1cdd05e2fdbf1f80187561c01f69c58c	SampleType	Sample	-0.351694530373005	0.252077741736185	18	2	0.182026465932466	0.291143824877369
ccbc4f5ab5ac12548fbb9e5a3a2c74c9	SampleType	Sample	-0.246191932942728	0.163829980126265	18	2	0.152388624470492	0.291143824877369
X837141a02c9894de14efaf51570c211e	SampleType	Sample	-0.768626424135307	0.428070719111404	18	3	0.0914733744628623	0.291143824877369
X83a6bc486dce850a950750151f77f859	SampleType	Sample	-0.340524400931653	0.24208169111836	18	2	0.178657192167856	0.291143824877369
f2703f707e59bc18e6c716142f8157f7	SampleType	Sample	-0.358323673167238	0.180313261101438	18	3	0.0642938361848663	0.291143824877369
X509706282dd892c90c453dd7e2989615	SampleType	Sample	-0.51198562075445	0.271030590906901	18	3	0.0771513585095168	0.291143824877369
X7fe9a9cc8d060578b4b89eeae957f8a1	SampleType	Sample	-0.391647030171372	0.197568041683113	18	3	0.0648851521340026	0.291143824877369
dc6e105dda456b66c9a945c8f5547c7b	SampleType	Sample	-0.644975078531871	0.351510127052664	18	3	0.0851862508966642	0.291143824877369
b9afd2818b1eeeb32f19341bcb9a2e79	SampleType	Sample	-0.634598653699865	0.403693321092446	18	4	0.135518244453679	0.291143824877369
fd51de731f8fbe9d3262e61fc95e7737	SampleType	Sample	-0.899747722727624	0.425655836378866	18	4	0.0505888333317263	0.291143824877369
X35dfa646f2975b0cac248ea4a005d1a4	SampleType	Sample	-0.343832339519639	0.245031366558277	18	2	0.179660470807692	0.291143824877369
d20bf8194c5aa7d1cb7cb8031db6a074	SampleType	Sample	-0.363631315748026	0.182544662436657	18	3	0.0637198667901986	0.291143824877369
X4e9d986f1e85a910b2029bda93555884	SampleType	Sample	-0.598668366925884	0.331308169536145	18	3	0.0896053677365184	0.291143824877369
af74aeef57f9a05ccfe03a4da290f30e	SampleType	Sample	-0.964301270275678	0.601059623828735	18	3	0.128194558109012	0.291143824877369
X753681f109e62647bfd39da7350eec5e	SampleType	Sample	-0.226630615828594	0.149938520239053	18	2	0.15016157057802	0.291143824877369
ec53d9068e32bc5915c640051acee724	SampleType	Sample	-0.731552479899186	0.404799916277146	18	3	0.0895710511700297	0.291143824877369
e5a24a227b11359b23ee950caa1ac776	SampleType	Sample	-0.279207275619049	0.189559124369225	18	2	0.160169355674985	0.291143824877369
b256952de889272b156f03a2be125fab	SampleType	Sample	-0.285609653759921	0.194803076614974	18	2	0.161986087144757	0.291143824877369
X7f62a934edba5070619eddd4b4c35368	SampleType	Sample	-0.68516693887949	0.380103580331819	18	3	0.090321453107644	0.291143824877369
ca45619472b1c0059774728622208abc	SampleType	Sample	-0.68516693887949	0.380103580331819	18	3	0.090321453107644	0.291143824877369
X6cb142b2e24b3d2eab3913d98d9426df	SampleType	Sample	-0.27454715602082	0.185787861960068	18	2	0.158890062695758	0.291143824877369
b0ea90975d4c4c4ef76591150e7aad19	SampleType	Sample	0.948120730183013	0.353152501420999	18	5	0.0162726045867999	0.291143824877369
b34b7e436cabd05b3e09c3c999c492e3	SampleType	Sample	0.314722330750137	0.219425022645646	18	2	0.170741427163104	0.291143824877369
b1de14ddcb1c5236fedffc2fb1c287ea	SampleType	Sample	-0.233091997921402	0.15439124907979	18	2	0.150602033529501	0.291143824877369
db3c81fcf23c5f4f69817b4942e449ec	SampleType	Sample	-0.232732650246683	0.154139877082316	18	2	0.150568915184376	0.291143824877369
e6c7e65904917a35dbc2c3698298981b	SampleType	Sample	-0.361087917495736	0.260557637702775	18	2	0.184813151407507	0.291143824877369
b5dfdeec02ebf899705d8b8f501d3e58	SampleType	Sample	-0.631852746449051	0.3415726828739	18	3	0.0828951913882638	0.291143824877369
X1e892adf45bea4cbc34c94b4df1a7f87	SampleType	Sample	-0.942197665691155	0.425863396178663	18	4	0.0418241404482911	0.291143824877369
bc42b3455a15ae578c274ee03f3eed11	SampleType	Sample	-0.256520046108374	0.17161089798182	18	2	0.154433317779126	0.291143824877369
b587e11516e0596abefeaba79d88c52e	SampleType	Sample	-0.526812536262035	0.281855065099297	18	3	0.0800276805240548	0.291143824877369
X188eb31c11aeab0bb5ca93bf6644b6f3	SampleType	Sample	-0.91911853817065	0.419241054504616	18	4	0.043487340010624	0.291143824877369
X93d9c037f695b0bf233ac36e95a81fb8	SampleType	Sample	-0.316633844312587	0.221079868065362	18	2	0.171329438873306	0.291143824877369
X38fc77cc235b856c9b581e34da8412f7	SampleType	Sample	-0.22847731028628	0.151196334353252	18	2	0.150252614726459	0.291143824877369
X29e0d741ebece0af66ab0fff5b45bc25	SampleType	Sample	-0.247288626723179	0.16464290450432	18	2	0.152582746234831	0.291143824877369
X4d13a693c3c3ae9563fc7616a8521d8d	SampleType	Sample	-0.412595058519127	0.20913632848045	18	3	0.0660468119605125	0.291143824877369
aa853d59ce9b3f0faf1a0ed6f5da494a	SampleType	Sample	-1.0578724469439	0.61989132270391	18	3	0.107237120235853	0.291143824877369
c78fcc030eda2424a55ed32c5c0c8503	SampleType	Sample	-0.480066942688448	0.250289825788195	18	3	0.0731316850697258	0.291143824877369
X10b0bdc7230b69547bf2b3468a259f9c	SampleType	Sample	-0.697541021263001	0.395585064936099	18	3	0.0969319215597681	0.291143824877369
f755e2fd9f0534916261b6dbb1658f27	SampleType	Sample	-0.576302367034313	0.319645663878448	18	3	0.0902624417252153	0.291143824877369
X527cf75e7227d10defe3ab227b5fe0d7	SampleType	Sample	-0.236418851024004	0.1567384386208	18	2	0.150952661211525	0.291143824877369
fc0afd9d6afdde45f8c6e88eda10b9e0	SampleType	Sample	-0.273053627974198	0.18458779627619	18	2	0.158489047107665	0.291143824877369
X0d87c079847b2101c438b5466dd3ba81	SampleType	Sample	-0.622036092146601	0.353039557885959	18	3	0.0971701070051689	0.291143824877369
fdf997fe582527129cc5153f44665b3f	SampleType	Sample	-0.344203109032513	0.245362549683721	18	2	0.17977265498223	0.291143824877369
X6c88b0b8a4c99e877430904f95d72041	SampleType	Sample	-0.542539127695704	0.313107232986077	18	3	0.102365882736272	0.291143824877369
X0983a3b6b2092d72e7c8aefcfd09fef6	SampleType	Sample	-0.811573996662272	0.341366593860711	18	4	0.0302463343473407	0.291143824877369
X6a800907306ab6f4e4ae0a1eb0ac3f10	SampleType	Sample	-0.85800429482959	0.370355119396818	18	4	0.0341054386756287	0.291143824877369
ee90891dbdd68f6e8a2970bd091f7c6d	SampleType	Sample	-0.543204325714198	0.286410196281652	18	3	0.0760848823235838	0.291143824877369
X5f510cf434513fffae3da23d8a55ced4	SampleType	Sample	-0.261716354085271	0.175624996091522	18	2	0.15562071428598	0.291143824877369
a6777f787a5ac189afb67d903ab0df0a	SampleType	Sample	-0.479885108178947	0.255181452244638	18	3	0.0783613116887764	0.291143824877369
X0f4ae994d69cc2f07c04bd5e328f9ed8	SampleType	Sample	-0.758238653764613	0.328366203006304	18	4	0.034618474338695	0.291143824877369
f4bd5d955844a7ae95ba2a7d553e47ab	SampleType	Sample	-0.584334462679522	0.314022370795685	18	3	0.0812504364192925	0.291143824877369
X8da054ec4b1ece6979f9ed901fb6c736	SampleType	Sample	-0.379182545756133	0.277058738077046	18	2	0.190035116257259	0.291143824877369
cf0e9911ccc4e6b8ecc785035a589988	SampleType	Sample	-0.432610888608224	0.22126800296901	18	3	0.06826519505773	0.291143824877369
X57b212c8b5652dd1aea7836412b5c50b	SampleType	Sample	-0.475760724227757	0.245844056610191	18	3	0.0708421341961438	0.291143824877369
X2476f4150bcf6469537a331b70d27965	SampleType	Sample	-0.263693451463633	0.177168426240887	18	2	0.15609565347005	0.291143824877369
f4f0939766427a529c263196b982f710	SampleType	Sample	-0.357542643742986	0.257349682216152	18	2	0.183766960250394	0.291143824877369
X415438d5756e36707b34a1b79cc6a34f	SampleType	Sample	0.249245519626066	0.166101556058122	18	2	0.152943689519437	0.291143824877369
fbe152f23c8b6f21414a0f46bd95d92b	SampleType	Sample	-0.537367383938559	0.381259951412751	18	4	0.177842133326964	0.291143824877369
X1664cae89a69c3de695c2a5c15afacc5	SampleType	Sample	-0.610254314572525	0.348444123533512	18	3	0.099025455962917	0.291143824877369
bd94ed130ab200d8acf1d24d107a196d	SampleType	Sample	-0.766850362851572	0.328695186008232	18	4	0.0330260366071774	0.291143824877369
aa3ad7e3c3883f1961f03f5e29447b7b	SampleType	Sample	-0.50940827930474	0.283218753114316	18	3	0.090966479401705	0.291143824877369
X363054589fb019952b3e3194590f434d	SampleType	Sample	-0.474054458804058	0.246699560073639	18	3	0.0726539971169636	0.291143824877369
X181bb4f21f991c5750037f4ba6487cc7	SampleType	Sample	-0.281961721263548	0.191806568500124	18	2	0.160943362366924	0.291143824877369
a8d017ad1d431b8172a9c8daf6ff5f3d	SampleType	Sample	-0.605476055934049	0.325691749940711	18	3	0.0815121495671501	0.291143824877369
f58bfc7eef031d977dee039d800fb305	SampleType	Sample	-0.455269105212487	0.239443658346364	18	3	0.0754195319807057	0.291143824877369
cfdffffaa6b8b95c1b4c5b725e2faf65	SampleType	Sample	-0.937329236100959	0.538621799122541	18	3	0.101012023832787	0.291143824877369
X38bddfc43efeb8e27c692d807257718e	SampleType	Sample	-0.33504064678896	0.237212670574954	18	2	0.176985510462969	0.291143824877369
X7c0a04e73478b9f0e1e052d88306741d	SampleType	Sample	-0.612818606312794	0.249927994074526	18	4	0.0260692017858707	0.291143824877369
c9b574ffa3916edc6fe618d260704238	SampleType	Sample	-0.224394115650779	0.148431694741313	18	2	0.150091719387983	0.291143824877369
ff43818663d71c4ff196915f7eb703f1	SampleType	Sample	-0.465870343056801	0.240087679934278	18	3	0.0701609807419575	0.291143824877369
X35b41a98bb25c7f3a292625cf514edf0	SampleType	Sample	-0.448943840555922	0.230130808488203	18	3	0.0688170019908218	0.291143824877369
X15526c45cc59cfeeea7047618603e512	SampleType	Sample	-0.45033642528377	0.232443071018248	18	3	0.070554532735743	0.291143824877369
X91b7ea604e9872fecd0da676524f0446	SampleType	Sample	-0.473769401116952	0.265361612665681	18	3	0.0931678863506564	0.291143824877369
X0619891578eca4aaf660d996ede5447c	SampleType	Sample	-0.263966352517734	0.177382143717626	18	2	0.156162134379523	0.291143824877369
X0d21c7491e0216679938bd4568317315	SampleType	Sample	-0.257467724220694	0.172338259646509	18	2	0.154642849899826	0.291143824877369
X94e0bc9efe2c9f9bd5caaa2101544430	SampleType	Sample	-0.552947945141256	0.313595009486945	18	3	0.0969423269624706	0.291143824877369
X736a5087afcda40f15458b55cd9dade3	SampleType	Sample	-0.244636922285147	0.162683038303443	18	2	0.152123889926932	0.291143824877369
bf869a2f2c5a5b33ef7b27a34d9d00bb	SampleType	Sample	-0.363877826051168	0.263088185893456	18	2	0.185631410972705	0.291143824877369
X0072840e2948168ff3373982f7c304c0	SampleType	Sample	-0.263265721126362	0.176833784714265	18	2	0.155991898498626	0.291143824877369
e9a0d421dc391168ada9cd345a393d52	SampleType	Sample	-0.227812097353336	0.150741849331796	18	2	0.150216448405617	0.291143824877369
X8b64bcb4a60ce74077ea7046003e6b2e	SampleType	Sample	-0.637205763058634	0.368649546598999	18	3	0.103146317238326	0.291143824877369
X3946acbe0acd6eab4b7cd35c71e26847	SampleType	Sample	-0.378614068780448	0.276537291628366	18	2	0.189874246300568	0.291143824877369
X0e9de16c04056989438ddd210b32bebb	SampleType	Sample	-0.229323219631821	0.151776519699612	18	2	0.150303953732737	0.291143824877369
X0853d83ee0fd2f0e7f8a4baba8a4ece1	SampleType	Sample	-0.241758943699318	0.160578419196225	18	2	0.151668256154759	0.291143824877369
a7eac928a05ea1a3ce3fafe27a2e57dd	SampleType	Sample	-0.267378995343742	0.180068198449561	18	2	0.157011281346826	0.291143824877369
X3930c1fd84a0c44c3e1e87d38798bd06	SampleType	Sample	-0.31267055725467	0.217653430568083	18	2	0.170110859612936	0.291143824877369
X12844d06e9e2be379ed21209cdeacd97	SampleType	Sample	-0.39367723290744	0.198836497968285	18	3	0.0651815997560103	0.291143824877369
baba4bc1bfc846bbdfd21a6d93074849	SampleType	Sample	-0.311104608886346	0.216304653732918	18	2	0.169630156071727	0.291143824877369
X0dcbe54259f9d1252e7ca5c16ae369e8	SampleType	Sample	0.245066962202902	0.162999549663218	18	2	0.152195842256982	0.291143824877369
b2e94d7302337c96f0cb54098aff16de	SampleType	Sample	0.241023232798978	0.160044269897127	18	2	0.15155930009138	0.291143824877369
X14b956e0d5a0ddf08d812e40de76cc71	SampleType	Sample	0.295361175137916	0.202917982870296	18	2	0.164852215988756	0.291143824877369
X510977c7c3dd2bf2806d7557936daace	SampleType	Sample	-0.416307372922654	0.213232390523506	18	3	0.068619464375127	0.291143824877369
X3c877ef3327aa0b61f98ddc9374ff344	SampleType	Sample	-0.299035509447181	0.206012466434237	18	2	0.165954844979731	0.291143824877369
eaeb247125ed3b8d6001030fe6c7bdc4	SampleType	Sample	-0.662517795731723	0.270444832214415	18	4	0.0261867112643289	0.291143824877369
X3acaee66b1c6e5ac5d72ac16dbf114f0	SampleType	Sample	-0.274592587983929	0.185824433693491	18	2	0.158902333562791	0.291143824877369
c7c7faa4884802d81be037323f846424	SampleType	Sample	-0.268861786242221	0.181242906946946	18	2	0.15738993432319	0.291143824877369
X5e5268dde681e018d5e3523f99c0856d	SampleType	Sample	-0.426043060119843	0.218880038556368	18	3	0.0693764070707259	0.291143824877369
c872f7a227ebf9eac1b703fe6ea2ec51	SampleType	Sample	-0.376956128729848	0.275017578678726	18	2	0.189403849354398	0.291143824877369
X4ae4ced01dc4c685868b2721569248dc	SampleType	Sample	-0.473769401116952	0.246890831972562	18	3	0.0730102175742613	0.291143824877369
X1ef9eb751da545880c8bb454569e0944	SampleType	Sample	-0.303979015839711	0.210205294625823	18	2	0.167452219873666	0.291143824877369
X86a4eb2946e54ffe5e74b9c17fa82c5f	SampleType	Sample	-0.311427366045335	0.216582410616327	18	2	0.169729188004291	0.291143824877369
X01c071fe83cce6cf3f04cb51a16f6cf9	SampleType	Sample	0.586868614718202	0.391150343196809	18	4	0.152993759748867	0.291143824877369
X112f383a9c741b8b1fe2d93013d50f41	SampleType	Sample	-0.681916417581587	0.373176565055732	18	3	0.086361700327631	0.291143824877369
X650b66693168ba3fb56c1dcad6898545	SampleType	Sample	-0.271452370136966	0.183305958704326	18	2	0.158064427232066	0.291143824877369
X45de17123e8b9c50197610fd14519a93	SampleType	Sample	-0.340918738607484	0.242432834945319	18	2	0.178777010258933	0.291143824877369
X4d49dbc63ecb5acec5390deb8cebee8c	SampleType	Sample	-0.314398684734524	0.219145247625735	18	2	0.170641915394989	0.291143824877369
X45216cc6510a146da7b01683ea93fe9e	SampleType	Sample	-0.288784004004008	0.19742841169741	18	2	0.162907764726942	0.291143824877369
X452508094859cd28e6aa75259162b69a	SampleType	Sample	-0.328076998961198	0.231069351677939	18	2	0.174850844708347	0.291143824877369
dd17ccee4b5b879f76bb47c7cbd7e042	SampleType	Sample	-0.326911366216127	0.230045598925607	18	2	0.1744925939951	0.291143824877369
X7c7869906f8b44614eddf83e07462918	SampleType	Sample	-0.380920575465648	0.278654120235905	18	2	0.190525609332923	0.291143824877369
X33760898b356dbbffa2a2c2b640ac4c1	SampleType	Sample	-0.309380998824015	0.214823486856345	18	2	0.169101758421846	0.291143824877369
X1606f5ad2b6b16daef034a8e2289fe96	SampleType	Sample	-0.316778187855553	0.221204997942943	18	2	0.17137385732496	0.291143824877369
X70b40ced97b108b4971443f3a251ac17	SampleType	Sample	-0.770138920810524	0.271735508099955	18	5	0.0119669635443796	0.291143824877369
X41dc16118ca2ea7b1987b27420e0297a	SampleType	Sample	-0.309124022923682	0.214602967349891	18	2	0.169023050985011	0.291143824877369
X711384cd0744379f1e5cda48026cd272	SampleType	Sample	-0.690237516125093	0.286599736761431	18	4	0.0284414588755259	0.291143824877369
ad4336dcc58c7b15a15bbc02cf7abdfc	SampleType	Sample	-0.53553664649929	0.301902592559569	18	3	0.0951140439397933	0.291143824877369
c10b7f19c14783eba9b711f1994d7fcd	SampleType	Sample	-0.258549264724464	0.173170967215127	18	2	0.154885932792349	0.291143824877369
d3f7a33983afa877e703e57722d09c21	SampleType	Sample	-0.223788170590546	0.148026620668055	18	2	0.150080746800667	0.291143824877369
X231a23ae5f751efb91bad6b2ff9300fc	SampleType	Sample	-0.26168116146111	0.175597601567149	18	2	0.155612369600594	0.291143824877369
X457288c0d2d6c6a7bdcc6ae99cc25b11	SampleType	Sample	-0.612713972592856	0.329478531341099	18	3	0.0814225944770688	0.291143824877369
ee98150e1b4b4f6036e2434e85d01298	SampleType	Sample	-0.495773148160175	0.25788177661626	18	3	0.0725335841993752	0.291143824877369
f276631a3abc7a63b7956be75a330b9e	SampleType	Sample	-0.39970537153086	0.20740466453197	18	3	0.0719057607233925	0.291143824877369
X248fe362934aacc3ce2f4fdebe507b77	SampleType	Sample	-0.480780972595053	0.262723210540201	18	3	0.0859451833145974	0.291143824877369
X62d905421920fb418b9db7378438cb66	SampleType	Sample	-0.250811385761931	0.167276066922662	18	2	0.153245350749125	0.291143824877369
bae6200a56b74e8bdf0766f90c273196	SampleType	Sample	-0.22956436714325	0.151942372805763	18	2	0.150319668563856	0.291143824877369
f6de51befc773626a6f7f07977977865	SampleType	Sample	0.276940032657962	0.187719341842766	18	2	0.159541901078082	0.291143824877369
X5367ba59abf2cec953c5a05708505570	SampleType	Sample	0.239093517795854	0.158650901607306	18	2	0.151288856563504	0.291143824877369
bc5593081c603faf9990d8f73ccce91d	SampleType	Sample	0.282760518711434	0.192460798714646	18	2	0.161170053612614	0.291143824877369
X74d1f19b9cf59f41c4ec83c51706fe46	SampleType	Sample	-0.279207275619052	0.189559124369225	18	2	0.16016935567498	0.291143824877369
X561675a59a89b026e7d658bd3d8873d8	SampleType	Sample	-0.482111535670857	0.259664396012607	18	3	0.0818666759764002	0.291143824877369
X07569eb48c812def8a0f0b447cf86ba2	SampleType	Sample	-0.345150787144834	0.246209558827975	18	2	0.180059137531441	0.291143824877369
X4ac2aec6e447d2d17397d5721d207932	SampleType	Sample	-0.260304956677046	0.174528533710549	18	2	0.155289160561967	0.291143824877369
c357c529a4a85695a16fa9ab4480fd9f	SampleType	Sample	-0.357663944701495	0.179519503460923	18	3	0.0636807517051495	0.291143824877369
e978fb865af6d1c4ba55ad9af1ea8a66	SampleType	Sample	-0.334899281701658	0.237087507550796	18	2	0.176942293235591	0.291143824877369
a474a379feb1223533e32c9d11f2e352	SampleType	Sample	-0.603761067943876	0.324403993060618	18	3	0.081200787338626	0.291143824877369
X21d700e8ba6c36d63263afe6acf08fcd	SampleType	Sample	-0.517283381406661	0.273527961434293	18	3	0.0768509377344258	0.291143824877369
e4cac21c79eb418fab75c0ccdca908bf	SampleType	Sample	-0.380747971351568	0.193519488743511	18	3	0.066711406837231	0.291143824877369
X524375f91c6530faa9aed18c552f2983	SampleType	Sample	-0.299405929451422	0.206325485593981	18	2	0.166066538015799	0.291143824877369
X4fde1c45fa388ac843c3fb6c4d49ec44	SampleType	Sample	-0.311273849235861	0.216450282251887	18	2	0.169682081134591	0.291143824877369
X06ac463e10ff20b1d2814fef35abf311	SampleType	Sample	-0.365210163365887	0.264298506166879	18	2	0.186020564006914	0.291143824877369
X9b8a95084271a28da847559cc14229d0	SampleType	Sample	-0.376733767926504	0.274813878274466	18	2	0.189340622095007	0.291143824877369
c1e6e49263b4c949a3f77089ce365aed	SampleType	Sample	-0.260941838229979	0.175022744690864	18	2	0.155437975596981	0.291143824877369
X544c1a5a6c96c4cc2390f245ca0f469a	SampleType	Sample	-0.251638010899126	0.167898670579204	18	2	0.153409006864523	0.291143824877369
X985769695779dcb2b6f7014f7ba4f1ae	SampleType	Sample	-0.460717389745959	0.242784715524104	18	3	0.0759389971450165	0.291143824877369
dce23415b4a3fed5df83cc98961d952f	SampleType	Sample	-0.3437160689144	0.171920842516064	18	3	0.0628581442242237	0.291143824877369
X0a64504c97b949ffaa05a83527f8d393	SampleType	Sample	-0.552271185130528	0.297599537105256	18	3	0.0820042266212069	0.291143824877369
X0f11510ca4e17b023f4e915f6fcd93da	SampleType	Sample	-0.528342900690096	0.277616837171379	18	3	0.0751730996244476	0.291143824877369
f1921fb3558f1da05c212545d0de0cc4	SampleType	Sample	0.553089555548052	0.294482356035102	18	3	0.0787056496244355	0.291143824877369
b632a177daad11d134247ee04ab8b120	SampleType	Sample	0.361018241282931	0.260494506652378	18	2	0.184792658374191	0.291143824877369
b33d425d0b70dba53c7d232b64449c43	SampleType	Sample	-0.282407151817938	0.192171249725895	18	2	0.161069653136468	0.291143824877369
X646f7978424f8bfc6de2008e0ff43db1	SampleType	Sample	-0.376629030324043	0.274717940221593	18	2	0.189310829165309	0.291143824877369
X36fe616fa0d59083ef02eaf5e817d31c	SampleType	Sample	-0.38256348124808	0.280163746138585	18	2	0.190987385139794	0.291143824877369
bd872b094f31d06c830ff1016ec66448	SampleType	Sample	-0.323617401614878	0.22715996566742	18	2	0.173479295084966	0.291143824877369
d34aa57cb18b50d7dec25bbdb3200e21	SampleType	Sample	-0.321954824859232	0.225707733170815	18	2	0.172967507268936	0.291143824877369
X0baf550ffae3e4955158fed97e629300	SampleType	Sample	-0.672753955338034	0.396346016825433	18	3	0.108985105766309	0.291143824877369
ac4f6bd6fac7b687f6b9d7214b14681d	SampleType	Sample	-0.314693596781377	0.219400178754788	18	2	0.170732591678293	0.291143824877369
X7fc8641dcbd90f5be7b49d17ac6f0301	SampleType	Sample	-0.600975767330762	0.325709165956949	18	3	0.0836093829690447	0.291143824877369
X0a5160b4a1a8df4b0010d1ad508a9302	SampleType	Sample	-0.35463095954471	0.254721721412214	18	2	0.182902612815525	0.291143824877369
X088f17c76f837f6944c3ec273f05999c	SampleType	Sample	-0.339588421397389	0.241248768650953	18	2	0.178372573814907	0.291143824877369
X4ca2a4c80e5d25587b692c5db7866734	SampleType	Sample	-0.263517478000961	0.177030702109899	18	2	0.156052901511546	0.291143824877369
X4ae1ffed1d5102ad4dba1d14f7926c93	SampleType	Sample	-0.475615925073926	0.252937181728715	18	3	0.0783890102368681	0.291143824877369
a71326dceca6d4dec52c7bd103d0823d	SampleType	Sample	-0.234133659967377	0.155122317916064	18	2	0.150703385197829	0.291143824877369
X613d44ed5edeb1e2709704423332b97a	SampleType	Sample	-0.285257029399313	0.194512450114819	18	2	0.161884485750834	0.291143824877369
b66871c7201ab2bd28e6ab0ce8c8d804	SampleType	Sample	-0.548212754461071	0.289669401134893	18	3	0.0766542358610538	0.291143824877369
bcf4aa6c012e2f4fb1b529bc3f65303b	SampleType	Sample	-0.454667635965696	0.236678542846662	18	3	0.0727282172883936	0.291143824877369
X0203071eec9fbf6b50796c3f1861fede	SampleType	Sample	-0.454667635965696	0.236678542846662	18	3	0.0727282172883936	0.291143824877369
X6e0d62851fa171fc69b3a5bccca4100d	SampleType	Sample	-0.631463618175638	0.351441867244233	18	3	0.0912722178726693	0.291143824877369
d6d7cc03e96fd20e295d12f1cd26efb7	SampleType	Sample	-0.518570741548291	0.271498181277676	18	3	0.0742223733776373	0.291143824877369
X35b40e15d247ea9cacd5854752ef3865	SampleType	Sample	-0.356196907913034	0.256134316338761	18	2	0.183368032557549	0.291143824877369
X1147db6099a5e266ec1f79df7984daae	SampleType	Sample	-0.264883735149537	0.178101760623424	18	2	0.156387204215533	0.291143824877369
X6c89a420739b7b25f307b4e767f17bda	SampleType	Sample	0.383744086704969	0.281249498101894	18	2	0.191318088906869	0.291143824877369
a4eaea0f66b52319ff4582f90558249e	SampleType	Sample	-0.274592587983927	0.185824433693491	18	2	0.158902333562793	0.291143824877369
X1442f9f4211960b9343fc5e912531d4c	SampleType	Sample	-0.315143814832668	0.219789554112333	18	2	0.170871043727171	0.291143824877369
X3572caed1830e20a0c0628337ec51a8e	SampleType	Sample	-0.526557697288857	0.28462679311595	18	3	0.0828710733591853	0.291143824877369
d18532349d359d8f6b90f843ba48704c	SampleType	Sample	-0.266790739824903	0.179603428914572	18	2	0.156862637714271	0.291143824877369
X77a0859b4d79659c5b484ce4b1ba6aee	SampleType	Sample	-0.27791422830483	0.188508723925019	18	2	0.159810383729331	0.291143824877369
X02c728ca69a5f2209e9718ed1f2b1b7a	SampleType	Sample	-0.234323403551637	0.155255867334832	18	2	0.150722690778632	0.291143824877369
a4582fc7814303906c1ad746ad8580f2	SampleType	Sample	-0.222931076499239	0.147456005378138	18	2	0.150071212691407	0.291143824877369
X547aad58c6b3dba2d873dfd7ff94b29f	SampleType	Sample	0.352694866759751	0.252977726542317	18	2	0.182325426007997	0.291143824877369
e2143e956bf1646e08b3fb1f019e01e5	SampleType	Sample	0.514542287386579	0.292472615104806	18	3	0.0976340406370488	0.291143824877369
d9907b77778d78e4ef54f0b8d3392536	SampleType	Sample	0.24256988305861	0.161169026739612	18	2	0.151791971276159	0.291143824877369
X660f037912cf1484e9e84a9457b6e87d	SampleType	Sample	0.267632071993627	0.180268371432632	18	2	0.157075509465037	0.291143824877369
a381f0333e4b087bbf5bf606bcb0a631	SampleType	Sample	0.288283910361551	0.197013738507592	18	2	0.162761755948598	0.291143824877369
b4249fb415d7213bbc9f971fa8329eaf	SampleType	Sample	-0.236062715560429	0.156485477170996	18	2	0.150911445968133	0.291143824877369
X95e853895daa131528b8a4a5168f4553	SampleType	Sample	-0.365569511040607	0.264625145101697	18	2	0.186125341966774	0.291143824877369
X56ef8b6c9e339650443b598aa4ea0d68	SampleType	Sample	-0.34750772283386	0.248319279353191	18	2	0.180769975972664	0.291143824877369
d7606b1b69ebcd2cd7c8e51357eca942	SampleType	Sample	-0.388363251977983	0.199091907946921	18	3	0.0688358353814971	0.291143824877369
X5c9dcd2e2fd40c579f5a1d820816f38b	SampleType	Sample	-0.32339618037578	0.226966566184266	18	2	0.173411206200872	0.291143824877369
X0dfc4203b5c713f04df0ceaaf4966ec7	SampleType	Sample	-0.244151517204837	0.1623264052149	18	2	0.152043854932512	0.291143824877369
X7c26fa0cd89172f5fe187c60f59365ce	SampleType	Sample	-0.617229748648118	0.33376398050703	18	3	0.0829759791272851	0.291143824877369
ef656117608452aef9b85789edb180f7	SampleType	Sample	-0.489344696455647	0.254266545296448	18	3	0.0722585261539748	0.291143824877369
d2fa25011d85b508df00a726d7c328e9	SampleType	Sample	-0.622696658635144	0.346625190666998	18	3	0.0913256595798057	0.291143824877369
c726de9b217fb68c45850f14b09ed4bc	SampleType	Sample	-0.476997817030583	0.246661595955523	18	3	0.0710262251665109	0.291143824877369
ab490fa500fee3d905e96b58698a458d	SampleType	Sample	0.299343429644988	0.206272657514647	18	2	0.166047686068482	0.291143824877369
X3daf1be9fe5fe47c51b69a4af98e35c7	SampleType	Sample	0.271581691964702	0.183409296920883	18	2	0.158098508930965	0.291143824877369
e38b65f002bc5a4d64d6ab5498122171	SampleType	Sample	-0.64374974739778	0.363549991809097	18	3	0.0956515526604563	0.291143824877369
X4ff181a3f5e1ea58fc07050c2b0efb1f	SampleType	Sample	-0.239550508845359	0.158979863047206	18	2	0.151350852598306	0.291143824877369
X60a7e60559dbceb021c1c662e51d6337	SampleType	Sample	-0.261164199033322	0.175195510433811	18	2	0.155490242962354	0.291143824877369
c03e4901371ca11c16ad52c309e50746	SampleType	Sample	-0.379412973214498	0.277270154754562	18	2	0.190100262124755	0.291143824877369
X0e78cbe5988d7732d116cd56cd7b506f	SampleType	Sample	-0.269903448288196	0.182070829908547	18	2	0.157659222318967	0.291143824877369
fb300ec6e47fe7b05bbf48a2cbe98a50	SampleType	Sample	-0.279207275619052	0.189559124369225	18	2	0.16016935567498	0.291143824877369
b5cbd99e0d0dece4faded569d9a852f5	SampleType	Sample	-0.37997289735333	0.27778400991153	18	2	0.190258414379625	0.291143824877369
e988df020650ba4fa08fd082e3c3863d	SampleType	Sample	-0.254465035938347	0.170041092999002	18	2	0.153990553297498	0.291143824877369
X52dc6b2aae11c8eecceee07d4fda716a	SampleType	Sample	-0.256799089125086	0.171824845909954	18	2	0.154494672044158	0.291143824877369
eb97ad0381fbfa52d3247ce42d9ffc56	SampleType	Sample	-0.486902780377565	0.255022808126241	18	3	0.0743296343105377	0.291143824877369
X44e18d0ce348316e4221d64af6f18940	SampleType	Sample	-0.322463557634156	0.226151794976992	18	2	0.173124124489348	0.291143824877369
e66bce03a6e2a3cc0f6eb240109e8fe5	SampleType	Sample	-0.327313876427509	0.230398963480528	18	2	0.174616326205895	0.291143824877369
b4154677c5f887540c422878cd57bc88	SampleType	Sample	-0.323450650722079	0.227014181384761	18	2	0.173427971743603	0.291143824877369
X400e5f2639e6da6abc90c5a47f898bcb	SampleType	Sample	-0.62884328073466	0.374258562057438	18	3	0.112326825398506	0.291143824877369
X083d935cb39a03e212ea0451169b39d9	SampleType	Sample	-0.263265721126365	0.176833784714265	18	2	0.155991898498621	0.291143824877369
be0a463b9b8fa3223ed2f4a8c493bcbb	SampleType	Sample	-0.708389915383585	0.301624180257807	18	4	0.0320252781764483	0.291143824877369
fd89207bf45e5e879b8e3ceb4d403bc5	SampleType	Sample	-0.359314886458744	0.258952203686223	18	2	0.184290815638833	0.291143824877369
X59b47b5ef7e7d0502ca7c273d1db5243	SampleType	Sample	-0.2964118627856	0.203800894211498	18	2	0.165166476209276	0.291143824877369
c9775f8b970777ac1fd071283827206d	SampleType	Sample	-0.27141560000779	0.183276582528753	18	2	0.158054743693668	0.291143824877369
X3af01333df84d1ea96032122fbad9da6	SampleType	Sample	-0.259557958911365	0.173950056292517	18	2	0.155116322342978	0.291143824877369
X0177d58694b2218e4886491dca312897	SampleType	Sample	-0.679337225557916	0.371710201874915	18	3	0.0863193727842756	0.291143824877369
X899b618f4fb49627799d29c0668111eb	SampleType	Sample	-0.425898260966012	0.217900515271375	18	3	0.0683403332649423	0.291143824877369
X1978e29accad0b7c95a8f9f0f28e879a	SampleType	Sample	-0.492208031645784	0.255850543977825	18	3	0.0723554066351865	0.291143824877369
ec314aba66b78fa2ca92440b38922c81	SampleType	Sample	-0.308847586853097	0.214365839091691	18	2	0.168938405869622	0.291143824877369
X1f52108e16c3b65aa1b61371989f0644	SampleType	Sample	-0.334899281701657	0.237087507550796	18	2	0.176942293235592	0.291143824877369
X3dc0d3f2f4424ee33908caeb7f8480a1	SampleType	Sample	-0.371750610526244	0.270256621700286	18	2	0.18791523515785	0.291143824877369
X6e6e629713cd470092c69ead1d46de92	SampleType	Sample	-0.293823786501754	0.201628987664393	18	2	0.16439403520028	0.291143824877369
X21760a333b5059573c43b946d48992f5	SampleType	Sample	-0.290332925852774	0.19871525897328	18	2	0.16336177237865	0.291143824877369
ca354666925c08a4a2b37d644d5135ad	SampleType	Sample	-0.287033013375209	0.195978251857773	18	2	0.162397832099907	0.291143824877369
b30f33e7f8d5941dd3a2ca6e663c83cb	SampleType	Sample	-0.301935394812133	0.208468011251374	18	2	0.166831537583224	0.291143824877369
af33689a0594178ed9903aad62e08603	SampleType	Sample	-0.438124093347064	0.233013076554182	18	3	0.0784057545412176	0.291143824877369
X79db53c59bc4e94f032ac4f30bf98818	SampleType	Sample	-0.311273849235861	0.216450282251887	18	2	0.169682081134591	0.291143824877369
X4f449cdd1c1768ccfd6fcc917a69370e	SampleType	Sample	-0.248370167226948	0.165447804274892	18	2	0.152779975614027	0.291143824877369
cdccb65bd084f58ebd07160be430a513	SampleType	Sample	-0.361158472587813	0.260621568471961	18	2	0.184833900110765	0.291143824877369
X84f755fb2675cf60389b033d286d0123	SampleType	Sample	-0.300992418023597	0.207668266664818	18	2	0.166545900610282	0.291143824877369
X95946ad944e029725dc3274ad02ff2f2	SampleType	Sample	-0.610152468603101	0.33611715010242	18	3	0.0882671769915089	0.291143824877369
X2bc1da40a7e131f3025e3e45a19583da	SampleType	Sample	-0.527523646197273	0.306565434570243	18	3	0.104572245544639	0.291143824877369
c124e64ca29884b2bc497ddaaefc6b24	SampleType	Sample	-0.236062715560429	0.156485477170996	18	2	0.150911445968133	0.291143824877369
X67732ad03f4c1673ef8ae18d71514d85	SampleType	Sample	-0.223788170590543	0.148026620668055	18	2	0.150080746800673	0.291143824877369
X025c2b90f2e5a237e757bf08fa34d059	SampleType	Sample	-0.233091997921399	0.15439124907979	18	2	0.150602033529506	0.291143824877369
b904101d9b3285e0f74148f90ebb212e	SampleType	Sample	-0.257802266958786	0.172595538433558	18	2	0.154717596257754	0.291143824877369
X16ceadb53c6047c58605253611a5b74a	SampleType	Sample	-0.475318799040779	0.246553683420673	18	3	0.0718159159690068	0.291143824877369
X32a169650f30fa72f90a5ed2d61ca8ef	SampleType	Sample	-0.27350583469846	0.184950698071847	18	2	0.158609972351525	0.291143824877369
f5decf63c7c6dc6c0cebd1a247f663b4	SampleType	Sample	-0.308433320711693	0.214010656101738	18	2	0.168811602360586	0.291143824877369
fcb72637b1596eb873785a4f827352a9	SampleType	Sample	-0.378832323727492	0.190612427552203	18	3	0.0642673925573133	0.291143824877369
X2eb740567725e3a55a20514c37ad99fa	SampleType	Sample	-0.438531573653029	0.224913154981509	18	3	0.0689501173844827	0.291143824877369
X9d916c60f2230ace5f930e80c9d0b64d	SampleType	Sample	-0.363083664748325	0.262367317320145	18	2	0.185398950645727	0.291143824877369
cb1dce3b2a0103214a3a860dca1ccf48	SampleType	Sample	-0.434929187242765	0.226677496065298	18	3	0.0730411926315025	0.291143824877369
X06c877479e717126e0084863c4217aff	SampleType	Sample	-0.560054951667034	0.310520561208294	18	3	0.0901550404704942	0.291143824877369
a5495f16a116cb94bd99654c8609cd8a	SampleType	Sample	-0.231526049553078	0.153298979158906	18	2	0.150464807849302	0.291143824877369
X97bf531e0cd31993418d2c8733e78957	SampleType	Sample	0.276851260250809	0.187647496699364	18	2	0.15951752265462	0.291143824877369
X15048c632eb7eee5ff9aa840727346c8	SampleType	Sample	0.384116852167117	0.281592473008021	18	2	0.191422307984139	0.291143824877369
X9aa296767a9426c1aacbb5933dd950b7	SampleType	Sample	0.235694815592139	0.156224581858157	18	2	0.150869773521209	0.291143824877369
X78646a636982351db5a81df18327c4cb	SampleType	Sample	-0.342637160664191	0.243964570132115	18	2	0.179298467924965	0.291143824877369
ae4a962df8aa20f759ba5233379dab05	SampleType	Sample	-0.32066243371847	0.224580866830664	18	2	0.172569601062566	0.291143824877369
X9d695b388197870622ff4adcc373172e	SampleType	Sample	-0.570805306470474	0.304348761573748	18	3	0.0790933167990428	0.291143824877369
a4f7266fe540bb1ee1c201b759d79cb9	SampleType	Sample	-0.330218463116241	0.232953633544466	18	2	0.175508417471284	0.291143824877369
X9e35a91315e887d384670ff7f53f996b	SampleType	Sample	-0.299895340761756	0.206739347967311	18	2	0.166214247486256	0.291143824877369
X0ee57eca9a1f9789070b6e6903ce5515	SampleType	Sample	-0.276348279936508	0.187240699682299	18	2	0.159379674658845	0.291143824877369
f2975bedf68cef364451f58690edd972	SampleType	Sample	-0.233487075789451	0.154668107220342	18	2	0.150639543989545	0.291143824877369
aeb7e96db39c01c7ce5d3286507389d1	SampleType	Sample	-0.262446315415026	0.176193834735906	18	2	0.155794672463154	0.291143824877369
X8c66a56d6445fc4249f6e643f3bc1550	SampleType	Sample	-0.391739535944652	0.199154844531587	18	3	0.0667714328789211	0.291143824877369
X6bee62d2996e65c65393b72d461a64c5	SampleType	Sample	-0.316018725985844	0.220546891737409	18	2	0.171140172863033	0.291143824877369
f7c31cb847552a170ab15724fb9e7a78	SampleType	Sample	-0.456438243324966	0.237660727772626	18	3	0.072794052555372	0.291143824877369
ea0a665cb23ea1487f199e0912b5afa3	SampleType	Sample	-0.484349725317533	0.255110359563514	18	3	0.0758059930848465	0.291143824877369
ada77d7c528c685797d3e35dfa4ec4e2	SampleType	Sample	-0.858369796482024	0.49170814801023	18	3	0.100034633193852	0.291143824877369
X5d5518ee9f2f48af6919c57895c9e1a2	SampleType	Sample	-0.298756466430472	0.205776790246572	18	2	0.165870765256105	0.291143824877369
b675870efae610c3f4938e307ae75ace	SampleType	Sample	0.267801910521626	0.180402781093874	18	2	0.157118705802598	0.291143824877369
X99a1f895a83b9b6e3e1efe040996dd3c	SampleType	Sample	0.297643090151563	0.204837531607028	18	2	0.165535823491331	0.291143824877369
X9438253f42a71df4073e536bfc595262	SampleType	Sample	0.263813037901508	0.177262058177219	18	2	0.156124758718526	0.291143824877369
X7fd362e2316340927ce6e6c5f62b5b4a	SampleType	Sample	0.274939482279059	0.1861038047002	18	2	0.158996164877582	0.291143824877369
X788eab5c74943e4432df5819b7d1e4f5	SampleType	Sample	-0.300763421211404	0.20747423457797	18	2	0.166476613149137	0.291143824877369
X2daba14542270de8af1a229f9c1d8e96	SampleType	Sample	-0.334805297768001	0.237004305339157	18	2	0.176913557966194	0.291143824877369
c4323bc7734233fad833cecccda862c1	SampleType	Sample	-0.390384517680453	0.287370353380902	18	2	0.193160282406079	0.291143824877369
X5383023706686d070b5aa912b993ac4d	SampleType	Sample	-0.33644820355043	0.238459892985131	18	2	0.177415504367703	0.291143824877369
cb7210034747c0f0faf490d26a023fb2	SampleType	Sample	-0.322463557634156	0.226151794976992	18	2	0.173124124489348	0.291143824877369
f615665045ffdd17723a0b1bb52bb3a7	SampleType	Sample	-0.606921529167162	0.325767223519519	18	3	0.0809170935350819	0.291143824877369
babc15ef489f69c2172e6745ba1a0602	SampleType	Sample	-0.407459630437179	0.206367837405993	18	3	0.0658518689053276	0.291143824877369
d39d66fe68f111a2b7c499c1292f3391	SampleType	Sample	-0.37532621116504	0.273525117263517	18	2	0.18893963659811	0.291143824877369
X6e34ba806220ef26bdb757ff1d853bbb	SampleType	Sample	-0.500486752605455	0.261452912539836	18	3	0.0736462371876426	0.291143824877369
a0d8cb3d49c7fdc2bc56a30d520ac3ba	SampleType	Sample	0.72119168945164	0.42338956199096	18	3	0.107839415215894	0.291143824877369
a51911fb468aee7787ca8edf2ad66641	SampleType	Sample	0.282554928839583	0.192292312325334	18	2	0.161111617685601	0.291143824877369
X17c9bb792a4f80cb3e46cf027da1f7a1	SampleType	Sample	0.389255261380391	0.286327820766683	18	2	0.192849164904254	0.291143824877369
X00d907178259792a49275a408ae8c9a7	SampleType	Sample	-0.29039698401735	0.198768559133007	18	2	0.163380604676619	0.291143824877369
X37bc5e021411d3a305567ba85af5189c	SampleType	Sample	-0.281972763442992	0.191815604789359	18	2	0.160946489460244	0.291143824877369
a18c4409ecc0401985352c0d4c822c0a	SampleType	Sample	-0.65142574356535	0.387077744594764	18	3	0.111795987299596	0.291143824877369
a07f40c5bcd2bb90cbf51a123aad2a9b	SampleType	Sample	-0.426786752738258	0.219511758499388	18	3	0.0696625245879555	0.291143824877369
X69422b7b2f46c07e962ba72de0aae18f	SampleType	Sample	-0.284139955547767	0.193593138384404	18	2	0.161563729804343	0.291143824877369
d74a42db43fa00c9b5fd18a699dfe31a	SampleType	Sample	-0.552947945141257	0.30053375426699	18	3	0.0844119598272771	0.291143824877369
X5d29ff3c1bc78a41f5474aaaf2ec2b2d	SampleType	Sample	-0.274940723175038	0.186104804462516	18	2	0.158996500961469	0.291143824877369
c028abebf72a0da395671bbdfff07526	SampleType	Sample	-0.31510725305473	0.219757924639345	18	2	0.170859799134852	0.291143824877369
X2f016782913adf6eeb9876a5a560d259	SampleType	Sample	-0.378296928804066	0.276246469514724	18	2	0.189784407176388	0.291143824877369
X6c63b911ac5b35100ec6212e1022797e	SampleType	Sample	-0.247039873708498	0.164458227378758	18	2	0.152538190191529	0.291143824877369
X8bfff418acc3764f3dc495be46892cd8	SampleType	Sample	-0.265845017618737	0.178857755676962	18	2	0.156625609285038	0.291143824877369
X7b6e4fa000fd92db785bade37fb0a3ee	SampleType	Sample	-0.333857619655681	0.236165795715668	18	2	0.176623673150704	0.291143824877369
c83d2ce35a444c9525d3fad3e6e4031e	SampleType	Sample	-0.273582896581271	0.185012580475648	18	2	0.158630622800866	0.291143824877369
X670b5fb6922d179293b573c5be8c5259	SampleType	Sample	-0.30235159628811	0.208821374585358	18	2	0.166957767694701	0.291143824877369
X22ae645a157aec8b6155a18d43cdb5d0	SampleType	Sample	-0.281509358162468	0.191436561215994	18	2	0.160815416388203	0.291143824877369
X0235908e860abd3b825d80e0ce98c192	SampleType	Sample	-0.461828607780978	0.239362317942656	18	3	0.071608425775574	0.291143824877369
X505ec6e2430109723636bb810ffd952f	SampleType	Sample	-0.54990729068022	0.291360837614571	18	3	0.0773868105616607	0.291143824877369
be7f3c4d44c344f8568dc2816c5c33c4	SampleType	Sample	-0.236086043255044	0.156502034439936	18	2	0.15091411940209	0.291143824877369
X713ad44fec99a94347b8669089a89fb2	SampleType	Sample	0.256463599274076	0.17156764179726	18	2	0.154420941701561	0.291143824877369
d5c44c38bc9de410d5eee59d0060ed11	SampleType	Sample	-0.25292023174953	0.168867887618196	18	2	0.15366867108515	0.291143824877369
X6b660bfa2adc1538f39735ac00f02be8	SampleType	Sample	-0.231526049553081	0.153298979158905	18	2	0.150464807849298	0.291143824877369
X20522ceb1d272e490d325475e8598636	SampleType	Sample	-0.385811783941413	0.283152899367951	18	2	0.191894981040327	0.291143824877369
faae80103cd50dae2d8042de33582e44	SampleType	Sample	-0.349584959712275	0.250182297348837	18	2	0.181394399931032	0.291143824877369
X8b8f3e5c8011451b06f709f94748a9cc	SampleType	Sample	-0.777477067568503	0.330143149212595	18	4	0.0316231951735196	0.291143824877369
dd9d90d64a48fb425f6288b5a9b9d271	SampleType	Sample	-0.388741611898027	0.285853836119697	18	2	0.192707356239189	0.291143824877369
X4670acec08347602ebeb94f1f3c7df49	SampleType	Sample	-0.792048912130226	0.443315340713418	18	3	0.092954090757988	0.291143824877369
X23bde58efc6d528831dbde37f796fc77	SampleType	Sample	-0.249882318946544	0.166578424062794	18	2	0.153065025720731	0.291143824877369
X6f8b94f3403a953250377eb4d16f2c93	SampleType	Sample	-0.249882318946544	0.166578424062794	18	2	0.153065025720731	0.291143824877369
X2cf2db82f4fafe0e844212bb994e4c37	SampleType	Sample	-0.24057849161569	0.159722150943241	18	2	0.151494979123359	0.291143824877369
X0bcfd28b6c34df3128dae1d6e7bb6063	SampleType	Sample	-0.233091997921402	0.15439124907979	18	2	0.150602033529501	0.291143824877369
X5f400aaa7d2100085f17350fe933571d	SampleType	Sample	-0.223788170590547	0.148026620668055	18	2	0.150080746800665	0.291143824877369
X8f4bc2967e57738517ab4f2a5bf648a5	SampleType	Sample	-0.233091997921402	0.15439124907979	18	2	0.150602033529501	0.291143824877369
X579916d9c7468265a84433c9af1ced4a	SampleType	Sample	-0.571151740846344	0.30465750782136	18	3	0.0792041519994108	0.291143824877369
f742c1ca801abfd25e85b5e52beabe12	SampleType	Sample	-0.292038077554599	0.200136196453599	18	2	0.163864508174104	0.291143824877369
c754dbd976908b5c46eb86ff94981f48	SampleType	Sample	-0.322798100372246	0.22644395838407	18	2	0.173227109638909	0.291143824877369
dd6cf3323a34f6790958ac9cd497b252	SampleType	Sample	-0.43547515985168	0.223395967096256	18	3	0.0690065511321432	0.291143824877369
b01e7fc5bbd39fdae815336458f9e1df	SampleType	Sample	-0.260752094645722	0.174875409873655	18	2	0.155393501423496	0.291143824877369
baba9b9c68fc72c487811a009145921c	SampleType	Sample	-0.290472129186275	0.19883109242575	18	2	0.163402701943104	0.291143824877369
X3f6a7f2ee1ecc26d840a0566bc20f4a6	SampleType	Sample	-0.38875243836184	0.285863825132865	18	2	0.192710347114687	0.291143824877369
X846ec3c235e6f9d2f2a807987df4ba18	SampleType	Sample	-0.367910200236194	0.266754837175572	18	2	0.186805923972076	0.291143824877369
X47bbe3d1f7dced1366ced24fa8160a51	SampleType	Sample	-0.367910200236194	0.266754837175572	18	2	0.186805923972076	0.291143824877369
X4c4b42b638c4aaddb4f509c3289a4f88	SampleType	Sample	-0.598927281133676	0.320880006878916	18	3	0.0804060096501881	0.291143824877369
X27d632869b37c43f100b687b26d8ebb1	SampleType	Sample	-0.250177943290482	0.16680016566003	18	2	0.153121983403872	0.291143824877369
b3fc3a5fab91bc48d7cfaed40a2efb2f	SampleType	Sample	0.347198557089934	0.248042287827351	18	2	0.180676872064061	0.291143824877369
b33e81186db8e1891f0a081a0989f567	SampleType	Sample	0.292918853882011	0.200871897653271	18	2	0.164125317805674	0.291143824877369
X4305d958e4ba2bbe32e4d93414c5b030	SampleType	Sample	0.330926052796288	0.233577218491097	18	2	0.175725500620101	0.291143824877369
e08f3b6a20d4d52b99ba46c0a8b08853	SampleType	Sample	-0.236062715560429	0.156485477170996	18	2	0.150911445968133	0.291143824877369
X8a3e0e442732d383d0379170c8921583	SampleType	Sample	-0.29033292585278	0.19871525897328	18	2	0.163361772378642	0.291143824877369
abc464b726bc61742ffc33d25ba14868	SampleType	Sample	-0.577031622812321	0.312140959124621	18	3	0.0830782068156495	0.291143824877369
ab8c184a457e2e37a8769fbb84da6bda	SampleType	Sample	-1.02523514236057	0.602696231059555	18	3	0.108277470537465	0.291143824877369
d3a812eefb5b82856faeed3a5f09543d	SampleType	Sample	-0.33176738496501	0.23431928913994	18	2	0.175983474997068	0.291143824877369
X370458a6e5d47deb342d9a93a8fb3c87	SampleType	Sample	-0.266771551551549	0.179588280817851	18	2	0.1568578045557	0.291143824877369
X09af3ff0b1e120c4dbec7070f41749bb	SampleType	Sample	-0.257467724220694	0.172338259646509	18	2	0.154642849899824	0.291143824877369
X5a2ba2a7dd535a52fdbfe700c977f5e2	SampleType	Sample	-0.226630615828595	0.149938520239053	18	2	0.150161570578018	0.291143824877369
c64081426b51d911157ecc71f1d60254	SampleType	Sample	-0.279207275619051	0.189559124369225	18	2	0.160169355674982	0.291143824877369
X97bac283872a5ed4d111c7ccd501c9e1	SampleType	Sample	-0.279207275619051	0.189559124369225	18	2	0.160169355674982	0.291143824877369
X5b1db407f5ea3d46201e266783fb75fe	SampleType	Sample	-0.344203109032513	0.245362549683722	18	2	0.17977265498223	0.291143824877369
f68adb968d3defb0dcfb477af2423417	SampleType	Sample	-0.379972897353332	0.27778400991153	18	2	0.190258414379623	0.291143824877369
X542b81eea6e8f4394c400ea50728caa4	SampleType	Sample	-0.78060128999391	0.331233537464511	18	4	0.0315182045469733	0.291143824877369
X3f92f2ee84d125a070566d56f5243ea3	SampleType	Sample	-0.493927250036969	0.259248879155211	18	3	0.0748842443356076	0.291143824877369
af4284f48f70b616c18c7f92e746ebe5	SampleType	Sample	-0.228196564196919	0.151004333182282	18	2	0.150236894809615	0.291143824877369
X2dc750a9a7875680e70310e3df110f12	SampleType	Sample	-0.228196564196919	0.151004333182282	18	2	0.150236894809615	0.291143824877369
dcf90855f900dbcbf88786c4b92f0353	SampleType	Sample	-0.249038802322558	0.165946986291986	18	2	0.152904704019362	0.291143824877369
X753b4dc2d876d290cb706ede30db9e7c	SampleType	Sample	-0.366777711416121	0.265723991230363	18	2	0.18647705608543	0.291143824877369
X1fc6038566a3fe945ef1f2e8d2e3720b	SampleType	Sample	-0.942406744105445	0.542537382450138	18	3	0.101589572507447	0.291143824877369
b18891d116af7499419f48a76b0f7ce4	SampleType	Sample	-0.246431532631872	0.164007301346933	18	2	0.152430520760728	0.291143824877369
X45fe77084b7666843b7360d53e41e585	SampleType	Sample	0.246227063333359	0.163855969260228	18	2	0.152394749174582	0.291143824877369
f722dcba200bb3a1156aaabbca44cf3f	SampleType	Sample	0.256481679043182	0.171581495802409	18	2	0.154424904435745	0.291143824877369
f46710ef4ea9978afe86a3768878a083	SampleType	Sample	-0.225337092439316	0.149064784228044	18	2	0.150115617763366	0.291143824877369
ef912097dec066a2d420ba60c47700df	SampleType	Sample	-0.330739402194684	0.233412680446463	18	2	0.175668247779201	0.291143824877369
X423a6ba26f379a2254469c2ff419e874	SampleType	Sample	-0.368615605460984	0.267397346662037	18	2	0.187010371222587	0.291143824877369
X5f1d96402665d1dfc732d7d2b4139ff7	SampleType	Sample	-0.364031342860644	0.263227583371386	18	2	0.185676304313879	0.291143824877369
de99583fb49cb2eb40d517f7b9b0cea1	SampleType	Sample	-0.299753729808746	0.206619563110189	18	2	0.16617149202774	0.291143824877369
X5980a3f516e79a1110fc04133d2e198e	SampleType	Sample	-0.336343465947962	0.238367024516134	18	2	0.177383528366309	0.291143824877369
X56ed7de2c854cc310994929f603dfead	SampleType	Sample	-0.310584090532323	0.215856972174833	18	2	0.169470499387791	0.291143824877369
X3b7a9cd6465d6e3f9848e68722e61f2e	SampleType	Sample	-0.319887917863174	0.223906405238488	18	2	0.172331132665097	0.291143824877369
X0be5ddee1ee0602c60bd1abae1b9a357	SampleType	Sample	-0.319887917863174	0.223906405238488	18	2	0.172331132665097	0.291143824877369
fefe0d4b9257f04bfb2ad354bcbddf3d	SampleType	Sample	-0.276348279936508	0.187240699682299	18	2	0.159379674658846	0.291143824877369
ddd0886c75fd295ce5c875749c89da3c	SampleType	Sample	-0.252823675764454	0.168794756623877	18	2	0.153648876427321	0.291143824877369
df27b1a9ab9f58763a926bbdd263b090	SampleType	Sample	-0.243519848433599	0.161863313479309	18	2	0.15194160694145	0.291143824877369
X033599ef385b6545343f118e8c6bd621	SampleType	Sample	-0.43660765390205	0.227858492614077	18	3	0.0733903184157552	0.291143824877369
X93e28de34083d7097276e33260c144f4	SampleType	Sample	-0.288784004004007	0.19742841169741	18	2	0.162907764726943	0.291143824877369
d827d9af2871540f7cab16583b2e260a	SampleType	Sample	-0.563293434518088	0.298842170521205	18	3	0.0777369364554634	0.291143824877369
bbea07c22a06e0349421ae1068a810ff	SampleType	Sample	-0.535381952525526	0.281627895420225	18	3	0.0754662809941829	0.291143824877369
d327aff7d4085738db2c81cd9ce17aed	SampleType	Sample	-0.470348849216188	0.243747675625191	18	3	0.0715762612866139	0.291143824877369
aa49d65ce13107851ab29f6c70218d76	SampleType	Sample	-0.389384687090662	0.286447273587659	18	2	0.192884867783599	0.291143824877369
c977c52de35d85ce8c0e195e5adeffdd	SampleType	Sample	-0.312150038900644	0.217204776278723	18	2	0.169951014532693	0.291143824877369
X89c4c931b8df3818d83fd03027313788	SampleType	Sample	-0.277914228304829	0.188508723925019	18	2	0.159810383729332	0.291143824877369
X63f9b9f1addaf1a09acd3b1ff70b51cb	SampleType	Sample	-0.277914228304829	0.188508723925019	18	2	0.159810383729332	0.291143824877369
X0c710eb7fbb5a3bd3c964a6d09504c11	SampleType	Sample	-0.231526049553078	0.153298979158906	18	2	0.150464807849302	0.291143824877369
X40c331c777bc43b243c4d79de73bf0bc	SampleType	Sample	-0.263693451463632	0.177168426240887	18	2	0.156095653470052	0.291143824877369
X6ff041bfd021e812ee176bb61f8e69be	SampleType	Sample	-0.55151919200248	0.308977793357333	18	3	0.0932337677089015	0.291143824877369
bfd8b860360279d26d351fbd978c75b8	SampleType	Sample	-0.27114180166926	0.183057925184664	18	2	0.157982734894573	0.291143824877369
X22b75787e76b645cea76e73dcb28c870	SampleType	Sample	-0.271452370136966	0.183305958704326	18	2	0.158064427232066	0.291143824877369
X225ce0aa5af7e0586844366ad61329e8	SampleType	Sample	-0.322463557634159	0.226151794976992	18	2	0.173124124489344	0.291143824877369
dc4eb35edbb7286689aacaf2746c5d13	SampleType	Sample	-0.256520046108375	0.17161089798182	18	2	0.154433317779125	0.291143824877369
c2158fb1d9879859738ad2b2f071e843	SampleType	Sample	-0.353337436155435	0.253556231490795	18	2	0.182517200034172	0.291143824877369
a8c95aaa5c528ed8373e76c450a293ef	SampleType	Sample	-0.231938153940679	0.153585632615873	18	2	0.15049912204907	0.291143824877369
X3ce6dab5eb5f562a9901b497ca0cb223	SampleType	Sample	-0.231809777070992	0.153496274403429	18	2	0.150488293207075	0.291143824877369
X01270cff9661a3426b6ab10f158a9d53	SampleType	Sample	-0.236016581199841	0.15645273752504	18	2	0.150906169691998	0.291143824877369
X5883bd269ab642f514c5b4e9c6dcfb4c	SampleType	Sample	-0.297753288596775	0.204930418676139	18	2	0.165568935859283	0.291143824877369
X842a8509fc404841ba450959bd54c2a3	SampleType	Sample	-0.240677403195551	0.15979374013973	18	2	0.151509182656484	0.291143824877369
fd8dcc2e344e4e4fa0ad7eb56708b8a3	SampleType	Sample	-0.240677403195551	0.15979374013973	18	2	0.151509182656484	0.291143824877369
X679b0fbd7203a5cb79f050d31ef5fcb6	SampleType	Sample	-0.417727098186238	0.214652687725974	18	3	0.0694290487205479	0.291143824877369
X583b482e1dd4729c78aa63d63f81cf0b	SampleType	Sample	-0.284139955547767	0.193593138384404	18	2	0.161563729804343	0.291143824877369
e9dfbb941ebf0f0ef1f249da71856cbf	SampleType	Sample	-0.722693215487364	0.436760212074652	18	3	0.117472318081989	0.291143824877369
X461161516b760f855c24142ff86dd5d0	SampleType	Sample	-0.299319236965096	0.206252210058148	18	2	0.166040389465859	0.291143824877369
f8bd535a4842cb81d008cebcad3068ea	SampleType	Sample	-0.263966352517733	0.177382143717626	18	2	0.156162134379524	0.291143824877369
X1504af06e90bc9cbf77f84e7b5be1cf9	SampleType	Sample	-0.248415282158084	0.16548144804762	18	2	0.152788324964679	0.291143824877369
e49d04cf0ee9e1c336a57e1325fbcca0	SampleType	Sample	-0.282574007179445	0.192307944496231	18	2	0.161117037780009	0.291143824877369
X06dd1a6f84c9a771bc74f00638ddce92	SampleType	Sample	-0.234261591644743	0.155212348692107	18	2	0.150716373436256	0.291143824877369
c0f42666a2f9f13096154dc4be41294b	SampleType	Sample	-0.582090276203241	0.325024850958518	18	3	0.0922433886492084	0.291143824877369
X1e4b2ebacbac113303a5847ab4b97689	SampleType	Sample	-0.2617317690538	0.175636996234733	18	2	0.155624370629946	0.291143824877369
X7e3100c33de05b5f7e8bd59c0f542762	SampleType	Sample	-0.292234790318675	0.20030040656651	18	2	0.163922692912428	0.291143824877369
a96043daefc12e39e9d88d0df43b8ae4	SampleType	Sample	-0.287064538826211	0.196004317612469	18	2	0.162406980550224	0.291143824877369
dbbaad5e2c1d461c2dbfcead07c1e871	SampleType	Sample	-0.60586106488469	0.325623981122	18	3	0.0812786106326822	0.291143824877369
X02563e8c37ac9dd04a23f78357ce7b8f	SampleType	Sample	-0.313411115571543	0.218292295440521	18	2	0.170338369190067	0.291143824877369
X1cbbb5132021edbfb40c6a30a7eef78a	SampleType	Sample	-0.352384830396907	0.176781320589472	18	3	0.0635617738268435	0.291143824877369
X5c3509926e66c71c86a456a7f8cdbe8a	SampleType	Sample	-0.505492046170685	0.269245219573385	18	3	0.0788117886004088	0.291143824877369
X27087974b602b3579b8068ad12fc2788	SampleType	Sample	-0.364520404662349	0.263671769492664	18	2	0.185819228984534	0.291143824877369
X02dfda34d09ea8c933137a22e099bc09	SampleType	Sample	-0.331767384965014	0.23431928913994	18	2	0.175983474997063	0.291143824877369
abdc193b8d8d7803d80210daeea7b806	SampleType	Sample	-0.29310924014053	0.201031078190426	18	2	0.164181790114413	0.291143824877369
ef8ba716003fe5fc397ec73fe55c8ba5	SampleType	Sample	-0.296241136877179	0.203657321834413	18	2	0.165115352485833	0.291143824877369
e391ee8c24d6cc05c1421e4e1bffe67a	SampleType	Sample	-0.344203109032513	0.245362549683722	18	2	0.17977265498223	0.291143824877369
X2a02fc2ff5c83a4b3758dcc2a03539e8	SampleType	Sample	-0.344203109032513	0.245362549683722	18	2	0.17977265498223	0.291143824877369
X5961deee948b0c9a8cc5c9f56bc75904	SampleType	Sample	-0.492649956832766	0.275829242506823	18	3	0.0930512632472035	0.291143824877369
X88343028a0533ad924971aefe16345c7	SampleType	Sample	-0.787689048900825	0.441819071408793	18	3	0.0935948610383969	0.291143824877369
X442333da2bc0d9c960dbd65bf0aa56e4	SampleType	Sample	-0.609073410772116	0.354191997217195	18	3	0.104783933525271	0.291143824877369
c31ed53472e25c92f89b47609d14d1e6	SampleType	Sample	-0.311737934513044	0.216849795858736	18	2	0.169824503381031	0.291143824877369
f68bfe9ab2aebf25c5b8f6fbb17fde68	SampleType	Sample	-0.355328759266241	0.255350964601473	18	2	0.183110166956234	0.291143824877369
X325d2982f3deb2bdffb1b57894d3a79f	SampleType	Sample	-0.269504364853398	0.181753374767738	18	2	0.157555739720022	0.291143824877369
a19e0613e1fe8ccd51a7cfa896a56da6	SampleType	Sample	-0.280154953731371	0.190330863091515	18	2	0.16043426525316	0.291143824877369
aab44d700bba9da38b462ccf6f3cc6a5	SampleType	Sample	-0.308515681847061	0.214081253877048	18	2	0.168836808014731	0.291143824877369
f2c9344c1bd46276bb8a92b2c591f9f0	SampleType	Sample	-0.487952111727795	0.257575131844325	18	3	0.0763921541273144	0.291143824877369
fa2be5ca357f37013e9ee0916a37ee7a	SampleType	Sample	-0.242668726306358	0.161241145271107	18	2	0.151807305913506	0.291143824877369
b6972265f7523833a6d2506716c46d71	SampleType	Sample	-0.364125326794302	0.263312931114782	18	2	0.185703781418495	0.291143824877369
X04e409caeecba088078e6888090b75c0	SampleType	Sample	-0.353255551095123	0.253482493248578	18	2	0.182492773133791	0.291143824877369
X41220084abba2e8c67eec4d807adde10	SampleType	Sample	-0.23179895060718	0.153488741048236	18	2	0.150487385728413	0.291143824877369
X5b5d1ec97169ccc344f0a813a3783089	SampleType	Sample	-0.403026391248292	0.203771200140901	18	3	0.0654340610995566	0.291143824877369
X285ff3624d398225f906408310d948be	SampleType	Sample	-0.573303622451298	0.345583779580793	18	3	0.11659829645863	0.291143824877369
f5941757183fbaf6ec24a95ae0721b7e	SampleType	Sample	-0.251949225942597	0.168133529509145	18	2	0.153471389692805	0.291143824877369
X71980433dfb22eb6c2526855a7837f98	SampleType	Sample	0.281308797175059	0.191272627032965	18	2	0.160758791451379	0.291143824877369
b627d991c3ed53517c1df26bfed9a694	SampleType	Sample	0.385744271718716	0.283090715163712	18	2	0.191876191398372	0.291143824877369
b53011a5ba5552c59e8e30b8f3f87b6e	SampleType	Sample	-0.308433320711696	0.214010656101738	18	2	0.168811602360582	0.291143824877369
b64290f95b5eaa92686e591c049ce2ba	SampleType	Sample	-0.309990291128155	0.215346663752788	18	2	0.169288452438536	0.291143824877369
cc0cf1af1451fd70504fa8be5cfb5a24	SampleType	Sample	-0.55079777955604	0.295758597137487	18	3	0.0810253241782816	0.291143824877369
X558ec72f064dccea6f3b3b5ef73f83ab	SampleType	Sample	-0.380461959155036	0.278232978550541	18	2	0.190396379291068	0.291143824877369
beeb5a368adf9ffbb4e5df83852bd9ae	SampleType	Sample	-0.227294001015732	0.150388963762585	18	2	0.150190893763439	0.291143824877369
X81da3d4118621f55db93ae1a1772ed8e	SampleType	Sample	-0.357672680309101	0.179398502234733	18	3	0.0635146582756558	0.291143824877369
e975d0696b4dfcc4e97ca0d73027c2d6	SampleType	Sample	-0.282047804143217	0.191877019374348	18	2	0.160967745562997	0.291143824877369
X5eccaf2cde8ecfdb0b77d6b56a721c83	SampleType	Sample	-0.38745939104762	0.284671230943459	18	2	0.192352557982434	0.291143824877369
f40715a2728e307ea0b89a608203a34e	SampleType	Sample	-0.260941838229977	0.175022744690864	18	2	0.155437975596985	0.291143824877369
X918213a61c52296ed831a4c6394cbae1	SampleType	Sample	-0.452182323406977	0.243757767781103	18	3	0.0821098994848695	0.291143824877369
b8818ac279be8955e905b14340cdd9e6	SampleType	Sample	-0.223788170590546	0.148026620668055	18	2	0.150080746800667	0.291143824877369
d746d5e91c9ffb41fb4c8a7738faa155	SampleType	Sample	-0.588003703555469	0.314174359163193	18	3	0.0796628455489929	0.291143824877369
X91b8797afa39e3331e6f2bc0bf46c4d1	SampleType	Sample	-0.264073734966625	0.177466282812664	18	2	0.156188353529784	0.291143824877369
X3ab4c252c5337289108cb9c927d281fe	SampleType	Sample	-0.264073734966625	0.177466282812664	18	2	0.156188353529784	0.291143824877369
df84a4157788c79a4d37598dcd8a55dc	SampleType	Sample	-0.27337756229748	0.184847717787155	18	2	0.158575626704823	0.291143824877369
X1ef7e216e476c29228201e0c54a01291	SampleType	Sample	-0.471062879122789	0.243101392930202	18	3	0.0705130766637598	0.291143824877369
a9a60734143701c23273987b5f58e4b5	SampleType	Sample	-0.359481278338063	0.259102774336417	18	2	0.184339909963144	0.291143824877369
X9414a3c2fad4bee30bec1600dac51718	SampleType	Sample	-0.359481278338063	0.259102774336417	18	2	0.184339909963144	0.291143824877369
da374e0db6838e1d611a51eb853eda94	SampleType	Sample	-0.456880168511948	0.246732638984284	18	3	0.0826101097446385	0.291143824877369
X87ad26623c0dba56c2ee6fefbfebcf1c	SampleType	Sample	-0.294803460909836	0.202449976820782	18	2	0.164685769690114	0.291143824877369
X59d9a7abd65dcdb286e4048decade86a	SampleType	Sample	-0.35791532996974	0.257686493073831	18	2	0.183877265479409	0.291143824877369
X4c049f5f72736abcbb2c2624517380d1	SampleType	Sample	-0.386790755952009	0.284054884977712	18	2	0.192167089679355	0.291143824877369
fa19f7351ee7be2b721582918d115626	SampleType	Sample	-0.386790755952009	0.284054884977712	18	2	0.192167089679355	0.291143824877369
X3ab3334da7564f9013674abd2fa5a67a	SampleType	Sample	-0.274046197393093	0.185384861127109	18	2	0.158755036725633	0.291143824877369
fceb78806a28b6f4d751852a48b90bdd	SampleType	Sample	-0.315645699035478	0.220223886848143	18	2	0.171025415773822	0.291143824877369
X8b1133a8798b1026006a1d0ba9904ea2	SampleType	Sample	0.3437001287182	0.24491329910631	18	2	0.179620454115434	0.291143824877369
X3535f7f200c5d5ecca78fb98caf7fb11	SampleType	Sample	-0.266694594137443	0.179527534895215	18	2	0.156838430333709	0.291143824877369
X408097d6e2cca1edc80b84672cc7f3b2	SampleType	Sample	-0.253226185975832	0.169099770986499	18	2	0.15373164893601	0.291143824877369
X87a559d866f08808245a788e7ca4cd22	SampleType	Sample	-0.370746027436579	0.269339725585806	18	2	0.187625952543893	0.291143824877369
X451530356a4779208f11d0945a18ba03	SampleType	Sample	-0.253620160743423	0.169398711705378	18	2	0.153813311567161	0.291143824877369
X390a69e2976e58bc04abb7d9ee01240c	SampleType	Sample	-0.433560509086868	0.225051174602045	18	3	0.071996266912706	0.291143824877369
X279f34268f2515424e0d2141e8b13cf0	SampleType	Sample	-0.600663798300103	0.356554195194063	18	3	0.111461713881283	0.291143824877369
X1136ba783ad7d58c97871fdc351396be	SampleType	Sample	-0.322463557634157	0.226151794976992	18	2	0.173124124489347	0.291143824877369
X71cb88488d9ac7c464a5cc401a427c99	SampleType	Sample	-0.242061282514165	0.160798388181098	18	2	0.15171394114065	0.291143824877369
X346deb0ef14447ae00d851b2e8928d54	SampleType	Sample	-0.232757455183312	0.154157214963689	18	2	0.150571170457736	0.291143824877369
X19c10586111e6731c8ceea3f050a085a	SampleType	Sample	-0.254497006581669	0.170065435910387	18	2	0.153997316211729	0.291143824877369
b956155bbafddaffce8baea04a1b6379	SampleType	Sample	-0.254497006581669	0.170065435910387	18	2	0.153997316211729	0.291143824877369
X4f17e00e836283cf226ae0a8c608daef	SampleType	Sample	-0.298087831334863	0.205212512128241	18	2	0.165669512391934	0.291143824877369
b1d802bebf2ce83150ed3d36a8b20c2a	SampleType	Sample	-0.385947239328025	0.283277672065226	18	2	0.191932670782033	0.291143824877369
aa2cb48d43823b3a8799d37216105ada	SampleType	Sample	-0.324029506002478	0.227520377191512	18	2	0.173606125693607	0.291143824877369
X5eccae679f523c276dd74eaeb1eab11b	SampleType	Sample	-0.277914228304829	0.188508723925019	18	2	0.159810383729332	0.291143824877369
cf4bf2af2f82fd8d62cc7f66b1e2a5ff	SampleType	Sample	-0.234323403551635	0.155255867334832	18	2	0.150722690778634	0.291143824877369
X57229b236682a5eb6f6d483aeccc902d	SampleType	Sample	-0.234323403551635	0.155255867334832	18	2	0.150722690778634	0.291143824877369
bfed34120de09c34795aacb1811ebc6d	SampleType	Sample	-0.342637160664191	0.243964570132115	18	2	0.179298467924965	0.291143824877369
X554d6082999fb3659c72ee8ce63e9dad	SampleType	Sample	-0.330529031583952	0.233227272422445	18	2	0.175603710314786	0.291143824877369
X72bf46f73b11570d5f922b61221a1ea9	SampleType	Sample	0.237604349566306	0.1575833662511	18	2	0.151095952237581	0.291143824877369
X482d8ae774ac6cd904817240e7bd195f	SampleType	Sample	0.384485248998235	0.281931502719106	18	2	0.191525212201817	0.291143824877369
d72434a4cfa6352bbbee0b44dabf52ff	SampleType	Sample	0.299343429644985	0.206272657514647	18	2	0.166047686068487	0.291143824877369
X2bfca5d2cdafdbae880e9d4408d0a4df	SampleType	Sample	-0.28123031514576	0.191208496537995	18	2	0.160736650554375	0.291143824877369
X2bf5788e9005dfcf09048c30b45a1acf	SampleType	Sample	-0.441160074019421	0.226922038603526	18	3	0.0696820141302348	0.291143824877369
f95e574139e4ef9fbd1e99bd14ed3858	SampleType	Sample	-0.537055295331691	0.283262419193054	18	3	0.0761734693458481	0.291143824877369
c19e112a1aba0e609d58756fb3e953de	SampleType	Sample	-0.290332925852778	0.19871525897328	18	2	0.163361772378646	0.291143824877369
X278d6b5195da371292457cc453870cfc	SampleType	Sample	-0.387281176324653	0.284506930024597	18	2	0.192303154463006	0.291143824877369
X2f976ad1e393204c65d94059c60b411e	SampleType	Sample	-0.299035509447182	0.206012466434237	18	2	0.16595484497973	0.291143824877369
X2b3e91fbf82d87b10f5f42cc7a3e5d5d	SampleType	Sample	-0.362253424199678	0.261614153042701	18	2	0.18515553515802	0.291143824877369
e91ecb4ab505026de0269de498d862b2	SampleType	Sample	-0.266771551551551	0.179588280817851	18	2	0.156857804555696	0.291143824877369
c728f17d89c44000e948804f606e76f6	SampleType	Sample	-0.266771551551551	0.179588280817851	18	2	0.156857804555696	0.291143824877369
a406c2b8294a7354b9771023a0e21ede	SampleType	Sample	-0.257467724220694	0.172338259646509	18	2	0.154642849899824	0.291143824877369
X16069742894c7e3850323cd8f5a0a688	SampleType	Sample	-0.233091997921402	0.15439124907979	18	2	0.150602033529501	0.291143824877369
ff48bd006bac814f0b6037229210c8df	SampleType	Sample	-0.279207275619051	0.189559124369225	18	2	0.160169355674981	0.291143824877369
X26a76be977eafc0c8a7c0191b4a4500c	SampleType	Sample	-0.379972897353334	0.27778400991153	18	2	0.190258414379621	0.291143824877369
f3b19ddbf220e46b9d79d953a0058608	SampleType	Sample	-0.370669070022477	0.269269511351517	18	2	0.187603765360963	0.291143824877369
a7c72901ac4d3ac35eab87689944244e	SampleType	Sample	-0.280235258389381	0.190396331963079	18	2	0.160456781817593	0.291143824877369
X1d78e1d3ed271399c223baccfa7707a1	SampleType	Sample	-0.357564710859366	0.25736962236223	18	2	0.183773493638561	0.291143824877369
X202ca7fc12e0228c7c1f8b32892ba503	SampleType	Sample	-0.233760633017015	0.154860108071894	18	2	0.150666184834149	0.291143824877369
X864267f12bedace19272af56224498c7	SampleType	Sample	0.351367965803261	0.251784101403731	18	2	0.181928762004285	0.291143824877369
fb09219c93280a38dd2bb1e397d202c4	SampleType	Sample	0.301003734253231	0.207677856905497	18	2	0.166549325362592	0.291143824877369
bd3c98414018840e815a928b59c5ab8b	SampleType	Sample	0.31225040774292	0.217291263003529	18	2	0.169981832202609	0.291143824877369
db25dc6453ccd3b50e3eae2a83420a7b	SampleType	Sample	-0.346505191575933	0.247421356541562	18	2	0.180467913982978	0.291143824877369
X51dddc392e5335f657bb74dddc928ece	SampleType	Sample	-0.705093183881839	0.403311714479117	18	3	0.0995770506919045	0.291143824877369
f1c4fae4d3afd95762c172b208854c81	SampleType	Sample	-0.261106880760134	0.175150965649724	18	2	0.155476754704353	0.291143824877369
X915f64eb1421db372692340267f9e1f4	SampleType	Sample	-0.4192351303526	0.219452766561773	18	3	0.0741768555558939	0.291143824877369
ea8ea4658945c047532c364ad921b892	SampleType	Sample	-0.300992418023595	0.207668266664818	18	2	0.166545900610285	0.291143824877369
X3bea8a0d7b694eeab820b099a822355e	SampleType	Sample	-0.323745778484565	0.227272220570868	18	2	0.173518806147217	0.291143824877369
X6e3cba92a4a92f821a6118aadb140df6	SampleType	Sample	-0.33116143990478	0.233784766572565	18	2	0.17579769215669	0.291143824877369
c3f1c3401e85d71062b1de18b681080b	SampleType	Sample	-0.280530386151869	0.190637034162637	18	2	0.160539622924053	0.291143824877369
e95366ceb57e338b6e07f2495b3ec033	SampleType	Sample	-0.228515916938446	0.15122275899277	18	2	0.150254828228989	0.291143824877369
eef441f4ea027dee17a7647c4e929f3c	SampleType	Sample	-0.321209925295538	0.225058020435304	18	2	0.172738168811145	0.291143824877369
X1c99875c8812a0888f9932d3b9eb87a7	SampleType	Sample	-0.245366542891285	0.163220349299274	18	2	0.152246540740798	0.291143824877369
X00537a64c6a3cbf93a8d624eda18aefd	SampleType	Sample	-0.236062715560429	0.156485477170996	18	2	0.150911445968133	0.291143824877369
X68d43e2b25f56c552360332be483e460	SampleType	Sample	-0.236062715560429	0.156485477170996	18	2	0.150911445968133	0.291143824877369
ddd819a4808fb77710b07f08f40f7744	SampleType	Sample	-0.257802266958785	0.172595538433558	18	2	0.154717596257755	0.291143824877369
X035d1ede0c281a0bb79044807b6112ef	SampleType	Sample	-0.257802266958785	0.172595538433558	18	2	0.154717596257755	0.291143824877369
X25c28dd60245fd5bedab4de6df6b7364	SampleType	Sample	-0.257802266958785	0.172595538433558	18	2	0.154717596257755	0.291143824877369
X27936f3e57951b3b9eb388e0dfe5c687	SampleType	Sample	-0.470386119112065	0.247185779745456	18	3	0.07519683125996	0.291143824877369
X8efcacbd79a88a2468e316f472d05ea2	SampleType	Sample	-0.299129493380841	0.206091868453961	18	2	0.165983175444772	0.291143824877369
X32ca3f38011bcef21476e0a3417196ae	SampleType	Sample	-0.376841000616684	0.190278645343065	18	3	0.0651127324387891	0.291143824877369
da146a19d27d60e52f4b0e5544af47a7	SampleType	Sample	-0.299129493380841	0.206091868453961	18	2	0.165983175444772	0.291143824877369
X89c1176c7746e7faab2ad4ca83e532e9	SampleType	Sample	-0.363083664748326	0.262367317320145	18	2	0.185398950645725	0.291143824877369
b316b5430fed7b5e4ed6e6f196c48c4a	SampleType	Sample	-0.353779837417471	0.253954704202424	18	2	0.182649112546585	0.291143824877369
X21563dfc294be86668639f830f5ad547	SampleType	Sample	-0.353779837417471	0.253954704202424	18	2	0.182649112546585	0.291143824877369
X0da86b8f1f43ec1405892b0de6f749c0	SampleType	Sample	-0.481590437549331	0.271938623316534	18	3	0.0956137536758748	0.291143824877369
fe13170b1bae7fd9fbb6c77d68f6ba07	SampleType	Sample	-0.288259717681661	0.196993688211762	18	2	0.162754699926067	0.291143824877369
X9aa717156435aae787b3ee93b2f18305	SampleType	Sample	-0.288259717681661	0.196993688211762	18	2	0.162754699926067	0.291143824877369
X27119a0ab08384d9541429b92dd977bb	SampleType	Sample	-0.306867372343373	0.212669976491417	18	2	0.168332807209562	0.291143824877369
X9a7c52336d55c0375afb32648b778f02	SampleType	Sample	-0.340675478254361	0.24221620444971	18	2	0.178703103182661	0.291143824877369
e5da10ba2c0654292b926ff132f60c7a	SampleType	Sample	-0.286025134217731	0.1951457702017	18	2	0.162106008433363	0.291143824877369
X0e55b71e81f550bde3df311a3bfa3a47	SampleType	Sample	-0.695914778875689	0.384275923293757	18	3	0.088960362044233	0.291143824877369
X00cc113eb7a44ba90543cf3f168926cf	SampleType	Sample	-0.427577278955819	0.217856037191131	18	3	0.0673156144582361	0.291143824877369
X182bb0ae69d9b451fda7ceb8d8d3cd9e	SampleType	Sample	0.234347596231523	0.15527290355819	18	2	0.150725170753885	0.291143824877369
X235c6444003233a5ff34199167b5c1c2	SampleType	Sample	-0.256799089125089	0.171824845909954	18	2	0.154494672044155	0.291143824877369
d43412ddbc26e7458a77ae0d62dad9f4	SampleType	Sample	-0.231526049553076	0.153298979158905	18	2	0.150464807849307	0.291143824877369
X4dcc8be377be4c907cb7f1d0b20f7d2c	SampleType	Sample	-0.379824043451482	0.277647385902947	18	2	0.190216390646897	0.291143824877369
X538df570da3204bc794717f9ed9bdedb	SampleType	Sample	-0.390384517680453	0.287370353380902	18	2	0.193160282406079	0.291143824877369
X607ffdefea574fd0faaa96ad0e14f4b3	SampleType	Sample	-0.336448203550427	0.238459892985131	18	2	0.177415504367706	0.291143824877369
bee326659f0f9a54101efec0127af448	SampleType	Sample	-0.2825118894204	0.192257049510706	18	2	0.161099392321038	0.291143824877369
X04615a2f0e560b3dae8ffa0107c749d0	SampleType	Sample	-0.312745813670524	0.217718323364354	18	2	0.170133974572787	0.291143824877369
X6c06052d5b767bafeb489360b0243dae	SampleType	Sample	-0.274592587983929	0.185824433693491	18	2	0.158902333562791	0.291143824877369
X8f63f95e32d4e30755793706bc34263e	SampleType	Sample	-0.274592587983929	0.185824433693491	18	2	0.158902333562791	0.291143824877369
X482732fe6cc1ca4e02bd8f23a16edcf2	SampleType	Sample	-0.223788170590546	0.148026620668055	18	2	0.150080746800667	0.291143824877369
X7164928ccbc85ec40de33adbd8c616a6	SampleType	Sample	-0.223788170590546	0.148026620668055	18	2	0.150080746800667	0.291143824877369
X1a56a5e7b00a3bd529a8da54610bcf6a	SampleType	Sample	-0.233091997921402	0.15439124907979	18	2	0.150602033529501	0.291143824877369
f29758533bf011e92b0decf4c43325a5	SampleType	Sample	-0.33489928170166	0.237087507550796	18	2	0.176942293235589	0.291143824877369
X41cd401455a9b9c0fb58e946f8856fcd	SampleType	Sample	-0.344203109032514	0.245362549683722	18	2	0.179772654982229	0.291143824877369
X663b0ecae1f18b5cd3c883fb6ede6aa0	SampleType	Sample	-0.33489928170166	0.237087507550796	18	2	0.176942293235589	0.291143824877369
X9f9d9bdb61bf1d18b03d2266f47cd363	SampleType	Sample	-0.33489928170166	0.237087507550796	18	2	0.176942293235589	0.291143824877369
X4f2b543d79c6a1c9a9f4bc3404d99931	SampleType	Sample	-0.473769401116954	0.246890831972562	18	3	0.0730102175742603	0.291143824877369
X4c85f234c62b47d61a8a8c8f51d2334e	SampleType	Sample	-0.324029506002482	0.227520377191513	18	2	0.173606125693603	0.291143824877369
X2a52826a373d615ea8de5ea3c808509e	SampleType	Sample	-0.285462363683107	0.194681657935581	18	2	0.161943628577454	0.291143824877369
X48af7215d2a5b73311f11e452b5cdab6	SampleType	Sample	-0.285462363683107	0.194681657935581	18	2	0.161943628577454	0.291143824877369
X8aae0b0aad794b229675b3a6b39202b4	SampleType	Sample	-0.342637160664187	0.243964570132115	18	2	0.179298467924969	0.291143824877369
X939d6b4fe931cfc38590a067f19ed63e	SampleType	Sample	-0.321794922538548	0.225568214327129	18	2	0.172918278123528	0.291143824877369
X71f3331fd693925b845b2c8b293ae07b	SampleType	Sample	-0.233760633017011	0.154860108071894	18	2	0.150666184834154	0.291143824877369
X8821132e7a98a4e9b3baeec64c70b478	SampleType	Sample	0.384463942990194	0.281911893132937	18	2	0.191519263332613	0.291143824877369
X992a39ca30c6ab02f4a48c2efd76f673	SampleType	Sample	0.345189154210019	0.246243865729692	18	2	0.180070727972253	0.291143824877369
e23518e35f0e0d8c2dddb04eb7159f63	SampleType	Sample	-0.32066243371847	0.224580866830664	18	2	0.172569601062566	0.291143824877369
X7d3c5c8c26de5bb6b26bcb56e917b800	SampleType	Sample	-0.234893121837087	0.155657560063359	18	2	0.150782193842077	0.291143824877369
X2bfbde87de4bac30cc3b9871ae7760bf	SampleType	Sample	-0.355392817430808	0.255408747112316	18	2	0.183129207702401	0.291143824877369
X31d2433d0f0f4eb8b219f0adf92b6312	SampleType	Sample	-0.36567424864307	0.264720365173675	18	2	0.18615586657714	0.291143824877369
f47ddff1fff84c0bf75bffde55ee40df	SampleType	Sample	-0.36567424864307	0.264720365173675	18	2	0.18615586657714	0.291143824877369
X4fd6588030c990b1d7793dee4c556b13	SampleType	Sample	-0.36704147547527	0.265964008144005	18	2	0.186553721589457	0.291143824877369
X8cfd361b39e9280870002fa8acfdddaa	SampleType	Sample	-0.576217365662131	0.313974516549384	18	3	0.0851294046625524	0.291143824877369
X2fde7a8abef47d9e9485153ff7133394	SampleType	Sample	-0.665717637247733	0.386631833857036	18	3	0.104371171872758	0.291143824877369
X7865c3890debbe31904a9749e9bcec5d	SampleType	Sample	-0.357748474608231	0.25753568725564	18	2	0.183827890085705	0.291143824877369
X6af88e9e258465f20cb62a5296a86e25	SampleType	Sample	-0.37788266266266	0.275866668615718	18	2	0.189666953574405	0.291143824877369
X7b9372d84cde9e133af0a89e64f09554	SampleType	Sample	-0.368578835331809	0.267363847218311	18	2	0.186999721746776	0.291143824877369
X97799c2a06dbd3d96285eff6a72d88d4	SampleType	Sample	-0.249882318946546	0.166578424062794	18	2	0.153065025720728	0.291143824877369
X57458682a306ab6c102bc838e5f68da4	SampleType	Sample	-0.249882318946546	0.166578424062794	18	2	0.153065025720728	0.291143824877369
X0292c78d5276b9be8a28b4e56abb71d2	SampleType	Sample	-0.322798100372249	0.22644395838407	18	2	0.173227109638905	0.291143824877369
X637b4b473367f3175bdfcc38416052d9	SampleType	Sample	-0.322798100372249	0.22644395838407	18	2	0.173227109638905	0.291143824877369
X2f30f0eada13a4f953616b5a10fc7567	SampleType	Sample	-0.322798100372249	0.22644395838407	18	2	0.173227109638905	0.291143824877369
X636526723b6edd9bc9a4e2a10feeee2a	SampleType	Sample	-0.390318386730163	0.287309283029408	18	2	0.193142087505374	0.291143824877369
X3b2924f3a687660ca10f58f1f12d86e4	SampleType	Sample	-0.381014559399309	0.278740439122489	18	2	0.190552074861493	0.291143824877369
d17f5973fc771a4c47f5f683ea8c2f74	SampleType	Sample	-0.381014559399309	0.278740439122489	18	2	0.190552074861493	0.291143824877369
X97d4d12d672615506b9907fbd1d9c32a	SampleType	Sample	-0.388752438361836	0.285863825132865	18	2	0.192710347114691	0.291143824877369
X7c7faa571781094e592dde16b9bbe191	SampleType	Sample	-0.262986678109657	0.176615687620084	18	2	0.155924505834739	0.291143824877369
X69084f0da532b2bfb75b3d0bc1e0ae94	SampleType	Sample	-0.336448203550427	0.238459892985131	18	2	0.177415504367707	0.291143824877369
X7f7b58a82bc185e708ae0baef62e3377	SampleType	Sample	-0.336448203550427	0.238459892985131	18	2	0.177415504367707	0.291143824877369
b55e11ea619f15ece4a50fbcfafb12f1	SampleType	Sample	-0.228105225109687	0.150941926656236	18	2	0.150231923716525	0.291143824877369
ccaae65c378121468f0680a028584a1b	SampleType	Sample	-0.271452370136966	0.183305958704326	18	2	0.158064427232066	0.291143824877369
X1f4bbd7888ae476b6dd45ffac9cc9621	SampleType	Sample	-0.367631157219488	0.266500762159219	18	2	0.186724964482785	0.291143824877369
a90d24a279c659681d1b311fcf7cf4fa	SampleType	Sample	-0.312234278899365	0.217277364151777	18	2	0.169976879789506	0.291143824877369
d6ff61bc040d69ef8473eab067126c6f	SampleType	Sample	-0.23403967603372	0.155056211508331	18	2	0.150693918206221	0.291143824877369
X425766d75db4703463000e48c56bfba7	SampleType	Sample	-0.299035509447182	0.206012466434237	18	2	0.16595484497973	0.291143824877369
e64904f4ef63146988faaf019fc22f46	SampleType	Sample	-0.243922358644977	0.162158271955093	18	2	0.15200651058601	0.291143824877369
X83bc7e1da068d12f52c5afb8f9461340	SampleType	Sample	-0.356477654002393	0.256387757274465	18	2	0.183451336757324	0.291143824877369
X154817a849820649122676798068c9a5	SampleType	Sample	-0.356477654002393	0.256387757274465	18	2	0.183451336757324	0.291143824877369
X001f51bb3fa703a431fe9ce36576abdb	SampleType	Sample	-0.27634827993651	0.187240699682299	18	2	0.159379674658842	0.291143824877369
X7df29537468ce7d707ca4039623ed43e	SampleType	Sample	-0.223788170590547	0.148026620668055	18	2	0.150080746800665	0.291143824877369
X119cbdc604a2c0448c1f0a9d72a5aca2	SampleType	Sample	-0.233091997921403	0.15439124907979	18	2	0.150602033529499	0.291143824877369
f3ebf7741b01f8f36e25f509ace99495	SampleType	Sample	-0.223788170590547	0.148026620668055	18	2	0.150080746800665	0.291143824877369
bdde1aef80185b1f18057496263aad2e	SampleType	Sample	-0.552947945141258	0.297183234347367	18	3	0.0812765211733179	0.291143824877369
eeae8b2556c0c5c83f4430d59ae01fcd	SampleType	Sample	-0.233091997921403	0.15439124907979	18	2	0.150602033529499	0.291143824877369
X7b5036b5c8a5909c1ef968d0878542c2	SampleType	Sample	-0.387186489993515	0.196776238447525	18	3	0.0666918586206497	0.291143824877369
af7687800dcc5f962d9d4abd95abc8dc	SampleType	Sample	-0.28878400400401	0.19742841169741	18	2	0.162907764726939	0.291143824877369
X91dccc57823ee61484d516ceb6d297de	SampleType	Sample	-0.28878400400401	0.19742841169741	18	2	0.162907764726939	0.291143824877369
X34b6b1179ff24d890e9b0de8c73e545e	SampleType	Sample	-0.298087831334865	0.205212512128241	18	2	0.165669512391932	0.291143824877369
cc73b43e7ab71c67cf158a2dcec8eb34	SampleType	Sample	-0.298087831334865	0.205212512128241	18	2	0.165669512391932	0.291143824877369
X10d55b29e6b0a5e51633a12f045d199a	SampleType	Sample	-0.368913378069899	0.267668664171294	18	2	0.187096582166471	0.291143824877369
X32a9977b670f2536870bb7c6a414d596	SampleType	Sample	-0.277914228304832	0.188508723925019	18	2	0.159810383729328	0.291143824877369
X14359afb54f9c77642ac7173b8a728ac	SampleType	Sample	-0.296521882966539	0.203893438134151	18	2	0.165199433665818	0.291143824877369
a2295eca019581ed19e8b23d01067446	SampleType	Sample	-0.346505191575933	0.247421356541562	18	2	0.180467913982978	0.291143824877369
bf5dc4b65b757887c9b201741428b962	SampleType	Sample	-0.275679644840899	0.18670065116961	18	2	0.159197172936256	0.291143824877369
c599ec3010e3006b4fa658a40b2ac54a	SampleType	Sample	-0.275679644840899	0.18670065116961	18	2	0.159197172936256	0.291143824877369
bcc1210f2158e9a89cd45dff7b4c1a4a	SampleType	Sample	-0.255666600305009	0.170957708843581	18	2	0.154247473976255	0.291143824877369
efe8401b2a2015409c9cbb158ee3b49d	SampleType	Sample	-0.369582013165504	0.26827810000421	18	2	0.187289964230922	0.291143824877369
X901fdcde135e38212c26efe772148a03	SampleType	Sample	-0.309124022923685	0.214602967349891	18	2	0.169023050985006	0.291143824877369
a92b78de8c783722533f2653e8be65d8	SampleType	Sample	-0.24412818951022	0.162309282894604	18	2	0.152040040418318	0.291143824877369
X2c653403545840cb98124f99d39fcdd4	SampleType	Sample	0.318603961240521	0.222789747488073	18	2	0.171935832894276	0.291143824877369
X80269c215b4be147eb458ca84bf9f0bc	SampleType	Sample	0.234466763696722	0.155356847715227	18	2	0.15073744732546	0.291143824877369
e260e82248ec4d8900aa430c46de0444	SampleType	Sample	-0.300678415229609	0.207402226013523	18	2	0.166450900893637	0.291143824877369
X3246a30c756954fc675ea7abf79ec0e9	SampleType	Sample	-0.263265721126364	0.176833784714265	18	2	0.155991898498622	0.291143824877369
X05575d57693498edfa9d7ccfbc374fcb	SampleType	Sample	-0.334805297767997	0.237004305339157	18	2	0.176913557966198	0.291143824877369
X8cab055d3b9926f7e4a8ec29d2ed8285	SampleType	Sample	-0.607409473318089	0.327098828926024	18	3	0.0818235462006949	0.291143824877369
X87bdb1aa4163475a3f6c09b67e5b8476	SampleType	Sample	-0.35503346975609	0.255084642787061	18	2	0.183022366828728	0.291143824877369
X1700e7f57fbf1c740a8feb6ea93ebdbe	SampleType	Sample	-0.247122234843866	0.164519354548446	18	2	0.152552908710046	0.291143824877369
X8e285e9a72105f2d28d5c9d6913d3c72	SampleType	Sample	-0.259557958911365	0.173950056292517	18	2	0.155116322342977	0.291143824877369
X35c4d14777d2d73b66747cbedff1311a	SampleType	Sample	-0.335927264471985	0.237998085444847	18	2	0.177256430942483	0.291143824877369
X61e2e3b9689a43540eefb19b1784e5a8	SampleType	Sample	-0.324029506002482	0.227520377191513	18	2	0.173606125693603	0.291143824877369
ab42897e24cc23fba226926e7a62f3c3	SampleType	Sample	-0.267295837873894	0.180002453466645	18	2	0.156990213350663	0.291143824877369
a17148db0522818cb5c52d060365cf1f	SampleType	Sample	-0.267295837873894	0.180002453466645	18	2	0.156990213350663	0.291143824877369
ff53d1b9525437ea5d1a523df447b155	SampleType	Sample	-0.342637160664186	0.243964570132115	18	2	0.17929846792497	0.291143824877369
X980bce338bdadd05576a5b8e4e889942	SampleType	Sample	-0.269889769012553	0.182059943266736	18	2	0.157655668925149	0.291143824877369
X69d7ff0a6579cf31c7f485a1b041b04d	SampleType	Sample	-0.324599224287932	0.228018920517841	18	2	0.173781441308605	0.291143824877369
X5be507243cff7b34a61e4ec7ccf977c1	SampleType	Sample	-0.269530421337834	0.181774091855435	18	2	0.157562484430472	0.291143824877369
X7354bad3b0fd97c4f41056d1b0b94084	SampleType	Sample	-0.269530421337834	0.181774091855435	18	2	0.157562484430472	0.291143824877369
X9fed8f927e1ca826ff9081f1dc72952e	SampleType	Sample	-0.269530421337834	0.181774091855435	18	2	0.157562484430472	0.291143824877369
f863929e154f9315d08789511c108157	SampleType	Sample	-0.34487174412812	0.245960081402897	18	2	0.179974821835979	0.291143824877369
ae81d095381ca120afd4c8b202f622f0	SampleType	Sample	-0.33613763508272	0.238184547622429	18	2	0.177320679304165	0.291143824877369
X246e672954f3a2a8f966dd4e8011556b	SampleType	Sample	0.285306277663929	0.194553027311946	18	2	0.1618986657205	0.291143824877369
X642d04ba1ce4a1eb198f14c64aaf5dba	SampleType	Sample	-0.341519982343938	0.242968476416171	18	2	0.178959585581566	0.291143824877369
X5587183e216e30d7a1eb795a5257923f	SampleType	Sample	-0.363579466441413	0.262817312187087	18	2	0.18554412109026	0.291143824877369
d6b5bf6bc9cc98a90e580221ffe5ed93	SampleType	Sample	-0.259634916325469	0.174009593045164	18	2	0.155134042204928	0.291143824877369
X1efa3934d9237221f0ef853ff8663846	SampleType	Sample	-0.29903550944718	0.206012466434237	18	2	0.165954844979733	0.291143824877369
eec7ad354f78fc2048e19884dab24627	SampleType	Sample	-0.380920575465648	0.278654120235905	18	2	0.190525609332923	0.291143824877369
X52f1c27eaf57fd04af2ebeb147f4caa3	SampleType	Sample	-0.380920575465648	0.278654120235905	18	2	0.190525609332923	0.291143824877369
ae19aee248aa7c6a09325bb2df35c762	SampleType	Sample	-0.336677200362625	0.238662973523618	18	2	0.177485404588368	0.291143824877369
X80b707e4d21a658205031df50e2998eb	SampleType	Sample	-0.337705183132951	0.239575192182747	18	2	0.177798990104558	0.291143824877369
dc2c6ffbb196e1201d8f504591c9dfcd	SampleType	Sample	-0.239264971636704	0.158774247033057	18	2	0.151311964615137	0.291143824877369
c317f7eaccf9677d0bb562d53992e965	SampleType	Sample	-0.27153737611876	0.183373881394129	18	2	0.158086825590444	0.291143824877369
X48d5537b97e3be553f68cde44a936f04	SampleType	Sample	-0.223788170590548	0.148026620668055	18	2	0.150080746800664	0.291143824877369
X20002c7ea54976e0bfa31c90550067c1	SampleType	Sample	-0.223788170590548	0.148026620668055	18	2	0.150080746800664	0.291143824877369
d105051ae79df8f3c0da8b9539fcf38f	SampleType	Sample	-0.223788170590548	0.148026620668055	18	2	0.150080746800664	0.291143824877369
b121e057e233d75914acb0ac6b6341e6	SampleType	Sample	-0.223788170590548	0.148026620668055	18	2	0.150080746800664	0.291143824877369
X22a2909464a8dda37f19623cc1232d28	SampleType	Sample	-0.231526049553076	0.153298979158905	18	2	0.150464807849307	0.291143824877369
X3f8ab4ddc776cfcfdb6fd551336af736	SampleType	Sample	-0.238777367700007	0.158423695129609	18	2	0.151246727689747	0.291143824877369
cc498c36110fddea11e22ccaa95d9f6e	SampleType	Sample	-0.320662433718475	0.224580866830664	18	2	0.172569601062559	0.291143824877369
X6810ccfee9b1ae16dc0463b19bae56ca	SampleType	Sample	-0.254877140325951	0.170355068480581	18	2	0.154078036612749	0.291143824877369
X6b8c8cf40dc48483486ba2cbbe1aa5a1	SampleType	Sample	-0.34515078714483	0.246209558827975	18	2	0.180059137531446	0.291143824877369
dfb9bfc39d6f87a7e784c426e0f8950a	SampleType	Sample	-0.323091303047356	0.226700114955369	18	2	0.173317363808229	0.291143824877369
efb159c966285562d13b71293925f203	SampleType	Sample	-0.234739605027613	0.155549216293087	18	2	0.150765934445187	0.291143824877369
X0120fe61fec86baaa11e3991bec0ea8f	SampleType	Sample	-0.246278015822401	0.16389366949213	18	2	0.152403643453189	0.291143824877369
X51f8116c13f90cdaa92512979693929b	SampleType	Sample	-0.266771551551548	0.179588280817851	18	2	0.156857804555701	0.291143824877369
X66b369495eadeafc50b36bb747af442b	SampleType	Sample	-0.257467724220697	0.172338259646509	18	2	0.154642849899821	0.291143824877369
X05248d39c0f801d15b5abe0ad995f866	SampleType	Sample	-0.279207275619053	0.189559124369225	18	2	0.160169355674979	0.291143824877369
X3d45bbbfb6cea71e1dd99eb6e3e5e6e5	SampleType	Sample	-0.370669070022475	0.269269511351517	18	2	0.187603765360966	0.291143824877369
c61e1e084ddb72b03a32fd7c8e9c0d41	SampleType	Sample	-0.259033672589019	0.173544816014416	18	2	0.15499613745498	0.291143824877369
X231decab9f83fce1c5671d8fd38345a0	SampleType	Sample	-0.277641327250726	0.188287420085999	18	2	0.159734999619232	0.291143824877369
d2ae3f3faea531a83cd7406923851a43	SampleType	Sample	-0.274547156020826	0.185787861960068	18	2	0.158890062695749	0.291143824877369
X60e51cfaf34137455afc7d72d6803c42	SampleType	Sample	0.286948502503067	0.195908384814852	18	2	0.162373313727837	0.291143824877369
X55ad6b08fd3f4476ddf111f7d51a839c	SampleType	Sample	-0.336448203550425	0.238459892985131	18	2	0.177415504367709	0.291143824877369
X640d6b583b12054bf316f4fa5d0f5f71	SampleType	Sample	-0.249651844722962	0.166405709549329	18	2	0.153020896109741	0.291143824877369
X16d7eeda786f8a0d833ccc93ebfb2584	SampleType	Sample	-0.295920639230093	0.203387911864495	18	2	0.165019441645492	0.291143824877369
X01b921fe01acc5d005f66a1c9b3110df	SampleType	Sample	-0.225337092439314	0.149064784228044	18	2	0.15011561776337	0.291143824877369
X3a71b16155fdad56882f5e0c73b56ff9	SampleType	Sample	-0.225337092439314	0.149064784228044	18	2	0.15011561776337	0.291143824877369
X445608945dfbdb8fffb9803af76aaa08	SampleType	Sample	-0.255820117114486	0.171075073636182	18	2	0.154280700446053	0.291143824877369
X27695480afa5d3636ea9f37a19f59f27	SampleType	Sample	-0.322463557634156	0.226151794976992	18	2	0.173124124489348	0.291143824877369
d7d39e33b8788545c81acfe6e4260db1	SampleType	Sample	-0.223788170590548	0.148026620668055	18	2	0.150080746800664	0.291143824877369
b4a3c010d8c2a5ef6fe19f5ebdcb99b5	SampleType	Sample	-0.344203109032514	0.245362549683722	18	2	0.179772654982229	0.291143824877369
X9bb38dff3b3a28ab143b82ae4b777e21	SampleType	Sample	-0.344203109032514	0.245362549683722	18	2	0.179772654982229	0.291143824877369
X181ca543a1a2aee8be44b9a957fdfe53	SampleType	Sample	-0.324029506002478	0.227520377191513	18	2	0.173606125693608	0.291143824877369
dee58288398e53b58f187863ab7da882	SampleType	Sample	-0.231526049553077	0.153298979158905	18	2	0.150464807849304	0.291143824877369
d1afd0f5a76682551e749712bd4317a8	SampleType	Sample	-0.231166701878357	0.153049489922397	18	2	0.150435954073573	0.291143824877369
X18c6d79f5331c6929cb09062e84ac8af	SampleType	Sample	-0.231526049553077	0.153298979158905	18	2	0.150464807849304	0.291143824877369
X8d8c4070ddc7ab17735fc4f7f6486d41	SampleType	Sample	-0.342637160664191	0.243964570132115	18	2	0.179298467924965	0.291143824877369
X30cd279d35d722facfd61a552b17d342	SampleType	Sample	-0.342637160664191	0.243964570132115	18	2	0.179298467924965	0.291143824877369
X1e620301a67365227e2b5de1be4fb2ee	SampleType	Sample	-0.342637160664191	0.243964570132115	18	2	0.179298467924965	0.291143824877369
cb3ce226bcbdfe76af5a9c4b0d579526	SampleType	Sample	-0.249805361532442	0.166520737582502	18	2	0.153050263488635	0.291143824877369
f72cc2b8287cd6ed53e62d2b86488d37	SampleType	Sample	-0.271452370136963	0.183305958704326	18	2	0.158064427232069	0.291143824877369
X55ce7d25f82af25408e69dde51ac1a69	SampleType	Sample	-0.234039676033718	0.155056211508331	18	2	0.150693918206224	0.291143824877369
X46da19ba1efc04c26928d438387de97b	SampleType	Sample	-0.234039676033718	0.155056211508331	18	2	0.150693918206224	0.291143824877369
f11c6ba44ec7cf3311848cbd61c81113	SampleType	Sample	-0.234039676033718	0.155056211508331	18	2	0.150693918206224	0.291143824877369
X28b6e46a548ff7091381f188084348a9	SampleType	Sample	-0.276348279936507	0.187240699682299	18	2	0.159379674658847	0.291143824877369
X7a7e31c77ab111fcb116add6e4ab2bbb	SampleType	Sample	-0.276348279936507	0.187240699682299	18	2	0.159379674658847	0.291143824877369
fe9228f06542f9f6695527f8a8ad7c64	SampleType	Sample	-0.288784004004009	0.19742841169741	18	2	0.162907764726941	0.291143824877369
X6d90d9126b425557827f70ea9abad9af	SampleType	Sample	-0.288784004004009	0.19742841169741	18	2	0.162907764726941	0.291143824877369
adecc74a9d4adb15c5fbb3ef9e1348a1	SampleType	Sample	-0.297728483660144	0.204909508918717	18	2	0.165561481721305	0.291143824877369
X82a393ba4429430a38d5d1c870f46caf	SampleType	Sample	-0.288784004004009	0.19742841169741	18	2	0.162907764726941	0.291143824877369
ae03cd278ea7d2d11b4d0943680f54e0	SampleType	Sample	-0.277335373024426	0.18803947365452	18	2	0.159650645517062	0.291143824877369
X731cc5348521c37fce5dec28e5751eb7	SampleType	Sample	-0.265437614554918	0.178537114795927	18	2	0.156524255059243	0.291143824877369
X57f1bde4919498350f73bb37555c8c66	SampleType	Sample	-0.223788170590546	0.148026620668055	18	2	0.150080746800667	0.291143824877369
ed0e1ccdeac58e1a6780385a4e5d88e9	SampleType	Sample	-0.223788170590546	0.148026620668055	18	2	0.150080746800667	0.291143824877369
X20ad0058f4d3da5a87d387b3920f4186	SampleType	Sample	-0.308764675248962	0.214294735462947	18	2	0.168913022891405	0.291143824877369
X7f32e91a24d1a2a1368097c7a460b9b4	SampleType	Sample	0.391653530179339	0.288542688236736	18	2	0.193508836865548	0.291221219837261
X31a5885a9cb13afe64320e722774bd4d	SampleType	Sample	1.21777161756801	0.898068043075164	18	10	0.193932238688536	0.291496769806668
X90993ec39bf291c0f7b6f220daf66b6a	SampleType	Sample	0.393236635379793	0.290006328099318	18	2	0.193942072817594	0.291496769806668
f79217c4b280d1253ae23f419495d4e8	SampleType	Sample	-0.393103871143813	0.289883534372125	18	2	0.193905808215838	0.291496769806668
ef6fa89883420a6f10066f925a001d80	SampleType	Sample	1.08587846978404	0.80141889677407	18	3	0.194258212012122	0.29159583907015
X6d5814cf85b9295a0732580d936c03c3	SampleType	Sample	-0.393880553959017	0.290602013198612	18	2	0.194117782598357	0.29159583907015
X04f2e468a03ff3904e8578a3a5b68f9f	SampleType	Sample	-0.394281529946871	0.290973057426807	18	2	0.194227050943581	0.29159583907015
X6fff6d4c00d30e183682bbc0854d5561	SampleType	Sample	-0.39517865871322	0.291803504779931	18	2	0.194471111027841	0.291790130537911
X5228684e612e6b373dc2539e6e5b9baa	SampleType	Sample	0.396668862138549	0.2931838133892	18	2	0.194875250547982	0.292020521181202
X8271a230484ec3a1b3813f0508465c5b	SampleType	Sample	-0.396532744154894	0.293057688733915	18	2	0.194838401284011	0.292020521181202
X49f103288c22415f31c56d348a92e3d2	SampleType	Sample	0.396506664969	0.293033525215749	18	2	0.194831339734144	0.292020521181202
X570e604a7902db59326d873398f56e5c	SampleType	Sample	-0.398139423162536	0.29454697802446	18	2	0.195272511677856	0.292330319889365
fd84ba3e6321f81e4731b16080f0416a	SampleType	Sample	-0.39867371425326	0.295042504820835	18	2	0.195416463839087	0.292330319889365
X37b6969c8d55c74360aed846af79f2c8	SampleType	Sample	0.398387405877808	0.294776952067789	18	2	0.195339350173134	0.292330319889365
X99441d6c3227231830f8191bf78fe51b	SampleType	Sample	-0.397969819072076	0.294389707534111	18	2	0.195226773168623	0.292330319889365
X4ef1d52efacaef634ff689fefdb54bdf	SampleType	Sample	-0.398986222298964	0.295332402196972	18	2	0.195500567114521	0.292331044752936
X46388c59bff00613f3fda8851510ccc7	SampleType	Sample	-0.574887892450919	0.426224624731934	18	7	0.196186005692245	0.292439906122562
d4e79f7c3c4a14a242a2ec54f7854a20	SampleType	Sample	-0.403045294801124	0.299101928677869	18	2	0.196586593708983	0.292439906122562
X17b4afdbd99740fdcab2f6f9eb4938e0	SampleType	Sample	-0.400531996668053	0.296767011248997	18	2	0.195915542386506	0.292439906122562
X946f0795e38e71fd54f83d280e3d7b94	SampleType	Sample	-0.402963474396899	0.299025869911906	18	2	0.19656481921845	0.292439906122562
X75e049d0d093319fee0b6088d81aaf3d	SampleType	Sample	0.401999019556167	0.298129560112476	18	2	0.196307789934847	0.292439906122562
a2593613578e41a1e10cc0531c961ece	SampleType	Sample	-0.504731642314633	0.373888876412225	18	4	0.195821441131539	0.292439906122562
ac194edd1b804d4cd94d0b7e6a2e2cda	SampleType	Sample	-0.402046541109206	0.298173713996309	18	2	0.196320470212425	0.292439906122562
b6168bdb90e22011d6a175c434d72080	SampleType	Sample	-0.403324337817834	0.299361344865218	18	2	0.196660817875899	0.292439906122562
X9207bf5e78e77c8ecb9d079b8ce7dc8b	SampleType	Sample	0.40007183966278	0.296339829846149	18	2	0.195792188725268	0.292439906122562
X623fa0cba04b1c06a7c238859f845c52	SampleType	Sample	0.402973857877299	0.299035522038714	18	2	0.196567582793861	0.292439906122562
X96932048a899a7658b5d0e3b26a8a53e	SampleType	Sample	-0.401444036963891	0.297613983795569	18	2	0.196159582490015	0.292439906122562
X14951c87eb89eebb3dc4bd73aa5c58e2	SampleType	Sample	-0.401444036963887	0.297613983795569	18	2	0.19615958249002	0.292439906122562
d35d25cd52a123362a0c92771996ccb3	SampleType	Sample	-0.402701016546415	0.298781914393574	18	2	0.196494939965494	0.292439906122562
X7246681a38b4e3378e42d2ddc5eeb33a	SampleType	Sample	-0.403679988557012	0.299692031592291	18	2	0.196755338001146	0.292456063627554
X9a0231d0c3bbf229f3f5c1dc21907e58	SampleType	Sample	-0.404096227159764	0.300079125886143	18	2	0.196865844530596	0.292495959404575
X8d969c9414d82e36f2ce55fd332775dd	SampleType	Sample	-0.410124065447204	0.305693491057494	18	2	0.198452129088858	0.292870080807226
X197f96a9c430dc2b9e24114c81decfe0	SampleType	Sample	0.407051237534798	0.302829454268717	18	2	0.197646769038985	0.292870080807226
X4a5857b5065185674bbe65c2f06d10b5	SampleType	Sample	0.408207111657339	0.303906311008955	18	2	0.197950515450262	0.292870080807226
bb23a9ce44ee3a69cccad6ae72107707	SampleType	Sample	0.40713351898058	0.302906091569885	18	2	0.197668423337505	0.292870080807226
eeaffe7827fbddbd9dd7eb81588d59ae	SampleType	Sample	1.15501270599557	0.859679762502776	18	3	0.19784353044735	0.292870080807226
d7e42c94c508fed0d0f68a1973c20d10	SampleType	Sample	-0.410146620558293	0.30571452859423	18	2	0.198458015283841	0.292870080807226
X9012f6e1669972ebd5ba08ab8021f9de	SampleType	Sample	-0.410146620558293	0.30571452859423	18	2	0.198458015283841	0.292870080807226
X8f18fd911aad56b8858a5d8c49e81682	SampleType	Sample	-0.40752297389671	0.303268871724775	18	2	0.197770851091042	0.292870080807226
X4bd908ad1b20a5ed8c2b1bd3cb84f5d1	SampleType	Sample	-0.407108707755306	0.302882981973477	18	2	0.197661894195616	0.292870080807226
ef5a88dea5bf5c71ca794ebc7d1c5791	SampleType	Sample	-0.406287258247697	0.302118022352664	18	2	0.197445476075327	0.292870080807226
X87bd28ff884d5ad9d9e0bd2d36021dc6	SampleType	Sample	-0.405914572020949	0.30177106314471	18	2	0.197347127692278	0.292870080807226
X9f8645b80ea02357f54d14e0d3f35e72	SampleType	Sample	-0.405914572020949	0.30177106314471	18	2	0.197347127692278	0.292870080807226
d6f2ee961a0b8f993c5da090e44e1d8d	SampleType	Sample	-0.409198942445973	0.304830800059947	18	2	0.19821038249239	0.292870080807226
X8254210a440f212335a811fe68e8f384	SampleType	Sample	-0.409867577541586	0.305454275648889	18	2	0.198385167637666	0.292870080807226
X70d549a190e55c4a82df74cb4295aa90	SampleType	Sample	-0.41014662055829	0.30571452859423	18	2	0.198458015283844	0.292870080807226
X60e3690c79ab6e746dfc37a12c4552cc	SampleType	Sample	-0.41014662055829	0.30571452859423	18	2	0.198458015283844	0.292870080807226
X284db0785a26eeefe1e02b28d58ec647	SampleType	Sample	-0.404884369790222	0.301867082764588	18	4	0.198563733286905	0.29290245213967
c075ce4a21ec267a920469621b869341	SampleType	Sample	-0.411170762551875	0.306669990571785	18	2	0.198724896412211	0.293016549075111
X093fa09b2a63397cf791cdc084434802	SampleType	Sample	-0.411501024989392	0.306978199710906	18	2	0.198810797282848	0.293019623651281
be06af8cd181915ac3bb3f48a4b24f54	SampleType	Sample	-0.412169660085003	0.307602326797299	18	2	0.198984466219506	0.293028514702355
c7ac157a928ce340e96e5c55283d670c	SampleType	Sample	0.412011444483924	0.3074546259898	18	2	0.19894340114894	0.293028514702355
e550664a330edf6e856a462e8521ecc3	SampleType	Sample	-0.413984355989518	0.309297164203704	18	2	0.199454173893395	0.293118497645376
X0dd3fe4bfbdb209470a560187aa73b08	SampleType	Sample	0.413082185064753	0.308454410131319	18	2	0.199220958794732	0.293118497645376
f498359280cc824de5eb27db06096cbf	SampleType	Sample	-0.414025477933846	0.309335585849195	18	2	0.199464790016691	0.293118497645376
X89b2259f9ca3b837a10fa090d147aa05	SampleType	Sample	-0.413652450983481	0.308987079400656	18	2	0.19936844369944	0.293118497645376
X2def2f1b6f98fd24aa33a72d93b7932d	SampleType	Sample	-0.41334649675718	0.308701279508063	18	2	0.199289345698021	0.293118497645376
X1668c257b7396c99f25c831b8ec390d5	SampleType	Sample	-0.415090126950822	0.310330564933784	18	2	0.19973921464377	0.293398443022949
X6f9940ed5daaaec413a5c001d2d6ca9d	SampleType	Sample	-0.952826812754873	0.712600807932876	18	3	0.199886820343642	0.293491946208052
X99fee6617d20f02a0e0641f4d5a57916	SampleType	Sample	0.416563351659425	0.311708142031383	18	2	0.200117596914058	0.293602593485881
X699d729b9b1101be9f33aefbde65bdb1	SampleType	Sample	0.416851612452842	0.311977790025349	18	2	0.200191449364007	0.293602593485881
X3ed94b8f8953d1e85708bffc15b5644c	SampleType	Sample	0.416940169329991	0.312060635528101	18	2	0.200214125534994	0.293602593485881
X2438c6bded651e17749490fb3d360a95	SampleType	Sample	-0.420780636938892	0.315656400165996	18	2	0.201192053351838	0.29417290611377
f9f37d136d573e228f426c4a95a2e04c	SampleType	Sample	-0.41986255227675	0.314796287323938	18	2	0.20095924767171	0.29417290611377
X13497d30d81f50bda8169ee13b224952	SampleType	Sample	-0.420235134034798	0.315145303227448	18	2	0.201053799751945	0.29417290611377
e2e955aaa1cabe1671798841012bdda0	SampleType	Sample	-0.419626792958172	0.314575467744379	18	2	0.200899365742499	0.29417290611377
X181d038c10f39c431f64bf486d5df8e9	SampleType	Sample	-0.420463796013198	0.315359529001911	18	2	0.201111778677308	0.29417290611377
X1c705f8d35174529a2ad7ef25c36b772	SampleType	Sample	-0.420235134034798	0.315145303227448	18	2	0.201053799751945	0.29417290611377
X604ebb0d84eada2e9289aad9a48b20fa	SampleType	Sample	-0.420235134034795	0.315145303227448	18	2	0.201053799751949	0.29417290611377
X3ae39def52b5f6a95d0180551a99caec	SampleType	Sample	0.423107094887599	0.317837407804845	18	2	0.201779254845434	0.294292980784162
a5075865f081e02ec1a6098fc6cd2384	SampleType	Sample	-0.422611082586032	0.317372232962819	18	2	0.201654389544386	0.294292980784162
X2c11e9e72d31c865b9b75bfa8ebfa5dd	SampleType	Sample	-0.422849045624155	0.317595390012194	18	2	0.201714316198481	0.294292980784162
X2e75e2ade8c691c07e4dd100bd221471	SampleType	Sample	-0.422849045624155	0.317595390012194	18	2	0.201714316198481	0.294292980784162
X1a79a952c5311964c6f8bea29c595b78	SampleType	Sample	-0.422680088109461	0.317436942769163	18	2	0.201671771550742	0.294292980784162
X2a51051887fb7e5315eba311b0a48abe	SampleType	Sample	-0.422029744381524	0.316827156072723	18	2	0.201507817576595	0.294292980784162
X4fd5415a1edc320824d0ce93e3f23ea4	SampleType	Sample	-0.424477111751521	0.319122732253299	18	2	0.2021232149911	0.294671709595032
X3b06e393c11249e33716459045af4dc7	SampleType	Sample	-0.425424789863841	0.320012237488678	18	2	0.202360346888046	0.29477157196692
c756f0b45ac65faf2082ccb070d44a34	SampleType	Sample	-0.425424789863841	0.320012237488678	18	2	0.202360346888046	0.29477157196692
X2e527d08f50adfce4c50121eb46b2835	SampleType	Sample	-0.426154306001271	0.320697199552608	18	2	0.202542447010873	0.294913950333199
X66188ef0dfce592198c7254186c7aace	SampleType	Sample	0.426908841036256	0.321405858804153	18	2	0.202730387679341	0.295064710793912
X18ca70bc13f6a7e04152799348f8b331	SampleType	Sample	-0.429027176274107	0.323396508470613	18	2	0.203255828944202	0.295583351908878
X316a312b0907036902b5502c04857191	SampleType	Sample	-0.429027176274103	0.323396508470613	18	2	0.203255828944206	0.295583351908878
X3163f882fc2ff017f791e0beb5f113df	SampleType	Sample	-0.915371801708007	0.690203720814778	18	3	0.203383572852932	0.295646141660645
X8e346461669207cab6d70c3446911f43	SampleType	Sample	-0.625372362740854	0.472574870608431	18	5	0.204325503411708	0.295727299620636
X6482f5ea0786a808c9b5baf5866c5a29	SampleType	Sample	-1.0793938214061	0.8145054500791	18	15	0.203714117007736	0.295727299620636
X97cc73525171abbbe3f8e027650879fd	SampleType	Sample	0.890778003464051	0.672030869144813	18	4	0.203620830705276	0.295727299620636
e10ae45489e525f1d908687787a7354f	SampleType	Sample	-0.508578516938215	0.383845626489858	18	6	0.203797713592657	0.295727299620636
X8b24e88c5d304e71674a2e44e5d1c882	SampleType	Sample	-0.433611438874442	0.327709929635846	18	2	0.204381865950806	0.295727299620636
X4fd8d468d86c9aaf8b58f2adeb6c5e56	SampleType	Sample	-0.431773544829584	0.325979731862404	18	2	0.203932236508756	0.295727299620636
X51b99f3ef5fdfd6faf50d1602d680ec9	SampleType	Sample	-0.433909211483357	0.327990363756386	18	2	0.204454486036349	0.295727299620636
c7f30f7372d6003268a11a05e11096fe	SampleType	Sample	-0.432550382910475	0.326710905551311	18	2	0.204122581028127	0.295727299620636
ff253370a2bcd39e5a86d548cf14f648	SampleType	Sample	-0.43357466874527	0.327675302653448	18	2	0.204372894128153	0.295727299620636
bc315a8905b78480c3164e5aaeab2204	SampleType	Sample	-0.432062517025675	0.326251692930348	18	2	0.20400309247178	0.295727299620636
e358697eb2e0462a755e24dfe03ff7f4	SampleType	Sample	-0.432546685974937	0.326707425431294	18	2	0.20412167621402	0.295727299620636
a0abfb667a35488964a91b99a50fa2ca	SampleType	Sample	-0.432343263115035	0.326515940131527	18	2	0.204071873940171	0.295727299620636
X298a0f67001986beb8d9b2ea01795c39	SampleType	Sample	-0.434577846578972	0.328620177211089	18	2	0.204617319651981	0.295816201582338
d737b42625a879bbf0156fd6be614daa	SampleType	Sample	-0.434856889595675	0.328883064032924	18	2	0.204685180671532	0.295816201582338
f71db93be1c531888484e813725fa680	SampleType	Sample	-0.435741860850041	0.329716972360119	18	2	0.204900029948395	0.295869875231278
X9a619f7d8ebba203aa77e4caf7ab574c	SampleType	Sample	-0.436056213335664	0.3300132506923	18	2	0.20497621218826	0.295869875231278
X817dc232a0a8a3b173bf9eb4fb817f15	SampleType	Sample	-0.435499964788309	0.329489007269315	18	2	0.204841359169948	0.295869875231278
X1b373861a092db91abe8094a4a55ad41	SampleType	Sample	-0.437277883449274	0.331164995537475	18	2	0.20527160943518	0.296173977129753
fc27695e28ac38ed08ba2e033a58d1ce	SampleType	Sample	-0.725818000451181	0.549936415005399	18	7	0.205467778089319	0.296193464839318
X2b72428ebbcbfc529a8aecf2ea37157c	SampleType	Sample	-1.20559732045398	0.91424618319959	18	9	0.205840921201788	0.296193464839318
X9399074b2afb78f0ca7f137d56a3ab17	SampleType	Sample	-0.864854250226092	0.655324647176797	18	3	0.205496375541611	0.296193464839318
X626d1691ede330987ba70d4c5941ec51	SampleType	Sample	0.438474235803233	0.332293355771973	18	2	0.205559852955922	0.296193464839318
a5df436b448d2345e4e32486757d1ae3	SampleType	Sample	0.439178173224442	0.332957508262579	18	2	0.205728979884863	0.296193464839318
X7af645be0a90fc56f5bc7ffac9167d80	SampleType	Sample	0.438743646198116	0.332547520374858	18	2	0.205624622750489	0.296193464839318
f9abffa63e1ea6b134a070563b866cea	SampleType	Sample	-0.439800395988202	0.333544700290843	18	2	0.205878180652043	0.296193464839318
X99adee39d4a68f7259d23b10d85c577f	SampleType	Sample	1.05273927877176	0.7986168546601	18	14	0.205996499152076	0.296241777472505
X7a971c376a96867dd91177a9c5ff72e5	SampleType	Sample	0.440896282741585	0.334579197242941	18	2	0.206140290862377	0.296326668114667
X5b3dbceb2a7ecc66e7ee4b584021609e	SampleType	Sample	-0.44154455907949	0.335191341864028	18	2	0.206294942063199	0.296427093075604
X0b84f4dd505d194c6ab896130bd862be	SampleType	Sample	-0.469634002541414	0.35661876823562	18	6	0.206420479532064	0.296485618917049
X06f825b512d903b9230e1a55d87359ee	SampleType	Sample	0.443841300020543	0.337361160148243	18	2	0.206840452442844	0.296966826176666
X25138013c0d03cae28f3fb80831944a5	SampleType	Sample	-0.444585809531747	0.338064886422474	18	2	0.207016484760883	0.297097406717853
a9100f03f2e5c2585e07b4ec3d3cec12	SampleType	Sample	-0.444945403072181	0.338404844416854	18	2	0.207101367325918	0.297097406717853
X97f8460764886099e6ca75b8e11cab40	SampleType	Sample	-0.446405470680818	0.339785600579739	18	2	0.207445083184776	0.297468421170621
bc92304c6bbc4de80029526c2227afc9	SampleType	Sample	-0.447559314661542	0.340877234870119	18	2	0.20771565101479	0.297612260634315
b9c40dc8a31f4a7561373b05a0467c00	SampleType	Sample	-0.447559314661535	0.340877234870119	18	2	0.207715651014796	0.297612260634315
a1d862e2bef75265c5950af85e2381a9	SampleType	Sample	-0.44836377624911	0.341638565691671	18	2	0.207903738990183	0.297637785221
X98a0d10e6b0c60c1671438626fbc3fd2	SampleType	Sample	-0.890291111699089	0.678282459118522	18	5	0.207846181098618	0.297637785221
X951d9e8fd2bb2f6277be8792442c58c1	SampleType	Sample	0.827230608994226	0.630619606474488	18	3	0.208107342704709	0.297807314816071
d5fefa6a95119dbe2aa218d7e707b6b6	SampleType	Sample	-0.732522944829137	0.558783721392632	18	10	0.208387847451953	0.297981004144369
ad74b107d88b3eda15225bde8f2a7611	SampleType	Sample	-0.57932563137372	0.441933210047319	18	6	0.208399186250853	0.297981004144369
X442d719830ce1bc71f659ce6dcb95dee	SampleType	Sample	-0.451047667699614	0.3441799811002	18	2	0.208527976851842	0.298043257184807
X0c22ff0015c6c4f858371ebdccb7c9f2	SampleType	Sample	-0.69178116705386	0.528045803844722	18	8	0.208667183242705	0.298120340260113
c02d26821fd4bfc8650a451002b2f38c	SampleType	Sample	-0.764854951928827	0.584782142450258	18	5	0.209377293688134	0.298281588726046
X669b174a4891bcc781774720495d7895	SampleType	Sample	0.824186143408898	0.630028308832882	18	3	0.209297222914859	0.298281588726046
X6d7785eba58267c17d56fccef27955ea	SampleType	Sample	-0.454684907708176	0.347627553781808	18	2	0.209365954603096	0.298281588726046
cd7a267c70c6bd2a4a63fb40953a9ea8	SampleType	Sample	-0.454375361015042	0.347333998079034	18	2	0.209294995390919	0.298281588726046
X19ebc597b7db5a6b8b0997d2c60abe18	SampleType	Sample	-0.452554136040943	0.345607421528105	18	2	0.208876162760863	0.298281588726046
f03c1ff4c0f4f52f62810ed5ccf71fe1	SampleType	Sample	-0.453748271775302	0.346739389128239	18	2	0.20915104101119	0.298281588726046
b77b445f4877ec14e1a738ddf0875a4c	SampleType	Sample	-0.453178553489852	0.346199278954284	18	2	0.2090200207491	0.298281588726046
b258fd0e27547a35998cfa19690b5e01	SampleType	Sample	0.456302617334561	0.349162142894255	18	2	0.209735716096903	0.298427376261609
X7248b6ee9b52daf3e1516697a9fa9e25	SampleType	Sample	-0.456226260439461	0.349089692460955	18	2	0.209718303673455	0.298427376261609
e835b891f90d2432e199b9202f086e71	SampleType	Sample	-0.456261898255939	0.349123506819445	18	2	0.209726431019128	0.298427376261609
X36fa32bf1591f6e26e457bdd4c882661	SampleType	Sample	-0.457616302687043	0.350408879155443	18	2	0.210034661121535	0.298731153491003
b8ab68cf2ce6ea4dc56ab0eea12a3c87	SampleType	Sample	-0.459430288085967	0.352131218961116	18	2	0.210445509939762	0.298839303170784
dd69df7fa0e826fde42d13bc1231e7eb	SampleType	Sample	-0.459461774454827	0.352161122711252	18	2	0.210452621397732	0.298839303170784
X02dc58d9a4663e9d834d431bced922a0	SampleType	Sample	-0.459099130712293	0.351816723480402	18	2	0.210370674263336	0.298839303170784
X5b372e141c53bea29d99e710efbb1412	SampleType	Sample	-0.459272432335924	0.351981301772627	18	2	0.210409846696411	0.298839303170784
dc0c1382289972508f62c1eb392febda	SampleType	Sample	0.681466969351683	0.52317671128353	18	13	0.21116401235314	0.298923276393957
X2ac8a20210db793883632bf5c6c87dcd	SampleType	Sample	1.39493515354504	1.07027953915074	18	10	0.210903602861019	0.298923276393957
X4d371902618b6ed1c5a0a0992b29874a	SampleType	Sample	-1.49908139110249	1.15107241252101	18	6	0.211237875314016	0.298923276393957
X4781f563195b71c4989c72a742732717	SampleType	Sample	-1.15008006300828	0.882053341627882	18	9	0.210727215826007	0.298923276393957
d3044bc7906e44619e38b3948cb87158	SampleType	Sample	-0.461853035725592	0.35443299148827	18	2	0.210990732480795	0.298923276393957
efa7dfa75231c216add7ea599de53155	SampleType	Sample	0.462678629357077	0.355217728305123	18	2	0.211175614658662	0.298923276393957
d1ee237c06fc0b28881965807577467e	SampleType	Sample	-0.791494322094068	0.60740665325598	18	3	0.21099213571143	0.298923276393957
f07435b8408f3eab7e23e0fafdf7718a	SampleType	Sample	-0.463151486761073	0.355667268351338	18	2	0.211281297474104	0.298923276393957
X42ab7f5c5e56bb06c4e9dd7e6ae16083	SampleType	Sample	-0.460452129887426	0.353101839734356	18	2	0.210675955998339	0.298923276393957
d2093ea692717c0380a2a7710c692762	SampleType	Sample	-0.464890948528582	0.357321472443842	18	2	0.211668762843754	0.299350321562202
f6a07aafa12c7f7f304ef630c3576c21	SampleType	Sample	-0.56074533247544	0.431212901214333	18	4	0.211887068674419	0.299537886003142
a0583ae9d6c0b80cdd762db9e2d01f07	SampleType	Sample	0.467310066399599	0.359623357606642	18	2	0.212204232971122	0.299779495159072
X1535ab98524dabc90f8097e0f8a8bf4a	SampleType	Sample	0.467424550921405	0.359732332229818	18	2	0.212229476692993	0.299779495159072
X45a983ba4ef3482d3cb06c3cf166f991	SampleType	Sample	-0.910598133696767	0.702479316897128	18	4	0.213270955014117	0.301007371307773
fd496fd32dc8c08ade2e8b6c9d8ee13d	SampleType	Sample	0.471847987759296	0.363945468979147	18	2	0.213198143739309	0.301007371307773
d8a0f68e7161889fdaf9a00dee72697b	SampleType	Sample	-0.65146082253827	0.502703751878705	18	6	0.213388386929902	0.301051574135164
X1f93c77d645099d4e473c8ae649b23bf	SampleType	Sample	-1.50143152415357	1.15901432240173	18	8	0.213548405238907	0.301096043509817
X3d2cb4d432637a967953485f20f9eec5	SampleType	Sample	-1.04899394347043	0.809841158915218	18	6	0.21359215901154	0.301096043509817
fdaa205c6b7898a2699e378401f4a36b	SampleType	Sample	-0.475448408198052	0.367378367063614	18	2	0.213977014956908	0.301395505354291
f9a2e69faed13361a25ef573e575bcb4	SampleType	Sample	-0.475142453971754	0.36708652365776	18	2	0.213911160006817	0.301395505354291
X2c070f4880cc78c48ec292dd9c89b597	SampleType	Sample	0.763133798339893	0.59000793144372	18	3	0.214225096195187	0.301623413732731
db1e957f641eea77586f338d6883f316	SampleType	Sample	0.478572007926124	0.370359207481992	18	2	0.21464585163354	0.30180792368973
X87289849078224bb32328451cc8bd81d	SampleType	Sample	-0.325396836071955	0.251851474045116	18	4	0.214701460588203	0.30180792368973
X3ba37fd6711d3d3ccb2f3ed09075cde1	SampleType	Sample	0.478553928157018	0.370341947250155	18	2	0.214641998616454	0.30180792368973
d77bf3e53e88f703e540d2a2478e7be5	SampleType	Sample	-0.478742268330599	0.370521753992196	18	2	0.214682125768501	0.30180792368973
a7545bbd4b4b7719c8d9e432d4d8fc44	SampleType	Sample	-0.480060715955789	0.371780701210826	18	2	0.214962385797921	0.301981605819083
X927b6a17ba9460deb85b75f47d56c697	SampleType	Sample	-0.480227571317294	0.371940055925363	18	2	0.214997773708151	0.301981605819083
ff5a51fefd632c86b7be3a1a7356d4fa	SampleType	Sample	0.482177426501628	0.373802744479097	18	2	0.215409981592516	0.302317661841604
X5931b5afa4f691e81f9fa835539139d9	SampleType	Sample	-0.580031489943822	0.44957507137621	18	5	0.215324491454587	0.302317661841604
X39c30c53d754b60f1cc44c01bf235243	SampleType	Sample	-0.482599586844923	0.374206149454333	18	2	0.215498905823182	0.302321097414866
d9a33bffa6b5b633b216b0c7f559ad10	SampleType	Sample	-0.485208900331877	0.376700450830733	18	2	0.216046000420243	0.302967034684786
X8f3282c8499c53cb17ab098ed1ae7871	SampleType	Sample	0.485934465808507	0.377394311544639	18	2	0.216197357577421	0.303057723372359
a80eca7c4eaa9b9866458f8ab2f1837f	SampleType	Sample	-0.396519043669571	0.308053487555906	18	4	0.216342870004216	0.303140149713323
X066524fff17a44dd6e850b2f0d29c551	SampleType	Sample	-0.802570029027499	0.623952277776413	18	5	0.21665161115829	0.303329608574042
b5c8ed4496d79b916859402cdf11f0a7	SampleType	Sample	0.487955724058588	0.379327873224037	18	2	0.216617241592541	0.303329608574042
X4bdc1afca33aabf7e6ffccfb3989baba	SampleType	Sample	-0.994493232314206	0.773947662654095	18	7	0.217096596559668	0.303830945385348
X40ca95a9999cbdfb2e42a4aae4cfe691	SampleType	Sample	0.491473463380567	0.382695149093801	18	2	0.217341850542633	0.304010797598829
X02ae98044e4cd88ced6600910e739e78	SampleType	Sample	-0.491752643560052	0.382962503825196	18	2	0.21739902574287	0.304010797598829
X3fbd689d60d010ec66fff9ee720ecc9b	SampleType	Sample	-1.06721128167204	0.831419690750814	18	5	0.217560835539556	0.304115426248015
X1e8e5e40c5cbe03a25d5c4a0e2d4c927	SampleType	Sample	-0.493926453702489	0.385044810404286	18	2	0.217842553678211	0.304294301042616
X6be207ca302e700c064df1dbf477d906	SampleType	Sample	-0.494026432733352	0.38514060527771	18	2	0.217862882010775	0.304294301042616
d165bdf10235136ef8fd3f2bd4d1cf14	SampleType	Sample	-0.500737694263503	0.391575781513912	18	2	0.219213385402543	0.306058304859142
cae69dc46590ea6992cc3bce05193228	SampleType	Sample	-0.501495628791565	0.392303117852679	18	2	0.219364175649763	0.306146570088451
b7f6e3af62686cd7f2c8f4016f835784	SampleType	Sample	0.502764641290453	0.393521158245756	18	2	0.219615866317671	0.306287479351797
X107273e73071282e4d0f4a0b46548da5	SampleType	Sample	0.503331466954577	0.394065320303349	18	2	0.219727974317594	0.306287479351797
eec2506b36782a131f14ff66e7316c8c	SampleType	Sample	-0.503091205860195	0.393834657853513	18	2	0.21968047858397	0.306287479351797
fd985ae175439d14150ffc494c72f7ed	SampleType	Sample	-0.505436324020965	0.396086574390448	18	2	0.220142588708823	0.306743120815482
X7cd414d778642e1ae9f40072768fc5b4	SampleType	Sample	-0.507631376332504	0.398195364026107	18	2	0.220572150440046	0.307219218302152
c1b39a4b58bf6ecf26fc05df3c49e15a	SampleType	Sample	0.512684469902737	0.403053378576019	18	2	0.221550190645154	0.308239853708589
a3039049f9e24144bdbbebecb28e8fec	SampleType	Sample	0.512784690417083	0.403149778493861	18	2	0.221569437176683	0.308239853708589
X82c9a8f2c5088f3c21feea25df56664c	SampleType	Sample	-0.512555148075	0.402928989497172	18	2	0.221525346788739	0.308239853708589
X7b438f8c2d92bd32b7537e73ff32e4f2	SampleType	Sample	0.705177784994259	0.554618308150028	18	3	0.221736044614109	0.308265469975196
X9117432296e0aa6c5ad15a2780880274	SampleType	Sample	-0.513800598796236	0.404127063436844	18	2	0.221764203943826	0.308265469975196
X530d24908759df11439f922b6b553c34	SampleType	Sample	0.517108114942964	0.407310141761658	18	2	0.222394167862077	0.309018287299611
X6e8e30df64f22917864d00b117adc584	SampleType	Sample	-0.51807880328774	0.408244685662779	18	2	0.222577853544527	0.30915064600384
X95a211c37be5ff5b35374e69cc374ff8	SampleType	Sample	0.519853426338162	0.409953663319116	18	2	0.222912276502522	0.309492183738212
X869cc7db0184c6dbd7e437974bcfb99e	SampleType	Sample	-0.520344342024408	0.410426517842706	18	2	0.223004471377427	0.309497273495628
X040f76448324b926b56477c33fa5c72f	SampleType	Sample	0.521689014386756	0.411721935185524	18	2	0.223256303034511	0.309723823574861
ce003f7d95581a74a2975279d3f44acd	SampleType	Sample	-0.672386588851884	0.531139856177416	18	3	0.223660573138084	0.310161588135954
X7018e2fc89ac94e96d5f767d51ed146b	SampleType	Sample	0.527395365188782	0.417222731527407	18	2	0.224313678012069	0.31094394065432
X31ee89e4e2db78a0afe27a57867457e1	SampleType	Sample	-0.528062314192744	0.417866015488442	18	2	0.224436077479361	0.310990299987256
X74c64d776af3a8c0dffa98b2742b3267	SampleType	Sample	-0.909908812940615	0.721873546045662	18	6	0.225568432830558	0.312311778683418
d43baf388c0ea0a3d690bd849d779184	SampleType	Sample	-0.533836688385848	0.423438561715963	18	2	0.225485578714993	0.312311778683418
a171071f11662f45b30b66f388c3dccf	SampleType	Sample	-0.694738664938361	0.551699808321838	18	8	0.225994835586445	0.312598079251803
a60edcd9947213e9b1a06066205fc4af	SampleType	Sample	-0.431203184373862	0.342460897007289	18	4	0.226043462342265	0.312598079251803
X01b5d2a69e57007e60aa8046be8f2744	SampleType	Sample	-0.490683608124275	0.389593827217681	18	4	0.225922568454942	0.312598079251803
X568ebf1ecd38e4f10bb09f485eb5ba51	SampleType	Sample	0.538599053190373	0.4280384966072	18	2	0.226337538767273	0.312880994673938
ad7458e8daa2ddd0deba9e0fb324ab23	SampleType	Sample	-0.540138287385214	0.429525989238029	18	2	0.22661030647343	0.313134241672376
e3aca7c4636f2b48bd082b90f2b0de80	SampleType	Sample	0.541530480360669	0.430871696502877	18	2	0.22685593620965	0.313349803630555
X4bff70caa4239abf761564a33a74133c	SampleType	Sample	0.543260795355982	0.432544645914842	18	2	0.227159799214669	0.313645599547584
cbb85bc024d1b10b984fa214ae81ad1e	SampleType	Sample	-0.359933547097765	0.286755868548553	18	4	0.227433011103657	0.313898857804337
X1f72dd6c008e3e8541c463624c397a3b	SampleType	Sample	0.546413134776959	0.435593627065778	18	2	0.227709363062249	0.314032320814841
X2de7cba081c75a92792e11063972dd1a	SampleType	Sample	-0.546333613285013	0.43551669481385	18	2	0.227695563159048	0.314032320814841
d99c975c4769ca942e4ad18aad95ed25	SampleType	Sample	-0.932052462227776	0.743753759391474	18	11	0.228147408981705	0.31451235875396
X47ea9b3edd327ad99468cb1aaab0fa30	SampleType	Sample	0.869208904858131	0.694223312422392	18	5	0.228542481256853	0.314932800344485
X868cef8081b5f7dd04c0858f4a600749	SampleType	Sample	0.553800741320174	0.442744682107541	18	2	0.228977232177732	0.315407566467041
X41ce05d94835bc310eacf2bcedc0df00	SampleType	Sample	-0.556474919745951	0.44533513688856	18	2	0.229429359381114	0.315905884362494
X8bda899535650965a3b89daa8e55022c	SampleType	Sample	0.560411036076483	0.449149805872131	18	2	0.230088363142569	0.316688550215127
beb65247733fb4a4e94450775a2a5680	SampleType	Sample	-0.373390714698482	0.299669695444478	18	4	0.230698221556498	0.317402984085602
X860138e4eb2afc36316bf56e82bc778d	SampleType	Sample	-0.679679242820389	0.545632821768769	18	3	0.230818409856658	0.317443414972021
dd361ff8e55a94f564c69d4c902931ba	SampleType	Sample	0.622371582125205	0.499763942397454	18	3	0.230940171298364	0.317485976743642
X6f1ba29118e3e03d18b17c5e9098f3b3	SampleType	Sample	-0.735615228043564	0.59092892344111	18	6	0.231113962638115	0.317600005260554
X117e2ebeb25f17a7989fa76a7863d66d	SampleType	Sample	0.567760474703912	0.456278002688944	18	2	0.231298532755833	0.317625551328125
X8e1ff7c4049baa12ef832ccf23650c80	SampleType	Sample	-0.283116403597452	0.227533177616913	18	4	0.231314260206352	0.317625551328125
aba6a32d51a6f8f58979fb224b7df4f0	SampleType	Sample	-0.98133044142372	0.789107467608737	18	6	0.231561850930325	0.317715946174418
X050471f7859b35124d59b3dfa0b51524	SampleType	Sample	-0.569190819078675	0.45766610266827	18	2	0.231531028346131	0.317715946174418
e2d59cd304f40b1a8a42c6453f74cb17	SampleType	Sample	-0.829782201231269	0.667550997066737	18	7	0.231766653428685	0.31787219316857
X919391e8ecf220e459ce0ceb45c47428	SampleType	Sample	-0.342258560212629	0.276214287361844	18	4	0.23317619342662	0.319554673547418
X91c17131cd04751c175243c37e94f7eb	SampleType	Sample	0.678026378372341	0.547114529222588	18	5	0.233114316149432	0.319554673547418
b30050c0eb1efb5179cfb6e93c65ca27	SampleType	Sample	-0.642915437469865	0.519705373927026	18	5	0.233908329235218	0.320306901295074
X4c5d9a2d50929ad6a992c966b9d1694f	SampleType	Sample	-0.58371354724875	0.471774200446894	18	2	0.233837368485208	0.320306901295074
X311b65088573e7d737ac3862dc72d333	SampleType	Sample	-0.938984859924953	0.759716717294466	18	6	0.234309600128622	0.320730760395326
X2a102392f4667b13b2357317e3cd8b6a	SampleType	Sample	-0.759283538078281	0.614798686760877	18	5	0.234655530128575	0.321078564903914
X1063baa3cf4fc70755d80efd9268b26a	SampleType	Sample	0.60878864599132	0.49331290392835	18	3	0.234992447973574	0.321413770780757
f0813c9877529cb1418e97b2650e1022	SampleType	Sample	-0.632909489685531	0.513049324706483	18	3	0.235158982644771	0.32151576195781
X15253007ddc343562497b890bea2450a	SampleType	Sample	0.594995196685749	0.482750725204484	18	2	0.23556308326836	0.321942353051675
cb524ac73dd4d0d36b6f99b4629a18c0	SampleType	Sample	-0.579302763790271	0.470166774463321	18	3	0.235704222100084	0.322009363212932
c60eb90fe5483f665b91fdaf6b00e341	SampleType	Sample	-0.594203592950402	0.482519509300361	18	3	0.235944833150154	0.322212162770679
X15e508d7033194f0da8e0cd7631ece66	SampleType	Sample	-0.599084367018415	0.486732744767626	18	2	0.236174881367165	0.322318782478481
X8cab27f9738bbfad5d71ac61929dcf49	SampleType	Sample	-0.409050021464603	0.332361273501302	18	4	0.236207299974219	0.322318782478481
X904ab7e5bbc64ea05597d95c630811d2	SampleType	Sample	0.601101676479644	0.488697845426505	18	2	0.236474070909684	0.322556906710985
X9c0491930e9047cee7510b9abb802d5f	SampleType	Sample	-1.13095368488447	0.91967794278466	18	5	0.236575710338589	0.322569689291617
f514f65b102356ab3e0effeeb851e936	SampleType	Sample	0.608925044021451	0.496322703499392	18	2	0.237618219098997	0.323864831957152
X93fbcb9f788e2456c357d7d7ef6211f6	SampleType	Sample	0.656738015041975	0.536459684799015	18	6	0.238594889812886	0.325035960686937
X14d871012c77b1e91a346e28d30b8883	SampleType	Sample	-0.332973618483811	0.272032632908245	18	4	0.238663418502108	0.325035960686937
X19b61409df7c30d2664a677418a9277a	SampleType	Sample	0.617101467639628	0.504298158068074	18	2	0.238787177543083	0.325077870985444
X9183f8ac285a9ec9b92fa589bbd3de8d	SampleType	Sample	-0.725018982904845	0.592860870448474	18	5	0.239069267052147	0.325208621639808
X8281e7bb18318fe9f3a54ee3ddb7b4c2	SampleType	Sample	-0.310793315925734	0.254106919648894	18	4	0.239008634201084	0.325208621639808
X441bbeabdb961ee4b32d91cf28e6d118	SampleType	Sample	-0.621199189896741	0.508297564259322	18	2	0.239362960256433	0.325481489325745
X576b43eee9797f7036a8901584989470	SampleType	Sample	-0.55681233770339	0.457104526962496	18	3	0.240833583711252	0.327226664848246
a51a80df91936db2f2b620c619cca77e	SampleType	Sample	0.631721886296322	0.518574823752061	18	2	0.240811638246317	0.327226664848246
X19483975848ef1e1f6ba304df2b90196	SampleType	Sample	0.636940418066914	0.523366891231724	18	9	0.241249161166365	0.32725485548613
X14cbfbff578d66019bd47d58c798b4c3	SampleType	Sample	0.410394431580775	0.337271373858628	18	4	0.241322373410539	0.32725485548613
cb5ec78471cee394f3979e8918c5af2b	SampleType	Sample	-0.602110623595925	0.49478567015483	18	5	0.24128378954935	0.32725485548613
X4a7db687740865612d5161a9b9dc3a6f	SampleType	Sample	-0.386436299384453	0.31738164152524	18	4	0.241038067040407	0.32725485548613
X3656d665c28ea702b11a5b6beac3b4d0	SampleType	Sample	0.633666841042021	0.520475487370392	18	2	0.241074787899568	0.32725485548613
X6d551d61633c9ec386c192f03bb931c4	SampleType	Sample	0.719541947775974	0.59198696313378	18	5	0.241818301048565	0.327800225073976
X5811fa589180d783a6b850974c3f0151	SampleType	Sample	-0.54983400220972	0.453410952007599	18	3	0.242861127734678	0.329086241302494
X067d13a56e26e159911f4ea08b1adacc	SampleType	Sample	0.662359684944039	0.54855100836744	18	2	0.244797872632348	0.331582085518283
d548f98705e78bebf316414c2a5e9d98	SampleType	Sample	-0.526209478793626	0.435949198843117	18	3	0.244958244317732	0.33167080640387
b02d4c61cb4eb1e4f68ffbb01fe36981	SampleType	Sample	-0.664900148250277	0.551039878646225	18	2	0.245113739777686	0.331752858793182
b528100268f132f5cc7bcb7a35d41b4a	SampleType	Sample	-0.676325280111938	0.562238687986055	18	2	0.24650800592589	0.333510831546792
X98201309cec3d986284ca1cf202cea71	SampleType	Sample	-0.51813026713079	0.432079502559963	18	3	0.247926045950168	0.335299596379802
c5e09db0eecbf5db9483cf3278206a7e	SampleType	Sample	-1.14365073298226	0.954110570087214	18	11	0.248114537044446	0.335416575378416
X2f0a05c0c43572b5db4db14cbde14b97	SampleType	Sample	0.87511605081028	0.73022560609712	18	4	0.248204428061774	0.335416575378416
X2d1a60b2982025a0959cff244436778b	SampleType	Sample	0.941624530302445	0.786866406006237	18	13	0.248864191412277	0.336178212201438
X1dfa3991ae2e1234910a5e20ed314834	SampleType	Sample	-0.506833560247628	0.423730308452934	18	3	0.249074078221899	0.336331779630652
ff05b3f94fc778d9cabb2a8b4e70a5d6	SampleType	Sample	0.651648961462428	0.54527466510856	18	5	0.249468465153051	0.336734268021261
c9ff625533f762323c7053f121cdc82e	SampleType	Sample	-0.812576604609684	0.681281741440343	18	5	0.250368425137774	0.337709324550725
a70b8ee02e5e6777c5d09ca1bfb7a0a3	SampleType	Sample	0.590887237287371	0.495580297168473	18	5	0.250522163552728	0.337709324550725
X99605c171fa9d7c6bd5905dcebf8e50b	SampleType	Sample	-0.594346928476617	0.498362670095239	18	3	0.250413446016138	0.337709324550725
X2ef0ab6fa2a01744c9c8590e1726b21c	SampleType	Sample	-0.511147214418739	0.428753878353411	18	3	0.250577227655773	0.337709324550725
X2995bdfab252a47ff9d29fca4e64d127	SampleType	Sample	-0.716805029186491	0.601985025019889	18	2	0.251124002624344	0.338315804691601
X7ec8be180094b588aa83a84c0d44387e	SampleType	Sample	-0.996700965105065	0.837325036684999	18	5	0.25127529394997	0.338380477221979
X474b0fb0000846683809fa7d427c14d4	SampleType	Sample	0.71904474914833	0.604187008937203	18	2	0.251365589057632	0.338380477221979
X3a218447b4453c013ce47c49e91976ab	SampleType	Sample	-0.497458352583652	0.418222981892489	18	7	0.251612337455817	0.338582267800437
e1ee111171652a6df98b317ee5255ea1	SampleType	Sample	-0.492462780641042	0.414418406789914	18	3	0.252046339936684	0.339035784693592
b48a66a13d96875cba60b1e2f35f600e	SampleType	Sample	0.834129268785885	0.70503119612558	18	5	0.254047744945201	0.341596506280162
X8fdf2422d7f1da92c7b91f0751a324fb	SampleType	Sample	0.747502927477313	0.632188794977898	18	2	0.254319402275478	0.341698935570742
bc58fdb04e21b2084433dee7180176df	SampleType	Sample	0.501110745624186	0.423748645069991	18	3	0.254257191642286	0.341698935570742
adaa66ebabdbd36085236136bfceca3c	SampleType	Sample	-1.05240651834499	0.892423375699861	18	6	0.255530365178945	0.343062272145004
X45fda4c6e6d36179fa0c4383376116f5	SampleType	Sample	1.00311381681564	0.850545713754644	18	5	0.255488395310328	0.343062272145004
X900e5a6f9693161021cb77ee0eb3e901	SampleType	Sample	-0.674151613232419	0.571944503598414	18	3	0.255749798553451	0.343225065544287
b60612e57a559d22d47df0179b6dea3b	SampleType	Sample	0.764568130990828	0.648999362061996	18	2	0.255993289465893	0.343420007664145
X46ca724215b684917653e73ad6e0be40	SampleType	Sample	-0.726843053668849	0.617505717245566	18	5	0.256384479896915	0.3438128660221
X4eca3924d53ddcbbffd870d2b2bb4cb0	SampleType	Sample	-0.78111596886186	0.665312665123183	18	2	0.257551561455766	0.34524549802506
X883ae30d1e8f0fb3abb2bb36086f8989	SampleType	Sample	0.469443687934687	0.399990283493582	18	3	0.257715322623231	0.345332605554165
f7460ef647b461ee5ad49fbeb5705652	SampleType	Sample	-0.723752192821792	0.6177883837665	18	8	0.258540320119478	0.346305348328619
X4460aa4d008db7dacc916e27ebc202b8	SampleType	Sample	-0.464986759010743	0.397138238642731	18	3	0.258804873238737	0.346526938660522
X1263b941de1a0c2fb61d10f6b7e273da	SampleType	Sample	-0.959086879272172	0.821158678146673	18	6	0.259929914905356	0.347900069873325
ea31672fb76c2d720f74a11c27f7c17d	SampleType	Sample	-0.663317542778889	0.568107917015822	18	6	0.260077691954616	0.347964642584514
c386c682a87872c4f0dafa38a7aed394	SampleType	Sample	-0.356325580987336	0.305262032102724	18	4	0.260200408859215	0.347995650103984
c06de8efeadccec8f33dc90c9a63cc1d	SampleType	Sample	-0.803833272093681	0.68883787559695	18	16	0.26033243473067	0.348039079089263
ae41db21efccd214f0d96b1027c3c682	SampleType	Sample	-0.823646668971118	0.707290566770274	18	2	0.261287688083883	0.349182629029532
c6c422e7937936cc8b3aa5a8b979de90	SampleType	Sample	0.488007543968154	0.419524485696951	18	3	0.261787635017348	0.349717069935288
X2bbe52154caa4c2adf279cb6aa9f2db5	SampleType	Sample	-0.4517152725493	0.388665111517294	18	3	0.262188690446878	0.350119045760995
ddaebe95bb6bee3bffec43486832e623	SampleType	Sample	-1.29413489538905	1.11778498467519	18	12	0.263950356268453	0.35216084651672
a4249126c5ab1a9f4915ed66a50f9693	SampleType	Sample	-0.861543696430635	0.743980191494658	18	10	0.263850319344127	0.35216084651672
X6f7da6d62ca47bbc3f1dbec7f3c519a8	SampleType	Sample	-0.44796174038341	0.386977265343262	18	3	0.264019902379955	0.35216084651672
X99e5a1f89bd0985c7232e7288b0bbb0c	SampleType	Sample	-0.651565653248659	0.56411779329159	18	5	0.265042359166686	0.353389812222248
X205ad8969ab3893de8ec3c7b4ba01174	SampleType	Sample	-0.491533881209573	0.426980984221542	18	3	0.266569764571089	0.355290849005157
X2081602c247656e13b84098f86f682fb	SampleType	Sample	-0.43697471724975	0.379743789968842	18	3	0.266759594418896	0.35531459458455
X598fa45e5ef40e32afa32bd040009ad1	SampleType	Sample	-0.894856126814906	0.77770896469838	18	2	0.266790849766717	0.35531459458455
a317a16b6d8047221b2fd8083bdfc0d8	SampleType	Sample	0.518432697126168	0.451015454801522	18	6	0.267251674060041	0.355522013894179
X884e0bd9a4c4faa17b8ef8a5c2040b5b	SampleType	Sample	-0.461014534016388	0.400978492933804	18	3	0.267153622817483	0.355522013894179
X81c8678baef9ba0fdf03659f1652d19e	SampleType	Sample	0.433074127396394	0.37673056281851	18	3	0.267219450338715	0.355522013894179
f945dbc9c9b10cb22f6a5e31e38d7400	SampleType	Sample	0.450725369909375	0.392562429565858	18	3	0.267778895024943	0.356087872577862
X74ddb36ff5ac366d7d74feb452543d0a	SampleType	Sample	-0.500801662262693	0.437376194113079	18	3	0.269043034383412	0.357632870039699
X3fc2a13eab9269ca3d9d83c0e19ddd25	SampleType	Sample	-0.555038285471615	0.486104376836145	18	3	0.270334235829561	0.359076173427106
X0c3e72d3c62c8ecda00bd4056dff3eec	SampleType	Sample	-0.526627150867641	0.461122831716634	18	3	0.270235323351488	0.359076173427106
X81b1d854fa98dcfc7217f209ac736c09	SampleType	Sample	-0.912251750053599	0.802074861946111	18	7	0.27213248107609	0.361327441641478
X765f4c78c2d441bd838f15cb18c16cb7	SampleType	Sample	0.488455783420807	0.429689995922589	18	3	0.272376612502024	0.361514289030781
X90b24c5d7bee142a75f7d010f60ed555	SampleType	Sample	-1.01746173751779	0.899244533322856	18	2	0.274534557146037	0.364240156274211
f6f921b58a7995bd1131e02589ff091f	SampleType	Sample	-0.414332229175183	0.366542978561352	18	3	0.274977659089496	0.364689641948739
X85d1f849e5799e97c5b3e48d1c87488d	SampleType	Sample	1.30409638276094	1.15980161820049	18	10	0.277424382658843	0.367516347773897
X0e41f8b37cf8bb646fa840984726b47f	SampleType	Sample	-0.402931003205498	0.35818769157723	18	3	0.277217637152868	0.367516347773897
fc1859d63e564d01a62fa3799bd0d8db	SampleType	Sample	-0.461566183696415	0.410459272078808	18	4	0.277383966078209	0.367516347773897
X2f660457bd1d8d841364e08e96507d08	SampleType	Sample	1.00952383761293	0.898742809575887	18	8	0.277898407986345	0.368004861484948
ae664931363aa4010e495eb28f058219	SampleType	Sample	0.426786770517423	0.380313566019961	18	3	0.278337572369703	0.368446858388672
c3d450e164208c4d08d63fc493183ad6	SampleType	Sample	-0.264716276949078	0.236698221567705	18	4	0.279919617277846	0.370400825890746
X6389d560c5036679e1bff639b7f5a5bb	SampleType	Sample	-1.21396869789158	1.08803668127201	18	6	0.281009933953928	0.371702886531568
fa5dd3afcdacdc85188c8feccbbcf481	SampleType	Sample	-0.425357245598769	0.381442612737086	18	4	0.28126541666161	0.371900112197046
c344c6c584c663a222c735d50eabb47d	SampleType	Sample	0.561621996115155	0.504291001394298	18	6	0.281865202721927	0.372552267945504
c7cb7643fc5fafa0a5bf16c565c2a49b	SampleType	Sample	-0.769215500605038	0.691163862515265	18	9	0.282181200357087	0.372828978249576
X3d99e08c5cb5e965b01862c852980cb1	SampleType	Sample	-0.888469968187078	0.798852877018294	18	9	0.282492085635234	0.373098727382236
X837a8ab5fbfe961ecfa67f661c564211	SampleType	Sample	-0.62636945368503	0.563749954181913	18	5	0.282953493970404	0.373566999592346
X4bbec3bb723375416616a87d785ac74a	SampleType	Sample	-1.02300467460125	0.921782556252113	18	6	0.283482350455459	0.374123932499919
be04e5a5f333faeeb89b7922cc154ccb	SampleType	Sample	-0.321458829893775	0.289725931856448	18	4	0.283601131572726	0.374139455086133
e211862b5de01edab4175e1977cdbf8c	SampleType	Sample	-0.954677138304832	0.861401241645605	18	7	0.284121641766564	0.374684745234216
X883c621a94c8c41fb099d57470e16755	SampleType	Sample	-0.568959997235166	0.515153907203423	18	5	0.285732486260366	0.376666957754993
c345cff6eeb3598e758cfbc21b2cb531	SampleType	Sample	-0.463373540139942	0.420167837016889	18	3	0.286413306038047	0.377422132645688
X3e587d7939cc4ff07374ac1c3b8f4e97	SampleType	Sample	-0.374961501128445	0.340169788576865	18	3	0.28664605242821	0.377586510659014
X23eb46af4b04969e0e20590216247024	SampleType	Sample	0.473248910367542	0.42970703356754	18	3	0.287046111278595	0.377971075340854
X27cc3062316246796eebed7deb37c6a4	SampleType	Sample	-0.595742853838637	0.541213239197237	18	4	0.287288816329412	0.378148231132388
d30f1320ee57dc18bffd6b199a7f0d39	SampleType	Sample	-0.437290184374699	0.398084882839819	18	6	0.288248601007852	0.379268765195126
c812aabd1895a892feef772d6d9aa564	SampleType	Sample	0.869360574139156	0.793495339776721	18	3	0.28946815277371	0.380730121180169
fccca080bd9210e75a1abb27ff913854	SampleType	Sample	0.415937750541575	0.380379909085916	18	3	0.290373486634844	0.381777250573679
X7e403a048ec8502d08dc87d27ebd86c0	SampleType	Sample	0.424338093394518	0.388374977164453	18	3	0.290748651384169	0.382126798962051
ff692e4e928957f70468a4e90f7dc942	SampleType	Sample	0.429807672474384	0.393899802614488	18	3	0.291362321877074	0.38278943152283
X37e531d55fdb08eabe36d2cd4382f7ad	SampleType	Sample	-0.473985825949823	0.435459358792875	18	5	0.292510617868009	0.384153688980676
f93c80f7ba93cb010f8e195429e296e5	SampleType	Sample	1.71602762811574	1.57905534538821	18	7	0.293251761326205	0.384982409912284
X4354c53238ab695e6751f2f3bf5789d8	SampleType	Sample	-0.255911613890169	0.236529988925632	18	4	0.295316080347703	0.387546928264103
eeb8346144c51998c89a93b2360c4a36	SampleType	Sample	0.809468913581345	0.748717791192659	18	9	0.295661607825693	0.387854777095167
a0f7f6e63c67b3bc93697958bda66962	SampleType	Sample	-0.856344715815769	0.794303583863087	18	6	0.296971994988617	0.389427642340662
ef7e41c8f37fd2effd5efe9dc9059c37	SampleType	Sample	0.369771633116486	0.34344755829636	18	3	0.297604811633818	0.390111144158915
X53f07f8bd54130a8af7977a20d1cf78a	SampleType	Sample	0.704573795677105	0.655239720813485	18	4	0.298192555396498	0.390735072588514
daa83b35584cb31b1770ad7d863ac3a1	SampleType	Sample	-0.350103751014252	0.326283335339564	18	3	0.299186257672762	0.391599708904863
eb44964ecd21ecb41bbde2c44016a71d	SampleType	Sample	-1.33306965332605	1.24185559680186	18	6	0.298992876480055	0.391599708904863
X0a844cb68964dda2e63d9c1373972c54	SampleType	Sample	-0.360099416734455	0.335600490325471	18	3	0.299188450367531	0.391599708904863
e9db40c8c6bee07f62ec5d5161167f2c	SampleType	Sample	-0.436609791750794	0.407054589756227	18	5	0.29935941829103	0.391676843692156
e8a9670ec66131f2db975c5cd69c3055	SampleType	Sample	-0.34304064910994	0.320421380492872	18	3	0.300237658930588	0.392678958331962
a630681ba72a80c92a426efb3e574ab2	SampleType	Sample	-0.734793913952517	0.686650115695848	18	12	0.300446355111776	0.392804957917266
f888888f4cee84688d9a087f2ac4071a	SampleType	Sample	-0.593882852632184	0.55605577861441	18	5	0.301358125147882	0.393849721688597
aee784d01ee7fc4dba498a2f0f6185a1	SampleType	Sample	-0.35671595513506	0.334541702559337	18	3	0.302122202449181	0.394700754769185
X0e877af721259340b19029ae0231c64a	SampleType	Sample	-0.431625977482112	0.405546191111431	18	5	0.302988544524984	0.395684703645627
fd378a4547ac236b57eaaa8f4a03bfc4	SampleType	Sample	-0.303342452763623	0.286019370808094	18	4	0.304635089756301	0.397686435320399
X4a8d49983280bcba754cc84f20feda16	SampleType	Sample	-0.338106152555357	0.319679241302302	18	3	0.305926435313217	0.399223149628595
ea5114b2e35c6ea63901f2e114fa7f39	SampleType	Sample	-0.928376476917801	0.879504656569549	18	12	0.306844916976792	0.400272324533904
X2f663ecfa3c29570062b45958d1bc5bf	SampleType	Sample	-0.343575664323595	0.325832840486953	18	4	0.307338835038149	0.400767089628261
X596dfd6a0a6b17cc5d46a65ab07e5c33	SampleType	Sample	-0.370110232116037	0.352422206523168	18	5	0.309235210893707	0.403089596302908
X483a76f36be323593bc9e71a62dee74a	SampleType	Sample	-0.479876658470887	0.457319171390478	18	5	0.309620683286869	0.403291322194819
efd0f8b1104631e4ba6fa7fa447bf8bf	SampleType	Sample	0.332656121119891	0.317000380431955	18	3	0.30959317631172	0.403291322194819
c3dc32f96291667501f1b97b830e734a	SampleType	Sample	-0.636331241583878	0.608264064178808	18	5	0.311042856620121	0.404992859122511
X1aebfeba70ae1c73b18443174a266634	SampleType	Sample	-0.331786133564362	0.317264763912877	18	3	0.311209662319015	0.40505918818588
e38b7ae95345775d32afcf5aefaf7dcb	SampleType	Sample	0.369072233865066	0.353028552747545	18	3	0.311355071516304	0.405097629334202
X19ffcc8f06422b6b81f2a65bbf134dea	SampleType	Sample	-0.969591993365344	0.931201777756832	18	10	0.313249274039014	0.407410514151932
X452de8dd2cd2ef65e74ca756cc3f995f	SampleType	Sample	0.710980048115085	0.684489845443148	18	6	0.31438720071151	0.408738435733522
X5feaa88d4524bd064ae3f58d405ee1cc	SampleType	Sample	-0.621479590068126	0.598578526864671	18	6	0.314586437801128	0.408845422510313
X8e70d411c3e4e0b39089cad26f577d3b	SampleType	Sample	-0.296095779503875	0.285998492533236	18	4	0.315921482376944	0.410427908729021
X8aa09e183adb43b50946d430c7317a46	SampleType	Sample	-0.314304113430159	0.30373664390764	18	3	0.316154145944171	0.410577598150379
ebd6f8278dc89c7cfeb7a95185ba9bda	SampleType	Sample	0.515881057310332	0.498800550126667	18	3	0.316402594370267	0.41074766799794
X2dc6ff02e15aae1d69a701ce20a720fe	SampleType	Sample	-0.522639031694771	0.505712214750778	18	4	0.316752547680474	0.411049334332197
aae0049765cb105fc79821c26ece84f1	SampleType	Sample	-0.311498826478087	0.301779968775804	18	3	0.317327159298949	0.411642207387431
X3a4eb179f35f1cd7c05aa27a674f2708	SampleType	Sample	-0.607142661945092	0.588460001297144	18	6	0.317534615885419	0.41175853751314
X8425c44cc829615a9cb72b97512ec7d8	SampleType	Sample	-0.314982945469082	0.306355673222685	18	3	0.319167537540956	0.413722547735699
ebf00dd6a9329614e82c0a214cb16490	SampleType	Sample	0.449793988444352	0.437738258156011	18	5	0.31945036310435	0.413935681769017
e23f13c4880a9bef120d582d3b9cc6f8	SampleType	Sample	-0.50974091473224	0.496301053072465	18	7	0.319660723478761	0.414054794102167
X068d88d98dec7846b3f8a172f4042674	SampleType	Sample	-0.329860023517762	0.321525724021108	18	3	0.32019012908128	0.414586922691909
X2c9d05509cf16e1df0a09d06af6e35ee	SampleType	Sample	-0.640616667720421	0.62543172969564	18	11	0.32094124332995	0.415405622614404
X7046b948651a814c4adfb39557aef1cc	SampleType	Sample	-0.318755124181846	0.31199283984252	18	3	0.322135317881722	0.416796843565693
a0aff308fbdbad79f16ee571a7caa033	SampleType	Sample	0.318405426319544	0.311872509958261	18	3	0.322469212762077	0.417071386087965
c79895733c20d5cc9d9f872cfa751155	SampleType	Sample	-0.309125769245247	0.302858721914015	18	4	0.322586106402133	0.417071386087965
b40fb7908173ee6634e537189d7d9f03	SampleType	Sample	-0.683799377604952	0.670606963169264	18	5	0.323055335750201	0.417369347295899
X3a223cf40b6ee13f104d37546b44bcf9	SampleType	Sample	-0.33189980802857	0.325469762223864	18	4	0.323016767091331	0.417369347295899
X42da2435f7c0840e2c0a0ed0cca49646	SampleType	Sample	-0.312278003727437	0.306849635313449	18	4	0.323967811203927	0.418393597328751
X27af17b435f0eaea0b8e0f73e1cea442	SampleType	Sample	-0.298146713178326	0.293267586225518	18	3	0.324453657704822	0.41886631733237
X611587e433ef2c74aaf09c358c00636f	SampleType	Sample	-0.300316063798765	0.29593342189395	18	3	0.325297690021254	0.41980093182514
X9e492bade21653744bcbfc304be16fb7	SampleType	Sample	-0.587952839842002	0.57968551676736	18	7	0.325550995039875	0.419972796553285
X59a7053003c3ffe09bd78fe9cbf385fe	SampleType	Sample	-0.589085639831344	0.58095768728795	18	4	0.325676414205674	0.419979617876443
X0bbb87abc1df7dbdb3e7d3021088be73	SampleType	Sample	-0.455431877095002	0.449761460758387	18	3	0.326316702908879	0.420650145047729
fd23e9bbf9949af42e4783b8c669a8ad	SampleType	Sample	-0.751985586200329	0.743291126293227	18	6	0.326738662086622	0.421038836216304
d20f9a5bc3810caaba5b2c041c10e0cd	SampleType	Sample	0.782474784392971	0.773730423397529	18	7	0.326922186872328	0.421120105123676
X53b227995a6a99a320f4efd39444e8ff	SampleType	Sample	-0.327572263604296	0.32411645617348	18	3	0.327218867138949	0.421347020080208
a1deaaf0aeaee1963f22f598b43bbe9a	SampleType	Sample	-1.06445687976747	1.05369324548087	18	6	0.327426455727844	0.421459090288859
X19970ead855e50ce2d315a00a7215caf	SampleType	Sample	-0.487823546323859	0.485196610785608	18	5	0.329661505843612	0.424179839686885
faa5c0dcb53dc1ec6e0ad209e4b5f3ba	SampleType	Sample	0.875769068108644	0.872247497301523	18	10	0.330304462038201	0.424427047259513
X3c24a5adabfcefd9f44d13f50384c57f	SampleType	Sample	-0.28771949179345	0.286404082783779	18	3	0.330044947575799	0.424427047259513
X69a3960ccd2966ed767064381136c82a	SampleType	Sample	0.858249285401896	0.854861532080169	18	6	0.330339243590714	0.424427047259513
c3100f3032c793be2b99ca23ab1824ee	SampleType	Sample	-0.383336762729484	0.381794017609978	18	3	0.330302861061091	0.424427047259513
X2be4bf432e6bb8b02f2dcc4cf3d89ef9	SampleType	Sample	-0.305558974423534	0.304997998026863	18	3	0.331332779370685	0.425547169977926
X73013b097cc1abf48962f182071a8a15	SampleType	Sample	-0.287135800140002	0.286816837667817	18	3	0.331673482587295	0.425828312568926
X9de6e8f8da09a28410fdbad96c07d9f7	SampleType	Sample	-0.623124811731926	0.623269779302955	18	6	0.332304130678386	0.426481365951409
X183b1085ec7d9b20001265937f063710	SampleType	Sample	-0.683978315162835	0.685527624319629	18	10	0.333256597780376	0.427546813152365
X7454e5573466dfa6018c7cd0181711a3	SampleType	Sample	-0.283241863375689	0.285162937127379	18	3	0.335366555169151	0.430095919615316
X29d080efbd9042a91d24262bc7b6c297	SampleType	Sample	-0.689464444517204	0.695165006817284	18	7	0.336058387585435	0.430642051405929
f08922dbd47005a8535f7965ce212e21	SampleType	Sample	-0.99607093927577	1.00416876992173	18	8	0.335994014813252	0.430642051405929
X67ef9811465d4828d3b291ca4a5ca547	SampleType	Sample	-0.524231244528793	0.528682320711829	18	5	0.33616194459004	0.430642051405929
X7cb4feed7e601700f491fef1e73ee7da	SampleType	Sample	0.466944377619184	0.471083285833621	18	5	0.336335505945695	0.430706567320933
e58475cb355d877fb5584945b097bff5	SampleType	Sample	-0.28278250736276	0.285465165081553	18	3	0.336625062454612	0.430919523376537
ba118af331e20ce430657c050ec1b9f7	SampleType	Sample	0.313282333964726	0.316706371319131	18	3	0.33729517762919	0.431619304901774
db43b458f770e8b7a1cb778d0a44b178	SampleType	Sample	0.290938517904846	0.294830811384691	18	3	0.338430237130006	0.432913321992865
X02ec9e816407b031507396c81c182019	SampleType	Sample	0.900592287254174	0.914939852593017	18	14	0.3396105135992	0.434264211976153
X212b340b7771fc75695ffeb983538990	SampleType	Sample	-0.315025405253038	0.32077356144763	18	4	0.340678366325434	0.435470409021468
a8c1050a587c5351b60d6de197951534	SampleType	Sample	0.897189010006757	0.91537608384738	18	11	0.341610021622373	0.436501694295254
fda92df4fad27f969b71f944af93d9c9	SampleType	Sample	-0.285006286755434	0.291683256817879	18	4	0.343058667158359	0.438032542142302
f4667215c7b7194e69731dadb04fcc35	SampleType	Sample	0.302217181204942	0.309296524900581	18	3	0.343057403049298	0.438032542142302
X95422d4c51dc656f4d593b07f4842850	SampleType	Sample	0.654647837629774	0.670202042209018	18	7	0.343210868956438	0.438066884947684
X117a12b24ca312fb2c8304666d637467	SampleType	Sample	-0.364677428599104	0.373679201975068	18	5	0.343634191036743	0.438447128417683
fca8a899f0212537b4749fcd0cfe9572	SampleType	Sample	-0.473727320006073	0.485570027350541	18	5	0.343778230611333	0.438470884428027
X6e9509e5cc965b817c9e811c040ae49c	SampleType	Sample	-0.267581212682493	0.274521797086972	18	3	0.34420772917133	0.438858578111951
X8f23fca78d2153ed64bf5dbb1a22cd82	SampleType	Sample	-0.37591970969614	0.386168001726736	18	4	0.344812328513058	0.439469158031954
b0dbb8722e6bae57ffc2b42325d33a40	SampleType	Sample	0.296486830574885	0.30467101007001	18	3	0.34496837772423	0.439507816517459
X9dfb6bd9f3f28f7bef21b5b782962026	SampleType	Sample	-0.263817896892671	0.272273357718834	18	3	0.346992659661355	0.44192580625723
X9a3209e62c8c53998522fc1e8e5d718e	SampleType	Sample	0.287212747076317	0.29680285601214	18	3	0.347600842930584	0.442539164925463
X36e0ffb740d75dc78c0da5d08d067bd8	SampleType	Sample	-0.3192320773961	0.330092882532172	18	4	0.34788714730919	0.44274243428938
fa3aa87624dada95d7bc5baa91eeefcc	SampleType	Sample	0.267755489322962	0.277257892628441	18	3	0.348551838450462	0.44342693858181
X6633ffa38a16a7670486c2cc59ec1167	SampleType	Sample	-0.530595787950969	0.55380084236002	18	6	0.352267806362223	0.447991360873893
X8fab9328be04b72fba4817db9e48b9ef	SampleType	Sample	-0.657676879413971	0.68672935895075	18	5	0.352465425264293	0.44807968244508
a5c95d5f2fc8a4037c6c735708c253bd	SampleType	Sample	-0.656628584013104	0.689615041984064	18	5	0.355176111364296	0.451361572275383
X8e54de03934db0b524bb1300d7a7d553	SampleType	Sample	0.555542994876349	0.586166639855682	18	4	0.357349445081609	0.453958452036812
f8831fa35e481423c9bf15d3f4049536	SampleType	Sample	0.632777748729273	0.66855250274102	18	11	0.35797535119577	0.454588386407705
X577ab2fd63927a467fc472aa93939c74	SampleType	Sample	-0.538927341875101	0.569810003647369	18	5	0.358315296461874	0.454854857091762
X2b171e4c26f481ddc20506b79877b519	SampleType	Sample	1.04748710501057	1.11066260696339	18	13	0.359644117109171	0.456210389482461
X53b5292952d746da18bdd79e508d3926	SampleType	Sample	0.576816680931513	0.611575014573689	18	13	0.359620915728971	0.456210389482461
X025f9ce361f0785a6d027041c20bd83b	SampleType	Sample	0.316220922038773	0.3355775456205	18	3	0.360041333838405	0.456519877817726
X607e292fa24dbfaf2cc3a23b6d7b1b4e	SampleType	Sample	0.483761482465615	0.513492139904591	18	5	0.360149262877943	0.456519877817726
b193f90c666da517f28478197aa33815	SampleType	Sample	-0.319338294881517	0.339334929610322	18	3	0.360660813396284	0.457002610958104
b64810a9bcdbb39e6ea6607148fa08ee	SampleType	Sample	-0.271719043546181	0.290040374832242	18	4	0.362771633775923	0.459510736116169
X0747d922a4e0e44057cfcded26df7b09	SampleType	Sample	-0.475102792547134	0.5074524884616	18	5	0.363061583047035	0.459711443075854
e81f6d9916ef6ba0c290e586b2183b5f	SampleType	Sample	-0.245564097364149	0.263136742892489	18	3	0.364577388858851	0.461296616522094
X01d4f1a7f1c979f92bc7e70af69f0b56	SampleType	Sample	-0.25370997907959	0.271833403597426	18	3	0.36452214966753	0.461296616522094
dc855f2a83c54fc55b6f3247e637700a	SampleType	Sample	-0.224318312477025	0.241412279755533	18	4	0.36659706862366	0.463659590441761
f1e760669bddfbfddf50f983ff00bcde	SampleType	Sample	0.430746471009711	0.463683410294289	18	5	0.366710173790466	0.463659590441761
X452f8b97434b4307c2fa6604d2505a5e	SampleType	Sample	0.370081067505538	0.398574294126963	18	4	0.366938721473396	0.463780828008313
a619caa5848df9525980658feb62675b	SampleType	Sample	-0.512340865501825	0.552610505000757	18	5	0.367634980170174	0.46449291314598
X5b6770c6bca36ef513da581b72c17da7	SampleType	Sample	-0.238534116419124	0.257570127518389	18	3	0.368156073422966	0.464919733866431
f018b7b544faae0a5705315015cf3815	SampleType	Sample	-0.299968679784666	0.323964821838582	18	4	0.368238770902788	0.464919733866431
b3d73b5df65928a4f8c59f2eb7dcd58b	SampleType	Sample	-0.714381075575748	0.772202513385085	18	14	0.368646387563096	0.465266343292629
b34449e7ac6bde54616af2f1263133e6	SampleType	Sample	0.747111699112964	0.808291760192813	18	5	0.369056123561777	0.465615376388298
X9cc61d556305b3fddbb3c977ee945dc6	SampleType	Sample	-0.23044438516079	0.25186821422556	18	3	0.373806385688205	0.471438356553379
X45b0423d1013166f5e0436130e71527a	SampleType	Sample	-0.670348600492467	0.737071008612374	18	12	0.376595790243406	0.474613872635526
c1a84bb089208453669acc73b1803058	SampleType	Sample	0.776890636516536	0.854123395294916	18	7	0.37654446156304	0.474613872635526
X81703e7ea9070f5db356c359ddd4731e	SampleType	Sample	0.458391799364901	0.505076327673154	18	6	0.377572583245013	0.475673423792636
X74ba04f87e4115f9158e2b5ceac67434	SampleType	Sample	-0.267314586473247	0.295962913631277	18	3	0.379815634820279	0.478326894571936
de8ad47c92c3af3d78ddb1672ca0a06e	SampleType	Sample	-0.649985674812742	0.722332425723492	18	5	0.381547865806394	0.480335375894545
b3d7c668f62042e81ea4183f4ec0efdb	SampleType	Sample	0.5160919778789	0.573713468377624	18	3	0.381691867164271	0.480343688843157
f31bba783d902e4b35255549ea9277ff	SampleType	Sample	0.39450257002939	0.438714869053954	18	3	0.381867916907508	0.480392312885444
ab2303bacf70620e706950cdb66b20d2	SampleType	Sample	-0.329450323052321	0.366699649440703	18	4	0.38228295124808	0.480741437972406
e86aff9d83cae9a0a12ce9418a82f731	SampleType	Sample	-0.652603835325664	0.729835026114942	18	10	0.384479253150893	0.483275612591102
f69b045ae8095047c005f7f6e0611ed2	SampleType	Sample	0.257453572150027	0.287980593934405	18	3	0.384574586449784	0.483275612591102
X02f194f65f4235cac01837a7625125b9	SampleType	Sample	0.919238734462871	1.03632354179893	18	2	0.38820760671052	0.487665753884289
X720e20ef0af502df74e5dc4b4fd9ee6e	SampleType	Sample	-0.763886453128821	0.864625731049827	18	13	0.390054936845428	0.489810366096126
X4d5467aeaa75e026c74956f5af397574	SampleType	Sample	-0.341538078168039	0.387985764414003	18	4	0.391735649421254	0.49174428379774
X108bb5d1a9239c157fcb3de7a2e3b42e	SampleType	Sample	-0.217827609326028	0.248012260736871	18	3	0.392783030228192	0.49288207956847
b9ab4c688a7413bdaadb9e60af6fe0cc	SampleType	Sample	0.460461340917649	0.524611862363921	18	4	0.393086112932787	0.493085414715832
X922414fd1c48a7f30c1c59fa8536ce2c	SampleType	Sample	-0.510144754377055	0.582255242534409	18	7	0.39391096637866	0.49394287606162
X72f863cafb495d6e0f463b001e7dc17b	SampleType	Sample	-0.263435604930313	0.300827239471182	18	3	0.39414792099306	0.494062793758242
bd704202329f8ef0e1b2266e6861ca88	SampleType	Sample	0.610596418695356	0.699140983892817	18	5	0.395390026146115	0.495442125952264
X490311f3d1a99ebe1e75fc9ab2946594	SampleType	Sample	-0.486938339437071	0.55860961760882	18	12	0.396265910121721	0.496361741951105
X6fbfd7a942ccf4066297155037dc0bf1	SampleType	Sample	-0.204910933205851	0.23676304471107	18	3	0.399573159441134	0.500325130876148
X0b4594a531f9af29b10deb5f966a6987	SampleType	Sample	0.45079835591322	0.521735156622899	18	4	0.400335889094506	0.501100704716933
f9491c3e6b9696bee439b98d32336180	SampleType	Sample	0.556012953199203	0.64428966965774	18	6	0.400896321502978	0.501443127003367
e60336ff774a125113b2283f95f7c3d7	SampleType	Sample	-0.20392483467222	0.236261269666979	18	3	0.400818022653809	0.501443127003367
X7d332824708bd7dd7c7bc731d027d0b5	SampleType	Sample	-0.716563726432081	0.833612801749229	18	10	0.402712056441372	0.503534102045436
fc7b257064027e1bc2b6fbfb4584677d	SampleType	Sample	-0.281913023856379	0.328587896831591	18	5	0.403587724900867	0.504448582857859
X343b043df375843dbebeba9421c667af	SampleType	Sample	-0.334948003916275	0.391775873596841	18	4	0.405200429433969	0.506283309971821
X935ded79f407d3d848e6fe33b3f476cd	SampleType	Sample	-0.498648519432413	0.583585293546257	18	3	0.405464348170287	0.506432069025838
X5e9f5ba08632f50269bddfdba82cc95a	SampleType	Sample	0.688811064475395	0.807602108719015	18	2	0.406297088456479	0.507215104531235
X05f5ea95fc36de245966b90339768d2d	SampleType	Sample	-0.282284995467961	0.331028140436369	18	3	0.406381438155603	0.507215104531235
a65cf30f8f9830e623f92a7ad8f180f0	SampleType	Sample	0.500333747959605	0.586955046320824	18	4	0.406558943552305	0.507255555552769
X310aae89ac71938da77feea20c4e7e64	SampleType	Sample	-0.19958546697384	0.234293778153671	18	3	0.406862065170742	0.507452650673176
f376fc5aa7f1de9c19efec8dafb961d1	SampleType	Sample	0.349417917479819	0.410744956252204	18	4	0.407491002993194	0.508055829694795
X3b02d4732015c4f667b4d627aae36650	SampleType	Sample	-0.320288559975428	0.377423189911411	18	4	0.408610561831217	0.509270062089816
e0b22c74d5c166712e77a5d054f01c1c	SampleType	Sample	-0.205559823092711	0.242525076749127	18	3	0.409171353499591	0.509787260097851
X7853a5d53a679ba8fd1e537fe9c7c8d1	SampleType	Sample	-0.487668527303949	0.576396570220276	18	6	0.409992522364563	0.51062837840631
X1288bd755da25ee95650e54292f8e07c	SampleType	Sample	-0.664691338997271	0.789460747924203	18	4	0.412220947077902	0.513220951205251
ff31fc27acbdcd33e48fbb4320c5d20b	SampleType	Sample	0.379120363251279	0.451567573526645	18	6	0.413521605669908	0.514657007270202
X56f2631580c2972e1ece47fa24b96be5	SampleType	Sample	-0.191829015883222	0.229213536174769	18	3	0.41497394419735	0.51628075050318
f74e88ba08bb806c5184a2131f56ddea	SampleType	Sample	-0.398221671305707	0.477507467656399	18	4	0.416581496942398	0.51809637613327
X8ccc8f11f5fe0c96d4978db96c5a7278	SampleType	Sample	0.347299004054885	0.416984322243127	18	4	0.417170691787292	0.51864464384366
X67b0631399914fc300a8246571dd2fc0	SampleType	Sample	1.30490927715825	1.56899466132336	18	11	0.417826899574519	0.518752625372506
ffbf344cca2f7ada7694079d848ddbc3	SampleType	Sample	0.591956000429929	0.711792836675819	18	2	0.417851084968243	0.518752625372506
X33d0a72da192327e1c11ffdf0725efa5	SampleType	Sample	-0.260151151613556	0.312626351045095	18	3	0.417573547762762	0.518752625372506
ccbd4d59247b3cca4c52d1fa2e5d9adc	SampleType	Sample	0.389388710884356	0.467801086965443	18	3	0.417445491781746	0.518752625372506
X21834868880c333b901a52520bbd73ad	SampleType	Sample	-0.210637171712192	0.253519887429643	18	3	0.418284400655145	0.519106235246854
X7284dcc43fa0de2c7b5f83027c1c74ee	SampleType	Sample	-0.587684674849414	0.707574186561755	18	2	0.418442438644956	0.519118085700059
X38a4bf81e0750ccc4c1cf6790317cbbd	SampleType	Sample	-0.18824910116172	0.227234654905979	18	3	0.419611018455448	0.520383157332475
X833ae59cdcfe1c18fee52028bc7bc48f	SampleType	Sample	-0.19585762397325	0.237538742143412	18	3	0.421761445884244	0.522864544259332
c43ca33ddcf32345e699d8c2aaf25874	SampleType	Sample	0.560791747522086	0.681027995351008	18	2	0.422357495106063	0.523417867029704
X1f083ab9dab0883d71b83772320dde1c	SampleType	Sample	0.347648713922325	0.423878126159444	18	3	0.424174386569909	0.525483223050462
X4e67b78eba413547c5a0c3abe7b533fc	SampleType	Sample	-0.740465518095323	0.903935024847416	18	8	0.424730388161474	0.525985631247791
X608f80d21233a6261c4ca5704b5096fa	SampleType	Sample	0.440454125371259	0.540379082740577	18	4	0.426991343024688	0.528598348163707
X1155ac2d556aace4543333f51acde613	SampleType	Sample	-0.354614146244115	0.435481813777628	18	4	0.427425396113414	0.528948384004423
X38fbe7b92501f24932baa72704a5f418	SampleType	Sample	-0.356689270697266	0.438181745870996	18	4	0.427582108428489	0.52895507822576
b5cd41c77bc4eb8356b15ed52bb1cf5d	SampleType	Sample	-0.792937948483729	0.975566742848364	18	10	0.428263475652929	0.529450443560091
X344b89751fc2de8f51385fa631be76ae	SampleType	Sample	-0.184490277173674	0.226992928643101	18	3	0.428285427456504	0.529450443560091
X721f0b0a3a0d92d0b49d70e7e1c3189b	SampleType	Sample	0.282984484692442	0.34871189490331	18	3	0.428978684186338	0.530119999970109
X9046429dc2cf33671ba9580acd45ae2e	SampleType	Sample	-0.183093678531169	0.225832105482286	18	3	0.429403866416272	0.530457921198334
bc03cc2bd8a104abb5b12d375a1a75c5	SampleType	Sample	-0.186512693283818	0.230766880375263	18	3	0.430811966317281	0.531821551640259
b288f666aa7d3d5dcc9a926e727a5642	SampleType	Sample	-0.510529962805187	0.631492916660317	18	2	0.430689364965775	0.531821551640259
X8837586ffddd9338f2c4fe7f542ff123	SampleType	Sample	-0.630081472056713	0.785104566667629	18	11	0.433997677843332	0.534998547863289
X4dee2f4d0a9682e994e943ab8cb6914b	SampleType	Sample	0.437892290607203	0.545276858880221	18	7	0.433705967988336	0.534998547863289
f4bceeae772fe5d1c10e76993f2775fa	SampleType	Sample	-0.437736627535604	0.5454130548287	18	6	0.433978836512974	0.534998547863289
X531dbbbb3635272702b2e4e84be4cfde	SampleType	Sample	0.493276868652868	0.614516483990078	18	2	0.433906331337639	0.534998547863289
a7a58cb7f88b3c0fde7d06a99740f85e	SampleType	Sample	0.37656137368072	0.47311474303199	18	4	0.437728685597518	0.539407643584393
c12f852b60667c53ae671fc9bf6fdb9f	SampleType	Sample	0.580831004505606	0.730389689929825	18	6	0.438115821272635	0.539504371669297
X1f582b58a39968c91ff3f3c2d6405e01	SampleType	Sample	0.472274816320896	0.593872729916145	18	2	0.438109357250037	0.539504371669297
X754e12c467abe38b8d8aa9c79952a7f9	SampleType	Sample	0.676527892169077	0.851564098796923	18	6	0.438557305769383	0.539857866538649
X2230a611b5446444fc86fa3be6b3e84e	SampleType	Sample	-0.175389985304252	0.221624181494753	18	3	0.440294372831241	0.541614752786073
db542318defbec20bf7d4efb173e2520	SampleType	Sample	-0.288546081186353	0.364565853857698	18	4	0.440241136143746	0.541614752786073
X2dbcc75e512ef4ca8510cd08890dd243	SampleType	Sample	-0.30010294870896	0.380936434048352	18	4	0.442327238828837	0.543924033396276
fd91568b2f67f861ab0edbf488dea33b	SampleType	Sample	0.43876246210272	0.560987188384274	18	2	0.445561901154263	0.547709003669234
b560d2dc340f43144cb6a28cb2392f98	SampleType	Sample	-0.407007798921791	0.522130543038071	18	6	0.447055061336602	0.549351316145083
c331eebcf440a99a17ae0ac47444ca28	SampleType	Sample	0.297091620320675	0.383161101813132	18	5	0.449429956126128	0.552075589113473
X459efdcdf6b61c9966c8261abe31d692	SampleType	Sample	-0.512374996921688	0.661961704486793	18	4	0.450202461148147	0.552830278951149
X47b468346512c1ac0eba1b1732757602	SampleType	Sample	0.418270843087448	0.540916751860611	18	2	0.450640678702419	0.552979927252951
X87a7893b4c1f49d3e8bc80c4280a4fa8	SampleType	Sample	0.418418834464938	0.541061588244923	18	2	0.450602422645128	0.552979927252951
X35ff2ab3cb9e8eb0463cb2a5b057f5ad	SampleType	Sample	0.385532655023842	0.499634438569463	18	3	0.451580607066753	0.553938878001884
X8425d4cf5f4dc882ae2abe971230a45c	SampleType	Sample	0.716035579963103	0.931001724543474	18	11	0.453037222870625	0.555450950268371
c2169a2367142d716e13824cef7b215e	SampleType	Sample	0.408831856676931	0.531682582716964	18	2	0.453131038376829	0.555450950268371
X769084a00704f9d73d2ecca15adf450a	SampleType	Sample	-0.16763680439537	0.218247550789414	18	3	0.453613469732771	0.555703840335687
X9740b0c967ec20639bb9181bd891d2ef	SampleType	Sample	0.406892646843191	0.529786345867016	18	2	0.453655251807223	0.555703840335687
e7da42f9000caabfe585a8d3d507975e	SampleType	Sample	-0.163777519635703	0.214285902895311	18	3	0.455816441049717	0.55796018134097
dfefc4e20424ac54d7b4dc07caca2adf	SampleType	Sample	-0.258198357360078	0.337738875682538	18	4	0.455702555423165	0.55796018134097
dee454e46e73d6f11489023fe4901d08	SampleType	Sample	0.397783274893649	0.520883072406378	18	2	0.456177603270881	0.558206825703536
X0f84d19732f53acd4b07e81409845d01	SampleType	Sample	-0.346429891298355	0.453846701383493	18	4	0.456381461974298	0.558260878608168
ce0683f4283f3184c2cfe16fbd56f5a2	SampleType	Sample	-0.248422551518377	0.327267235923993	18	3	0.458841551449731	0.561073824368051
da488b8f651474ed0f8dfd696fd6ecb1	SampleType	Sample	0.38740754610952	0.511468704232542	18	6	0.459796002713688	0.562044344575893
X4bf413c057bf4377d8a980039826095a	SampleType	Sample	0.382209366195335	0.505678526676986	18	2	0.460732070816827	0.562811140883811
X0ca0e9a3a0aa5cf67c78f8e8b59e53c6	SampleType	Sample	0.382165757541756	0.505635983846406	18	2	0.460745276089665	0.562811140883811
X46a7475bfbd3a0d1254bcf3bf02c594a	SampleType	Sample	0.592659254616811	0.78719482518831	18	13	0.462459507298516	0.564536491185593
a6a070238ed17357fbdc6ebbc4ed41b6	SampleType	Sample	-0.41862792627405	0.556065913473436	18	4	0.462480695296207	0.564536491185593
X347716bb5136891ef74d6eb5d119e41a	SampleType	Sample	0.375757951800063	0.499386787402663	18	2	0.462714441488934	0.564624672755782
b9e3fddd78423cb0bedfede8b9955f81	SampleType	Sample	0.161724069039919	0.215376499519647	18	3	0.463620195520699	0.565532520425808
b412ae178d00f4610eb08e2c5f1070e2	SampleType	Sample	-0.389553320267029	0.519245293741508	18	4	0.464006642913282	0.565617676236117
X1f60a36156b7291f4b6543ae3ff27823	SampleType	Sample	-0.402918393471337	0.537068420223063	18	7	0.464013585653656	0.565617676236117
X9f0c01c0749d6b5ef9aa91b579a70918	SampleType	Sample	-0.370818419199594	0.494572291174748	18	2	0.464272440714218	0.565735954247789
X48420d149e77489081bebbf16c517d45	SampleType	Sample	-0.268957527618763	0.359487376577474	18	4	0.465213888875763	0.566685629097445
X113cef49142c908128f5e5885db6677f	SampleType	Sample	0.365949118753332	0.48982868630845	18	2	0.46584366639147	0.567255122850776
X60e2e500caea157083afa0e7994e7656	SampleType	Sample	0.32034427437238	0.430331086921463	18	3	0.46741976776887	0.56877810933518
d3abe1faede5b7e0d247455636cf04cf	SampleType	Sample	-0.155679189039788	0.209095201066276	18	3	0.467346931114183	0.56877810933518
X49363be39f4e73fc08154c4e95e73321	SampleType	Sample	0.360159064415034	0.484191343740047	18	2	0.467759353917593	0.568993285071644
X91e74632630a5384ffaa44974cb17119	SampleType	Sample	-0.467830339329788	0.629507720202784	18	6	0.468152307748763	0.569273206222495
dc59078827f8caef7ddfa5b9090e86c3	SampleType	Sample	0.4109920624464	0.554634118094136	18	5	0.469421257868938	0.570617773821212
b4bc867be790008f25dfe713a921988a	SampleType	Sample	-0.271156749054378	0.366241943413562	18	4	0.469797983193865	0.570877215587679
X70f34d28cc14b3b96bb169c9203961f1	SampleType	Sample	0.335590780608793	0.453815221276821	18	4	0.470322200527776	0.571117198001079
abdc48ae30fd1ac3979ccb25c774f8a0	SampleType	Sample	-0.258409169896868	0.349436733832337	18	4	0.470313756348734	0.571117198001079
X4e5dde1edf6195d5cc053de052ecd126	SampleType	Sample	0.566288554573613	0.768542433603245	18	9	0.471890088021968	0.572822134626667
f53b33bd3d2753c5781bd871f0b909ff	SampleType	Sample	-0.345578883622778	0.470012159738857	18	2	0.472824825265965	0.573668507087642
X4b2596469ba8e0ca5e1a56e2f5f00b9a	SampleType	Sample	-0.345327019221652	0.469767438030792	18	2	0.472915514138039	0.573668507087642
X4ab5f2e22ccd147902c34cc78dee0df6	SampleType	Sample	0.369303413800863	0.503359554300019	18	3	0.473759942288102	0.574493499215818
X2fa2dc6154f7245a709e8743261f20ec	SampleType	Sample	0.341122258637613	0.465683046423889	18	2	0.474446228932515	0.574926868751498
X652429f662390e6dff567844b2e233bc	SampleType	Sample	-0.341351265528711	0.465905442431083	18	2	0.474362040669422	0.574926868751498
a81a965607c5c1e42bab48c3e1c657d5	SampleType	Sample	0.340465235899829	0.465045025983601	18	2	0.474688296051252	0.575020888078717
X75b69e813ef070fefefe2b10fac292be	SampleType	Sample	-0.27097988241369	0.370454130015207	18	5	0.475063656881441	0.575276253708873
cb5982236c58d8bfc83be336d7a45b01	SampleType	Sample	-0.896939340537863	1.230635176155	18	8	0.476631770300197	0.576975300889712
X05cef76f349996d7fc093cda2219554f	SampleType	Sample	-0.33240434066784	0.458226998519202	18	4	0.478674664527381	0.579247707576228
a1d86b1400581c9572ef5ada998be637	SampleType	Sample	0.328717205717475	0.453645927234684	18	2	0.479153482128285	0.57962649602785
X885ba7abf748b466f8f887852fdf51d2	SampleType	Sample	-0.520209100892848	0.718807042199716	18	7	0.479690996492246	0.580076002676199
X3dadd24ead1126edf5ff98fb04f75058	SampleType	Sample	0.326645632513708	0.451637737131601	18	2	0.479968685151345	0.580211107638003
dd4288754e567d2598eb7d479a0c1051	SampleType	Sample	-0.998053007869716	1.38095950096074	18	10	0.480281090136383	0.580388071592393
X699df2ed93ea2ec71338ef381492fb73	SampleType	Sample	0.6856064407695	0.950644328799029	18	12	0.481191773589661	0.581287643562354
X431be4fa6077b4242431cedd6ba0e39c	SampleType	Sample	-0.321407987624595	0.446562929253529	18	2	0.482068789432277	0.582145937082985
a69abc56e6a2d97a9b18df8844b8692a	SampleType	Sample	0.32062617560788	0.445805746660834	18	2	0.482387157163472	0.582329247736015
b614e00062fca5a42aee5c0ffad06177	SampleType	Sample	0.481738727551073	0.670108609332079	18	6	0.482572704242251	0.582352148440079
X7df3da62fb07a34581843e633d6983f0	SampleType	Sample	-0.196606475574395	0.274353704558541	18	3	0.483940578479622	0.583801332769068
f6907f697361593491030f7dc8a198aa	SampleType	Sample	-0.754265967984015	1.05682337532813	18	9	0.485687765651648	0.585504975420055
ad0c664dea2cf8fdbaa4a4257eb7befd	SampleType	Sample	0.533932912338204	0.748048894285111	18	6	0.485653540598883	0.585504975420055
X6a09d5845ed7314d9bb521c0d1a7a336	SampleType	Sample	-0.27912679164953	0.391267502424827	18	4	0.485879967560973	0.585534769594333
X7de78e4725b9965b4ce4f3037d1b192d	SampleType	Sample	0.310807338346447	0.436303629374102	18	2	0.486498063770235	0.586077612315899
X65ad44ad8d7d96c9f810fbed5c8066eb	SampleType	Sample	0.307706282591115	0.433305536867315	18	2	0.487841222320373	0.587493252921814
e6801e54dd3a2654fc19dab0af47c35c	SampleType	Sample	0.693553133983114	0.97838910829168	18	13	0.488604556099258	0.588075138027733
X330511b25fce830f4ad4b90a0e70a290	SampleType	Sample	-0.362177524387797	0.510987712601284	18	5	0.48866083408769	0.588075138027733
X9637f664d76428d221fa4d5852de2398	SampleType	Sample	-0.304614032698053	0.430317410997386	18	2	0.489202874941029	0.588322411693786
e2218e94bcd7aaaa8721124c1f9a149a	SampleType	Sample	-0.222286581091074	0.313964190292227	18	3	0.48913180276885	0.588322411693786
X02f6949bcda2bca34364bf763ee692c5	SampleType	Sample	-0.29362601658905	0.416325705525772	18	4	0.490777371499372	0.590012961059768
X07dbf65bdc6baa0783ac99835710288d	SampleType	Sample	-0.290828354080504	0.417014403457322	18	2	0.495558739758067	0.595351668107973
X095e0817ad84dbfca51e7c3b729e9e22	SampleType	Sample	-0.42910592024588	0.615111357749439	18	4	0.495436418668961	0.595351668107973
a1879a34269e625e6f9c72d006a76e37	SampleType	Sample	-0.138977607503873	0.19940017207646	18	3	0.495819213210651	0.595459968871327
d7cad31da0aaf8b6a43ac2de8f4d091c	SampleType	Sample	-0.276146110354127	0.396788006481675	18	5	0.49644361189077	0.595851018175055
d39a46f68a57269dd32b1088c531e628	SampleType	Sample	0.622497790751477	0.89454152640039	18	5	0.496485702501125	0.595851018175055
X24c645a13f6ee8c910f5c215a94b4fdf	SampleType	Sample	-0.462792357447277	0.666657028368858	18	10	0.497514311775772	0.596880588183974
X3bc7d94da3627c73dc224c1fec653bb0	SampleType	Sample	0.285401756065829	0.4117865136806	18	2	0.498196234765861	0.597493666120566
X8f0fb68673a8b3c26f3fd210e29b7916	SampleType	Sample	0.285046130871319	0.411444090232772	18	2	0.49837189408239	0.597499362727035
X6a514d34d52a523e5f30beaba370f708	SampleType	Sample	-0.251135413929652	0.363356353461021	18	4	0.499374375952169	0.598085926114691
X663669619c2b2ab594ec3b4518ffe1f1	SampleType	Sample	0.283177843688151	0.409645528340102	18	2	0.49930052925707	0.598085926114691
X24c4f8fc214a98c1a695f950719f2c6b	SampleType	Sample	0.283077210437	0.409548668484305	18	2	0.499350827684962	0.598085926114691
X4e5ff310075a50266f9d480989d68398	SampleType	Sample	-0.364483691830482	0.528025153568332	18	4	0.499911310178198	0.598523952185952
d38fa42dc62ee223cd500981722570cd	SampleType	Sample	-0.396089383163684	0.575813495377189	18	4	0.501381158793923	0.600078237296664
X4563fde74ffe06000388f04756869d56	SampleType	Sample	-0.151437472578389	0.220616173770146	18	3	0.502269652847501	0.60093590224328
X0b4fcf6a6dabf532fe549245c1d82bba	SampleType	Sample	-0.389653687057518	0.569016132517538	18	10	0.503279702653903	0.601938364857354
a58e4708e893c1310399e386b9002ed0	SampleType	Sample	-0.274538905810114	0.401337282798008	18	2	0.503725112574519	0.602265045677332
bf4d2095db694a920bae87f9c9b5d5ba	SampleType	Sample	0.273195966744483	0.400047008615549	18	2	0.504432837011169	0.60290502502258
X6ef0ba7972a3d850ab53b4cff1ecc30a	SampleType	Sample	0.271601963205789	0.398515967390819	18	2	0.505280048968091	0.603711227338498
X993a6609cb6120cb5758850bd2226422	SampleType	Sample	-0.305093065769874	0.447971742248599	18	8	0.505575235929468	0.603857541786615
X76fb17e7ed648d7b49452980c98138bb	SampleType	Sample	-0.13885257755031	0.204147140200301	18	3	0.506126810179009	0.604309879913188
f04fe6bfafef10ac2ab7c0525ef2b09d	SampleType	Sample	0.267526104861192	0.394603370907554	18	2	0.507482488431997	0.605721672775098
bb426a91f236f89ee90b5b07a464e120	SampleType	Sample	0.265620246377204	0.392774992492312	18	2	0.508530540343409	0.606765450184491
f0f9aa45d00d0918ce5ffe4de12f9968	SampleType	Sample	-0.19629911793742	0.290500944698187	18	4	0.508864063847174	0.606956249474486
X03e54834b751bd82f5fbb5b4272d3973	SampleType	Sample	0.264692060648798	0.391884808224498	18	2	0.50904524001744	0.606965265723386
X710ce684c65361504403d8cd2d841fa8	SampleType	Sample	-0.36876229586375	0.546432280355679	18	5	0.509403332987963	0.606978204541894
f3af0bc3af7888cdbf22572f4846b7b4	SampleType	Sample	-0.254131734361638	0.376492446812527	18	4	0.509314412894276	0.606978204541894
c9f1ce70b80baad0ea9f9cdc6db6a53d	SampleType	Sample	0.421858271445692	0.627862850915882	18	5	0.51123621689948	0.608954621560675
c39ea129388a077989abed2081b5fe88	SampleType	Sample	0.459618379504011	0.685440069411345	18	3	0.512074096466028	0.609744905056278
e293739f6148cc06666621b943e98b5c	SampleType	Sample	0.699026317490299	1.04533458902556	18	9	0.513213324568247	0.610353820118095
X9d6427c97ea07c6303f0e3ff22d324ba	SampleType	Sample	0.257532311307724	0.385024222491286	18	2	0.5131123986488	0.610353820118095
ffcecb25784e016f346eb481a85629d4	SampleType	Sample	0.257237183545239	0.384741660323635	18	2	0.513283818978032	0.610353820118095
c4c244cb98016ab4893ded205c6918c1	SampleType	Sample	-0.282873892214002	0.422732841750916	18	4	0.512937052019877	0.610353820118095
X2c6d1025f95ea4a9f5cf17f3877c15c1	SampleType	Sample	-0.25635391508012	0.383896111579769	18	2	0.51379867779917	0.610714472006157
X222fa2dcb34ac3dbd02084d7a14ce3e3	SampleType	Sample	0.255820085778676	0.383385161767273	18	2	0.514111181668798	0.610714472006157
X60cc10c6a95393147d70a654d56ead5d	SampleType	Sample	0.255857390668872	0.383420865774141	18	2	0.514089310585631	0.610714472006157
c366bc0b3c412edb42271bf2c3d48c3c	SampleType	Sample	0.301685725037681	0.452866793528493	18	4	0.514794302640113	0.611318234385134
a2ef984d2fbacbecde31dcca67e3a54b	SampleType	Sample	-0.351049016051544	0.529886767120927	18	4	0.517082278527778	0.613826704832975
X49ebb5695fe678c795895aa83436d0e0	SampleType	Sample	0.249693246423959	0.377525447392147	18	2	0.517771363632883	0.614436078499851
X756de14d7ff3198c158caaa15cb45bfa	SampleType	Sample	-0.46818577135523	0.709182265530903	18	8	0.518532134957147	0.614921419202912
X9302518dc0f83dcb8115a0da465ef86b	SampleType	Sample	0.406387486510936	0.615539644986665	18	9	0.518509374202697	0.614921419202912
X8f56c05850ae4c4ef89f97e8286d5824	SampleType	Sample	-0.248051910689665	0.375957118886464	18	2	0.518775428511764	0.615001321830154
a07bead8269358c612b6f4f5e57ed03f	SampleType	Sample	-0.249520352590455	0.379066698515621	18	4	0.519737947388689	0.615933513244358
X1eaa6bf5dd182a9e01009c670811401d	SampleType	Sample	-0.245527457745216	0.373546178950116	18	2	0.520339720321981	0.616437703234715
X8f66bab95993ad5364ec8c3deb7f9480	SampleType	Sample	-0.16185003537763	0.246933086566692	18	3	0.521497426848955	0.617599933693748
d9bddde92ab4f75fcbdb3bc11a37c41e	SampleType	Sample	-0.2426942411897	0.370842158241275	18	2	0.522124791626551	0.617924262534334
X25cf61fa563b397ce79c93fa98e7f5a7	SampleType	Sample	-0.242951713505526	0.371087810077153	18	2	0.521961264823423	0.617924262534334
X9a39e55dd18c687bfcd64fad3aa56174	SampleType	Sample	-0.222977049220022	0.34115768170781	18	3	0.522659230344306	0.618347434613772
bae957b9ca156334a740e37e8e72fffa	SampleType	Sample	0.519785447094979	0.797542826520455	18	7	0.523825241860661	0.619086521937951
X6875688039d84275ed42ac41f5035aca	SampleType	Sample	-0.239349327095263	0.367652278328516	18	2	0.524273392569071	0.619086521937951
X5b4006d0de913f6642cf183cb20be492	SampleType	Sample	-0.234923938031247	0.361015637704582	18	5	0.524455997272394	0.619086521937951
ff91ace99a00c2509fbb6554956e5a53	SampleType	Sample	0.238964443927885	0.367285411156235	18	2	0.524523534891365	0.619086521937951
fe67011d87678cd172e2f7de022b664f	SampleType	Sample	-0.239902172565105	0.36817931002367	18	2	0.523915149331845	0.619086521937951
c422f08020860b0bdac09140be73a9d5	SampleType	Sample	0.239810563812702	0.368091973484454	18	2	0.523974425461928	0.619086521937951
X671d36cebc64a4bbad3ab8315166448f	SampleType	Sample	0.239176041914259	0.367487099891909	18	2	0.524385938462952	0.619086521937951
X34aaad2df4c8c6efe23e885fb448292f	SampleType	Sample	0.34503602395958	0.531296529881336	18	4	0.52527921154956	0.619769194592394
e7821b39688d56edb6e80f33ae1b60df	SampleType	Sample	0.467498291049394	0.721676196186834	18	6	0.526304631081668	0.620560199076395
e509fd79dcdfe67839bd2df744bb5ed1	SampleType	Sample	0.236298206233876	0.364744996936842	18	2	0.526273193846769	0.620560199076395
X927b3275bbe8bf14a504e63c6e48cdf8	SampleType	Sample	0.235891232008037	0.364357386562321	18	2	0.526542875003895	0.620631790631698
c4f47b2ea61e272d46fb5a2d2fb3781f	SampleType	Sample	0.235284858109825	0.363779942416921	18	2	0.526945986293218	0.620897596252473
a90fb32787a9d8d1a22f4d35a9d32224	SampleType	Sample	-0.23479678402178	0.363315222537692	18	2	0.527271586594861	0.621071922754593
X12182e45c2ef07368a6f5859cde4f4f5	SampleType	Sample	0.233070124810783	0.361671677316691	18	2	0.52843164628627	0.622228708459683
f0c772873a1c03d317ac0d02e5d88258	SampleType	Sample	-0.399099074837889	0.621461339688597	18	11	0.52984160826766	0.623678876263885
X09db19ccbda6cd302469527c9c2dfc1a	SampleType	Sample	0.278262468312839	0.434136071898512	18	4	0.530625069474226	0.624390859266878
X1ab404b09114b8b9c9e185258a944446	SampleType	Sample	-0.228818795457956	0.357628327167187	18	2	0.531343370623033	0.625025714568682
X0edf86d210dda7702a167b560cc044f6	SampleType	Sample	-0.225832520667043	0.354791051195202	18	2	0.533437124549505	0.627277560519701
X134a793f609e157b315d5ecc6e6b182e	SampleType	Sample	-0.219844780177114	0.349109554424867	18	2	0.537760731326115	0.631753594047605
X8d99d2d26234cffa212e2bd7e0271012	SampleType	Sample	-0.219844780177114	0.349109554424867	18	2	0.537760731326115	0.631753594047605
X53c41b4b3069bc65042a6a046c5d45a8	SampleType	Sample	0.219810922905855	0.349077457894767	18	2	0.537785668159518	0.631753594047605
X3441776b98130021c6d426dfd2725cf6	SampleType	Sample	-0.551315819252892	0.878421158080717	18	13	0.539106926572562	0.632880394660066
X0e9d334f913b5ff2d32252ec7e90a28f	SampleType	Sample	-0.199572031485854	0.317974946410068	18	3	0.539098517158845	0.632880394660066
X8b98141f4306da6d08f66c70bf5fe632	SampleType	Sample	0.215941495628439	0.34541147431358	18	2	0.540672982908525	0.634505789945687
X52fb9f37e3a50fbefb8895765e0b897b	SampleType	Sample	-0.214824656626115	0.344354183512846	18	2	0.541520350275242	0.635286961262499
a34021df34770810caa1dfc49eb8831d	SampleType	Sample	-0.263753538023818	0.423231098280733	18	3	0.541941563487363	0.635567831583972
f7f02e7234f183160ac7d43463f37eec	SampleType	Sample	0.213121914921496	0.342742956430337	18	2	0.542824575037719	0.636389910909411
X2f6933e38aaa156e1cff2c27c9fc4c43	SampleType	Sample	-0.347171332326995	0.560101175538215	18	4	0.544092353079457	0.637662375583568
X5c6188171e7915e579f6830c80049438	SampleType	Sample	0.566761148807125	0.918078600104926	18	6	0.545700555558095	0.638690707141313
X102e423871838799962c0010f1c49d78	SampleType	Sample	0.209637148977602	0.339448266105873	18	2	0.545541076694067	0.638690707141313
X62b77bda764607b98381463f93f5d8d9	SampleType	Sample	0.209515064496769	0.33933290954059	18	2	0.545637418220125	0.638690707141313
X3c780c8768c57e14200acd29243616e7	SampleType	Sample	0.209515064496768	0.33933290954059	18	2	0.545637418220129	0.638690707141313
bb74fd1c5bee3ff1fb26d9e96b837550	SampleType	Sample	-0.123171898033381	0.199977017139117	18	3	0.546603676471544	0.639533618789999
e9919dc54bb3c647f3f7ba0328f0a333	SampleType	Sample	-0.206017078573503	0.335450177799572	18	4	0.547749529247836	0.640659870943605
X8cff7bc3fb5f7586f26e4837583cb108	SampleType	Sample	-0.640166677579556	1.04633286794573	18	12	0.549253168398178	0.641988992550996
X70f5f4ab82e4285fd5d8ba849e25b630	SampleType	Sample	-0.384810982572223	0.628807545981671	18	4	0.549156322500407	0.641988992550996
X2603c276f7ad3ed3a6e98d62324cb2ca	SampleType	Sample	-0.114777856390229	0.187820987173882	18	3	0.54971593965796	0.642315148744729
X986f728809055958ffec6ad72a0470ff	SampleType	Sample	-0.203358873028012	0.333522188072706	18	2	0.550601642911427	0.643135096431123
b6904b132fa7e312b8dc2803932d7f2d	SampleType	Sample	-0.57324282964976	0.941914861485985	18	8	0.55133736198778	0.643779364565557
X4bcb4f76781b0b7d2e6e52fc0125e1de	SampleType	Sample	-0.201936632992018	0.332181530342075	18	2	0.551778844772685	0.644079746686246
X1b4ae17ef7544a568a8898b7f0d32fd3	SampleType	Sample	0.300219920775663	0.4943644947578	18	6	0.55218386238664	0.644337377471193
X7ac90ea3e5fdd45312965cbfd70cff27	SampleType	Sample	0.491129829914596	0.809310580106698	18	6	0.552465378237062	0.6444507715438
ca35141d60aa4f6b5034f83db6db16b7	SampleType	Sample	0.383708048874193	0.634751237057646	18	6	0.553986651536444	0.646009784446767
a41e4eb0370d0a492d555987eb141d89	SampleType	Sample	-0.283841695600193	0.470099259758185	18	4	0.554447376279029	0.646116009157161
X2c1bb5ec14c19b02cb2a7de6a5b89ea5	SampleType	Sample	0.198916986699232	0.329337365697009	18	2	0.554317293122246	0.646116009157161
X31d82e833016fe86b059a502819e97e1	SampleType	Sample	-0.197564783192403	0.328064759973419	18	2	0.555471555569084	0.647093821482678
X18a47b13b6250cc908af72f722d2cfe6	SampleType	Sample	0.196583642618714	0.327141774289379	18	2	0.55631598444401	0.64786165277024
X65adede6cf41317f400f09c12f0b4a73	SampleType	Sample	0.274257229237611	0.457094900946668	18	4	0.556908797779414	0.648336049629314
a3638e5a8bffb4368ccea337e4bf88bd	SampleType	Sample	-0.194350175669229	0.325041961497046	18	2	0.558260242810216	0.648955187428248
d6a53f23c49f350be6c7232ceee285ae	SampleType	Sample	0.194241359205686	0.324939702315546	18	2	0.558355758370145	0.648955187428248
X4bfccf91e0d1dd9a7edf3d022c375ed7	SampleType	Sample	0.311989372343527	0.521746335609888	18	6	0.558228974957156	0.648955187428248
X981c21b1a350b5f39d1579ece47b165d	SampleType	Sample	-0.225832520667043	0.377800098247768	18	3	0.558368765384488	0.648955187428248
X283ee5b27a7eb7e935d563411ef65bc7	SampleType	Sample	0.194241359205684	0.324939702315546	18	2	0.558355758370148	0.648955187428248
X18b5d26e80637d27c31ff7a5c1eaec65	SampleType	Sample	0.193954993955717	0.324670613811895	18	2	0.558607474100568	0.649016859240807
c7c931f9f3e24d51cca09c860c45ee3f	SampleType	Sample	-0.146099946707916	0.244743940850321	18	3	0.558893944382765	0.649133963309683
bf0d6f798f182092e43fb25200d78523	SampleType	Sample	-0.19011917918052	0.321069099730145	18	2	0.56202926629952	0.652558723010004
X4b9ef26c1eb03685b09376914bb4d022	SampleType	Sample	-0.187988757204923	0.318798172624754	18	3	0.56364068162168	0.654212424617993
X145555a2e3f9ff21167f09f23792ae0a	SampleType	Sample	0.187230071511225	0.318360079565326	18	2	0.564669544127121	0.655189089368873
X4e5f5483cb6d33344abc8583415f2518	SampleType	Sample	0.185748351448234	0.316971953843509	18	2	0.566045230087	0.656567393624469
X77b0e902eda1829c6898c639ee661513	SampleType	Sample	-0.174406783247694	0.298384941036442	18	3	0.567033411569147	0.657495458323628
X7a254f06c2bd0c01b8569a096c8aba66	SampleType	Sample	0.184070745421476	0.31540134343146	18	2	0.567620806034533	0.657845590086473
X09ae24f2154f672b30052e73e7e8d7c1	SampleType	Sample	0.183974576936078	0.315311341855361	18	2	0.567711712039728	0.657845590086473
X59481ceedcab178c028e0a4bee01db63	SampleType	Sample	-0.183048411459067	0.314444754656618	18	2	0.568590480820616	0.658448551149121
X43d0c5a2b68c9b5f436e6b295a81b476	SampleType	Sample	0.183029227703501	0.314426808542662	18	2	0.56860874597231	0.658448551149121
fd686714a3a5586226fce69735f84979	SampleType	Sample	-0.169188270439815	0.290867614355345	18	3	0.568895904979805	0.658562941658741
c18423578bc01b00706b60cd784c3425	SampleType	Sample	-0.323926741557075	0.557588408128369	18	6	0.569372861145187	0.658896895916443
d961a76a1175c13d8fedbf879b5741a7	SampleType	Sample	-0.180247789723254	0.31182637493925	18	2	0.571284455251251	0.660671669056696
c31d7d96cdc8a1e36b3d819644dfe288	SampleType	Sample	-0.180247789723252	0.31182637493925	18	2	0.571284455251256	0.660671669056696
b31ffbfac1d4d3e95a72c966a92e8945	SampleType	Sample	-0.179933541241973	0.31153277303628	18	2	0.571590223886107	0.660806687402722
X2558bc333fb417006fcefd080a265d7c	SampleType	Sample	-0.197205493502849	0.343753140312629	18	3	0.574158320642691	0.663556194699785
X244e934bf73700c65bf4ca62a9b0a7fc	SampleType	Sample	0.176892247951528	0.308693397797412	18	2	0.574586566971413	0.663831671557191
X030df865d6a5b66005c10179478c26b7	SampleType	Sample	-0.60667119168351	1.06669564931248	18	8	0.577430026226348	0.66679364538397
d347c5d57c346ce7e9f23f2efb7ebe66	SampleType	Sample	0.17396861051442	0.305967525555304	18	2	0.577531795830281	0.66679364538397
X8c144512a28543b968423f7aca83032d	SampleType	Sample	0.173114353774929	0.305171744927396	18	2	0.578404635886787	0.667370956873814
X6443898054518f4a3520abd88ae8a640	SampleType	Sample	0.122920652888053	0.216693790279466	18	3	0.578413615368323	0.667370956873814
X2e53833453b802199eaa97a331d40fe1	SampleType	Sample	0.172614260132478	0.304706030953865	18	2	0.578918222487439	0.667732796376142
X0086dc5db7606294d31e898aa5bef5f8	SampleType	Sample	0.304548169286784	0.538151680077048	18	8	0.579302652445701	0.667955828809424
X2d5737c747c7b3ef5ab09216258dcf34	SampleType	Sample	0.171966099325894	0.30410259137525	18	2	0.579586763511742	0.66806308118597
f86b85ef1921a5a01654971edf04e830	SampleType	Sample	-0.323555955356917	0.572857787326024	18	5	0.580036227970026	0.668140577589197
X9c6aaa95ac8b908e3084518e93dc9182	SampleType	Sample	-0.219644668036868	0.388849466377047	18	5	0.580004629341275	0.668140577589197
X2e8af9adac6f4ac0f35ca1d4db4b5be0	SampleType	Sample	0.324021698436628	0.575027881494759	18	3	0.580914329769284	0.668491276126865
a3d9d19831a8f612445392ffc8226fdf	SampleType	Sample	0.17083634147151	0.303051225092683	18	2	0.580759911848519	0.668491276126865
c3ca86dd1983fcbc99a76c2432f3f8cb	SampleType	Sample	-0.171008945709224	0.303211816182441	18	2	0.580580027739941	0.668491276126865
X14816d1caa7ec1ca50502b3ec76789c6	SampleType	Sample	0.170424962182845	0.302668530868552	18	2	0.581189592977601	0.668587962174957
X97eb5bfddf2cfed5231c1b5d16b1e2d9	SampleType	Sample	0.382711108345395	0.681001339846478	18	3	0.581915642310448	0.669202988657015
X768d5d1991869439fe8b30fcf3623996	SampleType	Sample	0.262591415241214	0.468093909332012	18	6	0.582582909987787	0.669750033974779
X53d98593be988c3401c553fb7cabf392	SampleType	Sample	0.166257167505907	0.298795650897591	18	2	0.585619635290615	0.673019804397104
X7e9bbf2f6743ed6f0dcc535ed2bfe49e	SampleType	Sample	-0.165908466047088	0.298471983846479	18	2	0.585996727122194	0.673231862641863
X23a99157e2d7180e199cdc7822f7492e	SampleType	Sample	0.287509056353556	0.517527788178771	18	6	0.586207860079706	0.673253179644761
c53740ba407d2bbdb22cb1786b3a0869	SampleType	Sample	0.163404250813582	0.296149224116816	18	2	0.588734809151253	0.675711389623369
f64e9426a93fe641a5e5169e65c148c7	SampleType	Sample	0.163521871279952	0.29625825563072	18	2	0.588605014902316	0.675711389623369
e4e38e27fbeb070cf3dd6c66e4af390b	SampleType	Sample	-0.262248651079342	0.476618688554868	18	4	0.589763103526258	0.676669448614308
X38379288db02e084c195974a32fd0290	SampleType	Sample	-0.296447048791468	0.539157031838932	18	13	0.590026401813466	0.67674944249996
b640a831f0c28e6d60ba3f6b278f38fa	SampleType	Sample	0.564094198477397	1.0303268867555	18	12	0.591597758528682	0.678329210828558
X66804a3c3e40f8572119e3c624478909	SampleType	Sample	0.158690441208871	0.29178512067379	18	2	0.594035473021081	0.680454788231225
X83747839129954a6f9a64ce6dc274b06	SampleType	Sample	-0.158852032131256	0.291934543556676	18	2	0.593850514737936	0.680454788231225
X2155f92eb649b83d7d36c51a8ac4c744	SampleType	Sample	-0.152922229448372	0.281048154750256	18	3	0.593865172902334	0.680454788231225
a7d6fb613e4ac6b9ea8d8e915157bf75	SampleType	Sample	0.158492323458361	0.291601939197945	18	2	0.594262560544708	0.680491946172387
X4e6a691c1c1f0e39a2c48b2b054b5704	SampleType	Sample	0.157162029939905	0.290372445699874	18	2	0.595796570714061	0.682025151020418
X92de03965e6c611e4d44d7bbbf9f4127	SampleType	Sample	0.109341422871879	0.202415995380799	18	3	0.596511238360492	0.682619734634461
X936cb431dee6e4d49f4da3dad0c107f8	SampleType	Sample	-0.155821355294371	0.289134260567055	18	2	0.597358910916918	0.683366083954694
X31f24c0e3e16424592a91c6b4756c393	SampleType	Sample	-0.305205674802205	0.569737591915039	18	11	0.59953748175743	0.685185693437063
X79fabf27c5775bc636bf52ee0be3c599	SampleType	Sample	-0.257207392219291	0.479778588154984	18	5	0.599266791081516	0.685185693437063
X356137b7f83a903928425888b67b749e	SampleType	Sample	-0.133761871196898	0.249637901762773	18	3	0.599450768331066	0.685185693437063
X25fd71a14bf6ff5cbafd47e186943dc0	SampleType	Sample	-0.152189869550185	0.285785033599635	18	2	0.601675189752485	0.687404072998264
X0b4358f82e6e719768645cc6b581846e	SampleType	Sample	-0.232336444987922	0.437015415941257	18	4	0.602276853655588	0.687866671146663
a52cb777310616d82a06843afe12cdf6	SampleType	Sample	0.293206142934797	0.553792333576507	18	6	0.603761601441384	0.689337217060443
X08aaf1bb0d597052d230a7195070a3b1	SampleType	Sample	0.15024928405778	0.283998125302237	18	2	0.604033503586627	0.689422503603933
bf4cad5efdc02f2652b28b45910a712c	SampleType	Sample	0.1494948632988	0.283303993813159	18	2	0.604960281464481	0.69025494255869
X3d1c06be8a866a13307610746a606b8a	SampleType	Sample	0.147920320368097	0.281856278103778	18	2	0.606912794069317	0.692256811767156
X609c7403d0fd197b074e66e173439e02	SampleType	Sample	-0.313803538598553	0.599503950338659	18	11	0.607843276787191	0.693092007712988
ada96023a56499c8a6d97eb47eaedfee	SampleType	Sample	0.268563314061047	0.513473080877836	18	6	0.608119199570149	0.693180541798904
X0cfe2fbdb5413dee3a014a672ee6080c	SampleType	Sample	0.146421200196616	0.280479179940055	18	2	0.608795024156986	0.693498665510858
X35d7e6516987270bcf536278c4b518a9	SampleType	Sample	0.146463137789428	0.280517686980743	18	2	0.608742057445966	0.693498665510858
a3ee869a81de0f7fe3ee5a963d52f5de	SampleType	Sample	-0.270614416682511	0.519067955057391	18	6	0.609266452323574	0.693809614763262
X84776907a1d77f7ba9ef074fbb2eb86f	SampleType	Sample	0.444059823529511	0.856097883086546	18	6	0.611068032225152	0.694955706135046
X06c86234afafee939f040c2898a1481f	SampleType	Sample	0.144665366013981	0.278867863445881	18	2	0.611028914702375	0.694955706135046
b49be7fe95a93f6b802b2fa7aeac8f4b	SampleType	Sample	-0.144699942621289	0.278899577310589	18	2	0.610984614870333	0.694955706135046
c498feaa6840649696a7d7817f9fbe9a	SampleType	Sample	0.144763091675111	0.278957499744729	18	2	0.610903740035689	0.694955706135046
X542daaf55619562eee4302a2341de57f	SampleType	Sample	-0.143982595474832	0.27824176205613	18	2	0.611906252676231	0.695456521247108
d9ccab3c57970f226138b4da9304d67e	SampleType	Sample	-0.266636969630711	0.515261639650235	18	4	0.611902293739229	0.695456521247108
X16d3e3eb320f4d1f256e2ccf82a90dd6	SampleType	Sample	0.143599653518165	0.277890720662596	18	2	0.612400467991673	0.695792016931715
e7ec7f4a6af87d8d8cbb1a4dbf5f55ef	SampleType	Sample	-0.343135226398838	0.666986358521356	18	4	0.61396591203071	0.696891178071222
X7f9b0beeb727eac95f16479e0f7f0e7e	SampleType	Sample	-0.289074277059508	0.561635987244116	18	5	0.613799013537571	0.696891178071222
X0616c1adac305d27abc0a563e3c408b6	SampleType	Sample	-0.142576740071546	0.276953434443441	18	2	0.613728239132805	0.696891178071222
X1fe65cbfd6a1c7a709705ac522a15c1c	SampleType	Sample	-0.248021197649652	0.48259126085044	18	5	0.614321110362538	0.697068030453565
X589ec485d0d65062e45cc72b27c2fa31	SampleType	Sample	0.31455109527	0.615129226987905	18	5	0.616084723828103	0.69884237329755
X7872596cfe4eedc6aac3bcd5621453cf	SampleType	Sample	0.140284326196192	0.274855134409524	18	2	0.61674470379599	0.699364088378456
X11d9f4dde6fe2ad07a187337b9a2025c	SampleType	Sample	0.140099283935723	0.274685896237741	18	2	0.616990686546302	0.699416160883875
e3f39a01ae258adcd033fcd34b843501	SampleType	Sample	-0.19075990939313	0.374519604070696	18	4	0.617462602510156	0.69972423286078
X9f5bf0bf0fa780be0b7ab197316e91c4	SampleType	Sample	-0.382515394539075	0.751899896537125	18	6	0.617883201586129	0.699973970429393
X806b6077085e15a1de09b12792c21701	SampleType	Sample	-0.152802278350996	0.30057234030105	18	3	0.618130473525096	0.700027254759875
X38586b75b6ba76a69bd0834c46a60761	SampleType	Sample	0.210448359965741	0.414476585156659	18	4	0.618559796277595	0.700286608739142
X8c98595b50153db05b95a7c15b260525	SampleType	Sample	0.340045996596684	0.672440455725087	18	9	0.619970073666915	0.701428924770076
X1f3e0e00723a8b239da5ee4874e79498	SampleType	Sample	-0.210370513438332	0.415994960843451	18	6	0.619959710529836	0.701428924770076
eed6e20cd5c937b0796f7b4a3714c0fd	SampleType	Sample	-0.190062732346221	0.376693895416603	18	3	0.620749133283977	0.702083134895109
X4b9a9d8c4e661b02fad5ef87318e4020	SampleType	Sample	0.13700454893426	0.271858528966993	18	2	0.621161016491111	0.702321770262912
df38aff51861c1ca55a59efc8c912829	SampleType	Sample	0.396019722878683	0.792482211849014	18	4	0.624073913814956	0.705387133106074
b0a0cfe74f60beff16ab69097c133927	SampleType	Sample	-0.133761871196896	0.268902317722927	18	2	0.625647680641474	0.706937392218033
X732268b2cde7f6e4eeb959b9904a856a	SampleType	Sample	0.328849391788557	0.662404444404348	18	6	0.626329461804797	0.707479094820539
X71f35c7407e256690536046a7c26dfb5	SampleType	Sample	-0.172355405328118	0.347449261289368	18	4	0.626597712696361	0.707553489530516
X284a2e5e6c490cd9f5f19e5cfa6fab79	SampleType	Sample	0.267422293857312	0.539740942848052	18	5	0.627008327184957	0.707788541116761
cf81f01b04e0dcce66c7128f6c6119ae	SampleType	Sample	-0.352469285713499	0.712265290700117	18	5	0.627427606583708	0.708033219049917
X96730263ca104bafb3991d0bea756708	SampleType	Sample	-0.17508367805949	0.354535208045442	18	4	0.628129711473674	0.708385005328168
X9db3410d5d2f2327e672eb9b9fdf85ba	SampleType	Sample	0.131994783431093	0.267294135688591	18	2	0.628144598546145	0.708385005328168
X6efbd0b890ebb54ff9e00713acc97912	SampleType	Sample	0.163947278590544	0.332235089126431	18	4	0.628386934659629	0.708429772192862
X71b850cc1c59420040864740bd2731b1	SampleType	Sample	0.261885737832659	0.532384745430758	18	5	0.62946306449086	0.709414208078674
af59217267aa2ee243bd5c70eede046f	SampleType	Sample	-0.130149993955907	0.265617393689689	18	2	0.63079139877769	0.710682156018951
X57a4409915954c371d94f40d1334a165	SampleType	Sample	-0.129795186400609	0.265295162400583	18	2	0.631305222079357	0.711031912496595
X1cb1cab4e83db881e4cc221cb4a980f7	SampleType	Sample	0.308921858846781	0.633120621062628	18	12	0.632214607834675	0.711710654690466
X86e12c61dee6a1e1bcc9035764d7dcd9	SampleType	Sample	-0.410334987387511	0.841211831493606	18	6	0.632315015294218	0.711710654690466
X078e358a168dbe0799176248b157e046	SampleType	Sample	0.261910369356306	0.538256936528599	18	5	0.633147056053173	0.711883065897411
ec159155f5070da81cea4db2782b2fb4	SampleType	Sample	0.411959498966604	0.846846049983347	18	5	0.633234828115576	0.711883065897411
X02a46277fb03d7d6caa0334f66e312a1	SampleType	Sample	-0.128669285343025	0.264273187319577	18	2	0.632946030252948	0.711883065897411
bd0a8569ce27e9954037c71bf271e23e	SampleType	Sample	0.128439593277815	0.264064800731899	18	2	0.63328270450256	0.711883065897411
X540d75e90c477727fc34471c09289559	SampleType	Sample	0.266343494663751	0.548309812699387	18	4	0.633726938010926	0.712153447536547
X7dbcb7c35ef5f66a531b5a2bcde8ac96	SampleType	Sample	-0.303547585302999	0.626634344482972	18	5	0.634659626011565	0.712743351280576
X5c4812c9d339b6b7bb89b45aa1d27a17	SampleType	Sample	0.127634462492766	0.263334631083324	18	2	0.634468061990265	0.712743351280576
d3e8a2b02d765cbbad6fa2b1f14838cd	SampleType	Sample	0.127313028941006	0.263043246581123	18	2	0.634943577012225	0.712833251520468
X2429aae793cc126017ee97b98ff8410e	SampleType	Sample	0.15046607932059	0.311964616464329	18	3	0.636112183287489	0.713915952736135
eb31ca340ddfe8858854209628be1a92	SampleType	Sample	0.207424081038865	0.431035270323939	18	3	0.636873072914113	0.714540520830468
X9cdc2384084acd3e75e3b664d9b32f64	SampleType	Sample	-0.167468988444149	0.348905068216551	18	4	0.637734416975081	0.715277356992263
X9b47359b873d0db870ba791ae924d1bd	SampleType	Sample	0.251210395046829	0.524338254732918	18	3	0.638349856771061	0.715738004897893
X03eecbb51827975a19901aa11247b0b9	SampleType	Sample	-0.124817391540759	0.260783314987555	18	2	0.638680448126631	0.715879078759443
ebe09965287411f89cc56280f9790a4d	SampleType	Sample	-0.676435144863255	1.41427104123721	18	7	0.638911907633939	0.715908983682131
X982b14ee9c90473a50e554429277cc32	SampleType	Sample	0.315683176083404	0.661060207691607	18	14	0.639435365482057	0.71603652713814
dbf6d7757be706cf55237aa9474e6fe2	SampleType	Sample	-0.288984856232366	0.605127631032401	18	8	0.639421825619326	0.71603652713814
a0625f600e425b34f76d35f3b53de9ec	SampleType	Sample	-0.124125324517325	0.260157374793638	18	2	0.639731009520622	0.716138203421099
X4bf323084afcd20dd2d05e264621c135	SampleType	Sample	-0.123696184355732	0.259769407392013	18	2	0.640385605229242	0.716641509565118
X3d82ec25e4405fb978b0801aae37f3d9	SampleType	Sample	0.123482213811343	0.259576014127884	18	2	0.640712896490414	0.716778331561756
X9c569a7e1dd6006a3e1764f66e2d0804	SampleType	Sample	-0.0975011584483632	0.206603958122112	18	3	0.643353554031317	0.719502247246796
X3f79eecaccd816b169cdccf82b6a4df2	SampleType	Sample	-0.139717400460811	0.296433839343378	18	4	0.643769579082656	0.719507176621792
X27151e01681f483f95c8abf7799be25b	SampleType	Sample	0.121521187574973	0.25780509188982	18	2	0.643740920069397	0.719507176621792
b185f57f40198db04639beeb79ebb9c8	SampleType	Sample	-0.195643220343683	0.415555367697158	18	4	0.644138530686799	0.719689454548114
X92e009be58280465fd8a27e99e2d8cab	SampleType	Sample	0.340241291822883	0.725013561013793	18	6	0.645194049170871	0.720638465144206
d39c9edf0713ddc8fd73af7e060ec961	SampleType	Sample	-0.11953495144646	0.256014228482824	18	2	0.646860942053188	0.722269515623745
fb238c12eb3091765a1f14e2ea334b5c	SampleType	Sample	-0.0916714451267928	0.196769979353883	18	3	0.647579630621	0.722841120258945
X146dd9cea036a794c411bb62fe10d792	SampleType	Sample	0.118855459712214	0.255402237086102	18	2	0.647940780114555	0.723013395237946
b61865bfa14943abd4b5b8043cd3ad47	SampleType	Sample	-0.154953181009637	0.333233188458698	18	5	0.648197627503143	0.723069210514036
X7543dfc3773ffdd05415377bf0b81dbe	SampleType	Sample	-0.241302120979734	0.519527521683101	18	7	0.648572394532718	0.723227518046745
X1b25d0eeecbb7cb712b62ea4cc490c37	SampleType	Sample	0.118346837330887	0.25494436474564	18	2	0.648753288499597	0.723227518046745
b0cfc2bcd6d42bd25931b0c9d97b9c0a	SampleType	Sample	0.118033394290044	0.254662292787696	18	2	0.649255810801118	0.723452272678877
fc495d3275cfffb4b42d864ac61e584e	SampleType	Sample	0.171150588113277	0.369393362168235	18	7	0.64936877335993	0.723452272678877
X9b65239917a948f4efe791e722c82b6d	SampleType	Sample	-0.117738528854557	0.254397006123815	18	2	0.649729811984528	0.723623900190477
a5e4d1bff88cb077dd050b3d1b2c4603	SampleType	Sample	-0.116441514746146	0.253230875974632	18	2	0.651829429625164	0.725731110181392
ef39b6d9edaac95667c91740a755adfa	SampleType	Sample	-0.170212644115971	0.370584925947985	18	3	0.652191630374601	0.725903196367273
X7d90d5ed128c6d4519c33e4e5b4deda9	SampleType	Sample	-0.57081306077207	1.24654937861732	18	12	0.653171275739654	0.726762183318215
X9fc783bad0acc7e1cbbc51c0bbf9abd0	SampleType	Sample	0.303086051580285	0.662503184592063	18	5	0.653472525963872	0.726866035879636
dc0210300fb08da2e351ba9109b83299	SampleType	Sample	-0.115114549853927	0.252039141189245	18	2	0.654002506801995	0.727224161507562
f829a0a8174e789e1cb1a90c2b451e18	SampleType	Sample	0.286760728029045	0.629086971405747	18	5	0.65463340442905	0.727694239072801
a145a0d4401bd6399024a46c933fe0e4	SampleType	Sample	0.223245313885387	0.495972129007658	18	3	0.65866515709701	0.731943226068387
dfb2439a2c33d00aafd07980b040919c	SampleType	Sample	-0.209007646930886	0.465234862596105	18	4	0.659275657750621	0.732388846360397
a701ea3d792859ee95d76be492299b56	SampleType	Sample	-0.318671166931642	0.71306617038419	18	17	0.660935445996027	0.733882190478627
X3b32c0a44eac87a52476eb3b8f04e215	SampleType	Sample	-0.526369359074437	1.17937841703374	18	8	0.661353873954678	0.733882190478627
X12ae683d3497c98b113b9aa0bd26b983	SampleType	Sample	0.110706613512035	0.248090269799795	18	2	0.661407345977563	0.733882190478627
X6d17baec6b16b1f665479b29f81a1887	SampleType	Sample	0.110676111413549	0.248062998223334	18	2	0.66145960589192	0.733882190478627
X5db358d5116eb6aeeda5e581c4325cc7	SampleType	Sample	-0.109706077596718	0.24719609592624	18	2	0.663129049843251	0.735034609464809
d513e452420cfc3cb7bd4040afee7b4b	SampleType	Sample	-0.109870393049465	0.247342887897383	18	2	0.66284523888747	0.735034609464809
X7b094a3bb549a5abe9cb843e8e701b72	SampleType	Sample	-0.175526693244138	0.39532382693243	18	4	0.662983540648314	0.735034609464809
a2acd114dd8dc7732591915ebfab3a55	SampleType	Sample	0.202222247076349	0.456100979440384	18	3	0.663433608792231	0.735139111358998
cc098a451984bb7d5258610536487e6b	SampleType	Sample	0.33151212344529	0.750839681089248	18	6	0.664743979676087	0.736357716396579
f37fdde7f16787d978cbda79b16b1354	SampleType	Sample	0.634585795440508	1.43930476739759	18	11	0.665186548632013	0.736614562564941
a66b4e0c873a2f9c11757a6cc4a5eeed	SampleType	Sample	-0.255044628470905	0.580071066659798	18	4	0.666051072427442	0.73710495384816
X5bc7c736470480e50ca11126b925fa29	SampleType	Sample	0.159685625115324	0.363003307725114	18	4	0.665892873340205	0.73710495384816
X1c81758c43c0ca40c7aad4c9d82e3dc9	SampleType	Sample	-0.361602625836748	0.826230369231983	18	11	0.667487863476881	0.738461256555436
X466e594af8210172304016b059f8fe31	SampleType	Sample	-0.106103691186457	0.243983502207661	18	2	0.669457754509208	0.740406298565071
dfbe73d575bbe3c06fb5e35766736596	SampleType	Sample	-0.179151194103712	0.41282595699687	18	5	0.670110163467198	0.740646229065938
cd3252d96bdb1efe5fc05bc00a9d9309	SampleType	Sample	0.247095805421315	0.56976310078834	18	5	0.670310259944115	0.740646229065938
X0de22c15b9b37d16307cdebe7a61e6cb	SampleType	Sample	-0.223746755714681	0.51564842778352	18	4	0.670145452101255	0.740646229065938
X9d117c903d01fafc549a3d05970373e1	SampleType	Sample	0.105189732192048	0.243170174622636	18	2	0.671096407403889	0.74128058144834
X6bb1160ee16d2f9d1660feee95bb5dbc	SampleType	Sample	-0.104934671692803	0.242943325242127	18	2	0.67155613778265	0.741554092763154
aa5b075f1c1755c7784c0b828843701d	SampleType	Sample	0.265871302730774	0.6225964949448	18	3	0.67504384918045	0.745169970550948
X38329f153e46c35cf169cc509224ebaf	SampleType	Sample	0.10265095201599	0.240914712387394	18	2	0.675720243987229	0.745681178339442
X4d9bfd302b43dfc056bd5ae61ed49065	SampleType	Sample	0.102010803810388	0.240346894367603	18	2	0.676903119373193	0.746750806351746
X63825a52c887578db44e20ba49781313	SampleType	Sample	-0.102555000210498	0.242808023190288	18	3	0.678375664260078	0.748139218376414
dd3feb8bca4f233f9df1a182c90ff495	SampleType	Sample	0.266986589044158	0.63375083699019	18	7	0.679155536127396	0.748763088710621
a95351bbbf434e2324d3987a6ea4fd78	SampleType	Sample	-0.0910426459001384	0.216618593855197	18	3	0.6798637389762	0.749307576122571
X25957d6eafc5ae21d013d564678d144c	SampleType	Sample	0.0999969208795335	0.2385629480521	18	2	0.680669916737528	0.749959668740749
X81fe5149b9ca7e2b0083baa138a1b10c	SampleType	Sample	0.106666270415759	0.255138995274121	18	3	0.681452174132443	0.750585003392256
b742d2c5dc2d56380a963392a7e31ede	SampleType	Sample	-0.0992649327272246	0.237915444713904	18	2	0.682056380095132	0.751013891279553
X4e97741ffb4fa7b96953b42758c85486	SampleType	Sample	0.182573007176439	0.438421380855959	18	4	0.682626135869153	0.751404587845894
X31af45bcdf0aaa07b1bb7052ed88d097	SampleType	Sample	0.0984039533856582	0.237154467095671	18	2	0.683699166044048	0.75234884623544
X811b57df6b7474f2681ac3412dbd7ba1	SampleType	Sample	-0.11593246317542	0.279613685025841	18	3	0.68392837378732	0.752364252599267
X284ca267c1da0d9a1a431b600e43bbac	SampleType	Sample	-0.176468633465073	0.426231755352166	18	9	0.684356073375097	0.752435755467513
be3cb677392518f2eb047d5691a05c87	SampleType	Sample	0.200252859896047	0.483789092218104	18	5	0.684423827913814	0.752435755467513
X0830b68bd49f97e71badf1a0ff2312c1	SampleType	Sample	-0.0937983558166273	0.226992659582442	18	3	0.684929024915534	0.752754439202988
X6de7a8b86171c6585fa037e920daf262	SampleType	Sample	0.112493921125173	0.273159551109439	18	3	0.685932035029736	0.753146480673353
X9cf24ad9887eff6ca510f3629e38c25a	SampleType	Sample	0.211970161697558	0.514364597636398	18	4	0.685733804315929	0.753146480673353
e15615264059df42439a595b3c906967	SampleType	Sample	0.236298206233879	0.573605546932041	18	3	0.685840481489529	0.753146480673353
c87512b245f55fcee8e79bae8265ddb2	SampleType	Sample	-0.0970888582784625	0.235993445388141	18	2	0.686233746496013	0.75324118610677
X5d0c548e712a3061cb02d0cb6856fd22	SampleType	Sample	0.094983429860904	0.234138076422464	18	2	0.690356326961003	0.757368286939912
X6b997137bb303bfa5a2105705d34b5d9	SampleType	Sample	0.0949477019060736	0.234106628343573	18	2	0.690426982402031	0.757368286939912
X57de41bfc579555d2b49c1318fa5b98d	SampleType	Sample	-0.0942862373749584	0.233524623492798	18	2	0.691739342613462	0.758569868813257
X935f3388748f455cb6362705f4582773	SampleType	Sample	-0.0819378960260272	0.203585041934177	18	3	0.692660497129834	0.759341830657228
X4606e5a8b45cd256c0e043c41198e57e	SampleType	Sample	0.0937151340487443	0.233022466124258	18	2	0.692878944903117	0.759343194790375
X8f2ac656dc37fe2bcb4a8abe40ba1154	SampleType	Sample	-0.108351826730152	0.270139786684156	18	4	0.693655585707053	0.759956103927251
X2a8b72bf793b92d29cd97a97b605eb7c	SampleType	Sample	0.0928658616192277	0.232276310493729	18	2	0.694584881914221	0.760735823048909
d095e761e733d323c5d4b819ba48793a	SampleType	Sample	-0.377101605556668	0.94700585551981	18	9	0.695742890443844	0.761765469775032
e61f88ea85ada65244b3b8bda8659227	SampleType	Sample	-0.197395729021207	0.498973202423024	18	8	0.69762221146541	0.763344992576862
c5a9a9ba9827f79454764eefc3ddf752	SampleType	Sample	0.0914346220402515	0.231020460198159	18	2	0.697490639493298	0.763344992576862
X3ad1518bc89c6129c1ebf45e86d1c4d1	SampleType	Sample	-0.0849162634202835	0.215128382406399	18	3	0.698258843874004	0.763601266315143
X01a534e9515244a44c9fd992cab0125c	SampleType	Sample	-0.0910426459001399	0.230676874623593	18	2	0.698293263275032	0.763601266315143
edcfb96c9964f3f9dc6f0621861a0b2f	SampleType	Sample	-0.360655886684021	0.921344566334182	18	11	0.700632148027573	0.765919321295934
ffdda4a783ffb8bf6000e3974723bb94	SampleType	Sample	0.0892778400227873	0.229131863233574	18	2	0.701943767657742	0.767113289068917
a92f67f922033eb44348e4b8ae1a3d16	SampleType	Sample	-0.335808564702007	0.862677318155209	18	5	0.702213438587122	0.767168181656431
X537467d5f904164548c3bd4c38d079a1	SampleType	Sample	0.0886433552552346	0.228577177000789	18	2	0.70327109031854	0.768083640035494
X93006e75c917df32eff6cbd0cffb9eb6	SampleType	Sample	-0.0867433689016337	0.226918651224307	18	2	0.707293697285408	0.772235716961207
bc1af3607ef8780ce9550e1d6a2923f9	SampleType	Sample	0.10584737869452	0.277405662508612	18	3	0.707806131905053	0.772553929797086
X3addf137cd8e32be3593c0a06ed23e8f	SampleType	Sample	0.0857948877030227	0.226092130295014	18	2	0.709329036932183	0.773974504717513
e7f123a53a24568d879b22c360859a1c	SampleType	Sample	0.237997259303411	0.628167158666279	18	3	0.709760763142825	0.774203940077166
X9a685eaf10fbdce87df058243568944f	SampleType	Sample	0.0848792706231036	0.225295159168298	18	2	0.711311314089794	0.775653260779139
a2d13a41cb93aa83a2d49960951ffdf4	SampleType	Sample	-0.138042688614323	0.367476939221325	18	3	0.712110915174259	0.776283055643658
X7c8ac152cdc8e3a2522acc386fca48a4	SampleType	Sample	0.121218728219905	0.323752745676474	18	3	0.713009535749427	0.776963848849071
X26d0311cfe1434450e2ba68ca31c8ae3	SampleType	Sample	-0.0840234000286215	0.224551010797297	18	2	0.713179917321701	0.776963848849071
ae67bceddae447e7dade752a5a28d6f3	SampleType	Sample	0.0833696446719134	0.22398313191462	18	2	0.71461754684247	0.778287521420958
X2b640ef2868df2f3694aa40fb9a75498	SampleType	Sample	0.0967388219143907	0.260443940585603	18	4	0.715183955142825	0.778661820983904
X979ba1913764709d6f067f0096f7e73a	SampleType	Sample	0.288902027489624	0.785047487454092	18	10	0.71769208078456	0.781149288425536
d63586a9228972f02113c17acc600c93	SampleType	Sample	0.0809583546660141	0.221892673822858	18	2	0.719998370658759	0.783415594093688
X729833d6acec1576dda09a91d2cb8922	SampleType	Sample	-0.209760813914848	0.575441451315748	18	18	0.720241521590812	0.783436328401207
f4a831fa091eab6956331ba126b986e6	SampleType	Sample	-0.0805762880268723	0.221562040974146	18	2	0.720862418821688	0.78386781219304
X0dd15502ce697238545269d117d510d2	SampleType	Sample	-0.0802582144118124	0.221286912770375	18	2	0.721584166631449	0.784131405071034
X9b807181eb796f6f8658db88e02c3ab1	SampleType	Sample	0.219600410995862	0.605414673631161	18	6	0.721555747144414	0.784131405071034
e58623bc3f04788fca82217a3148aec9	SampleType	Sample	0.105245958418889	0.290394278002088	18	4	0.721777706384035	0.784131405071034
X86f63e39a4dcc396cb0e3426c1581ec7	SampleType	Sample	0.171071586249593	0.472562556536652	18	5	0.722082579882099	0.784218918691462
b69c5e45d1a3c99ca5e6b1c93e9f24a3	SampleType	Sample	0.07955206077785	0.22067651467047	18	2	0.723194419868986	0.785182513000614
aaa659efa323c1ef325a599d1de5b93a	SampleType	Sample	-0.0790080680694098	0.220206678610391	18	2	0.724442372827161	0.786293242907096
X4bca09b0e91f744c4183dd594d3790f4	SampleType	Sample	-0.252194156682288	0.706289119390244	18	11	0.725705814865486	0.787420089624376
bd7e0ad74eda8fa1477cf524f4f19e6f	SampleType	Sample	-0.247867263445773	0.695068276521713	18	8	0.726044184848626	0.787542808014519
X45136f2b52460b13f94fab4e2a6f2927	SampleType	Sample	-0.105852075068725	0.297944305647214	18	3	0.727023981515808	0.788360992363295
X1b6fd54b16548fb378ea911f3a5c3e69	SampleType	Sample	-0.0733024782312913	0.210606377193974	18	3	0.732336370302037	0.793875333511913
X5649447d0222bd34d28a6e5f13981af0	SampleType	Sample	0.404220725176547	1.16332914344048	18	11	0.732767767405424	0.794096749798314
c9be81921b9303ab9168d3d08db8b593	SampleType	Sample	0.0751829956613088	0.216912824034174	18	2	0.733404742159637	0.794540743287911
X06c09edad9e82b98a25edd39aca30377	SampleType	Sample	-0.102922113001977	0.297613274654775	18	3	0.733979530127014	0.794917111934338
a1c4ef7fd12edd0d8ffbd24bbccc8e91	SampleType	Sample	-0.187321502905661	0.544029202730741	18	8	0.735087683373592	0.795476085404013
X720708e339d91e5adace23fb384531f4	SampleType	Sample	-0.0744754963649895	0.216305496663477	18	2	0.735099129887292	0.795476085404013
X37c0eb748ce8b006eda2ddfe07d6bf39	SampleType	Sample	0.0744425695368461	0.216277246640397	18	2	0.735178270005825	0.795476085404013
X426f9d55706c35b21290663d02367b4c	SampleType	Sample	0.0741531275635123	0.216028972927323	18	2	0.73587503842477	0.795983643048576
X0677e29023494b1918ef9da32ad2d906	SampleType	Sample	-0.0740580653868683	0.215947454111609	18	2	0.736104307699993	0.795985357166463
X23c30142c0eb8df13fff6df130dc00ae	SampleType	Sample	0.0726945616440834	0.214779431858208	18	2	0.73941621668262	0.799319447595065
X12367a7c220bd6a2c224b7edbfe6b8cc	SampleType	Sample	-0.580468230371046	1.73353823513382	18	12	0.742090911095625	0.801962851681702
ed4ab960fc01aa5e75ac52c71cf4e841	SampleType	Sample	-0.0710371634299088	0.213362773066473	18	2	0.743501697544243	0.803239163972396
X71c73b1b3db72019e23daf904bf9e0b6	SampleType	Sample	0.120642939206086	0.364382674616425	18	4	0.744874150644145	0.80447328719553
X4520935143256800a3e169d7dc25b3f4	SampleType	Sample	0.0702375750987386	0.212680570345259	18	2	0.745496455603396	0.80489672908878
X4a9c1da085c1d3df30833063ce265277	SampleType	Sample	0.0695458996813162	0.212091099673706	18	2	0.747234634412258	0.806026622001004
X08461d2340bdd46779d426d3a0a2a2ef	SampleType	Sample	0.0696593404485696	0.212187735671589	18	2	0.746948750288369	0.806026622001004
X07fa32dcb710aa358a83c3a1cdb249f9	SampleType	Sample	0.0695513749614337	0.212095763480221	18	2	0.747220828761774	0.806026622001004
bed6be4c60edb64815eeea8fdbfcd11c	SampleType	Sample	0.0692999927738478	0.211881677870777	18	2	0.74785544087167	0.806447446418062
f41e58594369399a98ca43a5bc116814	SampleType	Sample	0.187888629500741	0.575828009985026	18	4	0.748431766808616	0.806653803302276
X99ab4d49d5793fe65a88a0b67daa05fc	SampleType	Sample	-0.118713726799707	0.364287550664915	18	4	0.748739013648709	0.806653803302276
X9eb876a24ff8b493f1fec59e9af122f8	SampleType	Sample	-0.0689787392851479	0.211608206901556	18	2	0.748668721730349	0.806653803302276
X9b5a76881bbd447ce54e0ef5bc36680f	SampleType	Sample	0.21803300424489	0.670501795592392	18	3	0.749259116196888	0.806716929542446
dbfa642fb5b725e8f5459f04d619ec48	SampleType	Sample	-0.0687660377834359	0.211427216097586	18	2	0.749208605282978	0.806716929542446
ec6b7e24f56faa7195f84745a1d32af8	SampleType	Sample	0.0685945648476033	0.211281350298897	18	2	0.749644662454122	0.806883540621802
cc8f106544aa3a06a7f5ae350c8d3d47	SampleType	Sample	0.241073544434469	0.744943130365604	18	9	0.750422201592059	0.807471842648765
X2991c3b434900ecc60487ed314bfc27f	SampleType	Sample	0.140230237680349	0.435585062802966	18	4	0.751669549089499	0.808565151882119
X078686970e3b8a9a7fcad85718879a07	SampleType	Sample	-0.0671341674236142	0.210040611150005	18	2	0.753388372023242	0.810164795014843
X3c0deb5ca627c2080a4a80c7d89c6096	SampleType	Sample	0.132827370338449	0.418785990012918	18	4	0.755213993845929	0.811432489923001
d31f1c384392a34edcfb997bda7c234a	SampleType	Sample	-0.0664160518714887	0.209431546355832	18	2	0.755249060263731	0.811432489923001
X5ccb4f78733eebae6e1f005f88ffe275	SampleType	Sample	0.0996790080611449	0.314649005222011	18	3	0.755495639216066	0.811432489923001
X9e6840cf7a66faa9fcfef5868f8f5e8f	SampleType	Sample	0.0664008669278556	0.209418674811135	18	2	0.755288547699748	0.811432489923001
X683ed5e895196c4c2f6f9d15b9d20d2a	SampleType	Sample	-0.0882794454662563	0.279165194579937	18	3	0.7559185698	0.811637383298772
fcd4f1369a7e61e6dfda99e1710ccc16	SampleType	Sample	-0.231082179314097	0.740374318361478	18	8	0.758983532947697	0.814648826546066
X29a8c204213b4f4bcff77f6231768c96	SampleType	Sample	0.118239974190619	0.379169333185586	18	5	0.75918932405237	0.814648826546066
X3e1a26e59596ea4b27910d21a7f2685f	SampleType	Sample	0.14332211963995	0.460325993987543	18	3	0.759555175506268	0.814791314381686
X34b93394ad2057aa52c4ca717f1bf4a1	SampleType	Sample	-0.181454229280922	0.586296997024187	18	9	0.760941442015218	0.816028000394234
e750785f4ec0290b5b57ccbb9f86296c	SampleType	Sample	0.272678030258328	0.891230031839447	18	13	0.76358244736635	0.818544692836379
d24ba3e2bca71e0ab8255a046debb2a6	SampleType	Sample	-0.250320240832355	0.819089540134399	18	6	0.763843385353966	0.818544692836379
X7f292d0e2e752731aafe852340a64218	SampleType	Sample	-0.0631087445486374	0.206635517562808	18	2	0.763990655813817	0.818544692836379
X6ed6558bd66be52255c7074823e2b97b	SampleType	Sample	0.0628574994033114	0.206423730362242	18	2	0.764666473869048	0.819017767354838
ee81ff6b5c3eca7e14f53f92e2da9103	SampleType	Sample	0.0992220790049086	0.327942684671422	18	3	0.766123730993572	0.819825088323699
X113f7fdc7dd11b33b04dabb466e452ab	SampleType	Sample	0.132176789415672	0.436464133660127	18	3	0.765917056912229	0.819825088323699
X1f9af46865468f291871a1c0cc987622	SampleType	Sample	-0.101890607620383	0.336747711313564	18	3	0.766113760369735	0.819825088323699
bf0fc57d701c5060d650485ca2bca7b0	SampleType	Sample	0.236708642874341	0.784637583692259	18	16	0.766782554534215	0.820127718536322
b85782c0c8deb7178a785163b0f98290	SampleType	Sample	0.103855373395217	0.344400019105816	18	4	0.766875718505503	0.820127718536322
d3a60d931aed828666a7818a3da0ee38	SampleType	Sample	0.0612351198742157	0.205058290120623	18	2	0.769071201398967	0.822224134584339
X3af75f1a8ed3c06c09c16f7414233d1a	SampleType	Sample	0.0604306582866432	0.204382625632558	18	2	0.771281721779335	0.824335340672747
c1ffb16041d03c51f266ce6f78dbc65c	SampleType	Sample	0.161352162179477	0.549503399625673	18	6	0.772813236720461	0.825639733704199
e3a427a6309663e735d0f377619867d1	SampleType	Sample	0.123730583442195	0.42168736600728	18	3	0.772974498974212	0.825639733704199
X80380f29e51d9ff29653a529d29d3fc4	SampleType	Sample	-0.22959422715732	0.793842334015658	18	12	0.776127787106243	0.828754655993715
X293d3b7066f15134a2bd6a9370d9352a	SampleType	Sample	-0.198300014189047	0.68857316743222	18	7	0.777053828951406	0.829236931017739
aa3b685972051a4b15173adc81d71667	SampleType	Sample	-0.203487193423743	0.706409417969346	18	4	0.777000009824965	0.829236931017739
X0ed84d88a11954b71570cb94f7153b94	SampleType	Sample	-0.0575982678173547	0.202011221348651	18	2	0.77920683000757	0.831280768296144
X051bb1854976bcb4ccb159f6146a1c64	SampleType	Sample	-0.119637753686276	0.423604701402899	18	3	0.781236335168233	0.833191649709622
a7eefa97c01d5324590807eb371325dc	SampleType	Sample	0.0567150977457679	0.201274229328097	18	2	0.781724029909757	0.833457520147762
adb741c1bf4a08a13bdcc5433e8d3f6c	SampleType	Sample	0.299257277666557	1.06369074301714	18	10	0.782056655297855	0.833557947232104
X9c253b045234173540111db036e207ba	SampleType	Sample	-0.137191803484587	0.49046508169935	18	6	0.783277849371503	0.834605108626265
X8cf2d6c9fedeb3cb3dbd20d6d82eabc3	SampleType	Sample	0.21100102613041	0.755457333381097	18	7	0.783590925635338	0.834684301042395
X13c1b2a8c491cf3fba2fa50e45717450	SampleType	Sample	-0.0551775096710551	0.199993960943777	18	2	0.786159719408897	0.837165512961773
X0bcf4d29395fa40a972843fa31ee6d8a	SampleType	Sample	-0.0545857569495985	0.199502208252123	18	2	0.787885065392034	0.838747316872884
fd8bcf56ad46ba6ed242b391c58157b7	SampleType	Sample	0.098526037866491	0.363916140643938	18	3	0.790053834573447	0.840800062608454
X8e1dadcb1b5483dbcc99038f091ba50e	SampleType	Sample	0.129411883140639	0.480741121281969	18	5	0.791222116827988	0.841787133423812
a366481639eedb8b0f7f0931e4689899	SampleType	Sample	-0.121954784755551	0.457274275211041	18	4	0.793107325090562	0.843023170725633
X58740cf13d9e581cd704dfa8a4de6948	SampleType	Sample	-0.158448376697676	0.592954427239354	18	6	0.792714713727822	0.843023170725633
c3978ae893ddef0b444dfcb832c043a5	SampleType	Sample	0.0528555013521336	0.19806748601176	18	2	0.79298886650725	0.843023170725633
X70be9fe6bf4d2d0718f98598f0e673b3	SampleType	Sample	-0.0526655878886376	0.197910298235335	18	2	0.793554463659548	0.843242068375009
efceb6b596d25f6d3ec04475dd89789b	SampleType	Sample	0.052410760168842	0.197699472430363	18	2	0.79431507959127	0.843793837207864
X3deeb98c4420f63330f63e314e1d78be	SampleType	Sample	0.209911213901575	0.793420714791024	18	5	0.794722539504288	0.843970230287665
X4a7c189012c53f1ba02a33414b6e98c8	SampleType	Sample	-0.149997785231513	0.570789405444322	18	6	0.796066208554228	0.845140438841659
X7a7d9c1ba5a21b5b61877ace0baeef83	SampleType	Sample	-0.0516938009485201	0.19710687051214	18	2	0.796465523847221	0.845307671939856
X4231c0e22d02619ed9ba049d6dc49d00	SampleType	Sample	-0.155996351283973	0.603782595798538	18	9	0.799419221552641	0.848133730029681
X714d78ca10fb11bb66ee015f563645c3	SampleType	Sample	-0.0777620482619782	0.301607022494155	18	3	0.799828214403253	0.848133730029681
ee206f0fd19abe41b8ebfea30bedd064	SampleType	Sample	0.0504144874929131	0.196051518782015	18	2	0.800341297302035	0.848133730029681
X5f6b481fbbd24b8ad1f3b6574c2ce524	SampleType	Sample	-0.102756328647114	0.399541225289839	18	4	0.800313525273072	0.848133730029681
X7dc513eb895935de3f26095f29af6185	SampleType	Sample	0.0504194370580358	0.196055596717286	18	2	0.800326206196927	0.848133730029681
X33a516f00563ddac500c9d4b43236758	SampleType	Sample	-0.0697185392386066	0.273616280567888	18	4	0.802120547243851	0.849594808333746
a79ede83e7055c3ce8bb8d9e341814b7	SampleType	Sample	-0.0497255761424701	0.195484319010634	18	2	0.802449101006295	0.849594808333746
ebadf3a5a0baf3fb4c292063af64b648	SampleType	Sample	-0.0497255761424684	0.195484319010634	18	2	0.802449101006302	0.849594808333746
X31afbb2f7b567f350baa11a70394e708	SampleType	Sample	0.105225867113839	0.417664320082355	18	3	0.804295919603473	0.851292320597561
e77b0bbfbb644a8f848ca8bc69411534	SampleType	Sample	0.0765865048664001	0.305665458453353	18	3	0.805345949132522	0.852145713731022
X6e5cc304920962afe59765d10a842ea3	SampleType	Sample	-0.0977470653558314	0.391781246782071	18	3	0.806153459422194	0.85274205571558
c4b01cd00ac23b8f55e2d158054fc397	SampleType	Sample	-0.0482069523690499	0.194236773972938	18	2	0.807147318257696	0.853535095169058
e9c7ca3a06b4e65273b0a22923f82313	SampleType	Sample	0.048022926293188	0.19408585953886	18	2	0.807721529935359	0.853884024388876
a34bef55267cd0e29ab88c1749b5f67f	SampleType	Sample	0.265027681804074	1.07994605789139	18	11	0.809260359995136	0.855252182147217
X111e656543ece411bd2a1eb66fe7c829	SampleType	Sample	-0.0640041087537203	0.264450886189083	18	3	0.811834479919112	0.857713309699975
X00547b1d281c35264a0ff26fad14a562	SampleType	Sample	-0.161674614694966	0.671306368438909	18	6	0.812741284281203	0.858411942551989
X8b21e9b07a620afad875efd5cf5cc17b	SampleType	Sample	0.127388243761175	0.537169126231134	18	4	0.815552196407725	0.861120651960558
e7a22e820e63b39344f5ffdeb2d9e040	SampleType	Sample	-0.105755342178977	0.449148199661993	18	7	0.81684084116399	0.862220887895323
e1fe0d870c76a03daec395104ceae55c	SampleType	Sample	0.158899731224458	0.677059880341391	18	9	0.8174257511951	0.862577852755228
X22b1f10bc0f6f9275e8861a42c9d5646	SampleType	Sample	-0.0964246035277722	0.414467197931814	18	4	0.81898528742077	0.86396275341672
X0ae14e4ca61b4d8ec1579f833a4afc3a	SampleType	Sample	-0.116958304332886	0.503494535721853	18	6	0.819255530651827	0.863987129761323
f279dac433b48ad24db7f2ca56648712	SampleType	Sample	-0.0442304880626921	0.190988720730363	18	2	0.819794650424068	0.864253890340485
e7c33d8b889c13f3a8b1c00fa85e19ec	SampleType	Sample	-0.044112161093482	0.190892491330189	18	2	0.820178801564899	0.864253890340485
a5737702f3a7711cfe3ea44882fa8db7	SampleType	Sample	-0.076472019793021	0.331061463273535	18	4	0.820250116747635	0.864253890340485
b1a28c404bbb1ce8e514137ff8e46a39	SampleType	Sample	-0.0438727645161434	0.19069787811297	18	2	0.820957408529121	0.864738505639592
a4efc797f836690add2cdaf980930c1a	SampleType	Sample	0.0720841187219493	0.313844008276837	18	4	0.821249865632191	0.864786003087392
X215e80b70b5d79793cd4e6ec65a8862f	SampleType	Sample	-0.133022017679396	0.588244402351335	18	3	0.823960730361749	0.86711821593759
X659115d1d166e9dad51da5de9a288d83	SampleType	Sample	-0.0545857569496005	0.241066181357819	18	3	0.823730771043946	0.86711821593759
X3d71ada20fbdc5743e1753b62a264f6e	SampleType	Sample	-0.0798504630493761	0.358862938004773	18	4	0.826732706937105	0.869773561074968
bc3a28c452bf7b596755085b0a60233f	SampleType	Sample	-0.0418659330579225	0.189070502868743	18	2	0.827558701951396	0.87038063237728
X5e37d285e2a40cb70fcf05a35109e9a9	SampleType	Sample	0.0968042678883009	0.442642685458709	18	3	0.82965191850365	0.872319731455266
eec0aaed4fd4ad45bc2a6e611d30047b	SampleType	Sample	0.130455144654169	0.597832816200218	18	4	0.830021662366077	0.872446100911547
f34cdcd73e535507d29c29b19d01f658	SampleType	Sample	0.136507074151304	0.639469095284756	18	7	0.833657239146185	0.875923529173705
X233f4984b368c629dce62662fbf10513	SampleType	Sample	-0.0813419221674167	0.381452405938863	18	4	0.833831094133321	0.875923529173705
X720b43663d61f720cbda595a52767410	SampleType	Sample	0.17581989640346	0.829534135134957	18	14	0.834822317067423	0.876160545743632
X93cc5ea790525e0577db4007eeb52d35	SampleType	Sample	0.173173853249191	0.816184723782101	18	6	0.834649999400612	0.876160545743632
X2005002db75f1c8dc00b4ee4ba74b9b7	SampleType	Sample	-0.106784407578433	0.504045466492614	18	4	0.834895531480099	0.876160545743632
X6eaef2702c102dcc81c3f32c1e9dd5f7	SampleType	Sample	0.0396284905119138	0.187264803179383	18	2	0.835077565754399	0.876160545743632
X88d1429ef186f8726e32dc9e3e46920b	SampleType	Sample	0.0395601759148695	0.18720981744132	18	2	0.83530981091634	0.876160545743632
cecad6155886fdcc1170a958b914c687	SampleType	Sample	-0.0390758221113064	0.186820218186096	18	2	0.83696103023276	0.876840204283407
X470136dfe4e4c0181388b5f03b307ee8	SampleType	Sample	0.0391409042151639	0.186872542450605	18	2	0.83673868902277	0.876840204283407
X6e435de683c67ad8cbe7671bace568bf	SampleType	Sample	0.094741672121008	0.452496671777206	18	4	0.836797789472846	0.876840204283407
cfefa53506bfd400c2163986df6f768c	SampleType	Sample	0.0391143307361601	0.18685117711846	18	2	0.836829454896244	0.876840204283407
X348bb73e43e5c23f7e171ffe032e6216	SampleType	Sample	0.0389253257821611	0.186699253903102	18	2	0.837475732025944	0.877116584530468
X579bf0c45c8b6b9f2571f84932169cb3	SampleType	Sample	0.0383202217001322	0.186213324544971	18	2	0.839553095660855	0.879028937535295
X116860aee27f70307062cd56aab9c56f	SampleType	Sample	-0.0831227615774524	0.408208191687597	18	5	0.841211231233496	0.879974405862448
X77112dc05174d9e7f1eb82817b2c6220	SampleType	Sample	-0.0379289293913318	0.1858994692981	18	2	0.840903182542778	0.879974405862448
X9a6e6f858325acfc4084a67f5c43f8e9	SampleType	Sample	-0.0379081223309733	0.185882788197325	18	2	0.840975122757938	0.879974405862448
X35b596e109f9ee464ceb59e22f9c188d	SampleType	Sample	0.0374332916352503	0.18550234122409	18	2	0.842620947644159	0.880921899809803
X3b1997baf9da071667defec7e80d2098	SampleType	Sample	-0.0772215589833593	0.382314810118087	18	3	0.842474855104855	0.880921899809803
X1ae94a50d152dd62a6bf367dbafd4daa	SampleType	Sample	-0.122507528733315	0.608867762926541	18	6	0.843073526410225	0.881131554059835
X090b48e13cdf6acc0a523b63b68c9c1f	SampleType	Sample	0.0371748218352087	0.185295431465827	18	2	0.843520149456037	0.881334860280426
X3f07c5798efd8deb6095045db89ee137	SampleType	Sample	0.0833696446719095	0.423332532203167	18	3	0.846357094224459	0.88377072921407
X476222b970d79ce648d99e7bb76b179d	SampleType	Sample	-0.0469876347332343	0.238552212128486	18	3	0.846331329249708	0.88377072921407
X1d7df63486926357c32e4d2ecaad2863	SampleType	Sample	-0.0358226183283785	0.184215091290976	18	2	0.848262704702417	0.885496093054539
X81d480aa124518d47f3e50da0a25381c	SampleType	Sample	-0.071199310974843	0.367924087278823	18	4	0.848989974449052	0.885891174369324
X70c039d8c51974900eb441e93620c97e	SampleType	Sample	-0.0355477819397062	0.183995950833805	18	2	0.849234547495595	0.885891174369324
X4aefb1d27a75c92a0d1934debec2423f	SampleType	Sample	-0.058162562763912	0.301388391043444	18	4	0.849401377713379	0.885891174369324
b9e49e24eed13e9d42be624184d6232b	SampleType	Sample	0.0350824735457055	0.183625279324923	18	2	0.850886050834594	0.887174957863925
ca230262e8f9c1e33852d876eea5b349	SampleType	Sample	-0.106357493503203	0.562403736128653	18	8	0.852382836830451	0.887941119654129
X81e2c5edbd9d200b9baacc6995d0482e	SampleType	Sample	0.0949477019060684	0.501755369710401	18	3	0.852291341159253	0.887941119654129
X223d0088ba6981a084818e8642aacc0d	SampleType	Sample	0.0686536219706684	0.362044129409481	18	3	0.851985594218536	0.887941119654129
X15f70377a20620ede76a1f2a910a5fa2	SampleType	Sample	-0.191846355422503	1.04408580765276	18	7	0.856521359925287	0.891986498152756
da71c37613ac4f11e563ef4e1393f3d4	SampleType	Sample	0.0755110085485047	0.415013692125035	18	7	0.857908535886196	0.892667104643931
d6f9c78bd78b9d66efb65211e69dc128	SampleType	Sample	-0.0463080782958627	0.255500341142573	18	3	0.858451603493392	0.892667104643931
f0000f2a58584e3b5d188ca8ac12a9a8	SampleType	Sample	0.0687473726099168	0.378055334055351	18	5	0.857988420743159	0.892667104643931
c341becad010ef423b0a2081960f45da	SampleType	Sample	-0.104830239127543	0.577279166994751	18	4	0.858182217603334	0.892667104643931
X103f57dd4dc360c901de21235ef1c9cb	SampleType	Sample	-0.0330169138552128	0.181985072445623	18	2	0.858311256558699	0.892667104643931
b7279007573da839dc7d022d326a795c	SampleType	Sample	-0.165748454326232	0.917849397245615	18	14	0.858962035763593	0.892932285765543
X29bcbd6e828d6286c99f762d0da66bfa	SampleType	Sample	-0.164725636009911	0.920749510235035	18	8	0.860259003423558	0.893749027033807
X41d29c44360836d260bbfa4a2f56080a	SampleType	Sample	0.0324885424070565	0.181566900901247	18	2	0.86023550697028	0.893749027033807
X8d22d93db74dc7edc74caf3f1cda1d87	SampleType	Sample	-0.0884590058149854	0.496959117815664	18	6	0.860956662684836	0.89420810836191
X60b9e82c5e8d962928f64953ebd6ff84	SampleType	Sample	0.0719237179117922	0.418896696653411	18	4	0.865827793473951	0.899000286897812
X5178e9441cf8c8b2c71fabcd4068b15c	SampleType	Sample	0.083768499907174	0.489962371292977	18	5	0.86639137860885	0.899051427609539
X70b292d7aa6179faf051d4160f052c2f	SampleType	Sample	0.102170655248674	0.596598997722811	18	3	0.866170256338188	0.899051427609539
X577d976591e1cfe7603340048dfd1299	SampleType	Sample	0.0556034991743376	0.327298483324989	18	3	0.867229116259446	0.899120103927349
X4a08c3ec44e03c93d17bbe9f9034283d	SampleType	Sample	0.0306527020772324	0.180118454751436	18	2	0.86700123660297	0.899120103927349
X1a93dd87a61928cf07b4f2ff170f234a	SampleType	Sample	0.0306523846150746	0.180118204890162	18	2	0.867002417369283	0.899120103927349
X3faf4b747fc5578a5216fd622a50103e	SampleType	Sample	0.0299875964474393	0.179595446175676	18	2	0.869483282937718	0.901189907248817
X95804a76ae3416e7377a86216fd157ff	SampleType	Sample	-0.0296857443279574	0.179358394043534	18	2	0.870615203837165	0.902095658747697
c60262a210173d6a6605e298797827d3	SampleType	Sample	0.0289881728246053	0.178811320591419	18	2	0.873244162857029	0.904551583214274
e266bf49a69acf64cc429a7d9aa94db5	SampleType	Sample	0.0285880980532829	0.178498033752485	18	2	0.874760236868554	0.905853610216962
b870ee9c0da9fe6122d27044add9d76b	SampleType	Sample	0.0284804911865186	0.178413829184751	18	2	0.875169046773192	0.906008583807841
X11b0e60705f547f47f549d2146d2cfac	SampleType	Sample	0.0958295029314476	0.603105473641326	18	6	0.875741160612977	0.906332474097978
b447820fe28c71244e8759602fdf3eda	SampleType	Sample	-0.0450921860344847	0.285401739397014	18	3	0.876437186770061	0.906784375539548
X7493d1aedb2c77d663590d82ec640fd4	SampleType	Sample	-0.0764859193940204	0.486405586725231	18	7	0.877017275218592	0.907116092947988
X096729f1cb0657e2ff8c7d7a344d7b29	SampleType	Sample	-0.027666092044994	0.177777363936404	18	2	0.878277332761323	0.908150711426674
b66deceedaf8fa3fc0bd9c5844de0d68	SampleType	Sample	0.0274890526531234	0.177639197273066	18	2	0.878956384946275	0.908584128259071
c8487b182705eaad35c8578b81969d20	SampleType	Sample	0.157367531718787	1.02798179300646	18	16	0.880246057962619	0.909648305834264
eba5bfd092583ac8fee5fa9f326dbf28	SampleType	Sample	0.118358495652944	0.797280002092815	18	18	0.88384025949941	0.912822909072359
e9747e2d4b7df09ac2fe1ae2e54f5952	SampleType	Sample	0.0262334543429982	0.176661282323333	18	2	0.883806938798358	0.912822909072359
e000f235b3286e140999e9989244d7e0	SampleType	Sample	0.0257333607005487	0.176272767260736	18	2	0.885755843456097	0.914531136657565
b7a2bc450146ff938fb3354ecc36444a	SampleType	Sample	-0.111289727553649	0.774401959859329	18	11	0.88752348467676	0.915277113026876
X38421d66789673e27b13640ba5c87f82	SampleType	Sample	0.103038765107931	0.717001630226831	18	7	0.887525575846999	0.915277113026876
X8ebe6251e8fbcc226351c3df5884798b	SampleType	Sample	0.090098553498732	0.624663203165226	18	5	0.887115703247451	0.915277113026876
X7962e05010d48d659881432184e5938b	SampleType	Sample	0.0835823783589428	0.580266371269171	18	5	0.887266433929146	0.915277113026876
X50b9a0fb02e29b3da5d25ab2b8ed85ac	SampleType	Sample	0.0249518643948313	0.175666764972423	18	2	0.888820895027143	0.916342627252991
X438e265fb5bb7d32142cde41871400b5	SampleType	Sample	0.0247859573233632	0.175538292749559	18	2	0.889474659737605	0.916561660996092
cb7389a7a0716fe94b9c0fcedb37a22d	SampleType	Sample	0.0544155792988584	0.385672040003099	18	5	0.889557699015944	0.916561660996092
dc16d658abb471785388579ceac35074	SampleType	Sample	-0.0463378534281723	0.335272564257056	18	3	0.891799327713453	0.918600603914624
X0d7d6a39ec308ab07b864a61e273452c	SampleType	Sample	-0.0695842737058817	0.506945047964213	18	6	0.892536177800711	0.919088800468715
ff984406eb670f31cf24eb0b3ff1a2a5	SampleType	Sample	-0.0238027414404936	0.174778221248135	18	2	0.893371269591132	0.919677844078503
X7983b81de5c953ff178b31f7a86b47b4	SampleType	Sample	-0.0335186731589507	0.25091599570316	18	3	0.895396341367763	0.92149120088952
b1d620b7704364cc1edc213b1cd82f40	SampleType	Sample	0.0231847150761993	0.174301600519554	18	2	0.895840125419944	0.921676597548005
c41e38ec0abb37da79acd32fd3cd7c66	SampleType	Sample	-0.0230101077605032	0.174167104712552	18	2	0.896540382117251	0.921916939673876
X8ae3536f4768598f2a4f21a837920dbc	SampleType	Sample	0.022994971491943	0.174155448962939	18	2	0.896601142703426	0.921916939673876
b48c8dd16f9997869bea14f5d5f6a3b4	SampleType	Sample	-0.0432382797485943	0.333157489045621	18	3	0.898355472996395	0.923449201292384
X0a27db31cb789f5c57c56e0dcdef566a	SampleType	Sample	0.0423450733276777	0.333729644390818	18	3	0.900612828578079	0.925497486392993
dc186c356120425c8b044a49772944c6	SampleType	Sample	-0.138244098399355	1.09964229841064	18	12	0.901521823678296	0.926159358089721
fbcc4b1b852cf931033fb27fbc44e355	SampleType	Sample	-0.0408176667643258	0.326231286474097	18	4	0.90198807596874	0.926366132076003
X0b2f2416d4957fb3df498f4f6fc32edf	SampleType	Sample	-0.0328927903717653	0.266236342560554	18	3	0.903212405559536	0.927351121831465
X2e3aedb1ca4f938a666c25b445954ecf	SampleType	Sample	-0.0361675120271365	0.298261695415743	18	3	0.904994138649413	0.928907665507442
X7987aaa1343fa88df0c87e81b3f26c41	SampleType	Sample	-0.0825742021245284	0.698684029535367	18	11	0.907391828330199	0.93109534248382
db42b459cbba34a63fd929b5a4a2bc23	SampleType	Sample	0.0418189747601589	0.355595087442776	18	3	0.90784606031084	0.93110776402477
X7bc5ab847489164f2ce64bfe11660430	SampleType	Sample	0.020210076163984	0.172020153585813	18	2	0.907936603993262	0.93110776402477
X687e1d94d2bfc46843a21e7706df067e	SampleType	Sample	0.0608114176977973	0.525971014390707	18	7	0.909394383953944	0.932055926796537
X792183114edec44d56e5559dade4d1ce	SampleType	Sample	0.0199149484014964	0.171794957096381	18	2	0.909156229659148	0.932055926796537
e2884c8aa40304ec111f861dd5f0fee3	SampleType	Sample	-0.0771530987225165	0.678097209399543	18	5	0.910828601561924	0.933252283429216
X2d4925c1a6ac3ebe2e5bb80852f9a712	SampleType	Sample	0.0905790701054737	0.856876291854683	18	9	0.91712761730464	0.93915587290481
X17dacf7c43412bb67f4c42b274418b48	SampleType	Sample	-0.04986090590025	0.470995081367246	18	5	0.917007016048567	0.93915587290481
d432d4519c29199bc61c94c84f90ad40	SampleType	Sample	-0.0309413426380867	0.298663535932998	18	3	0.918774773421561	0.940567088691589
X8662d7fe59758d24c796165bc7bf94f8	SampleType	Sample	0.128297037925374	1.26428989145701	18	12	0.920432201125923	0.941506913475697
bd668a93dee04617bc24da957aaee6e3	SampleType	Sample	-0.0789951842856699	0.777333137942129	18	8	0.92031830910956	0.941506913475697
c400bb9ef12cb34392453dd557713e2b	SampleType	Sample	0.0482963352835135	0.476400465296052	18	6	0.920510285474831	0.941506913475697
X4019c094da1212af99ed3dce8d950f4f	SampleType	Sample	0.0406101373813318	0.401901147879888	18	3	0.92077006212054	0.941506913475697
X33978a22d4e740748cc789307c679d58	SampleType	Sample	0.0301611642710303	0.32758373214459	18	6	0.927784083214488	0.948339093009703
X07d8c6213aa9fb531442ef2f8a390975	SampleType	Sample	-0.0343784553814962	0.374481502667318	18	4	0.927994289812984	0.948339093009703
e76a0ff525a9d7313bc9ff6c2f164462	SampleType	Sample	0.0151739350595658	0.168206991230078	18	2	0.929240070428883	0.949334683290291
X51909cba31323ad3d21017ce1d738e13	SampleType	Sample	-0.0288511142360652	0.324998830158079	18	3	0.930364009599326	0.950205251989262
X13bfbe035d4afd772a36eb36a3175948	SampleType	Sample	0.0432482979252856	0.507618551155369	18	3	0.933160643504407	0.952783180400528
f95cb8ecd53263377d3cacdaefe05709	SampleType	Sample	-0.0140122346559475	0.167336578990633	18	2	0.934304411763263	0.953672474021713
b1c7a85af1d7c5606009ad7ecae291b2	SampleType	Sample	0.0250762505007907	0.306699702887844	18	4	0.935850386453172	0.954648779884981
X85974d4d6a77b71280a7ef49b1205126	SampleType	Sample	-0.021389425478404	0.262020298777404	18	3	0.935951258663543	0.954648779884981
X61a537f76335a37a596187ede3b53425	SampleType	Sample	0.0136079866912431	0.167034524482153	18	2	0.936080096523374	0.954648779884981
fb98d9d8aa92f0e970cb70c080580bd7	SampleType	Sample	-0.0209337781308707	0.263173261772358	18	3	0.937586557799215	0.955906271818622
X5068ff9a570ea542f21f7878288ab253	SampleType	Sample	-0.0337372537966303	0.431813558993662	18	3	0.938694015960621	0.956756349795432
X02a66ea246a43083ba22855338d2aedf	SampleType	Sample	0.0276965616074629	0.358854141893633	18	4	0.939436826064853	0.957234375961156
X51072144763d6f2480df1cad15babda4	SampleType	Sample	0.0318077097207034	0.416949366327233	18	6	0.940136741494709	0.957319428205889
X60a19e40f5c622def9527f1574a46077	SampleType	Sample	-0.0462361301162269	0.610981022449778	18	8	0.940615628114196	0.957319428205889
X4b9f9723551325d3ff2ee04cfe1700eb	SampleType	Sample	0.0433578934314542	0.572542382284142	18	7	0.940573750527486	0.957319428205889
f734e95c9fb5043f4b6ca31e7e64dd55	SampleType	Sample	-0.0125850732446212	0.166272141492531	18	2	0.940604368941013	0.957319428205889
X0cc9c55d721f5f3d43ec8bc2fe132d0e	SampleType	Sample	0.0580356338384437	0.787513279006242	18	15	0.942166698573255	0.958618969211903
X5c4119c2af078778441726ad7e04a253	SampleType	Sample	-0.0572600702137144	0.785783153000793	18	5	0.942812700534403	0.958890490792015
X623ae1331c719bb09e01fec362c09fd6	SampleType	Sample	-0.0189809072764091	0.261251492682515	18	3	0.942982124526015	0.958890490792015
X3f4e886a94876f4e7a1eb775822a3804	SampleType	Sample	-0.0517250816291687	0.756875938003672	18	9	0.946361569511255	0.961871820003699
d5fcf5df971a070340323457c4cb20ce	SampleType	Sample	-0.0301527564450944	0.44206301208594	18	3	0.946464262246203	0.961871820003699
X124a32e627a3fcf5847dd0939885c442	SampleType	Sample	-0.0461903722287519	0.685312876656728	18	9	0.947098017377695	0.962056911825245
X8a36f105f84ba42c008a6d897d2a11e0	SampleType	Sample	-0.0111123492909948	0.165179457817886	18	2	0.947196765017876	0.962056911825245
a0304c985686c707f30b9817b054010f	SampleType	Sample	0.024969537960512	0.375135820595578	18	4	0.9477555710139	0.962344895807317
be24af0c21448fdc4c360e0ed4e81c27	SampleType	Sample	0.0362362313247937	0.561665017424099	18	5	0.949358767201386	0.963692871700362
X08cc5ca9bbbb0709cef52dde95e762f2	SampleType	Sample	-0.0398500430538178	0.632246506266133	18	7	0.950523889805137	0.964315588728601
f8374628baaa372fb6fef2e77cba3cbf	SampleType	Sample	0.0420042282574294	0.664446840664833	18	7	0.9503768715322	0.964315588728601
c6869088b31c942ab8f76dc35cc334ff	SampleType	Sample	0.0102926593692672	0.164573857277512	18	2	0.95090642566526	0.964423807405207
c8cee77322d19f044bf1e8017b8add93	SampleType	Sample	0.0224486728837072	0.383110318711396	18	4	0.953999616203503	0.967280353320025
a834360740fea7a76b5bf9746ca2f2f2	SampleType	Sample	-0.0545255741830218	0.941859702407376	18	13	0.954551979542365	0.96755979138304
X774b3f2525a86fe4b47d7a3a4bfe4adf	SampleType	Sample	-0.00931109669114554	0.163851112734445	18	2	0.955386964846693	0.968125457711316
X9f60c71210d6e80ab4c9cfcda3b7b32a	SampleType	Sample	-0.00890858647976774	0.163555516024841	18	2	0.95723641485045	0.969718489225492
X19d8685c1c767a1204159aed4fb29258	SampleType	Sample	-0.0316092175809194	0.61011419523748	18	11	0.959322444510159	0.971268828846659
X353fd21bbe577b239728d48490052324	SampleType	Sample	-0.0388337818254373	0.749021961288473	18	6	0.959293190226571	0.971268828846659
aa6e2b067ea55bb7b917286e0c5b7a82	SampleType	Sample	-0.0187490458113685	0.373163589248792	18	4	0.960550235312834	0.972230348191566
fc693321816b2c8755784814c2d5c831	SampleType	Sample	0.0164295333696897	0.329710833996688	18	3	0.960874518126488	0.972277081149118
X6e698f7d7362b51dd95c2b5cd10e6f6a	SampleType	Sample	0.0152518098534107	0.315462531832107	18	4	0.962037703554309	0.973172399197299
X208ebdf71ef7cf0c16586d02b70c9225	SampleType	Sample	0.00771680218639255	0.162682980028598	18	2	0.962753896264274	0.973615163824096
f3458421db00585ed6ae5d9d8f06e254	SampleType	Sample	-0.0161634092050387	0.348928640185649	18	3	0.963626092127742	0.974215389843432
b552baf8ab4dee96d170ce85edfff99a	SampleType	Sample	-0.0481394297002825	1.06402830544765	18	10	0.964473781953509	0.974790500638759
ae61ac440027532b090eaade93729a41	SampleType	Sample	-0.0260715092828149	0.587421261874332	18	8	0.965148325290977	0.974974841618234
e03940331073c6b255c2e172c2ebcee0	SampleType	Sample	-0.0148831296971543	0.335967067631438	18	4	0.965213937883497	0.974974841618234
X1aa45332969575442e0a457ef371669d	SampleType	Sample	-0.0114535440225178	0.269507237377826	18	4	0.966627465735126	0.976120629754477
X45ed967d7872177cb7a2c99505c352f4	SampleType	Sample	-0.0271583214585242	0.652479115634716	18	6	0.967314005947036	0.976249932098972
X561068de510e34e29d80bb77cce52380	SampleType	Sample	-0.0377460381526933	0.906472332346409	18	7	0.967300425679033	0.976249932098972
d375307681fd8a321dd28c294db7605e	SampleType	Sample	-0.0181377941500949	0.459940259134733	18	4	0.969031364658174	0.977700909334769
e5495c0013303a4373f3feab2924a043	SampleType	Sample	-0.0227246724856072	0.582609959454853	18	3	0.96936898784136	0.977759371463761
fc00e5297e414e061517e3517e41bc8c	SampleType	Sample	-0.0349499473741589	0.919671112547516	18	5	0.97015569053833	0.978270635743295
X8680bac0a040ebcbbd3034d1f159e425	SampleType	Sample	0.00568270242222232	0.161203206829161	18	2	0.972315015469722	0.979652664293809
ccd2771f6133d76fb397bde69b581676	SampleType	Sample	-0.0130686742035852	0.371420277568476	18	3	0.972366917934644	0.979652664293809
X7af867c7883501451f410b6fcb600b9e	SampleType	Sample	-0.0120607869222726	0.338748680238855	18	3	0.972038583917834	0.979652664293809
b86c7a7bfb6d8b4e89849713344187cf	SampleType	Sample	-0.00525320422724632	0.16089230216673	18	2	0.974357187990665	0.981375030024594
X06dbffb3667d421322f3cdc067c1bb95	SampleType	Sample	-0.00845947815183135	0.279732181508244	18	3	0.976248588695121	0.98271381113681
f5013385fa67e8c9dc55ebe2ac1c50f8	SampleType	Sample	0.0114795306871521	0.377526500826634	18	3	0.976118357291646	0.98271381113681
X9041402ea33d75d7d3b596c88b16cf48	SampleType	Sample	0.00466350703510754	0.160466324252936	18	2	0.977174390228848	0.983362598802548
X1f3719dee285b2b4d5a72defe8ad0b6f	SampleType	Sample	0.0217076844330165	0.780018742762444	18	6	0.978142146557555	0.983943723130605
X8b31ff60df3e94cd2cc15a2909b46752	SampleType	Sample	0.00442571988311695	0.160294848103533	18	2	0.97831475446281	0.983943723130605
X6fd29cbfe54a0b7ad0c0295b60563c85	SampleType	Sample	-0.00414084519868174	0.160089638782712	18	2	0.979684246823025	0.985037712652659
X53a9b515fa6da39bc9eab3a1495992f1	SampleType	Sample	-0.0127527397547072	0.572931051526897	18	11	0.98251677115176	0.987160790162313
X7737a411e7f276fae1d2c38a6188f723	SampleType	Sample	0.0121601768679702	0.559381462089981	18	7	0.982925260456239	0.987160790162313
X1d2900cdf7b591798cced5d7d2989635	SampleType	Sample	0.0110800366518853	0.508045477415678	18	4	0.982869870865086	0.987160790162313
X08eacd0794f8e78fe68a9767eb425654	SampleType	Sample	-0.00358720014006194	0.159691520176297	18	2	0.982356141948703	0.987160790162313
c1e3d6a4f2a02d70acc7c3258e889732	SampleType	Sample	-0.00534116554617124	0.288317989585123	18	4	0.985448876954328	0.989411049348746
ec624f757380fc47e78ad2a090d6dcbc	SampleType	Sample	0.00460744962203811	0.27216987298137	18	3	0.986702894535738	0.990101411968123
f6d1e56b6ebb4aabc455ff86bafe3770	SampleType	Sample	0.00820724654260331	0.477334034275368	18	3	0.986494491176744	0.990101411968123
X55177c21ecc38c408908762a95ca460f	SampleType	Sample	0.0126243519363155	0.806101149372532	18	10	0.987698465238826	0.990816021370139
a63334f345e298c7bb0ae4ab14b0e37a	SampleType	Sample	-0.00560416873316366	0.386205359669137	18	6	0.988601825004255	0.991437745328421
e147b59672d5b3fd45f1892b61ca78e3	SampleType	Sample	0.00556532937005485	0.420110154189442	18	6	0.989594263965823	0.992148421802271
d752d1f2acd3b350a3bcbb745aac4c25	SampleType	Sample	0.00400017694223701	0.352095728228437	18	5	0.99107584453763	0.993348954272808
X2adbed1716e699fef805534b14a1b0c3	SampleType	Sample	-0.00291281198013976	0.27793819631879	18	4	0.991767829091852	0.993757618373492
X6fa0ad116c20e73b900b3aac7ac89b32	SampleType	Sample	0.00148457865344501	0.158188079089109	18	2	0.992628068462901	0.993765099469158
f9403583636bfe6bed5aae8ce3967de4	SampleType	Sample	0.00148457865344588	0.158188079089109	18	2	0.992628068462896	0.993765099469158
ea68d08d9c0f63db3bef701f87f6c9e6	SampleType	Sample	-0.00149006025876829	0.158191980853059	18	2	0.992601031951727	0.993765099469158
b145af42bfc3998983e00336500f490b	SampleType	Sample	0.00119145089709766	0.157979569710623	18	2	0.994075803499056	0.994644822276102
X064240fe772ca1ced3fd5f9cdb19b628	SampleType	Sample	0.00120060537292604	0.157986077462342	18	2	0.994030531946462	0.994644822276102
a400654ef3fde02bb56462df17f6d1be	SampleType	Sample	0.00431685122897183	0.613949018110487	18	5	0.994476815152944	0.994761357875449
X37dae8d0a2d6d3c989269aca0fa34b18	SampleType	Sample	-0.000745553906125423	0.157662907879829	18	2	0.996285448315567	0.996285448315567
