2026-09-04 15:37:56.975081 INFO::Writing function arguments to log file
2026-09-04 15:37:56.976298 DEBUG::Function arguments
2026-09-04 15:37:56.976785 DEBUG::Output folder: 3_maaslin2/Aquiloniella_scabra
2026-09-04 15:37:56.97723 DEBUG::Min Abundance: 0.000000
2026-09-04 15:37:56.977657 DEBUG::Min Prevalence: 0.000000
2026-09-04 15:37:56.978101 DEBUG::Normalization: TSS
2026-09-04 15:37:56.978519 DEBUG::Transform: LOG
2026-09-04 15:37:56.978934 DEBUG::Analysis method: LM
2026-09-04 15:37:56.97936 DEBUG::Max significance: 0.250000
2026-09-04 15:37:56.979787 DEBUG::Random effects:
2026-09-04 15:37:56.980207 DEBUG::Fixed effects: SampleType
2026-09-04 15:37:56.980616 DEBUG::Correction method: BH
2026-09-04 15:37:56.981024 DEBUG::Standardize: FALSE
2026-09-04 15:37:56.992476 DEBUG::Cores: 1
2026-09-04 15:37:56.993307 INFO::Verifying options selected are valid
2026-09-04 15:37:56.994471 INFO::Determining format of input files
2026-09-04 15:37:56.995488 INFO::Input format is data samples as rows and metadata samples as rows
2026-09-04 15:37:57.013613 DEBUG::A total of 18 samples were found in both the data and metadata
2026-09-04 15:37:57.01502 DEBUG::Reordering data/metadata to use same sample ordering
2026-09-04 15:37:57.027523 INFO::Formula for fixed effects: expr ~  SampleType
2026-09-04 15:37:57.029351 INFO::Filter data based on min abundance and min prevalence
2026-09-04 15:37:57.030355 INFO::Total samples in data: 18
2026-09-04 15:37:57.031259 INFO::Min samples required with min abundance for a feature not to be filtered: 0.000000
2026-09-04 15:37:57.049675 INFO::Total filtered features: 0
2026-09-04 15:37:57.051393 INFO::Filtered feature names from abundance and prevalence filtering:
2026-09-04 15:37:57.079979 INFO::Total filtered features with variance filtering: 0
2026-09-04 15:37:57.081688 INFO::Filtered feature names from variance filtering:
2026-09-04 15:37:57.082859 INFO::Running selected normalization method: TSS
2026-09-04 15:37:57.111642 INFO::Bypass z-score application to metadata
2026-09-04 15:37:57.113099 INFO::Running selected transform method: LOG
2026-09-04 15:37:57.14256 INFO::Running selected analysis method: LM
2026-09-04 15:37:57.144866 INFO::Fitting model to feature number 1, e3bd4c321c5364d01871ebb503a1dc7e
2026-09-04 15:37:57.147854 INFO::Fitting model to feature number 2, X146391f29d4cc4afb7fb24facf6df8df
2026-09-04 15:37:57.151285 INFO::Fitting model to feature number 3, X9be493e9aea5ea556ea35a3ff8fc61c8
2026-09-04 15:37:57.154313 INFO::Fitting model to feature number 4, X8662d7fe59758d24c796165bc7bf94f8
2026-09-04 15:37:57.157499 INFO::Fitting model to feature number 5, X111e656543ece411bd2a1eb66fe7c829
2026-09-04 15:37:57.16136 INFO::Fitting model to feature number 6, d5e758ebd3c124e486293fe3fddf32cf
2026-09-04 15:37:57.165213 INFO::Fitting model to feature number 7, X1a04461b51bc23b48c24529fbdb95d2b
2026-09-04 15:37:57.167872 INFO::Fitting model to feature number 8, X48c73c7418438db43c0cde9d59ccdd75
2026-09-04 15:37:57.170702 INFO::Fitting model to feature number 9, X2a75921d722ef2e9c11a55f7655f5fb1
2026-09-04 15:37:57.17328 INFO::Fitting model to feature number 10, X9b08bed331b09ad329f05f289f6f6b1c
2026-09-04 15:37:57.175731 INFO::Fitting model to feature number 11, X811b45d386b7b6dd81665a0bac6761d6
2026-09-04 15:37:57.17935 INFO::Fitting model to feature number 12, X06dbffb3667d421322f3cdc067c1bb95
2026-09-04 15:37:57.182179 INFO::Fitting model to feature number 13, X385e7cd456dee8b8a4093f46bd6d9a8c
2026-09-04 15:37:57.184702 INFO::Fitting model to feature number 14, X5d10eace291cd6e21a10aa0b539c6675
2026-09-04 15:37:57.187228 INFO::Fitting model to feature number 15, c91c73a98c22135b81d233985a17ebdb
2026-09-04 15:37:57.189728 INFO::Fitting model to feature number 16, f93c80f7ba93cb010f8e195429e296e5
2026-09-04 15:37:57.192081 INFO::Fitting model to feature number 17, a701ea3d792859ee95d76be492299b56
2026-09-04 15:37:57.19554 INFO::Fitting model to feature number 18, cd595c4d4718f235de7afa8a4fb1d827
2026-09-04 15:37:57.198539 INFO::Fitting model to feature number 19, de76f4b0b39baa2fc0b5e01950f5d33f
2026-09-04 15:37:57.201197 INFO::Fitting model to feature number 20, X7b4dd13b286d26f749387b7fcf3080b4
2026-09-04 15:37:57.203641 INFO::Fitting model to feature number 21, a634a2821a34209d91ff6a23afaf0749
2026-09-04 15:37:57.208262 INFO::Fitting model to feature number 22, e6801e54dd3a2654fc19dab0af47c35c
2026-09-04 15:37:57.211783 INFO::Fitting model to feature number 23, X495c1bd1608a1dad54d3e2824ce899ef
2026-09-04 15:37:57.215233 INFO::Fitting model to feature number 24, a30387bf30a75f6ab45d6e8ba3082804
2026-09-04 15:37:57.218339 INFO::Fitting model to feature number 25, b7279007573da839dc7d022d326a795c
2026-09-04 15:37:57.221072 INFO::Fitting model to feature number 26, X667056e7769500e21052bd12d4ffde76
2026-09-04 15:37:57.223859 INFO::Fitting model to feature number 27, X56335ac95e507e0bbb08dc360850bfe5
2026-09-04 15:37:57.227343 INFO::Fitting model to feature number 28, X2f5f939a9cb1a84c481d0d730257edfc
2026-09-04 15:37:57.230564 INFO::Fitting model to feature number 29, f6907f697361593491030f7dc8a198aa
2026-09-04 15:37:57.233879 INFO::Fitting model to feature number 30, X75db9b4fe7a0f119947425627d6891bd
2026-09-04 15:37:57.23661 INFO::Fitting model to feature number 31, X9c872286b28ea46be348ce877c3c656d
2026-09-04 15:37:57.239392 INFO::Fitting model to feature number 32, X041792056bd7be0d5d925d8a6546e833
2026-09-04 15:37:57.242059 INFO::Fitting model to feature number 33, X97e3e3c32da6c00e50e7febbd1e9fd2e
2026-09-04 15:37:57.245027 INFO::Fitting model to feature number 34, X656fde067ceb604ab17ebc00b2ec1399
2026-09-04 15:37:57.248038 INFO::Fitting model to feature number 35, bbaa49db59da4b9d9c05ca4a337866f3
2026-09-04 15:37:57.251145 INFO::Fitting model to feature number 36, f495d6392152b685fee3ac09dfa0f382
2026-09-04 15:37:57.253697 INFO::Fitting model to feature number 37, be67b02f02948b2fce8ad5af987afdb4
2026-09-04 15:37:57.256493 INFO::Fitting model to feature number 38, X38379288db02e084c195974a32fd0290
2026-09-04 15:37:57.259133 INFO::Fitting model to feature number 39, eda779de9198f9be9317ecf6596927a1
2026-09-04 15:37:57.262241 INFO::Fitting model to feature number 40, X6f22e76ddce23b52576bded16632b532
2026-09-04 15:37:57.265129 INFO::Fitting model to feature number 41, a34bef55267cd0e29ab88c1749b5f67f
2026-09-04 15:37:57.267747 INFO::Fitting model to feature number 42, ad7cea3f47c9e64cbe5f5544c27fb1c5
2026-09-04 15:37:57.270155 INFO::Fitting model to feature number 43, a86091032bf65639a7bae7d5232f0378
2026-09-04 15:37:57.272968 INFO::Fitting model to feature number 44, f37fdde7f16787d978cbda79b16b1354
2026-09-04 15:37:57.275595 INFO::Fitting model to feature number 45, a92a70a830ce3912a908e38da18d2966
2026-09-04 15:37:57.278768 INFO::Fitting model to feature number 46, eba5bfd092583ac8fee5fa9f326dbf28
2026-09-04 15:37:57.286305 INFO::Fitting model to feature number 47, ffcf4ed82045665508e925b0f4531d28
2026-09-04 15:37:57.291775 INFO::Fitting model to feature number 48, X749d814406a2b1cf400824f23cae8af6
2026-09-04 15:37:57.296057 INFO::Fitting model to feature number 49, X6e0546931ed7eab1f41201aabb92be68
2026-09-04 15:37:57.300044 INFO::Fitting model to feature number 50, X3d99e08c5cb5e965b01862c852980cb1
2026-09-04 15:37:57.302983 INFO::Fitting model to feature number 51, X6ace4e7664815b50cab6e2db8056b113
2026-09-04 15:37:57.307994 INFO::Fitting model to feature number 52, c8487b182705eaad35c8578b81969d20
2026-09-04 15:37:57.311998 INFO::Fitting model to feature number 53, X67b0631399914fc300a8246571dd2fc0
2026-09-04 15:37:57.314798 INFO::Fitting model to feature number 54, X5218fb6a47b2fc4bdbc66f967c9fd013
2026-09-04 15:37:57.317224 INFO::Fitting model to feature number 55, a7c0e5b81d8f91d217059d6d45bb4a9c
2026-09-04 15:37:57.319662 INFO::Fitting model to feature number 56, X8cff7bc3fb5f7586f26e4837583cb108
2026-09-04 15:37:57.322257 INFO::Fitting model to feature number 57, X02ec9e816407b031507396c81c182019
2026-09-04 15:37:57.325083 INFO::Fitting model to feature number 58, X0e4324eee7005e82de8f34a668a35d53
2026-09-04 15:37:57.327917 INFO::Fitting model to feature number 59, b3d73b5df65928a4f8c59f2eb7dcd58b
2026-09-04 15:37:57.331279 INFO::Fitting model to feature number 60, a6041ebe74034791d31efb06695a1651
2026-09-04 15:37:57.333951 INFO::Fitting model to feature number 61, b6904b132fa7e312b8dc2803932d7f2d
2026-09-04 15:37:57.336441 INFO::Fitting model to feature number 62, bae957b9ca156334a740e37e8e72fffa
2026-09-04 15:37:57.339115 INFO::Fitting model to feature number 63, X8e319d9b771e7886f5ea522fa3b444ae
2026-09-04 15:37:57.341596 INFO::Fitting model to feature number 64, X094b90b37ab7cbb5661727bdf30972b8
2026-09-04 15:37:57.344535 INFO::Fitting model to feature number 65, X8425d4cf5f4dc882ae2abe971230a45c
2026-09-04 15:37:57.349873 INFO::Fitting model to feature number 66, dc0c1382289972508f62c1eb392febda
2026-09-04 15:37:57.352415 INFO::Fitting model to feature number 67, X19483975848ef1e1f6ba304df2b90196
2026-09-04 15:37:57.354977 INFO::Fitting model to feature number 68, fd985ae175439d14150ffc494c72f7ed
2026-09-04 15:37:57.357489 INFO::Fitting model to feature number 69, fbcc4b1b852cf931033fb27fbc44e355
2026-09-04 15:37:57.360684 INFO::Fitting model to feature number 70, bd668a93dee04617bc24da957aaee6e3
2026-09-04 15:37:57.36454 INFO::Fitting model to feature number 71, X2b171e4c26f481ddc20506b79877b519
2026-09-04 15:37:57.366948 INFO::Fitting model to feature number 72, X74f0d139f1d4ad74fb1be85bce6934a9
2026-09-04 15:37:57.369124 INFO::Fitting model to feature number 73, X25d772a3b016a22119775466a69d7ad1
2026-09-04 15:37:57.371377 INFO::Fitting model to feature number 74, X4d833bf0162967d91310d1a93db92ed2
2026-09-04 15:37:57.373564 INFO::Fitting model to feature number 75, faa5c0dcb53dc1ec6e0ad209e4b5f3ba
2026-09-04 15:37:57.375783 INFO::Fitting model to feature number 76, X624e722f9ce73da36d9972d68241ef8e
2026-09-04 15:37:57.378448 INFO::Fitting model to feature number 77, X8940efad20d6105be9d06b29420046f8
2026-09-04 15:37:57.382222 INFO::Fitting model to feature number 78, X58c4c519152238addd28ad789a0e3adc
2026-09-04 15:37:57.384877 INFO::Fitting model to feature number 79, X5234d703355574c2c5651a4064ff536f
2026-09-04 15:37:57.387182 INFO::Fitting model to feature number 80, X400ffcd99d22a8970abbe369d7121ca2
2026-09-04 15:37:57.389633 INFO::Fitting model to feature number 81, f7460ef647b461ee5ad49fbeb5705652
2026-09-04 15:37:57.392043 INFO::Fitting model to feature number 82, b5cd41c77bc4eb8356b15ed52bb1cf5d
2026-09-04 15:37:57.394584 INFO::Fitting model to feature number 83, c99293daaa3f4b14f0ece7cabc5e88fe
2026-09-04 15:37:57.397588 INFO::Fitting model to feature number 84, X54852a8e2846df6da292b067da6342fd
2026-09-04 15:37:57.400494 INFO::Fitting model to feature number 85, db30bfa14b0cd36a31d9d1bd5aae464f
2026-09-04 15:37:57.40322 INFO::Fitting model to feature number 86, cac4cb76f9c8edbcbbb885a32f6a8ca9
2026-09-04 15:37:57.405919 INFO::Fitting model to feature number 87, b412ae178d00f4610eb08e2c5f1070e2
2026-09-04 15:37:57.408641 INFO::Fitting model to feature number 88, X883ae30d1e8f0fb3abb2bb36086f8989
2026-09-04 15:37:57.411344 INFO::Fitting model to feature number 89, X9bd20c6dd9e216eb9c62ab933e134da3
2026-09-04 15:37:57.414954 INFO::Fitting model to feature number 90, X0bbb87abc1df7dbdb3e7d3021088be73
2026-09-04 15:37:57.418047 INFO::Fitting model to feature number 91, cf2752910266aa9986d441f815389f2c
2026-09-04 15:37:57.421085 INFO::Fitting model to feature number 92, X2bbe9ffa11b7f8f8f39949efd572622e
2026-09-04 15:37:57.423789 INFO::Fitting model to feature number 93, X7abeba37600c1cd5f7d3cdf665467bd7
2026-09-04 15:37:57.426802 INFO::Fitting model to feature number 94, X3022aecd3cf0ed1b4e11f5f364b31690
2026-09-04 15:37:57.430244 INFO::Fitting model to feature number 95, d350ed02e3e8ac5ff62590f2f6fa3906
2026-09-04 15:37:57.433094 INFO::Fitting model to feature number 96, X85d1f849e5799e97c5b3e48d1c87488d
2026-09-04 15:37:57.435622 INFO::Fitting model to feature number 97, X36602542caa215eaa04c5068fe515205
2026-09-04 15:37:57.438432 INFO::Fitting model to feature number 98, X0cc9c55d721f5f3d43ec8bc2fe132d0e
2026-09-04 15:37:57.441908 INFO::Fitting model to feature number 99, X1f72dd6c008e3e8541c463624c397a3b
2026-09-04 15:37:57.444883 INFO::Fitting model to feature number 100, ae6d65029da85c4ac1884b3cd9e27767
2026-09-04 15:37:57.448573 INFO::Fitting model to feature number 101, d23c235f41d3398df2e2f5edbac63604
2026-09-04 15:37:57.451551 INFO::Fitting model to feature number 102, X55177c21ecc38c408908762a95ca460f
2026-09-04 15:37:57.454863 INFO::Fitting model to feature number 103, X729833d6acec1576dda09a91d2cb8922
2026-09-04 15:37:57.457844 INFO::Fitting model to feature number 104, d0602127936110886fa4b70b8724d6f6
2026-09-04 15:37:57.46079 INFO::Fitting model to feature number 105, b5fb61584fb688918ec8c5431cdd4547
2026-09-04 15:37:57.464725 INFO::Fitting model to feature number 106, c06de8efeadccec8f33dc90c9a63cc1d
2026-09-04 15:37:57.467997 INFO::Fitting model to feature number 107, a630681ba72a80c92a426efb3e574ab2
2026-09-04 15:37:57.470832 INFO::Fitting model to feature number 108, edcfb96c9964f3f9dc6f0621861a0b2f
2026-09-04 15:37:57.473709 INFO::Fitting model to feature number 109, X7d332824708bd7dd7c7bc731d027d0b5
2026-09-04 15:37:57.476755 INFO::Fitting model to feature number 110, X46c7350c550155a374eb1f4f2a3dc9ed
2026-09-04 15:37:57.48122 INFO::Fitting model to feature number 111, X169b6455530e3a2dc5bab9634bf5464d
2026-09-04 15:37:57.485059 INFO::Fitting model to feature number 112, b6b5e5683e22e7ccbc945f50aa1bfb52
2026-09-04 15:37:57.488197 INFO::Fitting model to feature number 113, X7d372fe772be67fbd518123f6300b372
2026-09-04 15:37:57.490859 INFO::Fitting model to feature number 114, b28d50f8401c6660191fcf0576c96b5a
2026-09-04 15:37:57.493481 INFO::Fitting model to feature number 115, X9fdf06c3cb2d32b8b07e5644e95d18ca
2026-09-04 15:37:57.496591 INFO::Fitting model to feature number 116, X1bd64880dd9696b130cbe87fcc4e86e5
2026-09-04 15:37:57.499973 INFO::Fitting model to feature number 117, d419d3173d0f1c706bf4ac47047c7bd6
2026-09-04 15:37:57.503372 INFO::Fitting model to feature number 118, c50b0835bf381d4453071f135ed88b39
2026-09-04 15:37:57.507459 INFO::Fitting model to feature number 119, X982b14ee9c90473a50e554429277cc32
2026-09-04 15:37:57.511102 INFO::Fitting model to feature number 120, X5db358d5116eb6aeeda5e581c4325cc7
2026-09-04 15:37:57.514458 INFO::Fitting model to feature number 121, badeae06f9f02ed7567ab02f37fc1612
2026-09-04 15:37:57.517236 INFO::Fitting model to feature number 122, X92fd25d988fa75e53fcaa4c1e6ec8e26
2026-09-04 15:37:57.5196 INFO::Fitting model to feature number 123, X8dca44bec5b3e374eebbc68b22f6aea5
2026-09-04 15:37:57.522731 INFO::Fitting model to feature number 124, X2d1a60b2982025a0959cff244436778b
2026-09-04 15:37:57.525211 INFO::Fitting model to feature number 125, ea5114b2e35c6ea63901f2e114fa7f39
2026-09-04 15:37:57.527677 INFO::Fitting model to feature number 126, bb729ad32f334da79f02ba537d1bd5f2
2026-09-04 15:37:57.530845 INFO::Fitting model to feature number 127, acdc4f302ddfcdb282f60e732b1e2737
2026-09-04 15:37:57.533426 INFO::Fitting model to feature number 128, X19ffcc8f06422b6b81f2a65bbf134dea
2026-09-04 15:37:57.53589 INFO::Fitting model to feature number 129, X6efcd9846560ff414ec2d5d259c0ec88
2026-09-04 15:37:57.538272 INFO::Fitting model to feature number 130, X9424c4cde9ac3d8bb3707412cb09cac6
2026-09-04 15:37:57.541111 INFO::Fitting model to feature number 131, X2bcdf5ec9d73cfa09fd4005c745f28b8
2026-09-04 15:37:57.543837 INFO::Fitting model to feature number 132, b96ea0d3eaa1a062c1e8411c138f7e28
2026-09-04 15:37:57.54721 INFO::Fitting model to feature number 133, ddaebe95bb6bee3bffec43486832e623
2026-09-04 15:37:57.551518 INFO::Fitting model to feature number 134, X6845fe55f2b4f051a22bc167ef2b80ea
2026-09-04 15:37:57.556479 INFO::Fitting model to feature number 135, X720b43663d61f720cbda595a52767410
2026-09-04 15:37:57.560513 INFO::Fitting model to feature number 136, dc186c356120425c8b044a49772944c6
2026-09-04 15:37:57.563917 INFO::Fitting model to feature number 137, c39fd6fc4661167fed13f8f1f43e9966
2026-09-04 15:37:57.566587 INFO::Fitting model to feature number 138, a873093c14011b2af25ae42d32316822
2026-09-04 15:37:57.571906 INFO::Fitting model to feature number 139, X91d3c495e42075de5293ed2d938b0f23
2026-09-04 15:37:57.57518 INFO::Fitting model to feature number 140, X21aabedf7b194cbcb4b3953b109b602b
2026-09-04 15:37:57.57818 INFO::Fitting model to feature number 141, X183b1085ec7d9b20001265937f063710
2026-09-04 15:37:57.58058 INFO::Fitting model to feature number 142, ccda3bedbcfa03e7682d8bfb7085882a
2026-09-04 15:37:57.582991 INFO::Fitting model to feature number 143, X68e97f8c00f3cf84de842890290838fe
2026-09-04 15:37:57.585342 INFO::Fitting model to feature number 144, X022ea353da449030f117bb27f6ca5713
2026-09-04 15:37:57.587561 INFO::Fitting model to feature number 145, fe5112809e597ffaed49705c6953ec36
2026-09-04 15:37:57.589918 INFO::Fitting model to feature number 146, dcb71cc699d841c3ef3a379f802904e6
2026-09-04 15:37:57.592814 INFO::Fitting model to feature number 147, X0fd3bbf5c2b8a4e73d01cec80573ea27
2026-09-04 15:37:57.595298 INFO::Fitting model to feature number 148, X681fa292ab8bf1f2f448f5a3345bd94e
2026-09-04 15:37:57.597919 INFO::Fitting model to feature number 149, b2c3381653c8fe7a0e95b2614c9f386d
2026-09-04 15:37:57.600336 INFO::Fitting model to feature number 150, e293739f6148cc06666621b943e98b5c
2026-09-04 15:37:57.60287 INFO::Fitting model to feature number 151, X00d773da90524e1aafd3b82ecf6b2555
2026-09-04 15:37:57.605367 INFO::Fitting model to feature number 152, X31f24c0e3e16424592a91c6b4756c393
2026-09-04 15:37:57.607875 INFO::Fitting model to feature number 153, X1b016950e3962a21914753645fe35c76
2026-09-04 15:37:57.610196 INFO::Fitting model to feature number 154, ce04c5e50383bc87866e551d14443e51
2026-09-04 15:37:57.612748 INFO::Fitting model to feature number 155, X80380f29e51d9ff29653a529d29d3fc4
2026-09-04 15:37:57.615541 INFO::Fitting model to feature number 156, X53b5292952d746da18bdd79e508d3926
2026-09-04 15:37:57.618101 INFO::Fitting model to feature number 157, b640a831f0c28e6d60ba3f6b278f38fa
2026-09-04 15:37:57.620582 INFO::Fitting model to feature number 158, a1deaaf0aeaee1963f22f598b43bbe9a
2026-09-04 15:37:57.622953 INFO::Fitting model to feature number 159, X95422d4c51dc656f4d593b07f4842850
2026-09-04 15:37:57.625298 INFO::Fitting model to feature number 160, X36fa32bf1591f6e26e457bdd4c882661
2026-09-04 15:37:57.627659 INFO::Fitting model to feature number 161, ba857f609a4cb0fbddce7b8c84f7ba21
2026-09-04 15:37:57.630948 INFO::Fitting model to feature number 162, X577ab2fd63927a467fc472aa93939c74
2026-09-04 15:37:57.633637 INFO::Fitting model to feature number 163, X53bc8adad8a2eb8fcea6a2d2cd6106eb
2026-09-04 15:37:57.636145 INFO::Fitting model to feature number 164, ff3c00a7c251667c047120fba528fc25
2026-09-04 15:37:57.638509 INFO::Fitting model to feature number 165, X979ba1913764709d6f067f0096f7e73a
2026-09-04 15:37:57.640982 INFO::Fitting model to feature number 166, X02f194f65f4235cac01837a7625125b9
2026-09-04 15:37:57.643313 INFO::Fitting model to feature number 167, X96d5943942c7edf511b73c474e1e59f5
2026-09-04 15:37:57.646468 INFO::Fitting model to feature number 168, X1b479b5bf21e42e99e4238c1fca02aec
2026-09-04 15:37:57.649299 INFO::Fitting model to feature number 169, X49ceb09eaa75e328c204399aeee948c8
2026-09-04 15:37:57.651638 INFO::Fitting model to feature number 170, X12479d8565e104f02af902b8c165c23d
2026-09-04 15:37:57.653849 INFO::Fitting model to feature number 171, e31fbd90ae48ef4e5dbc5a70155b3022
2026-09-04 15:37:57.655955 INFO::Fitting model to feature number 172, X2bb4f043a4921095621970bc2a982349
2026-09-04 15:37:57.658112 INFO::Fitting model to feature number 173, X3441776b98130021c6d426dfd2725cf6
2026-09-04 15:37:57.660205 INFO::Fitting model to feature number 174, X0f7a2cba3ea1a42dabd1eb84a27f5927
2026-09-04 15:37:57.662831 INFO::Fitting model to feature number 175, a7233f84db0360ad7535619a0b20e8bf
2026-09-04 15:37:57.666346 INFO::Fitting model to feature number 176, X368d8403c6cc4e29e24c23cfce3bcd0f
2026-09-04 15:37:57.668936 INFO::Fitting model to feature number 177, f053778ac11218db2855b879731e41f6
2026-09-04 15:37:57.671417 INFO::Fitting model to feature number 178, X2ac8a20210db793883632bf5c6c87dcd
2026-09-04 15:37:57.673778 INFO::Fitting model to feature number 179, X617151310cc7a127508fd889c3f0912e
2026-09-04 15:37:57.675979 INFO::Fitting model to feature number 180, b63bbf2aceb2f73c502164dc94831322
2026-09-04 15:37:57.67844 INFO::Fitting model to feature number 181, X53a9b515fa6da39bc9eab3a1495992f1
2026-09-04 15:37:57.681323 INFO::Fitting model to feature number 182, X4bca09b0e91f744c4183dd594d3790f4
2026-09-04 15:37:57.683552 INFO::Fitting model to feature number 183, bf0fc57d701c5060d650485ca2bca7b0
2026-09-04 15:37:57.686328 INFO::Fitting model to feature number 184, X5aa4c49a59f25e428efb43fc1293d9f9
2026-09-04 15:37:57.689685 INFO::Fitting model to feature number 185, X6444657c0f5e7317624f71dc68a429f0
2026-09-04 15:37:57.692188 INFO::Fitting model to feature number 186, X398b27b58cd45cd00d44f536a9411b08
2026-09-04 15:37:57.694723 INFO::Fitting model to feature number 187, X12367a7c220bd6a2c224b7edbfe6b8cc
2026-09-04 15:37:57.697509 INFO::Fitting model to feature number 188, dc59078827f8caef7ddfa5b9090e86c3
2026-09-04 15:37:57.700171 INFO::Fitting model to feature number 189, c38eed8f2f2f07fc99e6135205c57cff
2026-09-04 15:37:57.702705 INFO::Fitting model to feature number 190, X982925871472c4f876909ed322877969
2026-09-04 15:37:57.705654 INFO::Fitting model to feature number 191, c8cee77322d19f044bf1e8017b8add93
2026-09-04 15:37:57.707971 INFO::Fitting model to feature number 192, X4e67b78eba413547c5a0c3abe7b533fc
2026-09-04 15:37:57.710198 INFO::Fitting model to feature number 193, f59dd44d4b98efdaf4996d73bea49c66
2026-09-04 15:37:57.71318 INFO::Fitting model to feature number 194, X3f4e886a94876f4e7a1eb775822a3804
2026-09-04 15:37:57.715584 INFO::Fitting model to feature number 195, e710ba8eeb660e6dff2f183bb30d5c0b
2026-09-04 15:37:57.718546 INFO::Fitting model to feature number 196, X3745c356ad1072eb6338d9b3808a4b31
2026-09-04 15:37:57.721193 INFO::Fitting model to feature number 197, X21834868880c333b901a52520bbd73ad
2026-09-04 15:37:57.723575 INFO::Fitting model to feature number 198, d88c1b4a0db578b43dc2d789dbcd36e8
2026-09-04 15:37:57.725844 INFO::Fitting model to feature number 199, X5469b4f52bb3f11250795aa47af5fff5
2026-09-04 15:37:57.728226 INFO::Fitting model to feature number 200, X4d371902618b6ed1c5a0a0992b29874a
2026-09-04 15:37:57.734781 INFO::Fitting model to feature number 201, ebe09965287411f89cc56280f9790a4d
2026-09-04 15:37:57.74033 INFO::Fitting model to feature number 202, c0cbc7be02ab7ab71ae694861accc33d
2026-09-04 15:37:57.745384 INFO::Fitting model to feature number 203, db1e957f641eea77586f338d6883f316
2026-09-04 15:37:57.749143 INFO::Fitting model to feature number 204, X655a1b51e872b772e582756d1f9f04ad
2026-09-04 15:37:57.753526 INFO::Fitting model to feature number 205, a0039c394cc495783a939e9f7213455d
2026-09-04 15:37:57.756939 INFO::Fitting model to feature number 206, X8cf2d6c9fedeb3cb3dbd20d6d82eabc3
2026-09-04 15:37:57.761294 INFO::Fitting model to feature number 207, X7fb90deff7e4c9d723398463bac7c595
2026-09-04 15:37:57.764078 INFO::Fitting model to feature number 208, a8e6800c5a936d388df3caf46afdb958
2026-09-04 15:37:57.76736 INFO::Fitting model to feature number 209, e7ec7f4a6af87d8d8cbb1a4dbf5f55ef
2026-09-04 15:37:57.770492 INFO::Fitting model to feature number 210, a0f7f6e63c67b3bc93697958bda66962
2026-09-04 15:37:57.773138 INFO::Fitting model to feature number 211, c7cb7643fc5fafa0a5bf16c565c2a49b
2026-09-04 15:37:57.775344 INFO::Fitting model to feature number 212, daa83b35584cb31b1770ad7d863ac3a1
2026-09-04 15:37:57.777577 INFO::Fitting model to feature number 213, X97cb2352342fd78079411b83c853d2c7
2026-09-04 15:37:57.780482 INFO::Fitting model to feature number 214, X31fb49d7319338818e5c561cc3e8f134
2026-09-04 15:37:57.793432 INFO::Fitting model to feature number 215, c5e09db0eecbf5db9483cf3278206a7e
2026-09-04 15:37:57.796892 INFO::Fitting model to feature number 216, X24c645a13f6ee8c910f5c215a94b4fdf
2026-09-04 15:37:57.80059 INFO::Fitting model to feature number 217, X2929cbb9aed04ed43e7d1d55f5d75408
2026-09-04 15:37:58.154027 INFO::Fitting model to feature number 218, X0f46c35d6629feaffa5e8f4b256e255b
2026-09-04 15:37:58.156934 INFO::Fitting model to feature number 219, X26b941552eaad9d941eff16910335833
2026-09-04 15:37:58.159784 INFO::Fitting model to feature number 220, X3b354dc575ff72cae474c8c6917d32de
2026-09-04 15:37:58.162379 INFO::Fitting model to feature number 221, X5811fa589180d783a6b850974c3f0151
2026-09-04 15:37:58.166278 INFO::Fitting model to feature number 222, X756de14d7ff3198c158caaa15cb45bfa
2026-09-04 15:37:58.168811 INFO::Fitting model to feature number 223, X934803696e9c94174f3c3c8a94844bb2
2026-09-04 15:37:58.171117 INFO::Fitting model to feature number 224, d77309793f82eb417d1458904160e46a
2026-09-04 15:37:58.173947 INFO::Fitting model to feature number 225, X0a05ee4d171b0d8a22c44965669531a1
2026-09-04 15:37:58.176313 INFO::Fitting model to feature number 226, X124a32e627a3fcf5847dd0939885c442
2026-09-04 15:37:58.178753 INFO::Fitting model to feature number 227, e7da42f9000caabfe585a8d3d507975e
2026-09-04 15:37:58.18119 INFO::Fitting model to feature number 228, X5d0f35ba3e7d0ebce9788d34229f1ade
2026-09-04 15:37:58.184016 INFO::Fitting model to feature number 229, b552baf8ab4dee96d170ce85edfff99a
2026-09-04 15:37:58.186345 INFO::Fitting model to feature number 230, db79242c961c3c2e613ebd14d7e1e3ce
2026-09-04 15:37:58.188745 INFO::Fitting model to feature number 231, X565f215f8267ea06b8cb664483dfccfb
2026-09-04 15:37:58.190971 INFO::Fitting model to feature number 232, X16237faf931bc6e4493261088a530e64
2026-09-04 15:37:58.193009 INFO::Fitting model to feature number 233, X61771b37cea411a6c3f65546fcb0d14d
2026-09-04 15:37:58.195294 INFO::Fitting model to feature number 234, X659058dc692923e0741772981e6fc52e
2026-09-04 15:37:58.198288 INFO::Fitting model to feature number 235, X45b0423d1013166f5e0436130e71527a
2026-09-04 15:37:58.200888 INFO::Fitting model to feature number 236, e018027ae4ac53f0766656b67ac716cd
2026-09-04 15:37:58.203192 INFO::Fitting model to feature number 237, c812aabd1895a892feef772d6d9aa564
2026-09-04 15:37:58.205834 INFO::Fitting model to feature number 238, X11309bd5c05d2d963f958beb73b0d5cd
2026-09-04 15:37:58.208674 INFO::Fitting model to feature number 239, X0ba0d4c5a289facc80e0e481377a9e18
2026-09-04 15:37:58.21138 INFO::Fitting model to feature number 240, febcdaff68e9e307509a6cf398597260
2026-09-04 15:37:58.21411 INFO::Fitting model to feature number 241, X1f8cfbf8468a8f3dc57b001d19983dd3
2026-09-04 15:37:58.216659 INFO::Fitting model to feature number 242, ae2030ace237249b32ce15b9b2443b93
2026-09-04 15:37:58.21945 INFO::Fitting model to feature number 243, X0077b1c328d7c6d76713c77105393caf
2026-09-04 15:37:58.222382 INFO::Fitting model to feature number 244, eb44964ecd21ecb41bbde2c44016a71d
2026-09-04 15:37:58.224683 INFO::Fitting model to feature number 245, be24af0c21448fdc4c360e0ed4e81c27
2026-09-04 15:37:58.227063 INFO::Fitting model to feature number 246, ae61ac440027532b090eaade93729a41
2026-09-04 15:37:58.230115 INFO::Fitting model to feature number 247, e2b87ba027da4610ce0901256fe147de
2026-09-04 15:37:58.232757 INFO::Fitting model to feature number 248, fd23e9bbf9949af42e4783b8c669a8ad
2026-09-04 15:37:58.236018 INFO::Fitting model to feature number 249, ef6fa89883420a6f10066f925a001d80
2026-09-04 15:37:58.238778 INFO::Fitting model to feature number 250, c6c422e7937936cc8b3aa5a8b979de90
2026-09-04 15:37:58.241296 INFO::Fitting model to feature number 251, b5de712b93a82e4723968c0839061699
2026-09-04 15:37:58.24343 INFO::Fitting model to feature number 252, a8c1050a587c5351b60d6de197951534
2026-09-04 15:37:58.2456 INFO::Fitting model to feature number 253, d33376accb73ed5f6287f6d1ff7e1e8f
2026-09-04 15:37:58.249123 INFO::Fitting model to feature number 254, c400bb9ef12cb34392453dd557713e2b
2026-09-04 15:37:58.256715 INFO::Fitting model to feature number 255, X2de7cba081c75a92792e11063972dd1a
2026-09-04 15:37:58.261046 INFO::Fitting model to feature number 256, e750785f4ec0290b5b57ccbb9f86296c
2026-09-04 15:37:58.263795 INFO::Fitting model to feature number 257, X45ed967d7872177cb7a2c99505c352f4
2026-09-04 15:37:58.267519 INFO::Fitting model to feature number 258, e7648f8dc77383ec9569036610d726fe
2026-09-04 15:37:58.269984 INFO::Fitting model to feature number 259, X2c674dd5dcc493fc0bad82c12f46397e
2026-09-04 15:37:58.272994 INFO::Fitting model to feature number 260, X7c17dc1a855a11dfc9beb31f5cd52fc3
2026-09-04 15:37:58.276699 INFO::Fitting model to feature number 261, X3c0deb5ca627c2080a4a80c7d89c6096
2026-09-04 15:37:58.279175 INFO::Fitting model to feature number 262, X1aa74d2afb6f3a2fa8fd6667626cfc09
2026-09-04 15:37:58.282824 INFO::Fitting model to feature number 263, X87840ae42f96525d12342d1c69d1461c
2026-09-04 15:37:58.285381 INFO::Fitting model to feature number 264, X77b742f1171816c6a3e147850262dc15
2026-09-04 15:37:58.288252 INFO::Fitting model to feature number 265, X63825a52c887578db44e20ba49781313
2026-09-04 15:37:58.290964 INFO::Fitting model to feature number 266, X321a83a6e5fa7b84f7c14fac45af21c3
2026-09-04 15:37:58.293309 INFO::Fitting model to feature number 267, X664ddcd6b4bdb13116e4a71964fda54f
2026-09-04 15:37:58.295535 INFO::Fitting model to feature number 268, X46388c59bff00613f3fda8851510ccc7
2026-09-04 15:37:58.297947 INFO::Fitting model to feature number 269, X1a9a348c2987cb2e5c50c4ba550f24a3
2026-09-04 15:37:58.300552 INFO::Fitting model to feature number 270, a3512dec19c020cc96c0e195ac468aac
2026-09-04 15:37:58.303408 INFO::Fitting model to feature number 271, e1fe0d870c76a03daec395104ceae55c
2026-09-04 15:37:58.306669 INFO::Fitting model to feature number 272, af0734d13d54fc12a56ffe1cea938f3b
2026-09-04 15:37:58.309129 INFO::Fitting model to feature number 273, d7a0c284b870a0fec384febf21d16517
2026-09-04 15:37:58.311398 INFO::Fitting model to feature number 274, X8837586ffddd9338f2c4fe7f542ff123
2026-09-04 15:37:58.314242 INFO::Fitting model to feature number 275, b86a8e8151ed7a7539be26190c47ce0c
2026-09-04 15:37:58.316851 INFO::Fitting model to feature number 276, X897570e09d862d745dcb4fc5dd65d9a2
2026-09-04 15:37:58.32009 INFO::Fitting model to feature number 277, X7d90d5ed128c6d4519c33e4e5b4deda9
2026-09-04 15:37:58.323399 INFO::Fitting model to feature number 278, b4a21b48ca6397ec82217703c164adc9
2026-09-04 15:37:58.325695 INFO::Fitting model to feature number 279, ebf00dd6a9329614e82c0a214cb16490
2026-09-04 15:37:58.327931 INFO::Fitting model to feature number 280, X526b3d453dadeaa8c15e168de5fb3739
2026-09-04 15:37:58.331742 INFO::Fitting model to feature number 281, a92f67f922033eb44348e4b8ae1a3d16
2026-09-04 15:37:58.33446 INFO::Fitting model to feature number 282, X284ca267c1da0d9a1a431b600e43bbac
2026-09-04 15:37:58.337278 INFO::Fitting model to feature number 283, X8c98595b50153db05b95a7c15b260525
2026-09-04 15:37:58.340878 INFO::Fitting model to feature number 284, e0c54024e47e5c289016e750ef81331c
2026-09-04 15:37:58.343193 INFO::Fitting model to feature number 285, X86be5888dd2d3ab174b406bd0756ef62
2026-09-04 15:37:58.345792 INFO::Fitting model to feature number 286, X8bec49129fd7f391f8f2af0dcbac22bd
2026-09-04 15:37:58.349422 INFO::Fitting model to feature number 287, X185474c3dc53ff6ff5abb3d7d564841a
2026-09-04 15:37:58.351798 INFO::Fitting model to feature number 288, X13bfbe035d4afd772a36eb36a3175948
2026-09-04 15:37:58.353852 INFO::Fitting model to feature number 289, X2438c6bded651e17749490fb3d360a95
2026-09-04 15:37:58.357098 INFO::Fitting model to feature number 290, dd3feb8bca4f233f9df1a182c90ff495
2026-09-04 15:37:58.360495 INFO::Fitting model to feature number 291, X90011a33899ed1c7b04fc135cbcc547c
2026-09-04 15:37:58.364504 INFO::Fitting model to feature number 292, X4bdc1afca33aabf7e6ffccfb3989baba
2026-09-04 15:37:58.367561 INFO::Fitting model to feature number 293, X749b1e195ab505b26d20951f53834d11
2026-09-04 15:37:58.370004 INFO::Fitting model to feature number 294, X42f547d0fb7d6723665eaaa73d95e2c1
2026-09-04 15:37:58.373322 INFO::Fitting model to feature number 295, b2c7f912f0c9c47667ab4ecdc1bff415
2026-09-04 15:37:58.375982 INFO::Fitting model to feature number 296, X6a09d5845ed7314d9bb521c0d1a7a336
2026-09-04 15:37:58.378225 INFO::Fitting model to feature number 297, X0dd15502ce697238545269d117d510d2
2026-09-04 15:37:58.381244 INFO::Fitting model to feature number 298, X4fce5ae579fbc32998ec4b7159aeb31e
2026-09-04 15:37:58.383905 INFO::Fitting model to feature number 299, X54b2938845517c66a88daab1b15b06a8
2026-09-04 15:37:58.386605 INFO::Fitting model to feature number 300, a7f93049424ef4e35da79187bc5de3c0
2026-09-04 15:37:58.389392 INFO::Fitting model to feature number 301, X99adee39d4a68f7259d23b10d85c577f
2026-09-04 15:37:58.392837 INFO::Fitting model to feature number 302, X4bbec3bb723375416616a87d785ac74a
2026-09-04 15:37:58.395521 INFO::Fitting model to feature number 303, X987027dc44208ccada49fa8ca6ab884a
2026-09-04 15:37:58.398937 INFO::Fitting model to feature number 304, X5649447d0222bd34d28a6e5f13981af0
2026-09-04 15:37:58.401555 INFO::Fitting model to feature number 305, a834360740fea7a76b5bf9746ca2f2f2
2026-09-04 15:37:58.404048 INFO::Fitting model to feature number 306, X7ccceb323aa33324446ba0ef7fad7817
2026-09-04 15:37:58.407785 INFO::Fitting model to feature number 307, X8188598a9b197d172cfc57da67efb2ab
2026-09-04 15:37:58.410195 INFO::Fitting model to feature number 308, ba118af331e20ce430657c050ec1b9f7
2026-09-04 15:37:58.418309 INFO::Fitting model to feature number 309, X21fd903628de351d159b3a92a36520d1
2026-09-04 15:37:58.42368 INFO::Fitting model to feature number 310, X4eec64e26ba6ab8dc0be1e62d7bc5874
2026-09-04 15:37:58.42962 INFO::Fitting model to feature number 311, a2d13a41cb93aa83a2d49960951ffdf4
2026-09-04 15:37:58.432373 INFO::Fitting model to feature number 312, adb741c1bf4a08a13bdcc5433e8d3f6c
2026-09-04 15:37:58.436435 INFO::Fitting model to feature number 313, X31f02db7276788649e73005201477002
2026-09-04 15:37:58.440531 INFO::Fitting model to feature number 314, dd4288754e567d2598eb7d479a0c1051
2026-09-04 15:37:58.445572 INFO::Fitting model to feature number 315, X30c14e5f7a2be1cfb5bfd9cbd2ecde7b
2026-09-04 15:37:58.449322 INFO::Fitting model to feature number 316, X09e719a2acca4d1cc7ad3ebe7582810d
2026-09-04 15:37:58.452033 INFO::Fitting model to feature number 317, X659a778f3b9c699fec97059bc284de0b
2026-09-04 15:37:58.454612 INFO::Fitting model to feature number 318, fa23daf33387ebacfe81878df1c3c54b
2026-09-04 15:37:58.457635 INFO::Fitting model to feature number 319, X10f2ac072c9e248cc02a345e88e2b361
2026-09-04 15:37:58.460174 INFO::Fitting model to feature number 320, f42eeea87cf2ddb3a7941923d3918516
2026-09-04 15:37:58.463922 INFO::Fitting model to feature number 321, X03ff409687c3813261924a6f629fff78
2026-09-04 15:37:58.468147 INFO::Fitting model to feature number 322, ac60ad741ae6189321c85d3ef49885d6
2026-09-04 15:37:58.47085 INFO::Fitting model to feature number 323, X311b65088573e7d737ac3862dc72d333
2026-09-04 15:37:58.473798 INFO::Fitting model to feature number 324, X229ae3d23cfc11ccbf3ddaf040f1330a
2026-09-04 15:37:58.476181 INFO::Fitting model to feature number 325, ddb9337473f64582bae31131247a269f
2026-09-04 15:37:58.478736 INFO::Fitting model to feature number 326, X65adede6cf41317f400f09c12f0b4a73
2026-09-04 15:37:58.481604 INFO::Fitting model to feature number 327, X76b18d0a46a13d4468c03f3ec1970168
2026-09-04 15:37:58.484574 INFO::Fitting model to feature number 328, c44ff307960c98eb2c3f6c5cf28a5e59
2026-09-04 15:37:58.487134 INFO::Fitting model to feature number 329, f966f5315b4ea943670cd7370c960df6
2026-09-04 15:37:58.490958 INFO::Fitting model to feature number 330, X730a41c0b1131e10a7dddb613cf11d51
2026-09-04 15:37:58.493431 INFO::Fitting model to feature number 331, X81d480aa124518d47f3e50da0a25381c
2026-09-04 15:37:58.495841 INFO::Fitting model to feature number 332, X7bbc62177baff660f822fd1f5ec70b87
2026-09-04 15:37:58.498771 INFO::Fitting model to feature number 333, e7821b39688d56edb6e80f33ae1b60df
2026-09-04 15:37:58.501229 INFO::Fitting model to feature number 334, X8e70d411c3e4e0b39089cad26f577d3b
2026-09-04 15:37:58.503673 INFO::Fitting model to feature number 335, X04db8fa0f286c42335556af597b5c346
2026-09-04 15:37:58.506257 INFO::Fitting model to feature number 336, X4322f4680e8e12c643936186ff94fcc8
2026-09-04 15:37:58.508632 INFO::Fitting model to feature number 337, X7e082f297945c886ab711479d86ae7ef
2026-09-04 15:37:58.510917 INFO::Fitting model to feature number 338, e211862b5de01edab4175e1977cdbf8c
2026-09-04 15:37:58.514051 INFO::Fitting model to feature number 339, X450b0f9dbaf395de258b2b6c62a5f5aa
2026-09-04 15:37:58.516643 INFO::Fitting model to feature number 340, X4231c0e22d02619ed9ba049d6dc49d00
2026-09-04 15:37:58.519925 INFO::Fitting model to feature number 341, X078e358a168dbe0799176248b157e046
2026-09-04 15:37:58.52242 INFO::Fitting model to feature number 342, X9278c3ba31355d47f18a60ce54266a48
2026-09-04 15:37:58.524798 INFO::Fitting model to feature number 343, be3cb677392518f2eb047d5691a05c87
2026-09-04 15:37:58.527123 INFO::Fitting model to feature number 344, X4b57c93aef543ae42241d05de5df6ac4
2026-09-04 15:37:58.529487 INFO::Fitting model to feature number 345, c251ad2522d7bcf25e41815542a477f4
2026-09-04 15:37:58.532375 INFO::Fitting model to feature number 346, e77a64dca70416e2edd62d06c97eace7
2026-09-04 15:37:58.534669 INFO::Fitting model to feature number 347, X8a44a4e06b1a74f11ee8e2686464e0d5
2026-09-04 15:37:58.537185 INFO::Fitting model to feature number 348, cd78e353ff7460b7e9e77db2ede05397
2026-09-04 15:37:58.539782 INFO::Fitting model to feature number 349, fd378a4547ac236b57eaaa8f4a03bfc4
2026-09-04 15:37:58.541911 INFO::Fitting model to feature number 350, X75bb0a0b7853fefe490cb476018ab14a
2026-09-04 15:37:58.544095 INFO::Fitting model to feature number 351, X15e508d7033194f0da8e0cd7631ece66
2026-09-04 15:37:58.546347 INFO::Fitting model to feature number 352, X150e6e6bcd9dca3b3a4a9dc3579a6c06
2026-09-04 15:37:58.549197 INFO::Fitting model to feature number 353, X81740d08517e1c4878c4af397bae845b
2026-09-04 15:37:58.551906 INFO::Fitting model to feature number 354, X033214354a91af0c2372acdbcddf917a
2026-09-04 15:37:58.554546 INFO::Fitting model to feature number 355, X169a0f5e6200d8505cc9a7bab3b1db9d
2026-09-04 15:37:58.557253 INFO::Fitting model to feature number 356, X8e57f969178d1b7b927cf520942dbdbc
2026-09-04 15:37:58.55946 INFO::Fitting model to feature number 357, b7a2bc450146ff938fb3354ecc36444a
2026-09-04 15:37:58.561552 INFO::Fitting model to feature number 358, X8ddc52ff32005e285f904d6b3cf4d82c
2026-09-04 15:37:58.566831 INFO::Fitting model to feature number 359, X6633d8833aaa3f75ccc5e8bfe095dfa7
2026-09-04 15:37:58.572788 INFO::Fitting model to feature number 360, X8f4c101dad164251d4878936cbc25ece
2026-09-04 15:37:58.578526 INFO::Fitting model to feature number 361, X519c6acaa408476b29fc7dfdeea67efe
2026-09-04 15:37:58.581279 INFO::Fitting model to feature number 362, X1b894e7b3abc023b445b8edae5056a21
2026-09-04 15:37:58.585257 INFO::Fitting model to feature number 363, X5ee4574ba659edac67db88d3179cadb0
2026-09-04 15:37:58.588941 INFO::Fitting model to feature number 364, X8cc3507e919491c447d8407312a58a04
2026-09-04 15:37:58.593427 INFO::Fitting model to feature number 365, X720e20ef0af502df74e5dc4b4fd9ee6e
2026-09-04 15:37:58.596626 INFO::Fitting model to feature number 366, X1bc7e599ad2dbd3c9e8128114addb62e
2026-09-04 15:37:58.599687 INFO::Fitting model to feature number 367, X0f067d3b0fcbcbb517d57a849a9928db
2026-09-04 15:37:58.602063 INFO::Fitting model to feature number 368, X755ff3ff99a637ef0c4566d0dbf21728
2026-09-04 15:37:58.604683 INFO::Fitting model to feature number 369, e035ad9450215a21b4a5c15ca85eba44
2026-09-04 15:37:58.607232 INFO::Fitting model to feature number 370, X91e74632630a5384ffaa44974cb17119
2026-09-04 15:37:58.609548 INFO::Fitting model to feature number 371, X4c5d68fe9f0b36f32638abc717a65ad3
2026-09-04 15:37:58.611956 INFO::Fitting model to feature number 372, a4249126c5ab1a9f4915ed66a50f9693
2026-09-04 15:37:58.615096 INFO::Fitting model to feature number 373, aa6fbd578bead0e4af7ef245cc30555f
2026-09-04 15:37:58.617833 INFO::Fitting model to feature number 374, X79fabf27c5775bc636bf52ee0be3c599
2026-09-04 15:37:58.620355 INFO::Fitting model to feature number 375, db89d941ee5dc2935674d8799463294d
2026-09-04 15:37:58.623073 INFO::Fitting model to feature number 376, bd704202329f8ef0e1b2266e6861ca88
2026-09-04 15:37:58.625418 INFO::Fitting model to feature number 377, e713171ed431d19b4820994d09efdbb2
2026-09-04 15:37:58.627684 INFO::Fitting model to feature number 378, X4074ce86cd14964dd221e071bbe22f83
2026-09-04 15:37:58.630272 INFO::Fitting model to feature number 379, X7493d1aedb2c77d663590d82ec640fd4
2026-09-04 15:37:58.633246 INFO::Fitting model to feature number 380, X34b93394ad2057aa52c4ca717f1bf4a1
2026-09-04 15:37:58.635794 INFO::Fitting model to feature number 381, dba53424e92d8150b0a59c02c1bd24ef
2026-09-04 15:37:58.63874 INFO::Fitting model to feature number 382, c3dc32f96291667501f1b97b830e734a
2026-09-04 15:37:58.641073 INFO::Fitting model to feature number 383, a6905f293d92223e65dd6e1631fc40e8
2026-09-04 15:37:58.643265 INFO::Fitting model to feature number 384, X8e346461669207cab6d70c3446911f43
2026-09-04 15:37:58.645445 INFO::Fitting model to feature number 385, X84311fa56ffef22f7e70b831f3dbda39
2026-09-04 15:37:58.648739 INFO::Fitting model to feature number 386, d20f9a5bc3810caaba5b2c041c10e0cd
2026-09-04 15:37:58.652401 INFO::Fitting model to feature number 387, X9fc216e9061a3a0e7f1564040cb4c92a
2026-09-04 15:37:58.655178 INFO::Fitting model to feature number 388, a65cf30f8f9830e623f92a7ad8f180f0
2026-09-04 15:37:58.657806 INFO::Fitting model to feature number 389, c94124146fa5319419d291ad648a77fa
2026-09-04 15:37:58.660137 INFO::Fitting model to feature number 390, X535d7269a026905fe61cd2baeece3bd4
2026-09-04 15:37:58.662541 INFO::Fitting model to feature number 391, e06d134d202f3e94fe4e3017d3664e11
2026-09-04 15:37:58.665549 INFO::Fitting model to feature number 392, d68e97c77530e15c3774f6830604a0cc
2026-09-04 15:37:58.668393 INFO::Fitting model to feature number 393, X683ed5e895196c4c2f6f9d15b9d20d2a
2026-09-04 15:37:58.670869 INFO::Fitting model to feature number 394, X19b61409df7c30d2664a677418a9277a
2026-09-04 15:37:58.673528 INFO::Fitting model to feature number 395, X14888fa4df557695367fd95574e2a921
2026-09-04 15:37:58.675864 INFO::Fitting model to feature number 396, b48a66a13d96875cba60b1e2f35f600e
2026-09-04 15:37:58.678142 INFO::Fitting model to feature number 397, X75ba6f1992139fb3fe848d91a1721d29
2026-09-04 15:37:58.680921 INFO::Fitting model to feature number 398, X70c039d8c51974900eb441e93620c97e
2026-09-04 15:37:58.683719 INFO::Fitting model to feature number 399, X019bed84669410b5d384f6e3280da1b9
2026-09-04 15:37:58.686326 INFO::Fitting model to feature number 400, X4e5dde1edf6195d5cc053de052ecd126
2026-09-04 15:37:58.689362 INFO::Fitting model to feature number 401, cab28bc37c5d62b75a6b8b9e2ba2c9cb
2026-09-04 15:37:58.692348 INFO::Fitting model to feature number 402, X10dbbe438378754c4dc5e77443b7fac4
2026-09-04 15:37:58.694439 INFO::Fitting model to feature number 403, X7987aaa1343fa88df0c87e81b3f26c41
2026-09-04 15:37:58.696923 INFO::Fitting model to feature number 404, X3b437c4d2375e717fe51983c24c322da
2026-09-04 15:37:58.699513 INFO::Fitting model to feature number 405, f59d7c1cddb8b746750780d02843581d
2026-09-04 15:37:58.702009 INFO::Fitting model to feature number 406, ad0c664dea2cf8fdbaa4a4257eb7befd
2026-09-04 15:37:58.705048 INFO::Fitting model to feature number 407, a23b5047a994e4335c9629c0d1bc31df
2026-09-04 15:37:58.708252 INFO::Fitting model to feature number 408, X9c7f57129ddb57343abd55a3fa67f442
2026-09-04 15:37:58.710759 INFO::Fitting model to feature number 409, fde2fb7f1401c7a2ffc4997a89eea5a5
2026-09-04 15:37:58.713221 INFO::Fitting model to feature number 410, fda33eb8eb9fdd3aa18a81532af319de
2026-09-04 15:37:58.716698 INFO::Fitting model to feature number 411, X73f95638ad5e78c543092b62f5631caa
2026-09-04 15:37:58.719989 INFO::Fitting model to feature number 412, X30dba76e3b65c436920dfda8e5e91895
2026-09-04 15:37:58.72889 INFO::Fitting model to feature number 413, X60e2e500caea157083afa0e7994e7656
2026-09-04 15:37:58.733975 INFO::Fitting model to feature number 414, f0f732788ef67da775fd896b57bf1025
2026-09-04 15:37:58.737716 INFO::Fitting model to feature number 415, ccb0c2a085c2c26ea8ee4a97c3a9e582
2026-09-04 15:37:58.741097 INFO::Fitting model to feature number 416, X9e01ade5359ac1665e85f8c81d452a25
2026-09-04 15:37:58.745251 INFO::Fitting model to feature number 417, e9c7ca3a06b4e65273b0a22923f82313
2026-09-04 15:37:58.749153 INFO::Fitting model to feature number 418, X417b908efc21728c97947e2319527752
2026-09-04 15:37:58.751325 INFO::Fitting model to feature number 419, c60fb40a81840b666a6b6b0f10e36345
2026-09-04 15:37:58.753279 INFO::Fitting model to feature number 420, f86b85ef1921a5a01654971edf04e830
2026-09-04 15:37:58.7573 INFO::Fitting model to feature number 421, c1341686134e4ccf6ff9204c6079811f
2026-09-04 15:37:58.759828 INFO::Fitting model to feature number 422, X5e9f5ba08632f50269bddfdba82cc95a
2026-09-04 15:37:58.762255 INFO::Fitting model to feature number 423, d5fcf5df971a070340323457c4cb20ce
2026-09-04 15:37:58.764875 INFO::Fitting model to feature number 424, X933db767d1b3ad87196e86e7d73f8bd1
2026-09-04 15:37:58.767768 INFO::Fitting model to feature number 425, X533d315d5ee0cc1318bbd2363e63842c
2026-09-04 15:37:58.770383 INFO::Fitting model to feature number 426, ac1c2bb601a53bac8e65b6debe661a8e
2026-09-04 15:37:58.773266 INFO::Fitting model to feature number 427, e81f6d9916ef6ba0c290e586b2183b5f
2026-09-04 15:37:58.775842 INFO::Fitting model to feature number 428, X5ee0e917502235a097410d2a311f2e71
2026-09-04 15:37:58.778355 INFO::Fitting model to feature number 429, X5c6188171e7915e579f6830c80049438
2026-09-04 15:37:58.781405 INFO::Fitting model to feature number 430, X8b682136896b3cf6de6e2f41823bc96e
2026-09-04 15:37:58.783971 INFO::Fitting model to feature number 431, X85f96df83ba14bf79a082e587b136d3d
2026-09-04 15:37:58.786776 INFO::Fitting model to feature number 432, c1ffb16041d03c51f266ce6f78dbc65c
2026-09-04 15:37:58.789255 INFO::Fitting model to feature number 433, X4bfedc0e9de9bed36f6c448669465526
2026-09-04 15:37:58.79191 INFO::Fitting model to feature number 434, e0aa4a8c67cf4588b30e621b6a218c31
2026-09-04 15:37:58.794131 INFO::Fitting model to feature number 435, a808d64656c89b269905004de83c1b9d
2026-09-04 15:37:58.796226 INFO::Fitting model to feature number 436, cc8f106544aa3a06a7f5ae350c8d3d47
2026-09-04 15:37:58.798547 INFO::Fitting model to feature number 437, f5013385fa67e8c9dc55ebe2ac1c50f8
2026-09-04 15:37:58.800883 INFO::Fitting model to feature number 438, X7737a411e7f276fae1d2c38a6188f723
2026-09-04 15:37:58.803344 INFO::Fitting model to feature number 439, X7dfcf4cd9861f411497dd9ec9e5b3e21
2026-09-04 15:37:58.805772 INFO::Fitting model to feature number 440, X5d0c548e712a3061cb02d0cb6856fd22
2026-09-04 15:37:58.807888 INFO::Fitting model to feature number 441, X1cb1cab4e83db881e4cc221cb4a980f7
2026-09-04 15:37:58.810056 INFO::Fitting model to feature number 442, ff901874ac79617b42a96c2b0b7364be
2026-09-04 15:37:58.812164 INFO::Fitting model to feature number 443, X7cd35a4b9e944317318b02eb142118e8
2026-09-04 15:37:58.814548 INFO::Fitting model to feature number 444, e53d40931998c5c89278f8b7d89112fa
2026-09-04 15:37:58.817601 INFO::Fitting model to feature number 445, a17fd0f8d4eee41ef864153c9c21b286
2026-09-04 15:37:58.820296 INFO::Fitting model to feature number 446, fa51b03f97fea398164120dc216c6b91
2026-09-04 15:37:58.822963 INFO::Fitting model to feature number 447, e61f88ea85ada65244b3b8bda8659227
2026-09-04 15:37:58.825834 INFO::Fitting model to feature number 448, X92634de857dc6eba3c4d57d33d710553
2026-09-04 15:37:58.828228 INFO::Fitting model to feature number 449, X7253d54afaf98cdc5250fb3743ccb37b
2026-09-04 15:37:58.831729 INFO::Fitting model to feature number 450, ba7511fd6b8ac09c29d16f45ff52da5f
2026-09-04 15:37:58.834653 INFO::Fitting model to feature number 451, fc27695e28ac38ed08ba2e033a58d1ce
2026-09-04 15:37:58.837272 INFO::Fitting model to feature number 452, f34cdcd73e535507d29c29b19d01f658
2026-09-04 15:37:58.839983 INFO::Fitting model to feature number 453, X4c72850cd443f090dd217fc732228e0a
2026-09-04 15:37:58.842478 INFO::Fitting model to feature number 454, X8ad36dcd5330da85a79ab026cae977dc
2026-09-04 15:37:58.844794 INFO::Fitting model to feature number 455, X0b4fcf6a6dabf532fe549245c1d82bba
2026-09-04 15:37:58.847265 INFO::Fitting model to feature number 456, X561068de510e34e29d80bb77cce52380
2026-09-04 15:37:58.849993 INFO::Fitting model to feature number 457, X7ea06d2bb42e27fa68406d4602c2d01a
2026-09-04 15:37:58.852829 INFO::Fitting model to feature number 458, cdfa5bee668ff3eb1caa79fd0dd15408
2026-09-04 15:37:58.855377 INFO::Fitting model to feature number 459, X3a218447b4453c013ce47c49e91976ab
2026-09-04 15:37:58.857896 INFO::Fitting model to feature number 460, X631e1451e27bd0c65644a3c6d9f7b42c
2026-09-04 15:37:58.860069 INFO::Fitting model to feature number 461, X5a9ca63a1b38151bcc148cc2c0790a3c
2026-09-04 15:37:58.862181 INFO::Fitting model to feature number 462, X1667a608ce9dcd9173cc4a7ea408e61a
2026-09-04 15:37:58.867776 INFO::Fitting model to feature number 463, X3fbd689d60d010ec66fff9ee720ecc9b
2026-09-04 15:37:58.872721 INFO::Fitting model to feature number 464, ff2e65ab7ee1a994f929993a4cd98b2d
2026-09-04 15:37:58.876929 INFO::Fitting model to feature number 465, e3f39a01ae258adcd033fcd34b843501
2026-09-04 15:37:58.880848 INFO::Fitting model to feature number 466, f12f5ba8c80d765b2f9120da917d196f
2026-09-04 15:37:58.883622 INFO::Fitting model to feature number 467, e6b4689699677dd0d16361f54b4d761c
2026-09-04 15:37:58.887446 INFO::Fitting model to feature number 468, a2ef984d2fbacbecde31dcca67e3a54b
2026-09-04 15:37:58.890188 INFO::Fitting model to feature number 469, e91a544742f83b8662d1ebf6674f646d
2026-09-04 15:37:58.895178 INFO::Fitting model to feature number 470, adaa66ebabdbd36085236136bfceca3c
2026-09-04 15:37:58.898528 INFO::Fitting model to feature number 471, X2b07483fc25f916a162dd3f363532886
2026-09-04 15:37:58.901102 INFO::Fitting model to feature number 472, badfe430d2430166a61838ee2179df26
2026-09-04 15:37:58.903357 INFO::Fitting model to feature number 473, X768c02ad828dacf149957d9fa614fd77
2026-09-04 15:37:58.906343 INFO::Fitting model to feature number 474, X2a102392f4667b13b2357317e3cd8b6a
2026-09-04 15:37:58.908598 INFO::Fitting model to feature number 475, a27c293d4497503fcd38e01fd86a2952
2026-09-04 15:37:58.911179 INFO::Fitting model to feature number 476, a619caa5848df9525980658feb62675b
2026-09-04 15:37:58.913605 INFO::Fitting model to feature number 477, X4dee2f4d0a9682e994e943ab8cb6914b
2026-09-04 15:37:58.917452 INFO::Fitting model to feature number 478, e417c151046ba195520fed7677425096
2026-09-04 15:37:58.920228 INFO::Fitting model to feature number 479, b614e00062fca5a42aee5c0ffad06177
2026-09-04 15:37:58.934299 INFO::Fitting model to feature number 480, X38421d66789673e27b13640ba5c87f82
2026-09-04 15:37:58.937715 INFO::Fitting model to feature number 481, d095e761e733d323c5d4b819ba48793a
2026-09-04 15:37:58.940641 INFO::Fitting model to feature number 482, c1e3d6a4f2a02d70acc7c3258e889732
2026-09-04 15:37:58.942967 INFO::Fitting model to feature number 483, X066524fff17a44dd6e850b2f0d29c551
2026-09-04 15:37:58.945263 INFO::Fitting model to feature number 484, X71f35c7407e256690536046a7c26dfb5
2026-09-04 15:37:58.947684 INFO::Fitting model to feature number 485, dfefc4e20424ac54d7b4dc07caca2adf
2026-09-04 15:37:58.950677 INFO::Fitting model to feature number 486, X06aa8371756490aa26b512dac0839f29
2026-09-04 15:37:58.953286 INFO::Fitting model to feature number 487, X66804a3c3e40f8572119e3c624478909
2026-09-04 15:37:58.955775 INFO::Fitting model to feature number 488, X7e6d49ee79001adc19db0967b5346d7c
2026-09-04 15:37:58.958647 INFO::Fitting model to feature number 489, X19970ead855e50ce2d315a00a7215caf
2026-09-04 15:37:58.984078 INFO::Fitting model to feature number 490, f936cc0095df2ce79b485df5f7fe631a
2026-09-04 15:37:58.987205 INFO::Fitting model to feature number 491, X0bbdb9142f35f4f921582b626e73ac05
2026-09-04 15:37:58.98997 INFO::Fitting model to feature number 492, X0747d922a4e0e44057cfcded26df7b09
2026-09-04 15:37:58.992224 INFO::Fitting model to feature number 493, X215e80b70b5d79793cd4e6ec65a8862f
2026-09-04 15:37:58.99431 INFO::Fitting model to feature number 494, X3ad1c8aad6bdd6f9f60902f08beaf0b1
2026-09-04 15:37:58.996517 INFO::Fitting model to feature number 495, X0003367c233ad8b39a1434737ecbe030
2026-09-04 15:37:58.999483 INFO::Fitting model to feature number 496, c7ac3845afbf5fd3c59010a5810b8cf9
2026-09-04 15:37:59.002282 INFO::Fitting model to feature number 497, X1f93c77d645099d4e473c8ae649b23bf
2026-09-04 15:37:59.004922 INFO::Fitting model to feature number 498, X4781f563195b71c4989c72a742732717
2026-09-04 15:37:59.007097 INFO::Fitting model to feature number 499, X743701a156f188bc190c1cbe80a67e4b
2026-09-04 15:37:59.009167 INFO::Fitting model to feature number 500, debc0007bfdcefb74927da6756a0e949
2026-09-04 15:37:59.011231 INFO::Fitting model to feature number 501, X90b24c5d7bee142a75f7d010f60ed555
2026-09-04 15:37:59.013728 INFO::Fitting model to feature number 502, b9daea5529d55d97d57ccee11ca966fc
2026-09-04 15:37:59.020911 INFO::Fitting model to feature number 503, X2e39714a77fa4eccacec0eacd077218d
2026-09-04 15:37:59.027083 INFO::Fitting model to feature number 504, fccca080bd9210e75a1abb27ff913854
2026-09-04 15:37:59.032025 INFO::Fitting model to feature number 505, dbb50b016562b8a1c8cf2f89d2f03c9c
2026-09-04 15:37:59.035363 INFO::Fitting model to feature number 506, f0c772873a1c03d317ac0d02e5d88258
2026-09-04 15:37:59.039332 INFO::Fitting model to feature number 507, a6fd2b03ca23928d929d4518fb95144b
2026-09-04 15:37:59.042902 INFO::Fitting model to feature number 508, X3cca860688daf17ba659d026ff5c195d
2026-09-04 15:37:59.046848 INFO::Fitting model to feature number 509, X31a174191f7ce10077fc97463573c544
2026-09-04 15:37:59.049829 INFO::Fitting model to feature number 510, X84776907a1d77f7ba9ef074fbb2eb86f
2026-09-04 15:37:59.052362 INFO::Fitting model to feature number 511, X51b695908e497fb29968f89b02a286e6
2026-09-04 15:37:59.054601 INFO::Fitting model to feature number 512, X0919acf89fa8a15db3c351214f6e4f7c
2026-09-04 15:37:59.057495 INFO::Fitting model to feature number 513, X33a516f00563ddac500c9d4b43236758
2026-09-04 15:37:59.059751 INFO::Fitting model to feature number 514, X452de8dd2cd2ef65e74ca756cc3f995f
2026-09-04 15:37:59.061937 INFO::Fitting model to feature number 515, bef4944cd7c1a9d609dc3c64589591ba
2026-09-04 15:37:59.064171 INFO::Fitting model to feature number 516, dc5f2dd3c3d2c044e4a0b92b66404ba7
2026-09-04 15:37:59.067213 INFO::Fitting model to feature number 517, X6f3fdac8cc88bf89cc56ca40dc4860d2
2026-09-04 15:37:59.069878 INFO::Fitting model to feature number 518, c968d53c0418f0b1ea2686794e5464cd
2026-09-04 15:37:59.072405 INFO::Fitting model to feature number 519, c543d7cee2410934c231287c566a8c79
2026-09-04 15:37:59.074675 INFO::Fitting model to feature number 520, X0348c09cb1ff1cd1e1208e2794eea6c1
2026-09-04 15:37:59.076899 INFO::Fitting model to feature number 521, e91a1dfec6244157af2b9c1fcb046f68
2026-09-04 15:37:59.079146 INFO::Fitting model to feature number 522, X310aae89ac71938da77feea20c4e7e64
2026-09-04 15:37:59.081958 INFO::Fitting model to feature number 523, X6964bb65de0df60688194be5b739b0c2
2026-09-04 15:37:59.084736 INFO::Fitting model to feature number 524, X1db2aedb3113eb91e4c997379103dce7
2026-09-04 15:37:59.087209 INFO::Fitting model to feature number 525, X040f76448324b926b56477c33fa5c72f
2026-09-04 15:37:59.089803 INFO::Fitting model to feature number 526, X17c1fb718fb64ec7ed51ea86c47b4df1
2026-09-04 15:37:59.09203 INFO::Fitting model to feature number 527, ff46a90a0e7cdb17b2e870dbda7aeaf5
2026-09-04 15:37:59.09431 INFO::Fitting model to feature number 528, X152eb25db765f4e6590dc9eb62bddf72
2026-09-04 15:37:59.096529 INFO::Fitting model to feature number 529, bd7e0ad74eda8fa1477cf524f4f19e6f
2026-09-04 15:37:59.099418 INFO::Fitting model to feature number 530, X576cd6100838c548f4cebc7657f7b79a
2026-09-04 15:37:59.102101 INFO::Fitting model to feature number 531, c3796a24efd3999e518779cf3768c470
2026-09-04 15:37:59.104637 INFO::Fitting model to feature number 532, fbb9cf1ac3daaf43498837f65090937d
2026-09-04 15:37:59.10709 INFO::Fitting model to feature number 533, X4563fde74ffe06000388f04756869d56
2026-09-04 15:37:59.109317 INFO::Fitting model to feature number 534, X0d7d6a39ec308ab07b864a61e273452c
2026-09-04 15:37:59.111464 INFO::Fitting model to feature number 535, X20f40622081aba833657fcbb6f2a973a
2026-09-04 15:37:59.113588 INFO::Fitting model to feature number 536, e3ca6ba7bfee69e7e5e01fb80bf2b9d0
2026-09-04 15:37:59.116573 INFO::Fitting model to feature number 537, f690e76a3de3a7b1cd99d01daef0d027
2026-09-04 15:37:59.119177 INFO::Fitting model to feature number 538, ac79a9d71daed031027868720625612d
2026-09-04 15:37:59.121999 INFO::Fitting model to feature number 539, da71c37613ac4f11e563ef4e1393f3d4
2026-09-04 15:37:59.124472 INFO::Fitting model to feature number 540, X8053de8260b26d281be9c32130517ea0
2026-09-04 15:37:59.126728 INFO::Fitting model to feature number 541, X2f4a3ef5de56c8b5b8470e19c136c025
2026-09-04 15:37:59.128836 INFO::Fitting model to feature number 542, X0ae14e4ca61b4d8ec1579f833a4afc3a
2026-09-04 15:37:59.131419 INFO::Fitting model to feature number 543, X2598412b8a24c6874da8610e4f9deded
2026-09-04 15:37:59.134675 INFO::Fitting model to feature number 544, d9b7b6fee2b056ad73593d175bf71cb9
2026-09-04 15:37:59.137411 INFO::Fitting model to feature number 545, X6de7a8b86171c6585fa037e920daf262
2026-09-04 15:37:59.140302 INFO::Fitting model to feature number 546, a46c68ade453c5b8cdc418a30ff62c46
2026-09-04 15:37:59.142568 INFO::Fitting model to feature number 547, X768d5d1991869439fe8b30fcf3623996
2026-09-04 15:37:59.144731 INFO::Fitting model to feature number 548, X46ca097e633fe69ec90772cf148a72eb
2026-09-04 15:37:59.146936 INFO::Fitting model to feature number 549, X72f863cafb495d6e0f463b001e7dc17b
2026-09-04 15:37:59.154071 INFO::Fitting model to feature number 550, X6f4e8d53540daa897094612f2e212f68
2026-09-04 15:37:59.160048 INFO::Fitting model to feature number 551, c02d26821fd4bfc8650a451002b2f38c
2026-09-04 15:37:59.165348 INFO::Fitting model to feature number 552, X134a793f609e157b315d5ecc6e6b182e
2026-09-04 15:37:59.167965 INFO::Fitting model to feature number 553, fc00e5297e414e061517e3517e41bc8c
2026-09-04 15:37:59.17066 INFO::Fitting model to feature number 554, X5c4fab4e521841d76295a4a38ac511e7
2026-09-04 15:37:59.174066 INFO::Fitting model to feature number 555, c30cad9fcfd8f81ab1ad5e4fd7791450
2026-09-04 15:37:59.178674 INFO::Fitting model to feature number 556, X5f66f15f6cb9a7b556702e828fa430bc
2026-09-04 15:37:59.182552 INFO::Fitting model to feature number 557, X0074a48d66fc98db6cedc317176f1fd9
2026-09-04 15:37:59.184945 INFO::Fitting model to feature number 558, X4f5d5c70f37db3c66d86b59a75e416ee
2026-09-04 15:37:59.187123 INFO::Fitting model to feature number 559, c4b6dd36d89c0eacd28b14749a4f88b4
2026-09-04 15:37:59.190427 INFO::Fitting model to feature number 560, b39c708f3cf7af879b004a5b52e3d713
2026-09-04 15:37:59.194221 INFO::Fitting model to feature number 561, d378a4de03e02db5daae83d3cd223cf4
2026-09-04 15:37:59.197951 INFO::Fitting model to feature number 562, X0c4a3d0ef52b9bd1cc850f6b5e880ba6
2026-09-04 15:37:59.200444 INFO::Fitting model to feature number 563, X19d8685c1c767a1204159aed4fb29258
2026-09-04 15:37:59.202963 INFO::Fitting model to feature number 564, e2f0bac1ec09a88649e2789aa212b782
2026-09-04 15:37:59.205515 INFO::Fitting model to feature number 565, X4654e3ab4a33fb57af90ad7a70df8166
2026-09-04 15:37:59.208201 INFO::Fitting model to feature number 566, f5292f9df723852bf526abec59fb08ec
2026-09-04 15:37:59.210665 INFO::Fitting model to feature number 567, f8831fa35e481423c9bf15d3f4049536
2026-09-04 15:37:59.213079 INFO::Fitting model to feature number 568, f79f7e82be925ea7d56a504a2dbefef1
2026-09-04 15:37:59.215519 INFO::Fitting model to feature number 569, X7b3b47b36e3b19f25b8c6d80c16f3d2b
2026-09-04 15:37:59.218766 INFO::Fitting model to feature number 570, X6389d560c5036679e1bff639b7f5a5bb
2026-09-04 15:37:59.221592 INFO::Fitting model to feature number 571, X4291121b82bbd1740762c03bdc3812a9
2026-09-04 15:37:59.224031 INFO::Fitting model to feature number 572, X6482f5ea0786a808c9b5baf5866c5a29
2026-09-04 15:37:59.226555 INFO::Fitting model to feature number 573, X11b0e60705f547f47f549d2146d2cfac
2026-09-04 15:37:59.228768 INFO::Fitting model to feature number 574, dc9ed72ba2a4e89a9eb4f04ede08aa4c
2026-09-04 15:37:59.230954 INFO::Fitting model to feature number 575, fcd4f1369a7e61e6dfda99e1710ccc16
2026-09-04 15:37:59.233626 INFO::Fitting model to feature number 576, d99c975c4769ca942e4ad18aad95ed25
2026-09-04 15:37:59.236307 INFO::Fitting model to feature number 577, X9879a750c4dcbe94271efc3a64a8dcc6
2026-09-04 15:37:59.238765 INFO::Fitting model to feature number 578, X0b84f4dd505d194c6ab896130bd862be
2026-09-04 15:37:59.2411 INFO::Fitting model to feature number 579, X1cd64a5ff62650fb5f56476e255ea941
2026-09-04 15:37:59.243356 INFO::Fitting model to feature number 580, X84a995c94371b6ba6a6c1272da8e1b24
2026-09-04 15:37:59.245549 INFO::Fitting model to feature number 581, X4cbabed666aa810d62a53e16b8bae40c
2026-09-04 15:37:59.24779 INFO::Fitting model to feature number 582, X9c3f2a825ae617e7d7bd699a7cb65938
2026-09-04 15:37:59.250549 INFO::Fitting model to feature number 583, X2b72428ebbcbfc529a8aecf2ea37157c
2026-09-04 15:37:59.253191 INFO::Fitting model to feature number 584, X219c4d025ac48c89e80c0b6856efbd4e
2026-09-04 15:37:59.255982 INFO::Fitting model to feature number 585, c81cd644cf82c3b163fef1d2d67f8aa1
2026-09-04 15:37:59.258796 INFO::Fitting model to feature number 586, X0074238c998c7fb81601ba6ca910cee2
2026-09-04 15:37:59.260972 INFO::Fitting model to feature number 587, X1263b941de1a0c2fb61d10f6b7e273da
2026-09-04 15:37:59.263207 INFO::Fitting model to feature number 588, c1a91a0726e45a33397ed6b628812bcc
2026-09-04 15:37:59.265975 INFO::Fitting model to feature number 589, X367dc19d41820be96c3139b17ad88393
2026-09-04 15:37:59.268428 INFO::Fitting model to feature number 590, X87baf32a036590dda0107f93d3a00c68
2026-09-04 15:37:59.27078 INFO::Fitting model to feature number 591, X7d5aa56880a9ec00a7bb78f06f5c2d92
2026-09-04 15:37:59.273089 INFO::Fitting model to feature number 592, X732d0269d10d9084d7aca2dcdf1f9246
2026-09-04 15:37:59.275358 INFO::Fitting model to feature number 593, c1a84bb089208453669acc73b1803058
2026-09-04 15:37:59.277502 INFO::Fitting model to feature number 594, da488b8f651474ed0f8dfd696fd6ecb1
2026-09-04 15:37:59.27959 INFO::Fitting model to feature number 595, ba2f196ebaf40e40a61e9436051457fe
2026-09-04 15:37:59.282998 INFO::Fitting model to feature number 596, cb5982236c58d8bfc83be336d7a45b01
2026-09-04 15:37:59.291052 INFO::Fitting model to feature number 597, aef2d0315f579d3e34ca9c06ed461aa8
2026-09-04 15:37:59.296221 INFO::Fitting model to feature number 598, a7545bbd4b4b7719c8d9e432d4d8fc44
2026-09-04 15:37:59.299802 INFO::Fitting model to feature number 599, X9b807181eb796f6f8658db88e02c3ab1
2026-09-04 15:37:59.302316 INFO::Fitting model to feature number 600, X699df2ed93ea2ec71338ef381492fb73
2026-09-04 15:37:59.305668 INFO::Fitting model to feature number 601, X81b1d854fa98dcfc7217f209ac736c09
2026-09-04 15:37:59.309597 INFO::Fitting model to feature number 602, f555295b7f7f9ed9dbbe329b221d9e07
2026-09-04 15:37:59.313831 INFO::Fitting model to feature number 603, X9f5bf0bf0fa780be0b7ab197316e91c4
2026-09-04 15:37:59.316691 INFO::Fitting model to feature number 604, f226b88db27e37e0697607801f984930
2026-09-04 15:37:59.319052 INFO::Fitting model to feature number 605, ae4746a38095e10055d4f8a06409ca01
2026-09-04 15:37:59.321505 INFO::Fitting model to feature number 606, X7111dfa20d08ec967e55b337db0875ea
2026-09-04 15:37:59.323919 INFO::Fitting model to feature number 607, X2e681b6d1b933b32f96cf0591725d304
2026-09-04 15:37:59.326906 INFO::Fitting model to feature number 608, X16ff6fdb8b9bbe665e7ec8c665e78183
2026-09-04 15:37:59.329696 INFO::Fitting model to feature number 609, X2c9d05509cf16e1df0a09d06af6e35ee
2026-09-04 15:37:59.33211 INFO::Fitting model to feature number 610, X979894fc6365cd4ed6a0f0091d940e15
2026-09-04 15:37:59.334284 INFO::Fitting model to feature number 611, a026c9f4e27f5825b1a267eaf8127c93
2026-09-04 15:37:59.336379 INFO::Fitting model to feature number 612, X6499e4803df71282d4f276bc5038b9c3
2026-09-04 15:37:59.338496 INFO::Fitting model to feature number 613, X9637f664d76428d221fa4d5852de2398
2026-09-04 15:37:59.34065 INFO::Fitting model to feature number 614, X93b8f4990bcff13031bb21d0feba9ef1
2026-09-04 15:37:59.342855 INFO::Fitting model to feature number 615, fdcf6dc62b2ba950d1f777eade33b2e2
2026-09-04 15:37:59.345018 INFO::Fitting model to feature number 616, f0a6b61b8a65998ec885aeefd17019df
2026-09-04 15:37:59.347243 INFO::Fitting model to feature number 617, X55d531dd2ec7ed28ce6c3955250fd34b
2026-09-04 15:37:59.349606 INFO::Fitting model to feature number 618, X117e2ebeb25f17a7989fa76a7863d66d
2026-09-04 15:37:59.351925 INFO::Fitting model to feature number 619, b40fb7908173ee6634e537189d7d9f03
2026-09-04 15:37:59.354412 INFO::Fitting model to feature number 620, f019c487628266edc1ffdb527d9cdac8
2026-09-04 15:37:59.357137 INFO::Fitting model to feature number 621, X585bdc57cf459ec692ceb947132e91ea
2026-09-04 15:37:59.359419 INFO::Fitting model to feature number 622, X993a6609cb6120cb5758850bd2226422
2026-09-04 15:37:59.3617 INFO::Fitting model to feature number 623, X99b14d3c57a98b8e794b2c552ef44637
2026-09-04 15:37:59.364043 INFO::Fitting model to feature number 624, db349d0f9b8d202b77bccedd5ec284b1
2026-09-04 15:37:59.366667 INFO::Fitting model to feature number 625, X86c79ce11305fa7514a735237898ab60
2026-09-04 15:37:59.369179 INFO::Fitting model to feature number 626, e2218e94bcd7aaaa8721124c1f9a149a
2026-09-04 15:37:59.371812 INFO::Fitting model to feature number 627, bc1948dcd6a33e69c1e0b2d07ae494a8
2026-09-04 15:37:59.374841 INFO::Fitting model to feature number 628, X6effb1c02250d8c94b861fdaa3f96373
2026-09-04 15:37:59.376954 INFO::Fitting model to feature number 629, X0e877af721259340b19029ae0231c64a
2026-09-04 15:37:59.379272 INFO::Fitting model to feature number 630, b033223a359e0f71390d1caba3e8ef0e
2026-09-04 15:37:59.381842 INFO::Fitting model to feature number 631, d4e79f7c3c4a14a242a2ec54f7854a20
2026-09-04 15:37:59.384602 INFO::Fitting model to feature number 632, X05725ba2b7fa9372035f0338c449a43e
2026-09-04 15:37:59.387397 INFO::Fitting model to feature number 633, a130124737fcdfbd98b30e43310f4735
2026-09-04 15:37:59.391484 INFO::Fitting model to feature number 634, addff1327c8b525422a1a38bac47f59a
2026-09-04 15:37:59.395098 INFO::Fitting model to feature number 635, X51072144763d6f2480df1cad15babda4
2026-09-04 15:37:59.397949 INFO::Fitting model to feature number 636, X8af2b79a4e1bdc37b200c6fda2dea9c0
2026-09-04 15:37:59.400882 INFO::Fitting model to feature number 637, X7853a5d53a679ba8fd1e537fe9c7c8d1
2026-09-04 15:37:59.404308 INFO::Fitting model to feature number 638, a38d50093be16bece9e77cad438baf5b
2026-09-04 15:37:59.409852 INFO::Fitting model to feature number 639, e72ec2a560d904c975608f36998a0e07
2026-09-04 15:37:59.41628 INFO::Fitting model to feature number 640, c742bd5804b23fe1bae2f04ec30d5c4b
2026-09-04 15:37:59.420795 INFO::Fitting model to feature number 641, X133ef08cb4d21c38ee46849679b36dd7
2026-09-04 15:37:59.425309 INFO::Fitting model to feature number 642, cc3f6a1e057f63ddfc9374beb1d7b1d9
2026-09-04 15:37:59.428245 INFO::Fitting model to feature number 643, X44b1feb2bb2ace0cfbf0bafc7d2cd78d
2026-09-04 15:37:59.43223 INFO::Fitting model to feature number 644, d8a0f68e7161889fdaf9a00dee72697b
2026-09-04 15:37:59.436376 INFO::Fitting model to feature number 645, b408f008ba73a691f5bf6c95eb64f578
2026-09-04 15:37:59.439135 INFO::Fitting model to feature number 646, X8e1dadcb1b5483dbcc99038f091ba50e
2026-09-04 15:37:59.441758 INFO::Fitting model to feature number 647, f7f02e7234f183160ac7d43463f37eec
2026-09-04 15:37:59.444033 INFO::Fitting model to feature number 648, X422f277f9c047e7f5bcbc311e68213c4
2026-09-04 15:37:59.446332 INFO::Fitting model to feature number 649, X8e8c76ea06887126df6899f930931a03
2026-09-04 15:37:59.448749 INFO::Fitting model to feature number 650, X1d87ec4dd49943f616db49f884b01bb1
2026-09-04 15:37:59.452077 INFO::Fitting model to feature number 651, bd3301e91a4c19c730c75200b0c50472
2026-09-04 15:37:59.454837 INFO::Fitting model to feature number 652, ce4a246905a62b7a3ef0c692a97a7672
2026-09-04 15:37:59.457609 INFO::Fitting model to feature number 653, ea35e19076b89bd364590d06ab875623
2026-09-04 15:37:59.46006 INFO::Fitting model to feature number 654, X27e997926a556e38007174107ce8d5c1
2026-09-04 15:37:59.462439 INFO::Fitting model to feature number 655, ded6d067d1f5b7ffd2ed86e0788ec67a
2026-09-04 15:37:59.464848 INFO::Fitting model to feature number 656, X85a37660aaf46d110b2d9c403cb12131
2026-09-04 15:37:59.467997 INFO::Fitting model to feature number 657, X72b97646b16e823b5d31b67a794ea974
2026-09-04 15:37:59.471005 INFO::Fitting model to feature number 658, X46be24de915fbc76ac5ab88523cb7235
2026-09-04 15:37:59.473617 INFO::Fitting model to feature number 659, b4880fe8ab9cc3f3256cec94f06a68e5
2026-09-04 15:37:59.475736 INFO::Fitting model to feature number 660, a171071f11662f45b30b66f388c3dccf
2026-09-04 15:37:59.477825 INFO::Fitting model to feature number 661, e92bf336f5310a9394e0b7799d049e8b
2026-09-04 15:37:59.47986 INFO::Fitting model to feature number 662, ee7ce269abcde443020175b2d3085328
2026-09-04 15:37:59.481899 INFO::Fitting model to feature number 663, X31a5885a9cb13afe64320e722774bd4d
2026-09-04 15:37:59.484367 INFO::Fitting model to feature number 664, X1f60a36156b7291f4b6543ae3ff27823
2026-09-04 15:37:59.486724 INFO::Fitting model to feature number 665, ee2b1cdc07f755f43376b99d77d013c8
2026-09-04 15:37:59.489873 INFO::Fitting model to feature number 666, X553df8f491c5320e7db5eee35a62bcc7
2026-09-04 15:37:59.492242 INFO::Fitting model to feature number 667, a2b331ecd3efd29c9ec70479d67fd0f5
2026-09-04 15:37:59.494618 INFO::Fitting model to feature number 668, X8c1aa42e3f38caaf82eb47d5bd3ecab3
2026-09-04 15:37:59.49703 INFO::Fitting model to feature number 669, c0ecd9e8ecbe7f9cca2950ca0d1e1bda
2026-09-04 15:37:59.499912 INFO::Fitting model to feature number 670, d5fefa6a95119dbe2aa218d7e707b6b6
2026-09-04 15:37:59.502502 INFO::Fitting model to feature number 671, db66d87d00a29a7cae7f21e5385cd9e9
2026-09-04 15:37:59.505535 INFO::Fitting model to feature number 672, ece90a7187114a07725d074efe460109
2026-09-04 15:37:59.507986 INFO::Fitting model to feature number 673, X23a99157e2d7180e199cdc7822f7492e
2026-09-04 15:37:59.510779 INFO::Fitting model to feature number 674, aba6a32d51a6f8f58979fb224b7df4f0
2026-09-04 15:37:59.513282 INFO::Fitting model to feature number 675, X603bfd9b18f3cec3d67eecd0b9577b05
2026-09-04 15:37:59.516099 INFO::Fitting model to feature number 676, X4adae9a07fd6254c8191147328ef3c67
2026-09-04 15:37:59.523908 INFO::Fitting model to feature number 677, X4c4a24b02d3a748806126425b142a076
2026-09-04 15:37:59.528385 INFO::Fitting model to feature number 678, X86f63e39a4dcc396cb0e3426c1581ec7
2026-09-04 15:37:59.533872 INFO::Fitting model to feature number 679, X7687fe3ebd82bffe1fb1dd0e45415460
2026-09-04 15:37:59.536699 INFO::Fitting model to feature number 680, d90d6d6f6739bcaf0ecf940bc43cbe80
2026-09-04 15:37:59.54121 INFO::Fitting model to feature number 681, X293d3b7066f15134a2bd6a9370d9352a
2026-09-04 15:37:59.54458 INFO::Fitting model to feature number 682, X330511b25fce830f4ad4b90a0e70a290
2026-09-04 15:37:59.547366 INFO::Fitting model to feature number 683, X49b49aa4f854bfe985ddbf1f9ab8f276
2026-09-04 15:37:59.550436 INFO::Fitting model to feature number 684, X15c30ec5a5cb5f3fc6073508809a8ae8
2026-09-04 15:37:59.553967 INFO::Fitting model to feature number 685, c197bfccc6da06a321f59bc2c96c7162
2026-09-04 15:37:59.556484 INFO::Fitting model to feature number 686, d31f1c384392a34edcfb997bda7c234a
2026-09-04 15:37:59.558778 INFO::Fitting model to feature number 687, X74c64d776af3a8c0dffa98b2742b3267
2026-09-04 15:37:59.561122 INFO::Fitting model to feature number 688, X02a66ea246a43083ba22855338d2aedf
2026-09-04 15:37:59.563358 INFO::Fitting model to feature number 689, X7ec8be180094b588aa83a84c0d44387e
2026-09-04 15:37:59.565783 INFO::Fitting model to feature number 690, dc0210300fb08da2e351ba9109b83299
2026-09-04 15:37:59.568791 INFO::Fitting model to feature number 691, ab2a3e824df82facfae0d793da4705ce
2026-09-04 15:37:59.571287 INFO::Fitting model to feature number 692, d1c2dbff8bab642aee2570f744aa25f3
2026-09-04 15:37:59.574403 INFO::Fitting model to feature number 693, X15f70377a20620ede76a1f2a910a5fa2
2026-09-04 15:37:59.576868 INFO::Fitting model to feature number 694, X7857d3187944415a804e443783213d31
2026-09-04 15:37:59.579177 INFO::Fitting model to feature number 695, X62e579df664eed2a0b039f8a2499dcdb
2026-09-04 15:37:59.581426 INFO::Fitting model to feature number 696, X6fbfd7a942ccf4066297155037dc0bf1
2026-09-04 15:37:59.584206 INFO::Fitting model to feature number 697, X22ef78c3377fcf8d1e02f991eecd2893
2026-09-04 15:37:59.586797 INFO::Fitting model to feature number 698, X5fba16886f13fb96fc35e9fa7558990d
2026-09-04 15:37:59.589956 INFO::Fitting model to feature number 699, X259d0f6ff4849379cd9c65121f42b155
2026-09-04 15:37:59.592211 INFO::Fitting model to feature number 700, af00438e369f9b5f7e406caa9216d383
2026-09-04 15:37:59.595109 INFO::Fitting model to feature number 701, X1ecfc371b8787946db63d89d307b0693
2026-09-04 15:37:59.597448 INFO::Fitting model to feature number 702, ec6812a21da26b469193c7689c7e300b
2026-09-04 15:37:59.59971 INFO::Fitting model to feature number 703, X36ced6d7e229be21b5ac7d3a85b51b2b
2026-09-04 15:37:59.602394 INFO::Fitting model to feature number 704, X642e827f460c5d95f59e194ffe648b44
2026-09-04 15:37:59.605426 INFO::Fitting model to feature number 705, X70f6a2f8c2cbec1f0c438ff5d2a3f0a2
2026-09-04 15:37:59.607842 INFO::Fitting model to feature number 706, X116860aee27f70307062cd56aab9c56f
2026-09-04 15:37:59.610044 INFO::Fitting model to feature number 707, d892e186f5d0faef3dcb94743201ac8a
2026-09-04 15:37:59.612223 INFO::Fitting model to feature number 708, ba401d97a3d1fd259b0c9abfb61197a6
2026-09-04 15:37:59.614351 INFO::Fitting model to feature number 709, f41e58594369399a98ca43a5bc116814
2026-09-04 15:37:59.61679 INFO::Fitting model to feature number 710, d1300f2f31f9c146c2902a7148dab9b3
2026-09-04 15:37:59.619533 INFO::Fitting model to feature number 711, d3ff577f885248bc1829bba8608ceb9f
2026-09-04 15:37:59.622608 INFO::Fitting model to feature number 712, d886c4e3d4f5eebddd8088d39194a2e8
2026-09-04 15:37:59.625187 INFO::Fitting model to feature number 713, X1b4ae17ef7544a568a8898b7f0d32fd3
2026-09-04 15:37:59.627982 INFO::Fitting model to feature number 714, X8f2ac656dc37fe2bcb4a8abe40ba1154
2026-09-04 15:37:59.630446 INFO::Fitting model to feature number 715, e6acf6e76691883091b8419f0a670f59
2026-09-04 15:37:59.632878 INFO::Fitting model to feature number 716, X5a16530a54a20f3f083344efc7cc27f7
2026-09-04 15:37:59.639262 INFO::Fitting model to feature number 717, X8158dcac1d1fed642b0f35ade437767e
2026-09-04 15:37:59.644864 INFO::Fitting model to feature number 718, X6d5125657f968c2fa0c9a38df0299856
2026-09-04 15:37:59.649403 INFO::Fitting model to feature number 719, X9ee24a36e3740e27fde374d20bc45806
2026-09-04 15:37:59.65289 INFO::Fitting model to feature number 720, X3c24a5adabfcefd9f44d13f50384c57f
2026-09-04 15:37:59.655967 INFO::Fitting model to feature number 721, c60140ab87a316bc38cf294cbe7fb5b0
2026-09-04 15:37:59.659533 INFO::Fitting model to feature number 722, X6633ffa38a16a7670486c2cc59ec1167
2026-09-04 15:37:59.663356 INFO::Fitting model to feature number 723, X93f37695f1b84aaf5b62169b8984beca
2026-09-04 15:37:59.666459 INFO::Fitting model to feature number 724, X2f6933e38aaa156e1cff2c27c9fc4c43
2026-09-04 15:37:59.670436 INFO::Fitting model to feature number 725, f91d7cbc45dba24d16bee25d8982e570
2026-09-04 15:37:59.673657 INFO::Fitting model to feature number 726, f6a213d117e8ba43a58c22f63ca194d5
2026-09-04 15:37:59.67665 INFO::Fitting model to feature number 727, X60ef3e6936a0df613cd8639cf1d82dd8
2026-09-04 15:37:59.680085 INFO::Fitting model to feature number 728, aae0049765cb105fc79821c26ece84f1
2026-09-04 15:37:59.682838 INFO::Fitting model to feature number 729, X769084a00704f9d73d2ecca15adf450a
2026-09-04 15:37:59.685333 INFO::Fitting model to feature number 730, X57f316f2b8bb8cd1fcfdfe2c557148f0
2026-09-04 15:37:59.687736 INFO::Fitting model to feature number 731, X0cf4d688b407c0268b95700e5ad19d55
2026-09-04 15:37:59.689946 INFO::Fitting model to feature number 732, X1f9d114e8d3a20c7bb9811eeab731b17
2026-09-04 15:37:59.691948 INFO::Fitting model to feature number 733, X22cff5314e438d12ca41cb76554b2010
2026-09-04 15:37:59.69396 INFO::Fitting model to feature number 734, X3c406d57ff34fbce9c8690992bdc5f5d
2026-09-04 15:37:59.696129 INFO::Fitting model to feature number 735, X002085ea8c3c04471dd214414320a048
2026-09-04 15:37:59.698647 INFO::Fitting model to feature number 736, X6d5814cf85b9295a0732580d936c03c3
2026-09-04 15:37:59.701492 INFO::Fitting model to feature number 737, X2991c3b434900ecc60487ed314bfc27f
2026-09-04 15:37:59.703932 INFO::Fitting model to feature number 738, X49363be39f4e73fc08154c4e95e73321
2026-09-04 15:37:59.706992 INFO::Fitting model to feature number 739, X7ec69f2c62aad60e060e588ef687bdd0
2026-09-04 15:37:59.709635 INFO::Fitting model to feature number 740, X14cbfbff578d66019bd47d58c798b4c3
2026-09-04 15:37:59.724427 INFO::Fitting model to feature number 741, X70f34d28cc14b3b96bb169c9203961f1
2026-09-04 15:37:59.726834 INFO::Fitting model to feature number 742, X46a7475bfbd3a0d1254bcf3bf02c594a
2026-09-04 15:37:59.728993 INFO::Fitting model to feature number 743, d7cad31da0aaf8b6a43ac2de8f4d091c
2026-09-04 15:37:59.731033 INFO::Fitting model to feature number 744, ad74b107d88b3eda15225bde8f2a7611
2026-09-04 15:37:59.733692 INFO::Fitting model to feature number 745, ca230262e8f9c1e33852d876eea5b349
2026-09-04 15:37:59.736362 INFO::Fitting model to feature number 746, X1e8eba533d1486327c9205aa00ff16b5
2026-09-04 15:37:59.739115 INFO::Fitting model to feature number 747, fc7b257064027e1bc2b6fbfb4584677d
2026-09-04 15:37:59.741543 INFO::Fitting model to feature number 748, b3d7c668f62042e81ea4183f4ec0efdb
2026-09-04 15:37:59.743767 INFO::Fitting model to feature number 749, X64db8404bb5d297d9e37f6fb3ad2010c
2026-09-04 15:37:59.745925 INFO::Fitting model to feature number 750, X8d969c9414d82e36f2ce55fd332775dd
2026-09-04 15:37:59.748121 INFO::Fitting model to feature number 751, X36e0ffb740d75dc78c0da5d08d067bd8
2026-09-04 15:37:59.752146 INFO::Fitting model to feature number 752, X18974468112c5946f06bc90f9cb1a0f4
2026-09-04 15:37:59.757709 INFO::Fitting model to feature number 753, X59df091cad70ff2bacbf82a7c4724f87
2026-09-04 15:37:59.762326 INFO::Fitting model to feature number 754, X1e63564dc26ca56c52b18f6f5fe808d9
2026-09-04 15:37:59.766014 INFO::Fitting model to feature number 755, a63334f345e298c7bb0ae4ab14b0e37a
2026-09-04 15:37:59.768388 INFO::Fitting model to feature number 756, e408617a22dc395d38ff58256293e64e
2026-09-04 15:37:59.770824 INFO::Fitting model to feature number 757, d3a60d931aed828666a7818a3da0ee38
2026-09-04 15:37:59.773589 INFO::Fitting model to feature number 758, ffdc379ce4e6cc286de85b251ec6d8ab
2026-09-04 15:37:59.776783 INFO::Fitting model to feature number 759, X1288bd755da25ee95650e54292f8e07c
2026-09-04 15:37:59.779983 INFO::Fitting model to feature number 760, X3a4629502b41450600e793677caa5387
2026-09-04 15:37:59.784292 INFO::Fitting model to feature number 761, f4bceeae772fe5d1c10e76993f2775fa
2026-09-04 15:37:59.7873 INFO::Fitting model to feature number 762, X08ed80909b936a6060a71fdb6f1493b3
2026-09-04 15:37:59.789741 INFO::Fitting model to feature number 763, e356565df5a2d71faac2145e43e834a0
2026-09-04 15:37:59.791922 INFO::Fitting model to feature number 764, f04fe6bfafef10ac2ab7c0525ef2b09d
2026-09-04 15:37:59.793944 INFO::Fitting model to feature number 765, d0759c304fc7b0b7642fb564dbce4e55
2026-09-04 15:37:59.795758 INFO::Fitting model to feature number 766, X5c87cb0d3ff6e2ec7e9b5ad4089ded12
2026-09-04 15:37:59.797628 INFO::Fitting model to feature number 767, X06c409910eaf5f75ef54e303b000111b
2026-09-04 15:37:59.799943 INFO::Fitting model to feature number 768, f71db93be1c531888484e813725fa680
2026-09-04 15:37:59.802795 INFO::Fitting model to feature number 769, X9de69e69744436484c8a286e29d69f3a
2026-09-04 15:37:59.806476 INFO::Fitting model to feature number 770, X474b0fb0000846683809fa7d427c14d4
2026-09-04 15:37:59.809212 INFO::Fitting model to feature number 771, bc439950d7a883846b4ba87955d98fba
2026-09-04 15:37:59.811215 INFO::Fitting model to feature number 772, ea31672fb76c2d720f74a11c27f7c17d
2026-09-04 15:37:59.81333 INFO::Fitting model to feature number 773, X179a2aa993179c08304c982daabf4cb2
2026-09-04 15:37:59.815562 INFO::Fitting model to feature number 774, X2a1d03cc7f363ce20f526e9f1b4187cf
2026-09-04 15:37:59.818647 INFO::Fitting model to feature number 775, X2ea0ae7a46fdf3b091edc5449a40e332
2026-09-04 15:37:59.82115 INFO::Fitting model to feature number 776, X74b5a6b749924965c5034b2da7326ed1
2026-09-04 15:37:59.824444 INFO::Fitting model to feature number 777, e3a427a6309663e735d0f377619867d1
2026-09-04 15:37:59.828097 INFO::Fitting model to feature number 778, c66c82398333a5b033cfbc88f2deb5ce
2026-09-04 15:37:59.830398 INFO::Fitting model to feature number 779, c386c682a87872c4f0dafa38a7aed394
2026-09-04 15:37:59.833173 INFO::Fitting model to feature number 780, fca8a899f0212537b4749fcd0cfe9572
2026-09-04 15:37:59.836231 INFO::Fitting model to feature number 781, c48971a2478c87d8d863fbfb715440bc
2026-09-04 15:37:59.839404 INFO::Fitting model to feature number 782, X944bad048e0ea316aa96276bef89f178
2026-09-04 15:37:59.841803 INFO::Fitting model to feature number 783, X1c81758c43c0ca40c7aad4c9d82e3dc9
2026-09-04 15:37:59.84386 INFO::Fitting model to feature number 784, X3a6a103fe8adb17da246884f091c89f0
2026-09-04 15:37:59.846045 INFO::Fitting model to feature number 785, X3ad95b2cbfdf6dc4c055be2135bee247
2026-09-04 15:37:59.848338 INFO::Fitting model to feature number 786, fac20814acf0f9319e4f1a5340c6b36f
2026-09-04 15:37:59.851079 INFO::Fitting model to feature number 787, X81496373f17893e8c78889b21b9d9781
2026-09-04 15:37:59.863798 INFO::Fitting model to feature number 788, b473d3b9f56f04edbcc9949ac7c997f9
2026-09-04 15:37:59.866804 INFO::Fitting model to feature number 789, fda92df4fad27f969b71f944af93d9c9
2026-09-04 15:37:59.871975 INFO::Fitting model to feature number 790, X21021bdd12e09ce57c9809e7f6a75cb2
2026-09-04 15:37:59.886791 INFO::Fitting model to feature number 791, bacb3aa883f63e491e7e14f2a7f0fe78
2026-09-04 15:37:59.889733 INFO::Fitting model to feature number 792, X2e8af9adac6f4ac0f35ca1d4db4b5be0
2026-09-04 15:37:59.894511 INFO::Fitting model to feature number 793, c482d551cefb31f0f81a3a7d81a47627
2026-09-04 15:37:59.897483 INFO::Fitting model to feature number 794, X490311f3d1a99ebe1e75fc9ab2946594
2026-09-04 15:37:59.900667 INFO::Fitting model to feature number 795, ad6847c64a5f55160daf02a9ee834d94
2026-09-04 15:37:59.903367 INFO::Fitting model to feature number 796, X393582404f6a56b7697224af5bf7bb9e
2026-09-04 15:37:59.90659 INFO::Fitting model to feature number 797, X754e12c467abe38b8d8aa9c79952a7f9
2026-09-04 15:37:59.90963 INFO::Fitting model to feature number 798, X346e3eec6e12792fa3ce8146dcb36d38
2026-09-04 15:37:59.911911 INFO::Fitting model to feature number 799, X06b79ef377f389567e2c2c0f086257cf
2026-09-04 15:37:59.914686 INFO::Fitting model to feature number 800, b4af3baf1a52c77423728b7003a60db6
2026-09-04 15:37:59.917676 INFO::Fitting model to feature number 801, X577d976591e1cfe7603340048dfd1299
2026-09-04 15:37:59.920491 INFO::Fitting model to feature number 802, d9bddde92ab4f75fcbdb3bc11a37c41e
2026-09-04 15:37:59.923803 INFO::Fitting model to feature number 803, X8d3ddd319716d69ecda0ba8d1dd2a460
2026-09-04 15:37:59.926285 INFO::Fitting model to feature number 804, X7025135320ef85ec0972bc9f20277688
2026-09-04 15:37:59.928768 INFO::Fitting model to feature number 805, e6b3efd4d17beeda41bdc25399b5214e
2026-09-04 15:37:59.931228 INFO::Fitting model to feature number 806, X0086dc5db7606294d31e898aa5bef5f8
2026-09-04 15:37:59.93341 INFO::Fitting model to feature number 807, X86e12c61dee6a1e1bcc9035764d7dcd9
2026-09-04 15:37:59.936686 INFO::Fitting model to feature number 808, X29d249d9deca741ac3ed4eea1e7819ff
2026-09-04 15:37:59.939447 INFO::Fitting model to feature number 809, da0cb8571e674602e428f2c8fabde5f4
2026-09-04 15:37:59.942584 INFO::Fitting model to feature number 810, X3163f882fc2ff017f791e0beb5f113df
2026-09-04 15:37:59.944941 INFO::Fitting model to feature number 811, X644e54b8ec5af158bba8bd750443f3aa
2026-09-04 15:37:59.947354 INFO::Fitting model to feature number 812, X4bd995ff78af106b46538d2e94a70827
2026-09-04 15:37:59.949893 INFO::Fitting model to feature number 813, X77efca3dda0fcba8eb05a5bba7c0e0ca
2026-09-04 15:37:59.952333 INFO::Fitting model to feature number 814, X81fe5149b9ca7e2b0083baa138a1b10c
2026-09-04 15:37:59.95503 INFO::Fitting model to feature number 815, b0cfc2bcd6d42bd25931b0c9d97b9c0a
2026-09-04 15:37:59.95751 INFO::Fitting model to feature number 816, X68fb4f4c2c976da006edc8e3fa0280eb
2026-09-04 15:37:59.959756 INFO::Fitting model to feature number 817, X58b61ab2faf46b2e723b61cb75d41d73
2026-09-04 15:37:59.961978 INFO::Fitting model to feature number 818, X05cef76f349996d7fc093cda2219554f
2026-09-04 15:37:59.964281 INFO::Fitting model to feature number 819, af02d354ba6861b2558d0afc411edec3
2026-09-04 15:37:59.966626 INFO::Fitting model to feature number 820, e9db40c8c6bee07f62ec5d5161167f2c
2026-09-04 15:37:59.969401 INFO::Fitting model to feature number 821, X992d4d84004e921e2356b0a17d4a66a8
2026-09-04 15:37:59.971924 INFO::Fitting model to feature number 822, a555af0f7b89738f7251c54af1e1eef7
2026-09-04 15:37:59.974602 INFO::Fitting model to feature number 823, X40b4f2ef8685826fc3f0fee2977d4ac0
2026-09-04 15:37:59.977095 INFO::Fitting model to feature number 824, X935f3388748f455cb6362705f4582773
2026-09-04 15:37:59.979588 INFO::Fitting model to feature number 825, X23546c76839072bf2cefbde86181042d
2026-09-04 15:37:59.982026 INFO::Fitting model to feature number 826, X732268b2cde7f6e4eeb959b9904a856a
2026-09-04 15:37:59.984451 INFO::Fitting model to feature number 827, ca35141d60aa4f6b5034f83db6db16b7
2026-09-04 15:37:59.991811 INFO::Fitting model to feature number 828, de0d0a9506b63613c69beff09b81c44d
2026-09-04 15:37:59.997292 INFO::Fitting model to feature number 829, X0cc192b38e1221a0b3e341f4f2785cd5
2026-09-04 15:38:00.001755 INFO::Fitting model to feature number 830, X9dfb6bd9f3f28f7bef21b5b782962026
2026-09-04 15:38:00.005069 INFO::Fitting model to feature number 831, X0f63559c53b3c7042053c1ab99d77efd
2026-09-04 15:38:00.007939 INFO::Fitting model to feature number 832, e03940331073c6b255c2e172c2ebcee0
2026-09-04 15:38:00.011654 INFO::Fitting model to feature number 833, X9b96de8eef438ca03df67532ff32f48e
2026-09-04 15:38:00.014785 INFO::Fitting model to feature number 834, cdbf62214cb26bd56426f3abe9bdd6fd
2026-09-04 15:38:00.019528 INFO::Fitting model to feature number 835, X2d4925c1a6ac3ebe2e5bb80852f9a712
2026-09-04 15:38:00.023591 INFO::Fitting model to feature number 836, X9f9be308761b9f6ee70c1e30933893bc
2026-09-04 15:38:00.02771 INFO::Fitting model to feature number 837, X31b6bd37545a70f63343ae664b031625
2026-09-04 15:38:00.030991 INFO::Fitting model to feature number 838, X98133264f058d9b887cdcf0d7f95d9c8
2026-09-04 15:38:00.035129 INFO::Fitting model to feature number 839, f688fb5b04c50f3734b71adc86fdf41c
2026-09-04 15:38:00.037985 INFO::Fitting model to feature number 840, a41e4eb0370d0a492d555987eb141d89
2026-09-04 15:38:00.040655 INFO::Fitting model to feature number 841, X8fab9328be04b72fba4817db9e48b9ef
2026-09-04 15:38:00.04325 INFO::Fitting model to feature number 842, X94a7a76b924dad1eeb46b645b35ce42c
2026-09-04 15:38:00.04598 INFO::Fitting model to feature number 843, da78b34f69d167d8dd518f9ed36443ae
2026-09-04 15:38:00.048379 INFO::Fitting model to feature number 844, X358e020d780326d26aabc971a1ef8876
2026-09-04 15:38:00.051804 INFO::Fitting model to feature number 845, X4bfd33f4a11c52fbf680ca831858fd7e
2026-09-04 15:38:00.056225 INFO::Fitting model to feature number 846, d3c4ab4e7b4fbaba221ba9a46384c95f
2026-09-04 15:38:00.060247 INFO::Fitting model to feature number 847, e147b59672d5b3fd45f1892b61ca78e3
2026-09-04 15:38:00.062808 INFO::Fitting model to feature number 848, X6875688039d84275ed42ac41f5035aca
2026-09-04 15:38:00.065096 INFO::Fitting model to feature number 849, X2a845e1e6a5d81b1811c5bd53bd61f64
2026-09-04 15:38:00.067326 INFO::Fitting model to feature number 850, b64810a9bcdbb39e6ea6607148fa08ee
2026-09-04 15:38:00.070006 INFO::Fitting model to feature number 851, X117a12b24ca312fb2c8304666d637467
2026-09-04 15:38:00.073022 INFO::Fitting model to feature number 852, e86aff9d83cae9a0a12ce9418a82f731
2026-09-04 15:38:00.075504 INFO::Fitting model to feature number 853, b30050c0eb1efb5179cfb6e93c65ca27
2026-09-04 15:38:00.07777 INFO::Fitting model to feature number 854, dfbe73d575bbe3c06fb5e35766736596
2026-09-04 15:38:00.079998 INFO::Fitting model to feature number 855, c257ccd3ea53dcca8cfde15f2e0bc10a
2026-09-04 15:38:00.082359 INFO::Fitting model to feature number 856, X45fda4c6e6d36179fa0c4383376116f5
2026-09-04 15:38:00.084809 INFO::Fitting model to feature number 857, X444a5d2e1edf778209fd4837af7d2e65
2026-09-04 15:38:00.088305 INFO::Fitting model to feature number 858, X65ad44ad8d7d96c9f810fbed5c8066eb
2026-09-04 15:38:00.091971 INFO::Fitting model to feature number 859, X715fd2c02e481bb60d9459e61a73518d
2026-09-04 15:38:00.095225 INFO::Fitting model to feature number 860, X5228684e612e6b373dc2539e6e5b9baa
2026-09-04 15:38:00.098547 INFO::Fitting model to feature number 861, b286420e1358b25de3044d4210998bd0
2026-09-04 15:38:00.10208 INFO::Fitting model to feature number 862, X83298e13001ffe21fbe2234f3081383c
2026-09-04 15:38:00.105019 INFO::Fitting model to feature number 863, X2a4863a84bf70e4da20cf6cda8cc8ec2
2026-09-04 15:38:00.109396 INFO::Fitting model to feature number 864, da89c71ffb64418c9cf45a55852722b6
2026-09-04 15:38:00.114216 INFO::Fitting model to feature number 865, e58623bc3f04788fca82217a3148aec9
2026-09-04 15:38:00.12002 INFO::Fitting model to feature number 866, b1c7a85af1d7c5606009ad7ecae291b2
2026-09-04 15:38:00.124841 INFO::Fitting model to feature number 867, df827a58f6b377fcf5b6860d49301447
2026-09-04 15:38:00.128275 INFO::Fitting model to feature number 868, X2e6ab736cc771264acd25eedac00cf96
2026-09-04 15:38:00.13166 INFO::Fitting model to feature number 869, X938639e8b4177814b67c20452a9b2ffb
2026-09-04 15:38:00.134323 INFO::Fitting model to feature number 870, e58b08318c6b05fa21f5536ae178e561
2026-09-04 15:38:00.138123 INFO::Fitting model to feature number 871, d942f3774f52619483927401ef9e5d5e
2026-09-04 15:38:00.141709 INFO::Fitting model to feature number 872, X3d2cb4d432637a967953485f20f9eec5
2026-09-04 15:38:00.146121 INFO::Fitting model to feature number 873, X71277eaeb7214ada7b1d4176e69af0b8
2026-09-04 15:38:00.14974 INFO::Fitting model to feature number 874, X9e492bade21653744bcbfc304be16fb7
2026-09-04 15:38:00.152916 INFO::Fitting model to feature number 875, X55008a2eb4479de244e822f55b015c7a
2026-09-04 15:38:00.155534 INFO::Fitting model to feature number 876, X5e31c3f6a8c55072585070765d9a0387
2026-09-04 15:38:00.157914 INFO::Fitting model to feature number 877, X226920d36ce0f5bbab3fee7922e45b5d
2026-09-04 15:38:00.161499 INFO::Fitting model to feature number 878, f4a831fa091eab6956331ba126b986e6
2026-09-04 15:38:00.165155 INFO::Fitting model to feature number 879, X05e092e03eb18588060216b83c8c35f0
2026-09-04 15:38:00.168145 INFO::Fitting model to feature number 880, d39c9edf0713ddc8fd73af7e060ec961
2026-09-04 15:38:00.171837 INFO::Fitting model to feature number 881, b1a5eb447a19e86e0dc6c5108177aa53
2026-09-04 15:38:00.17479 INFO::Fitting model to feature number 882, X29bcbd6e828d6286c99f762d0da66bfa
2026-09-04 15:38:00.177811 INFO::Fitting model to feature number 883, a2856ec474695516bcc911974ec23ec6
2026-09-04 15:38:00.18007 INFO::Fitting model to feature number 884, X1cb6ba1f21c7dc2f71df36a6b18f5354
2026-09-04 15:38:00.182338 INFO::Fitting model to feature number 885, X00e609b728d90c9f663f30f888e571a9
2026-09-04 15:38:00.184615 INFO::Fitting model to feature number 886, X2fc8e7aa4d676eb8db3fba379bb407a2
2026-09-04 15:38:00.18701 INFO::Fitting model to feature number 887, X5295f710a2863493c3fa6f5d104b7f85
2026-09-04 15:38:00.18958 INFO::Fitting model to feature number 888, ebc2335e296915a462ee570d14cd35fa
2026-09-04 15:38:00.193515 INFO::Fitting model to feature number 889, X591bb8b8db6db69e0392bf36f03b2ce6
2026-09-04 15:38:00.197036 INFO::Fitting model to feature number 890, ff4a3ae241768379bc4514556b875686
2026-09-04 15:38:00.199485 INFO::Fitting model to feature number 891, X90f34e1613bb5bf8b9763f7e323e552f
2026-09-04 15:38:00.202943 INFO::Fitting model to feature number 892, X721a8ee417a9d9ea3fe7b063aa597142
2026-09-04 15:38:00.206209 INFO::Fitting model to feature number 893, d3910b9c4735c4eaf55a055b4c532791
2026-09-04 15:38:00.209423 INFO::Fitting model to feature number 894, dc855f2a83c54fc55b6f3247e637700a
2026-09-04 15:38:00.211931 INFO::Fitting model to feature number 895, X45136f2b52460b13f94fab4e2a6f2927
2026-09-04 15:38:00.214419 INFO::Fitting model to feature number 896, X08cc5ca9bbbb0709cef52dde95e762f2
2026-09-04 15:38:00.216788 INFO::Fitting model to feature number 897, X0e9d334f913b5ff2d32252ec7e90a28f
2026-09-04 15:38:00.220169 INFO::Fitting model to feature number 898, df7c51c0e41caf50f31ea564978884be
2026-09-04 15:38:00.223123 INFO::Fitting model to feature number 899, X2f660457bd1d8d841364e08e96507d08
2026-09-04 15:38:00.226107 INFO::Fitting model to feature number 900, X344d0da289e986bb5c7e86ee7a303bba
2026-09-04 15:38:00.228571 INFO::Fitting model to feature number 901, X5b3b0872d278327e82c4b8b55d328345
2026-09-04 15:38:00.230925 INFO::Fitting model to feature number 902, X834fecd04e0c10e062a4670d299032c8
2026-09-04 15:38:00.233291 INFO::Fitting model to feature number 903, X382df3e0baaef58683f1815a6dd0082f
2026-09-04 15:38:00.235902 INFO::Fitting model to feature number 904, c5f63d29f715d92a595cde36cccd6d9d
2026-09-04 15:38:00.243195 INFO::Fitting model to feature number 905, X4949fe0db03d05998d5074355e66760e
2026-09-04 15:38:00.24857 INFO::Fitting model to feature number 906, X27f246cd4fee5eefc5b9dbed86c802b1
2026-09-04 15:38:00.253026 INFO::Fitting model to feature number 907, X32fa7c5e6da905161f2039eb0820b697
2026-09-04 15:38:00.256487 INFO::Fitting model to feature number 908, c9ff625533f762323c7053f121cdc82e
2026-09-04 15:38:00.258915 INFO::Fitting model to feature number 909, X91d04e3057a53158682f8c3742e6266a
2026-09-04 15:38:00.26236 INFO::Fitting model to feature number 910, X6afcf78e594393c9bb308d83d2af83da
2026-09-04 15:38:00.26588 INFO::Fitting model to feature number 911, X8b21e9b07a620afad875efd5cf5cc17b
2026-09-04 15:38:00.270325 INFO::Fitting model to feature number 912, aadf15eecadb292d444c66b51235c196
2026-09-04 15:38:00.273477 INFO::Fitting model to feature number 913, ff61594f8ffc3973d7334ce2ee4ba2b4
2026-09-04 15:38:00.275747 INFO::Fitting model to feature number 914, X9630f9ee63cc0be75cd903690c6ea353
2026-09-04 15:38:00.277937 INFO::Fitting model to feature number 915, X93006e75c917df32eff6cbd0cffb9eb6
2026-09-04 15:38:00.279972 INFO::Fitting model to feature number 916, X5053463748a1c938b97aad055a1a60ee
2026-09-04 15:38:00.282054 INFO::Fitting model to feature number 917, X91271cec70efbcaa70a1b2a872daa868
2026-09-04 15:38:00.284074 INFO::Fitting model to feature number 918, f713c0d27d8b5150f0a673098cd96849
2026-09-04 15:38:00.287135 INFO::Fitting model to feature number 919, bb7baf8a4c7bc2c67cc9aa40e76e091d
2026-09-04 15:38:00.289831 INFO::Fitting model to feature number 920, fde8e84cce41b1ce4694d7b9a136fed0
2026-09-04 15:38:00.292828 INFO::Fitting model to feature number 921, X2081602c247656e13b84098f86f682fb
2026-09-04 15:38:00.295118 INFO::Fitting model to feature number 922, X609c7403d0fd197b074e66e173439e02
2026-09-04 15:38:00.297231 INFO::Fitting model to feature number 923, X27af17b435f0eaea0b8e0f73e1cea442
2026-09-04 15:38:00.299329 INFO::Fitting model to feature number 924, X2b940a1811eaa32c6f147a01244fc863
2026-09-04 15:38:00.301323 INFO::Fitting model to feature number 925, X9bb14823fcd15f4631be21a5676ec15b
2026-09-04 15:38:00.304416 INFO::Fitting model to feature number 926, df38aff51861c1ca55a59efc8c912829
2026-09-04 15:38:00.307376 INFO::Fitting model to feature number 927, X59a7053003c3ffe09bd78fe9cbf385fe
2026-09-04 15:38:00.310364 INFO::Fitting model to feature number 928, X9f6d159b725c97946de87efa3ca8ec22
2026-09-04 15:38:00.313114 INFO::Fitting model to feature number 929, d3044bc7906e44619e38b3948cb87158
2026-09-04 15:38:00.315373 INFO::Fitting model to feature number 930, X248d18115e231d93a1e297e4157fc0cd
2026-09-04 15:38:00.317588 INFO::Fitting model to feature number 931, aaa659efa323c1ef325a599d1de5b93a
2026-09-04 15:38:00.319745 INFO::Fitting model to feature number 932, X4a187e4af130163a1f52acc5346105aa
2026-09-04 15:38:00.324012 INFO::Fitting model to feature number 933, X4b28bc2eab2f36fc7b1491d84b591526
2026-09-04 15:38:00.327203 INFO::Fitting model to feature number 934, d284a43c85080ee7cba1cf0e98e25965
2026-09-04 15:38:00.329453 INFO::Fitting model to feature number 935, f682ab7ce14f68292ea45a066404b92e
2026-09-04 15:38:00.331652 INFO::Fitting model to feature number 936, X75b2350101f4e6a267bf7c81d37edab8
2026-09-04 15:38:00.333859 INFO::Fitting model to feature number 937, f888888f4cee84688d9a087f2ac4071a
2026-09-04 15:38:00.335926 INFO::Fitting model to feature number 938, ae41db21efccd214f0d96b1027c3c682
2026-09-04 15:38:00.338273 INFO::Fitting model to feature number 939, ff9757c22b00ea283f7e9f5bbf55a1aa
2026-09-04 15:38:00.341992 INFO::Fitting model to feature number 940, X53387e257ffc543c3c7bb27f25fe275a
2026-09-04 15:38:00.350935 INFO::Fitting model to feature number 941, X578cabc2ffdc8324871bfe6fcb86c8a9
2026-09-04 15:38:00.355823 INFO::Fitting model to feature number 942, X09d1d01a9f7d45ecaedc1f434b679511
2026-09-04 15:38:00.358419 INFO::Fitting model to feature number 943, X46ca724215b684917653e73ad6e0be40
2026-09-04 15:38:00.36083 INFO::Fitting model to feature number 944, X3e1e1c8c65e173b7d15a76db2f7d583f
2026-09-04 15:38:00.363373 INFO::Fitting model to feature number 945, X7284dcc43fa0de2c7b5f83027c1c74ee
2026-09-04 15:38:00.365941 INFO::Fitting model to feature number 946, X191a26e896934125154c050c0cea4a5d
2026-09-04 15:38:00.369731 INFO::Fitting model to feature number 947, X7c6817fe72989c261e31022911d55370
2026-09-04 15:38:00.372906 INFO::Fitting model to feature number 948, dbf6d7757be706cf55237aa9474e6fe2
2026-09-04 15:38:00.376678 INFO::Fitting model to feature number 949, X5b475b63021775ef8fb254c4390db9e6
2026-09-04 15:38:00.380355 INFO::Fitting model to feature number 950, d5ae6fac9ccc19b0fdb59ffb45ab3c5e
2026-09-04 15:38:00.383535 INFO::Fitting model to feature number 951, X4cbabcefe79806b5273823ebec22fb24
2026-09-04 15:38:00.386867 INFO::Fitting model to feature number 952, aa3b685972051a4b15173adc81d71667
2026-09-04 15:38:00.390331 INFO::Fitting model to feature number 953, X030df865d6a5b66005c10179478c26b7
2026-09-04 15:38:00.393143 INFO::Fitting model to feature number 954, X9d6427c97ea07c6303f0e3ff22d324ba
2026-09-04 15:38:00.395478 INFO::Fitting model to feature number 955, e8687bbe3687f97d9a858e4f2fac155b
2026-09-04 15:38:00.397463 INFO::Fitting model to feature number 956, b968fc1f8ed4d7fbacac9d1f3a23ffc4
2026-09-04 15:38:00.399445 INFO::Fitting model to feature number 957, X598fa45e5ef40e32afa32bd040009ad1
2026-09-04 15:38:00.401401 INFO::Fitting model to feature number 958, e38b7ae95345775d32afcf5aefaf7dcb
2026-09-04 15:38:00.403345 INFO::Fitting model to feature number 959, X0a662115d49f07130a6a8cc1f405d8e3
2026-09-04 15:38:00.405862 INFO::Fitting model to feature number 960, ad9480c98df5e0bb6467716fecb99efa
2026-09-04 15:38:00.408194 INFO::Fitting model to feature number 961, X5feaa88d4524bd064ae3f58d405ee1cc
2026-09-04 15:38:00.410263 INFO::Fitting model to feature number 962, a66008bd2ac2de565316b665c8449454
2026-09-04 15:38:00.412167 INFO::Fitting model to feature number 963, X8e1ff7c4049baa12ef832ccf23650c80
2026-09-04 15:38:00.414055 INFO::Fitting model to feature number 964, a3638e5a8bffb4368ccea337e4bf88bd
2026-09-04 15:38:00.416049 INFO::Fitting model to feature number 965, X0302b6711c3421fd4463c37658685463
2026-09-04 15:38:00.418155 INFO::Fitting model to feature number 966, e44c0dc26e57981a91a305cb77e9b4ff
2026-09-04 15:38:00.421126 INFO::Fitting model to feature number 967, X49dd13d9b323fe9e074eefde2bbcd317
2026-09-04 15:38:00.424994 INFO::Fitting model to feature number 968, c3d450e164208c4d08d63fc493183ad6
2026-09-04 15:38:00.428303 INFO::Fitting model to feature number 969, b0dbb8722e6bae57ffc2b42325d33a40
2026-09-04 15:38:00.43056 INFO::Fitting model to feature number 970, X427b8ead127fc0b334406fbaca3f38d7
2026-09-04 15:38:00.432589 INFO::Fitting model to feature number 971, ad2ba11296c74fbe8adc62ece4adccac
2026-09-04 15:38:00.434624 INFO::Fitting model to feature number 972, X8f66bab95993ad5364ec8c3deb7f9480
2026-09-04 15:38:00.436917 INFO::Fitting model to feature number 973, a65862dc95ce35a2f6a841e27cf89724
2026-09-04 15:38:00.439867 INFO::Fitting model to feature number 974, a5ce2abe540b5a1f42949458e9f06063
2026-09-04 15:38:00.442937 INFO::Fitting model to feature number 975, X05dd42226fdc6c0854bd8d9cc3e52450
2026-09-04 15:38:00.44523 INFO::Fitting model to feature number 976, d43baf388c0ea0a3d690bd849d779184
2026-09-04 15:38:00.447846 INFO::Fitting model to feature number 977, b85d3cde5385da34edb06e329bb376ca
2026-09-04 15:38:00.450111 INFO::Fitting model to feature number 978, X2bbe52154caa4c2adf279cb6aa9f2db5
2026-09-04 15:38:00.452735 INFO::Fitting model to feature number 979, X921a2b0bb1ce1f503c1470d851c9720e
2026-09-04 15:38:00.45975 INFO::Fitting model to feature number 980, d24ba3e2bca71e0ab8255a046debb2a6
2026-09-04 15:38:00.464821 INFO::Fitting model to feature number 981, c12f852b60667c53ae671fc9bf6fdb9f
2026-09-04 15:38:00.469064 INFO::Fitting model to feature number 982, X8ccc8f11f5fe0c96d4978db96c5a7278
2026-09-04 15:38:00.472387 INFO::Fitting model to feature number 983, X5178e9441cf8c8b2c71fabcd4068b15c
2026-09-04 15:38:00.475369 INFO::Fitting model to feature number 984, X789fd7219bb913aa0edeea9c040d3d06
2026-09-04 15:38:00.478303 INFO::Fitting model to feature number 985, d696e2436f2444624bcfcf3aa3e295dc
2026-09-04 15:38:00.481189 INFO::Fitting model to feature number 986, X5c4119c2af078778441726ad7e04a253
2026-09-04 15:38:00.484637 INFO::Fitting model to feature number 987, X9c0491930e9047cee7510b9abb802d5f
2026-09-04 15:38:00.487252 INFO::Fitting model to feature number 988, b054597b9a5cd68bc2e181e1c56be550
2026-09-04 15:38:00.490607 INFO::Fitting model to feature number 989, e23f13c4880a9bef120d582d3b9cc6f8
2026-09-04 15:38:00.494815 INFO::Fitting model to feature number 990, X589ec485d0d65062e45cc72b27c2fa31
2026-09-04 15:38:00.497209 INFO::Fitting model to feature number 991, b9e11fbffda936bdcd47766edbe0a271
2026-09-04 15:38:00.499595 INFO::Fitting model to feature number 992, f33d699ff38dbd7df406767cd6f880a6
2026-09-04 15:38:00.502069 INFO::Fitting model to feature number 993, X627752c11601f02b497de1725f018eff
2026-09-04 15:38:00.504478 INFO::Fitting model to feature number 994, X3b5aac656169e022a58179cd457209f5
2026-09-04 15:38:00.507633 INFO::Fitting model to feature number 995, X631302f2dc40df12cb9ce5b040e360d0
2026-09-04 15:38:00.509828 INFO::Fitting model to feature number 996, X1918ba0235c185f6e2a7668109e6cd5c
2026-09-04 15:38:00.511841 INFO::Fitting model to feature number 997, X9ef90d113cba29a6fa3666c185cb6bd8
2026-09-04 15:38:00.513803 INFO::Fitting model to feature number 998, X7f7f581b24451331c4f5dc0950c90ca9
2026-09-04 15:38:00.515581 INFO::Fitting model to feature number 999, a317a16b6d8047221b2fd8083bdfc0d8
2026-09-04 15:38:00.518145 INFO::Fitting model to feature number 1000, X8eb1aa0d5cbad21b5af75ec62e0604d0
2026-09-04 15:38:00.53339 INFO::Fitting model to feature number 1001, X47410b2b76ee24da9766c39ad2d67817
2026-09-04 15:38:00.536115 INFO::Fitting model to feature number 1002, X726a7a94581d1987e230ae082232763f
2026-09-04 15:38:00.538816 INFO::Fitting model to feature number 1003, X9910b78ecfcab8367a1b3ae162fb4cee
2026-09-04 15:38:00.54175 INFO::Fitting model to feature number 1004, X35c9f2904eb6080634ec9c50380f8805
2026-09-04 15:38:00.544276 INFO::Fitting model to feature number 1005, X78862a97f19271c27609cee73c7f4e00
2026-09-04 15:38:00.546673 INFO::Fitting model to feature number 1006, cb06a4bdf66bbe038337ac2fc29f2d8e
2026-09-04 15:38:00.54885 INFO::Fitting model to feature number 1007, X948ce947e78ef542e7f7bdacc4eb2bf7
2026-09-04 15:38:00.550861 INFO::Fitting model to feature number 1008, X106b7487135f87660fd21dff1dfffa47
2026-09-04 15:38:00.55279 INFO::Fitting model to feature number 1009, X6cec7d6ec86979f6d70772e889e5a82c
2026-09-04 15:38:00.554635 INFO::Fitting model to feature number 1010, X526e807ae8ae947088b46d18da832021
2026-09-04 15:38:00.557097 INFO::Fitting model to feature number 1011, fc3a34cff9107a3c336f3b3f00bfec3c
2026-09-04 15:38:00.559457 INFO::Fitting model to feature number 1012, X05005fbc7c9e19d2eee67a14ddc40ccb
2026-09-04 15:38:00.561545 INFO::Fitting model to feature number 1013, X20bb6193ca818a6990ce3dab2aecf241
2026-09-04 15:38:00.563624 INFO::Fitting model to feature number 1014, ee17b19acce0a45478f3c652a127e7a5
2026-09-04 15:38:00.565659 INFO::Fitting model to feature number 1015, X59481ceedcab178c028e0a4bee01db63
2026-09-04 15:38:00.567873 INFO::Fitting model to feature number 1016, X93af4828d984a5828524cfaed3e4706a
2026-09-04 15:38:00.575245 INFO::Fitting model to feature number 1017, X5c72bfc5c2c03f4ce353dab0ca1335e7
2026-09-04 15:38:00.581916 INFO::Fitting model to feature number 1018, X65524fbf0e3bbd4a2251655f81d4caeb
2026-09-04 15:38:00.586192 INFO::Fitting model to feature number 1019, X5b4006d0de913f6642cf183cb20be492
2026-09-04 15:38:00.588776 INFO::Fitting model to feature number 1020, a88a19c329baf8c273d8741211a68186
2026-09-04 15:38:00.591056 INFO::Fitting model to feature number 1021, ae3a0d1a42996c3597632985f8aaff20
2026-09-04 15:38:00.593223 INFO::Fitting model to feature number 1022, f86ab1314d983f8e2bbe1b89795fe084
2026-09-04 15:38:00.596498 INFO::Fitting model to feature number 1023, X9ce64039312dc43fcef8e394a080e541
2026-09-04 15:38:00.599081 INFO::Fitting model to feature number 1024, X8fff9594c4d5ba39d2b43e5be38fd7d8
2026-09-04 15:38:00.602067 INFO::Fitting model to feature number 1025, X8f51a564f763a2c7a93a85540c5763d2
2026-09-04 15:38:00.60577 INFO::Fitting model to feature number 1026, aa5b075f1c1755c7784c0b828843701d
2026-09-04 15:38:00.608403 INFO::Fitting model to feature number 1027, X9d18753af1ebe86aedaf2861a020392c
2026-09-04 15:38:00.610573 INFO::Fitting model to feature number 1028, ee511840be948d2330f213a1bb6428fd
2026-09-04 15:38:00.612637 INFO::Fitting model to feature number 1029, X1f173c4ad08d81a3fc0a29b873916aaa
2026-09-04 15:38:00.614683 INFO::Fitting model to feature number 1030, X66c75141b6cc5f29b38f794ad6433eef
2026-09-04 15:38:00.616956 INFO::Fitting model to feature number 1031, X957a525f57ea30f598c9cdafe5721781
2026-09-04 15:38:00.620698 INFO::Fitting model to feature number 1032, X9bc801f7a80ecd8428deaf488161f41a
2026-09-04 15:38:00.624069 INFO::Fitting model to feature number 1033, X8e244c5f638a5cefa21683dc026a8c35
2026-09-04 15:38:00.628508 INFO::Fitting model to feature number 1034, X9cf24ad9887eff6ca510f3629e38c25a
2026-09-04 15:38:00.63122 INFO::Fitting model to feature number 1035, c43ca33ddcf32345e699d8c2aaf25874
2026-09-04 15:38:00.634442 INFO::Fitting model to feature number 1036, X1d669aacc3d1cc0ab4ed1df1d2dcd103
2026-09-04 15:38:00.637496 INFO::Fitting model to feature number 1037, X8884593e6daeb04434eca7c7ea8728ce
2026-09-04 15:38:00.640963 INFO::Fitting model to feature number 1038, fbc3ff7feac681805484d8b755cc76a0
2026-09-04 15:38:00.644078 INFO::Fitting model to feature number 1039, X1bd4b3b01b4144a568fe250d4577f03f
2026-09-04 15:38:00.646493 INFO::Fitting model to feature number 1040, f51d7d86f0745a9d94f20d141552f940
2026-09-04 15:38:00.648803 INFO::Fitting model to feature number 1041, X8a9be522625d780ad4262efbc53eda02
2026-09-04 15:38:00.65119 INFO::Fitting model to feature number 1042, X617c4d6643d2bb0dcea81e5d72f301b0
2026-09-04 15:38:00.654352 INFO::Fitting model to feature number 1043, X39fd59fb6b1d1ca7580f5f4b0648e9bd
2026-09-04 15:38:00.657786 INFO::Fitting model to feature number 1044, X986f728809055958ffec6ad72a0470ff
2026-09-04 15:38:00.660522 INFO::Fitting model to feature number 1045, X018255ca7287be709143d4edee457b33
2026-09-04 15:38:00.663167 INFO::Fitting model to feature number 1046, X62cea00da56ed3ba471297766a0fb539
2026-09-04 15:38:00.665401 INFO::Fitting model to feature number 1047, X08c4cbab33c288015ae8edb5d04c5b95
2026-09-04 15:38:00.667888 INFO::Fitting model to feature number 1048, X0a77be2c8b8d52cc4541fd7f6081e3ae
2026-09-04 15:38:00.670351 INFO::Fitting model to feature number 1049, c8d3af993be54dc5356ff8798580ac91
2026-09-04 15:38:00.672679 INFO::Fitting model to feature number 1050, X6e9509e5cc965b817c9e811c040ae49c
2026-09-04 15:38:00.675887 INFO::Fitting model to feature number 1051, a60edcd9947213e9b1a06066205fc4af
2026-09-04 15:38:00.678121 INFO::Fitting model to feature number 1052, b47920da5592b397004ae53c52cbee5c
2026-09-04 15:38:00.680311 INFO::Fitting model to feature number 1053, X3e95ce43a56e9ceb73d63216bb9ed795
2026-09-04 15:38:00.682535 INFO::Fitting model to feature number 1054, b8ab68cf2ce6ea4dc56ab0eea12a3c87
2026-09-04 15:38:00.684828 INFO::Fitting model to feature number 1055, X29d080efbd9042a91d24262bc7b6c297
2026-09-04 15:38:00.689189 INFO::Fitting model to feature number 1056, fc27c909d92c30000f2fce40bdda1cf7
2026-09-04 15:38:00.69419 INFO::Fitting model to feature number 1057, X174cee293f6698abe1aadb77ba2d31d4
2026-09-04 15:38:00.698365 INFO::Fitting model to feature number 1058, e7a22e820e63b39344f5ffdeb2d9e040
2026-09-04 15:38:00.70291 INFO::Fitting model to feature number 1059, cce881e5f347fc79d73c2d886bc6aaf1
2026-09-04 15:38:00.706197 INFO::Fitting model to feature number 1060, X1f3691f5d2bb06e49f0c0c7b0d1fe1ae
2026-09-04 15:38:00.709406 INFO::Fitting model to feature number 1061, X81703e7ea9070f5db356c359ddd4731e
2026-09-04 15:38:00.712586 INFO::Fitting model to feature number 1062, X1406cab91377de7a3ba021fc160fc8d6
2026-09-04 15:38:00.715779 INFO::Fitting model to feature number 1063, X60a19e40f5c622def9527f1574a46077
2026-09-04 15:38:00.720241 INFO::Fitting model to feature number 1064, X395a88a00302383f951cfa297e8f0f66
2026-09-04 15:38:00.724411 INFO::Fitting model to feature number 1065, a1d862e2bef75265c5950af85e2381a9
2026-09-04 15:38:00.728621 INFO::Fitting model to feature number 1066, X85a2838176a44416fb97822da4d8ed58
2026-09-04 15:38:00.73124 INFO::Fitting model to feature number 1067, X6705ed0ba04cdc178b1198ee82ffeab5
2026-09-04 15:38:00.733674 INFO::Fitting model to feature number 1068, c6869088b31c942ab8f76dc35cc334ff
2026-09-04 15:38:00.735828 INFO::Fitting model to feature number 1069, X1f3e0e00723a8b239da5ee4874e79498
2026-09-04 15:38:00.737922 INFO::Fitting model to feature number 1070, X1d2900cdf7b591798cced5d7d2989635
2026-09-04 15:38:00.740927 INFO::Fitting model to feature number 1071, X0b7ee59778fc8e0377f8091c86b4f678
2026-09-04 15:38:00.743211 INFO::Fitting model to feature number 1072, adac632de09439e770c9c543ca1bbffb
2026-09-04 15:38:00.745374 INFO::Fitting model to feature number 1073, X57b95a28e499db839fc745b99d80e1f9
2026-09-04 15:38:00.747429 INFO::Fitting model to feature number 1074, a72cde1efc60babd2f3a54f2bb599e09
2026-09-04 15:38:00.749597 INFO::Fitting model to feature number 1075, cb1996f51e74bdc72dfa8cbdce0c3cdb
2026-09-04 15:38:00.752029 INFO::Fitting model to feature number 1076, X018cc7a3512361b8033ef3e1235f3380
2026-09-04 15:38:00.755132 INFO::Fitting model to feature number 1077, X869778ce835a1bca866993c3b2bec4f2
2026-09-04 15:38:00.758461 INFO::Fitting model to feature number 1078, X9e1f9f747807bfb1b7eb38abe5018c13
2026-09-04 15:38:00.760692 INFO::Fitting model to feature number 1079, X2e2d0d2f648a8ce511450a4df9c71794
2026-09-04 15:38:00.76259 INFO::Fitting model to feature number 1080, aa1abef6b8e7b16b073b699fb7405082
2026-09-04 15:38:00.764425 INFO::Fitting model to feature number 1081, X57de41bfc579555d2b49c1318fa5b98d
2026-09-04 15:38:00.766401 INFO::Fitting model to feature number 1082, a70b8ee02e5e6777c5d09ca1bfb7a0a3
2026-09-04 15:38:00.768267 INFO::Fitting model to feature number 1083, X276d6a9ec6f8d79174bd465f2fd18328
2026-09-04 15:38:00.770862 INFO::Fitting model to feature number 1084, a009363a6f1bbd2de9b3862611a5f465
2026-09-04 15:38:00.774091 INFO::Fitting model to feature number 1085, d513e452420cfc3cb7bd4040afee7b4b
2026-09-04 15:38:00.777128 INFO::Fitting model to feature number 1086, X776a1afc996cf87472d6f8f8e4d8f85d
2026-09-04 15:38:00.779601 INFO::Fitting model to feature number 1087, X05969244ae4242e689ad0b4ea340fb32
2026-09-04 15:38:00.781848 INFO::Fitting model to feature number 1088, X9522914cf64d80e85017ff713157ceb0
2026-09-04 15:38:00.783986 INFO::Fitting model to feature number 1089, X8ebe6251e8fbcc226351c3df5884798b
2026-09-04 15:38:00.786043 INFO::Fitting model to feature number 1090, X7803d1d2e9430ff918777e720a20dd98
2026-09-04 15:38:00.788036 INFO::Fitting model to feature number 1091, e4e38e27fbeb070cf3dd6c66e4af390b
2026-09-04 15:38:00.79125 INFO::Fitting model to feature number 1092, X504446600d9c791a1ab6c262ac0ae158
2026-09-04 15:38:00.793587 INFO::Fitting model to feature number 1093, X371b256fd6fe4403cd6d11351c0b8eaa
2026-09-04 15:38:00.795652 INFO::Fitting model to feature number 1094, X2204807b0c60652d5eca8b7e8680c637
2026-09-04 15:38:00.797677 INFO::Fitting model to feature number 1095, b742d2c5dc2d56380a963392a7e31ede
2026-09-04 15:38:00.799725 INFO::Fitting model to feature number 1096, X25c2a523e62ce2efdbcf4f66f8ec1697
2026-09-04 15:38:00.801902 INFO::Fitting model to feature number 1097, X1992493418215760960c2fa2f7d391b8
2026-09-04 15:38:00.804734 INFO::Fitting model to feature number 1098, X125fd13beded469cd0956fa00aab7082
2026-09-04 15:38:00.80788 INFO::Fitting model to feature number 1099, e710b8ac685f11cc7c09374158f8e5f0
2026-09-04 15:38:00.812171 INFO::Fitting model to feature number 1100, X6a9556dc96fe357dd004b6f16a002572
2026-09-04 15:38:00.815508 INFO::Fitting model to feature number 1101, X1d2a2e9bf981dff3aa4c2161e2c723c6
2026-09-04 15:38:00.817996 INFO::Fitting model to feature number 1102, X7dbcb7c35ef5f66a531b5a2bcde8ac96
2026-09-04 15:38:00.820419 INFO::Fitting model to feature number 1103, X3e81313d807b5dcbd1733917ccfd4dda
2026-09-04 15:38:00.822998 INFO::Fitting model to feature number 1104, X504fc4ef167fb40c6d6ab62ce9b4b1e1
2026-09-04 15:38:00.832616 INFO::Fitting model to feature number 1105, a0aff308fbdbad79f16ee571a7caa033
2026-09-04 15:38:00.837957 INFO::Fitting model to feature number 1106, aa9079117b94958f5f0912b6861fa5d2
2026-09-04 15:38:00.840655 INFO::Fitting model to feature number 1107, b02d4c61cb4eb1e4f68ffbb01fe36981
2026-09-04 15:38:00.843254 INFO::Fitting model to feature number 1108, X8aae9e23ed46e8e376be6dd990cf0ad4
2026-09-04 15:38:00.846667 INFO::Fitting model to feature number 1109, X4019c094da1212af99ed3dce8d950f4f
2026-09-04 15:38:00.849282 INFO::Fitting model to feature number 1110, dc5eed5732641bb399783fbc2316b873
2026-09-04 15:38:00.851178 INFO::Fitting model to feature number 1111, c54c79f16daa3faf8bb7b1b1e427840c
2026-09-04 15:38:00.853127 INFO::Fitting model to feature number 1112, e8f2e18ef1bee75aaa8f0b2445249e19
2026-09-04 15:38:00.855066 INFO::Fitting model to feature number 1113, X01487c30cce81a4d51bf50bc0a4a4d9c
2026-09-04 15:38:00.858053 INFO::Fitting model to feature number 1114, X176755d57d04a92586f9fa5803b9992e
2026-09-04 15:38:00.860963 INFO::Fitting model to feature number 1115, X38347ddf4838b66ee2500f3a03790f41
2026-09-04 15:38:00.863252 INFO::Fitting model to feature number 1116, be8c43432dd59d95e4ed97d23a751395
2026-09-04 15:38:00.865308 INFO::Fitting model to feature number 1117, X869cc7db0184c6dbd7e437974bcfb99e
2026-09-04 15:38:00.867283 INFO::Fitting model to feature number 1118, X50b73452066a9d60390e33f6e56fc8a5
2026-09-04 15:38:00.869338 INFO::Fitting model to feature number 1119, X93afba93bc36d98f9c6a31e4514a8163
2026-09-04 15:38:00.871509 INFO::Fitting model to feature number 1120, X3d1c06be8a866a13307610746a606b8a
2026-09-04 15:38:00.875533 INFO::Fitting model to feature number 1121, X61ed6ce1622d7abc236fcb34e383b9df
2026-09-04 15:38:00.877886 INFO::Fitting model to feature number 1122, X007d4b40d9694fa55d876daeac9a79df
2026-09-04 15:38:00.880208 INFO::Fitting model to feature number 1123, e30f2240792c6b70b56bf50df34be4b6
2026-09-04 15:38:00.882794 INFO::Fitting model to feature number 1124, f9491c3e6b9696bee439b98d32336180
2026-09-04 15:38:00.88474 INFO::Fitting model to feature number 1125, X6ef0ba7972a3d850ab53b4cff1ecc30a
2026-09-04 15:38:00.886655 INFO::Fitting model to feature number 1126, X0fd35b5eb1fa4701fd522ccabe44cffc
2026-09-04 15:38:00.888588 INFO::Fitting model to feature number 1127, X06028aaf94db096f4968a6de6226b4e2
2026-09-04 15:38:00.892564 INFO::Fitting model to feature number 1128, X985f991371226b17ab215afab408c39d
2026-09-04 15:38:00.894975 INFO::Fitting model to feature number 1129, ee81ff6b5c3eca7e14f53f92e2da9103
2026-09-04 15:38:00.897511 INFO::Fitting model to feature number 1130, X38329f153e46c35cf169cc509224ebaf
2026-09-04 15:38:00.899906 INFO::Fitting model to feature number 1131, X97cc73525171abbbe3f8e027650879fd
2026-09-04 15:38:00.902938 INFO::Fitting model to feature number 1132, X38024a020604dc0a8e7c86518a57d544
2026-09-04 15:38:00.907124 INFO::Fitting model to feature number 1133, X245afdb90d812b11c5cd24eadd7cef01
2026-09-04 15:38:00.911252 INFO::Fitting model to feature number 1134, ab12eb33327a6bf5ca58d8ef6bd91677
2026-09-04 15:38:00.916236 INFO::Fitting model to feature number 1135, X1e8e5e40c5cbe03a25d5c4a0e2d4c927
2026-09-04 15:38:00.92102 INFO::Fitting model to feature number 1136, cdad6b220d18ad44492a91bb0448c2c8
2026-09-04 15:38:00.924834 INFO::Fitting model to feature number 1137, f74e88ba08bb806c5184a2131f56ddea
2026-09-04 15:38:00.928868 INFO::Fitting model to feature number 1138, baf36ce8683c1f48dbf354478ef976af
2026-09-04 15:38:00.932681 INFO::Fitting model to feature number 1139, X741a3a9f2cd63e112ee051e45ff6a6eb
2026-09-04 15:38:00.936514 INFO::Fitting model to feature number 1140, c191261eecdb2363498ade5aaa7c186a
2026-09-04 15:38:00.939813 INFO::Fitting model to feature number 1141, d995ad7e73b6423e5de694a241b24079
2026-09-04 15:38:00.944055 INFO::Fitting model to feature number 1142, X41d8bd5200e81539cb8a805d099acca3
2026-09-04 15:38:00.947031 INFO::Fitting model to feature number 1143, X6f7da6d62ca47bbc3f1dbec7f3c519a8
2026-09-04 15:38:00.949421 INFO::Fitting model to feature number 1144, X68bbfe2cea6bebcf605b5e3a0260eec7
2026-09-04 15:38:00.951798 INFO::Fitting model to feature number 1145, X90993ec39bf291c0f7b6f220daf66b6a
2026-09-04 15:38:00.954077 INFO::Fitting model to feature number 1146, X6a514d34d52a523e5f30beaba370f708
2026-09-04 15:38:00.956443 INFO::Fitting model to feature number 1147, X5a74db6cdc06a2c143f0f054a65f5e00
2026-09-04 15:38:00.958744 INFO::Fitting model to feature number 1148, X97f2f203c47b98f55c07f1c82e7164a8
2026-09-04 15:38:00.962013 INFO::Fitting model to feature number 1149, X060d60a51b1677ff11532825c4fee796
2026-09-04 15:38:00.964564 INFO::Fitting model to feature number 1150, X153b706dc39620f464baf39da352cc57
2026-09-04 15:38:00.966807 INFO::Fitting model to feature number 1151, X3b32c0a44eac87a52476eb3b8f04e215
2026-09-04 15:38:00.969001 INFO::Fitting model to feature number 1152, X262e3ade3b1ae7c292c93b0178862679
2026-09-04 15:38:00.971138 INFO::Fitting model to feature number 1153, X19ca26d8259240ea391ed8b914b35e56
2026-09-04 15:38:00.973491 INFO::Fitting model to feature number 1154, a23a8e391c9817d021d1911b1a758b97
2026-09-04 15:38:00.976043 INFO::Fitting model to feature number 1155, c814f16ff326fbb584191065487c8abf
2026-09-04 15:38:00.978491 INFO::Fitting model to feature number 1156, X3f79eecaccd816b169cdccf82b6a4df2
2026-09-04 15:38:00.980647 INFO::Fitting model to feature number 1157, X576cc7266eee8245d7f063a782499619
2026-09-04 15:38:00.982872 INFO::Fitting model to feature number 1158, X9cdc2384084acd3e75e3b664d9b32f64
2026-09-04 15:38:00.985006 INFO::Fitting model to feature number 1159, ada96023a56499c8a6d97eb47eaedfee
2026-09-04 15:38:00.987111 INFO::Fitting model to feature number 1160, X669b174a4891bcc781774720495d7895
2026-09-04 15:38:00.989307 INFO::Fitting model to feature number 1161, X784170b1b453d1178247da8c3928139f
2026-09-04 15:38:00.991752 INFO::Fitting model to feature number 1162, X542daaf55619562eee4302a2341de57f
2026-09-04 15:38:00.994034 INFO::Fitting model to feature number 1163, X18ed2bd742600b9cbb98463c47929420
2026-09-04 15:38:00.996149 INFO::Fitting model to feature number 1164, ec159155f5070da81cea4db2782b2fb4
2026-09-04 15:38:00.998196 INFO::Fitting model to feature number 1165, X99ab4d49d5793fe65a88a0b67daa05fc
2026-09-04 15:38:01.00028 INFO::Fitting model to feature number 1166, X5902b976696037e7a983900e92933d34
2026-09-04 15:38:01.002333 INFO::Fitting model to feature number 1167, X2230a611b5446444fc86fa3be6b3e84e
2026-09-04 15:38:01.004423 INFO::Fitting model to feature number 1168, ea4ffb93b25f4719ae273ed8239279f9
2026-09-04 15:38:01.012419 INFO::Fitting model to feature number 1169, de8ad47c92c3af3d78ddb1672ca0a06e
2026-09-04 15:38:01.017311 INFO::Fitting model to feature number 1170, X9a0231d0c3bbf229f3f5c1dc21907e58
2026-09-04 15:38:01.021816 INFO::Fitting model to feature number 1171, a72f9cdd7da6834e54f8810659e51943
2026-09-04 15:38:01.024921 INFO::Fitting model to feature number 1172, ec624f757380fc47e78ad2a090d6dcbc
2026-09-04 15:38:01.027963 INFO::Fitting model to feature number 1173, X710ce684c65361504403d8cd2d841fa8
2026-09-04 15:38:01.030818 INFO::Fitting model to feature number 1174, a72fbf030d1d58526f8a4ff1042816e9
2026-09-04 15:38:01.033043 INFO::Fitting model to feature number 1175, X6d551d61633c9ec386c192f03bb931c4
2026-09-04 15:38:01.035145 INFO::Fitting model to feature number 1176, X100c2a43ee71e19b2d15def65bbbddf1
2026-09-04 15:38:01.037233 INFO::Fitting model to feature number 1177, X459efdcdf6b61c9966c8261abe31d692
2026-09-04 15:38:01.039606 INFO::Fitting model to feature number 1178, X229f0f1aad5e0fad07fc975fe4645a95
2026-09-04 15:38:01.04271 INFO::Fitting model to feature number 1179, aab0d6c7f52e60a829fc1342ec036ca5
2026-09-04 15:38:01.045906 INFO::Fitting model to feature number 1180, e36abf8dae2cc4c40613bde27cbd5dfa
2026-09-04 15:38:01.048266 INFO::Fitting model to feature number 1181, ed59f72e69215cd9dc582ed9cf1928b5
2026-09-04 15:38:01.050452 INFO::Fitting model to feature number 1182, X931c681f98c83cc6cfa618cafba4ce14
2026-09-04 15:38:01.052417 INFO::Fitting model to feature number 1183, f53b33bd3d2753c5781bd871f0b909ff
2026-09-04 15:38:01.054293 INFO::Fitting model to feature number 1184, f1fa467d2f6f9b26d5c605bd22235d47
2026-09-04 15:38:01.05656 INFO::Fitting model to feature number 1185, d41d405ac891a5de15b14cb4dbd6c846
2026-09-04 15:38:01.058684 INFO::Fitting model to feature number 1186, X4b9f857eb345240da916661c1a2b8609
2026-09-04 15:38:01.060703 INFO::Fitting model to feature number 1187, bd74f28f2bffe2759aaec0aadf348b7c
2026-09-04 15:38:01.062696 INFO::Fitting model to feature number 1188, e2d59cd304f40b1a8a42c6453f74cb17
2026-09-04 15:38:01.064665 INFO::Fitting model to feature number 1189, X02b2a28911205f1c76d4d26c6959b38f
2026-09-04 15:38:01.066666 INFO::Fitting model to feature number 1190, X8b3cd304d438f52eb5ef55332df50d3c
2026-09-04 15:38:01.068982 INFO::Fitting model to feature number 1191, X8ba569af9f86cc4bc47a2006f712d4a4
2026-09-04 15:38:01.072339 INFO::Fitting model to feature number 1192, X9e0db80f069c4ed4af1e39f08c49a1ff
2026-09-04 15:38:01.076271 INFO::Fitting model to feature number 1193, X96730263ca104bafb3991d0bea756708
2026-09-04 15:38:01.079188 INFO::Fitting model to feature number 1194, X4354c53238ab695e6751f2f3bf5789d8
2026-09-04 15:38:01.081742 INFO::Fitting model to feature number 1195, eeb8346144c51998c89a93b2360c4a36
2026-09-04 15:38:01.084517 INFO::Fitting model to feature number 1196, X5b30634d999cb0e8ddb44af415e927ca
2026-09-04 15:38:01.086903 INFO::Fitting model to feature number 1197, X1e3b18ad34eaa30e3f09fbebcc9c0828
2026-09-04 15:38:01.089257 INFO::Fitting model to feature number 1198, X353fd21bbe577b239728d48490052324
2026-09-04 15:38:01.092139 INFO::Fitting model to feature number 1199, X0e41f8b37cf8bb646fa840984726b47f
2026-09-04 15:38:01.094553 INFO::Fitting model to feature number 1200, X609170e64cd103eb09eb3a2bdebbf018
2026-09-04 15:38:01.096898 INFO::Fitting model to feature number 1201, a07bead8269358c612b6f4f5e57ed03f
2026-09-04 15:38:01.099185 INFO::Fitting model to feature number 1202, X8d22d93db74dc7edc74caf3f1cda1d87
2026-09-04 15:38:01.101386 INFO::Fitting model to feature number 1203, X319aab5b67538c018b47b24b49ff3bfc
2026-09-04 15:38:01.10358 INFO::Fitting model to feature number 1204, X4c43948937b9d0fed28beda09ad518f4
2026-09-04 15:38:01.109969 INFO::Fitting model to feature number 1205, X83747839129954a6f9a64ce6dc274b06
2026-09-04 15:38:01.115596 INFO::Fitting model to feature number 1206, X490f7022ae9936cc74482d629b706226
2026-09-04 15:38:01.119636 INFO::Fitting model to feature number 1207, X5f2fdd0b1f56d0c553671a537b93c28a
2026-09-04 15:38:01.122504 INFO::Fitting model to feature number 1208, X59da3ba21971969e8d421010ad4e2442
2026-09-04 15:38:01.124924 INFO::Fitting model to feature number 1209, X5831990e19d088be53719b143f7860e6
2026-09-04 15:38:01.127203 INFO::Fitting model to feature number 1210, c3ff5c573fb0e919a4b6e39d5db06dd8
2026-09-04 15:38:01.129456 INFO::Fitting model to feature number 1211, X9302518dc0f83dcb8115a0da465ef86b
2026-09-04 15:38:01.131795 INFO::Fitting model to feature number 1212, ffcecb25784e016f346eb481a85629d4
2026-09-04 15:38:01.134113 INFO::Fitting model to feature number 1213, X9183f8ac285a9ec9b92fa589bbd3de8d
2026-09-04 15:38:01.13742 INFO::Fitting model to feature number 1214, ee330423dab94f8ea27d37f7a51a7ab7
2026-09-04 15:38:01.141323 INFO::Fitting model to feature number 1215, X93cc5ea790525e0577db4007eeb52d35
2026-09-04 15:38:01.144878 INFO::Fitting model to feature number 1216, fb628452acba4e1e92082e75d04b7604
2026-09-04 15:38:01.148398 INFO::Fitting model to feature number 1217, X422fe2a2cc35897b9637ead59defb071
2026-09-04 15:38:01.150713 INFO::Fitting model to feature number 1218, X2b807bb767b034a5b3f6170f3e6c15e6
2026-09-04 15:38:01.152853 INFO::Fitting model to feature number 1219, c39ea129388a077989abed2081b5fe88
2026-09-04 15:38:01.155111 INFO::Fitting model to feature number 1220, f79217c4b280d1253ae23f419495d4e8
2026-09-04 15:38:01.157485 INFO::Fitting model to feature number 1221, X4449b17589a37c0ce7471a656c28168f
2026-09-04 15:38:01.160861 INFO::Fitting model to feature number 1222, a5d55d5ad4853e30e4f801023e11f3c1
2026-09-04 15:38:01.163766 INFO::Fitting model to feature number 1223, X742cc5079aa1565c7962b2f1a3b6cb4e
2026-09-04 15:38:01.166233 INFO::Fitting model to feature number 1224, X03ff4389751571679d504b8b37d762d1
2026-09-04 15:38:01.168825 INFO::Fitting model to feature number 1225, X447fafcd4605f30e0e711a9b948cdcaf
2026-09-04 15:38:01.171227 INFO::Fitting model to feature number 1226, f4667215c7b7194e69731dadb04fcc35
2026-09-04 15:38:01.173729 INFO::Fitting model to feature number 1227, X0b4594a531f9af29b10deb5f966a6987
2026-09-04 15:38:01.176663 INFO::Fitting model to feature number 1228, X0c547f558c7b4df083b47ff27fa3d3a2
2026-09-04 15:38:01.178971 INFO::Fitting model to feature number 1229, X72da9bd2dac35c1c366f11e4e243b498
2026-09-04 15:38:01.181206 INFO::Fitting model to feature number 1230, X9357a54bfc51c5bf17b0f513c967efd0
2026-09-04 15:38:01.183487 INFO::Fitting model to feature number 1231, X2fa2dc6154f7245a709e8743261f20ec
2026-09-04 15:38:01.185706 INFO::Fitting model to feature number 1232, e75ceab0dea79dd73f76041a764688c1
2026-09-04 15:38:01.188162 INFO::Fitting model to feature number 1233, bf4cad5efdc02f2652b28b45910a712c
2026-09-04 15:38:01.1915 INFO::Fitting model to feature number 1234, X4c5d9a2d50929ad6a992c966b9d1694f
2026-09-04 15:38:01.194794 INFO::Fitting model to feature number 1235, e06dac8797c611f807d59a8977fe405c
2026-09-04 15:38:01.197247 INFO::Fitting model to feature number 1236, X6d04de8cc4a1df332a852fd85ce91f75
2026-09-04 15:38:01.199527 INFO::Fitting model to feature number 1237, X919391e8ecf220e459ce0ceb45c47428
2026-09-04 15:38:01.20176 INFO::Fitting model to feature number 1238, X8c7e73284af4da78355fb99eb86372f4
2026-09-04 15:38:01.204015 INFO::Fitting model to feature number 1239, X2214099515b01034cfcd604b413c5df3
2026-09-04 15:38:01.207057 INFO::Fitting model to feature number 1240, X45a983ba4ef3482d3cb06c3cf166f991
2026-09-04 15:38:01.210804 INFO::Fitting model to feature number 1241, edab60a0874cc7cdbd6b175d7c0e57da
2026-09-04 15:38:01.214995 INFO::Fitting model to feature number 1242, fb98d9d8aa92f0e970cb70c080580bd7
2026-09-04 15:38:01.219507 INFO::Fitting model to feature number 1243, cecad6155886fdcc1170a958b914c687
2026-09-04 15:38:01.235269 INFO::Fitting model to feature number 1244, X1f3719dee285b2b4d5a72defe8ad0b6f
2026-09-04 15:38:01.237946 INFO::Fitting model to feature number 1245, cc098a451984bb7d5258610536487e6b
2026-09-04 15:38:01.241063 INFO::Fitting model to feature number 1246, fa3aa87624dada95d7bc5baa91eeefcc
2026-09-04 15:38:01.244128 INFO::Fitting model to feature number 1247, cb524ac73dd4d0d36b6f99b4629a18c0
2026-09-04 15:38:01.246577 INFO::Fitting model to feature number 1248, X0830b68bd49f97e71badf1a0ff2312c1
2026-09-04 15:38:01.249086 INFO::Fitting model to feature number 1249, f77b6d08afc43cb826f8b96dbbcc2033
2026-09-04 15:38:01.251403 INFO::Fitting model to feature number 1250, X1a9fe0c37a5ef71705c7772f7c123588
2026-09-04 15:38:01.253729 INFO::Fitting model to feature number 1251, X4a6654db0e78cf338a12f9b2dfcff522
2026-09-04 15:38:01.256283 INFO::Fitting model to feature number 1252, X9c68328908f8c2cb4ba7f4c10f0eb222
2026-09-04 15:38:01.258771 INFO::Fitting model to feature number 1253, ee71fc241e86b6d08cd74a1ce41e8548
2026-09-04 15:38:01.26199 INFO::Fitting model to feature number 1254, X1182e68256c255ece7c7071bc2ace6d9
2026-09-04 15:38:01.264809 INFO::Fitting model to feature number 1255, X7543dfc3773ffdd05415377bf0b81dbe
2026-09-04 15:38:01.267839 INFO::Fitting model to feature number 1256, d548f98705e78bebf316414c2a5e9d98
2026-09-04 15:38:01.272038 INFO::Fitting model to feature number 1257, f5e1813bd29d2dfa1239982f374b7616
2026-09-04 15:38:01.274996 INFO::Fitting model to feature number 1258, X77112dc05174d9e7f1eb82817b2c6220
2026-09-04 15:38:01.277324 INFO::Fitting model to feature number 1259, b34449e7ac6bde54616af2f1263133e6
2026-09-04 15:38:01.279532 INFO::Fitting model to feature number 1260, X5fab9a5013c9ed33f763892b51dc2d3f
2026-09-04 15:38:01.294105 INFO::Fitting model to feature number 1261, X5f78e404ee15aa019b6e457dfbf23976
2026-09-04 15:38:01.29687 INFO::Fitting model to feature number 1262, bc1af3607ef8780ce9550e1d6a2923f9
2026-09-04 15:38:01.299315 INFO::Fitting model to feature number 1263, X859b3c7c3c892ff654d71b1a4f5616d9
2026-09-04 15:38:01.301623 INFO::Fitting model to feature number 1264, f08922dbd47005a8535f7965ce212e21
2026-09-04 15:38:01.303796 INFO::Fitting model to feature number 1265, X8fdf2422d7f1da92c7b91f0751a324fb
2026-09-04 15:38:01.306267 INFO::Fitting model to feature number 1266, e0b22c74d5c166712e77a5d054f01c1c
2026-09-04 15:38:01.309675 INFO::Fitting model to feature number 1267, X951d9e8fd2bb2f6277be8792442c58c1
2026-09-04 15:38:01.312499 INFO::Fitting model to feature number 1268, X70cfd8ae387b5123aa9ce313aafb6985
2026-09-04 15:38:01.314818 INFO::Fitting model to feature number 1269, c9f1ce70b80baad0ea9f9cdc6db6a53d
2026-09-04 15:38:01.317036 INFO::Fitting model to feature number 1270, a366481639eedb8b0f7f0931e4689899
2026-09-04 15:38:01.319307 INFO::Fitting model to feature number 1271, ba5dc2aa80c38c642dcbf7b13573e0af
2026-09-04 15:38:01.322048 INFO::Fitting model to feature number 1272, X92ab2c8ad72bc68572a03bbea1033eeb
2026-09-04 15:38:01.325295 INFO::Fitting model to feature number 1273, X2d5737c747c7b3ef5ab09216258dcf34
2026-09-04 15:38:01.328074 INFO::Fitting model to feature number 1274, baa1f3c388ef92a335c3759695abbf63
2026-09-04 15:38:01.330234 INFO::Fitting model to feature number 1275, X438e265fb5bb7d32142cde41871400b5
2026-09-04 15:38:01.332231 INFO::Fitting model to feature number 1276, X6e698f7d7362b51dd95c2b5cd10e6f6a
2026-09-04 15:38:01.334073 INFO::Fitting model to feature number 1277, X3fc2a13eab9269ca3d9d83c0e19ddd25
2026-09-04 15:38:01.335883 INFO::Fitting model to feature number 1278, X7109b433163f6a01631b5d15d0401bc9
2026-09-04 15:38:01.337678 INFO::Fitting model to feature number 1279, b1875574a36bcbb5247e65d0fa09c890
2026-09-04 15:38:01.340288 INFO::Fitting model to feature number 1280, X5ba0845ced0655dd01b64b0e72259de7
2026-09-04 15:38:01.342435 INFO::Fitting model to feature number 1281, bb7005807c21794e615dc81c2677bf17
2026-09-04 15:38:01.344398 INFO::Fitting model to feature number 1282, X605d9cdb3db925f292fbd97c53837837
2026-09-04 15:38:01.346328 INFO::Fitting model to feature number 1283, X39c30c53d754b60f1cc44c01bf235243
2026-09-04 15:38:01.348247 INFO::Fitting model to feature number 1284, X75c70d00252c9a612191a90d5ce3ac7a
2026-09-04 15:38:01.350158 INFO::Fitting model to feature number 1285, X9b2afb5dc1633a1864a599769e736c32
2026-09-04 15:38:01.352182 INFO::Fitting model to feature number 1286, X05b35a4bbf1ee4b2098f28d2f722caaa
2026-09-04 15:38:01.354298 INFO::Fitting model to feature number 1287, X592b4e82a3096f3fbf166f645b5ad422
2026-09-04 15:38:01.356958 INFO::Fitting model to feature number 1288, eadc948ef3576b2f2df0be2120a9a7d1
2026-09-04 15:38:01.359576 INFO::Fitting model to feature number 1289, eb73aac3aa795a34035936b9a281cd93
2026-09-04 15:38:01.363964 INFO::Fitting model to feature number 1290, a52cb777310616d82a06843afe12cdf6
2026-09-04 15:38:01.368182 INFO::Fitting model to feature number 1291, a925f078b34542a7e2745ffde41a3e2c
2026-09-04 15:38:01.373984 INFO::Fitting model to feature number 1292, ef39b6d9edaac95667c91740a755adfa
2026-09-04 15:38:01.376672 INFO::Fitting model to feature number 1293, X53f07f8bd54130a8af7977a20d1cf78a
2026-09-04 15:38:01.379219 INFO::Fitting model to feature number 1294, d410143c4dd12a8a9f584f007f7cb72a
2026-09-04 15:38:01.381618 INFO::Fitting model to feature number 1295, e0c4a345382c1b00b71c37cf7af0672b
2026-09-04 15:38:01.384101 INFO::Fitting model to feature number 1296, X6ef19c53611505ed27fa12c9ec3d242f
2026-09-04 15:38:01.386287 INFO::Fitting model to feature number 1297, X30575c727189662cb34e85abb9c2fec9
2026-09-04 15:38:01.388506 INFO::Fitting model to feature number 1298, X02207ddcaca52b8fa936f59ce92b3fbc
2026-09-04 15:38:01.390746 INFO::Fitting model to feature number 1299, d436efdbda238017e4ef498dd05e6aee
2026-09-04 15:38:01.392961 INFO::Fitting model to feature number 1300, a951e9a2944330a971325f5906d10d40
2026-09-04 15:38:01.397227 INFO::Fitting model to feature number 1301, e4a3d9d5dfd30a8d66dade955b16db6e
2026-09-04 15:38:01.402716 INFO::Fitting model to feature number 1302, e09cfeed17ee0e5aaf18e62ed186b52e
2026-09-04 15:38:01.40715 INFO::Fitting model to feature number 1303, ba67bb7005e4796b7386227e4f4a749f
2026-09-04 15:38:01.410142 INFO::Fitting model to feature number 1304, X91e457dd514f534f1716b3b149be4de2
2026-09-04 15:38:01.412514 INFO::Fitting model to feature number 1305, X58740cf13d9e581cd704dfa8a4de6948
2026-09-04 15:38:01.41469 INFO::Fitting model to feature number 1306, X2dc6ff02e15aae1d69a701ce20a720fe
2026-09-04 15:38:01.416869 INFO::Fitting model to feature number 1307, d752d1f2acd3b350a3bcbb745aac4c25
2026-09-04 15:38:01.419148 INFO::Fitting model to feature number 1308, b5bbb660c8280040c8d82d78dd9f4a28
2026-09-04 15:38:01.421603 INFO::Fitting model to feature number 1309, X3860774456cffb4afcb45563c8a9d8d9
2026-09-04 15:38:01.425031 INFO::Fitting model to feature number 1310, X9399074b2afb78f0ca7f137d56a3ab17
2026-09-04 15:38:01.428491 INFO::Fitting model to feature number 1311, X23eb46af4b04969e0e20590216247024
2026-09-04 15:38:01.431038 INFO::Fitting model to feature number 1312, b856d2f44127d2af47e509909e4b762c
2026-09-04 15:38:01.433236 INFO::Fitting model to feature number 1313, X3705c9dc9623cbc66bb1f97d46e86ee2
2026-09-04 15:38:01.435356 INFO::Fitting model to feature number 1314, X3a223cf40b6ee13f104d37546b44bcf9
2026-09-04 15:38:01.437527 INFO::Fitting model to feature number 1315, X18a47b13b6250cc908af72f722d2cfe6
2026-09-04 15:38:01.439995 INFO::Fitting model to feature number 1316, X73a06805b4c745a86e5950a95917e914
2026-09-04 15:38:01.442355 INFO::Fitting model to feature number 1317, X53b227995a6a99a320f4efd39444e8ff
2026-09-04 15:38:01.444525 INFO::Fitting model to feature number 1318, X935ded79f407d3d848e6fe33b3f476cd
2026-09-04 15:38:01.446616 INFO::Fitting model to feature number 1319, df1b3002bfae3461157d8d55d0eed9b0
2026-09-04 15:38:01.448769 INFO::Fitting model to feature number 1320, X8dab40dae5a9bad0368cb55fa444ddcc
2026-09-04 15:38:01.450928 INFO::Fitting model to feature number 1321, cf9440bd69d05d48d32efe39d374ee13
2026-09-04 15:38:01.453096 INFO::Fitting model to feature number 1322, c66406bc16ec9d13755f01073df22cb9
2026-09-04 15:38:01.455284 INFO::Fitting model to feature number 1323, e06db7dc9d71e1bb9d9b9abdab7f3ab9
2026-09-04 15:38:01.458358 INFO::Fitting model to feature number 1324, X6c4684b906be0e29cd67f3d04c0107ae
2026-09-04 15:38:01.460975 INFO::Fitting model to feature number 1325, X3b297ecb1a3987335adf10cf00dfe083
2026-09-04 15:38:01.463643 INFO::Fitting model to feature number 1326, X2c6d1025f95ea4a9f5cf17f3877c15c1
2026-09-04 15:38:01.466526 INFO::Fitting model to feature number 1327, X269689d5610b300e6b875925f70d2e83
2026-09-04 15:38:01.469052 INFO::Fitting model to feature number 1328, X145555a2e3f9ff21167f09f23792ae0a
2026-09-04 15:38:01.471816 INFO::Fitting model to feature number 1329, X392f12d7facbcb27beba31a0ed941026
2026-09-04 15:38:01.475096 INFO::Fitting model to feature number 1330, X7cd8ce37426160b984e9a1efa333b75c
2026-09-04 15:38:01.477736 INFO::Fitting model to feature number 1331, X3c545757770b1a1e2e83ee4bbdc08097
2026-09-04 15:38:01.480028 INFO::Fitting model to feature number 1332, X27cc3062316246796eebed7deb37c6a4
2026-09-04 15:38:01.482218 INFO::Fitting model to feature number 1333, X412cfdf27e638b47c5e51696819f5f3b
2026-09-04 15:38:01.484656 INFO::Fitting model to feature number 1334, X653ba06c3b7bf77a9e8282b8e9722897
2026-09-04 15:38:01.488365 INFO::Fitting model to feature number 1335, c9dd27a651fa2c10f6293e43c8621093
2026-09-04 15:38:01.491683 INFO::Fitting model to feature number 1336, dce0d562730455b7d4ef74fee5c2d917
2026-09-04 15:38:01.494651 INFO::Fitting model to feature number 1337, X510ef154f5a500b91459bec4787d1722
2026-09-04 15:38:01.497153 INFO::Fitting model to feature number 1338, d39a46f68a57269dd32b1088c531e628
2026-09-04 15:38:01.499577 INFO::Fitting model to feature number 1339, f376fc5aa7f1de9c19efec8dafb961d1
2026-09-04 15:38:01.502093 INFO::Fitting model to feature number 1340, ac626e47d505b6fab9b1124d6cc8bf28
2026-09-04 15:38:01.504688 INFO::Fitting model to feature number 1341, ae637f5e747b1ec45d80f23435d3e324
2026-09-04 15:38:01.510854 INFO::Fitting model to feature number 1342, c70c983ea7f2f513df007e72bd0a89d7
2026-09-04 15:38:01.515563 INFO::Fitting model to feature number 1343, d65afac3be5410fa256d7d5e8efdec2d
2026-09-04 15:38:01.520719 INFO::Fitting model to feature number 1344, X87510c969f75ab8b37e1541b95bb3ecc
2026-09-04 15:38:01.52375 INFO::Fitting model to feature number 1345, X4a4bbf910e98dcb2a6bd568992e04f32
2026-09-04 15:38:01.526492 INFO::Fitting model to feature number 1346, X1b6fd54b16548fb378ea911f3a5c3e69
2026-09-04 15:38:01.532134 INFO::Fitting model to feature number 1347, X9951140d9fe224a3b5a91dd2083a435b
2026-09-04 15:38:01.535559 INFO::Fitting model to feature number 1348, X7983b81de5c953ff178b31f7a86b47b4
2026-09-04 15:38:01.537897 INFO::Fitting model to feature number 1349, a9954e3ed16fe698b57cfcee5b6163de
2026-09-04 15:38:01.540431 INFO::Fitting model to feature number 1350, X4e5f81f87754aa472de3ee2d04b660b5
2026-09-04 15:38:01.542967 INFO::Fitting model to feature number 1351, f947e47838e617ee7fffd37b941290cb
2026-09-04 15:38:01.54543 INFO::Fitting model to feature number 1352, X38d1c493a79c04ceda01b97ba523f743
2026-09-04 15:38:01.548981 INFO::Fitting model to feature number 1353, fc495d3275cfffb4b42d864ac61e584e
2026-09-04 15:38:01.552034 INFO::Fitting model to feature number 1354, f6a07aafa12c7f7f304ef630c3576c21
2026-09-04 15:38:01.554571 INFO::Fitting model to feature number 1355, baae0a9f4601dd266225d670e26a28dd
2026-09-04 15:38:01.556855 INFO::Fitting model to feature number 1356, X4e5ff310075a50266f9d480989d68398
2026-09-04 15:38:01.559136 INFO::Fitting model to feature number 1357, a45c612046d9c72f42ef8a4fcf579361
2026-09-04 15:38:01.561332 INFO::Fitting model to feature number 1358, cbd797e49a45acaedc5d0a4b01b94a38
2026-09-04 15:38:01.563429 INFO::Fitting model to feature number 1359, d99337a60b9830490a59b14f62e1eb46
2026-09-04 15:38:01.565482 INFO::Fitting model to feature number 1360, X9a06ac9191854e0a48b66496324388c9
2026-09-04 15:38:01.567475 INFO::Fitting model to feature number 1361, X212501721be7a1789749c014d14d36e8
2026-09-04 15:38:01.569521 INFO::Fitting model to feature number 1362, X1ae94a50d152dd62a6bf367dbafd4daa
2026-09-04 15:38:01.571652 INFO::Fitting model to feature number 1363, X3d82ec25e4405fb978b0801aae37f3d9
2026-09-04 15:38:01.574615 INFO::Fitting model to feature number 1364, e9c5f705e62b934d60ffc48bf6c116a7
2026-09-04 15:38:01.577144 INFO::Fitting model to feature number 1365, beede1fde2450438a058a7fd8955421c
2026-09-04 15:38:01.579941 INFO::Fitting model to feature number 1366, f279dac433b48ad24db7f2ca56648712
2026-09-04 15:38:01.582216 INFO::Fitting model to feature number 1367, ad0bf88826aba1a9b2612db50a8c91f0
2026-09-04 15:38:01.584376 INFO::Fitting model to feature number 1368, b22bcbfbabe25781b4f5e4c8a34127a0
2026-09-04 15:38:01.586459 INFO::Fitting model to feature number 1369, e10ae45489e525f1d908687787a7354f
2026-09-04 15:38:01.588511 INFO::Fitting model to feature number 1370, X1457a586e2c10c42c5d9cc4c8e4f5030
2026-09-04 15:38:01.59197 INFO::Fitting model to feature number 1371, X7962e05010d48d659881432184e5938b
2026-09-04 15:38:01.594253 INFO::Fitting model to feature number 1372, X6d1f35f272824e7acbddb3955ebcfd22
2026-09-04 15:38:01.596212 INFO::Fitting model to feature number 1373, X8cab27f9738bbfad5d71ac61929dcf49
2026-09-04 15:38:01.59815 INFO::Fitting model to feature number 1374, a62b05609cafeb33e1fe085e96899231
2026-09-04 15:38:01.60007 INFO::Fitting model to feature number 1375, X250eff414ba3de003b8ddd7f5f264dc0
2026-09-04 15:38:01.60205 INFO::Fitting model to feature number 1376, X7399c5c473fce0dca57710a56022e6bb
2026-09-04 15:38:01.604027 INFO::Fitting model to feature number 1377, X7f30f260ebdc3f8a29e9843f4fb14423
2026-09-04 15:38:01.606709 INFO::Fitting model to feature number 1378, ef96f3e6464a2aad457e22b9afcfcb3a
2026-09-04 15:38:01.615215 INFO::Fitting model to feature number 1379, X6882b4c1d276f5904f8d791be8d4df17
2026-09-04 15:38:01.619931 INFO::Fitting model to feature number 1380, X82c56fba54a6e974c430ddba263f7ed7
2026-09-04 15:38:01.62334 INFO::Fitting model to feature number 1381, a3d9d19831a8f612445392ffc8226fdf
2026-09-04 15:38:01.626449 INFO::Fitting model to feature number 1382, d60a5747fe784d05bfe1e010c533014d
2026-09-04 15:38:01.630658 INFO::Fitting model to feature number 1383, ed692081bc5bb7a3cb698843daaf5451
2026-09-04 15:38:01.633516 INFO::Fitting model to feature number 1384, X471fc32fc0f0d57f1c5fb744cb1803e8
2026-09-04 15:38:01.635652 INFO::Fitting model to feature number 1385, X58b89f9f41e3472756c09a166494d52b
2026-09-04 15:38:01.637703 INFO::Fitting model to feature number 1386, f3458421db00585ed6ae5d9d8f06e254
2026-09-04 15:38:01.639798 INFO::Fitting model to feature number 1387, X8e5d84ca83d3dc0c96dd48901592fbb8
2026-09-04 15:38:01.641849 INFO::Fitting model to feature number 1388, X222fb06799fd248024d7a08001eb6681
2026-09-04 15:38:01.644142 INFO::Fitting model to feature number 1389, X2a945663bf660ed3f28afba31164b107
2026-09-04 15:38:01.646637 INFO::Fitting model to feature number 1390, f1a69c7f93f09e5fae3e1be1be9ca0fd
2026-09-04 15:38:01.649279 INFO::Fitting model to feature number 1391, X03e54a962cef41b3c7ede9fcb49089e7
2026-09-04 15:38:01.651622 INFO::Fitting model to feature number 1392, X885ba7abf748b466f8f887852fdf51d2
2026-09-04 15:38:01.65398 INFO::Fitting model to feature number 1393, b0a0cfe74f60beff16ab69097c133927
2026-09-04 15:38:01.656168 INFO::Fitting model to feature number 1394, X7cb4feed7e601700f491fef1e73ee7da
2026-09-04 15:38:01.658424 INFO::Fitting model to feature number 1395, beed98991657851771a5400a5bf1f490
2026-09-04 15:38:01.660615 INFO::Fitting model to feature number 1396, X87289849078224bb32328451cc8bd81d
2026-09-04 15:38:01.662711 INFO::Fitting model to feature number 1397, X3f07c5798efd8deb6095045db89ee137
2026-09-04 15:38:01.664733 INFO::Fitting model to feature number 1398, X4afcdfaccc13a1b2bd5f1068c9d4db3d
2026-09-04 15:38:01.666709 INFO::Fitting model to feature number 1399, fd35e9fdcc7340ff1039903e632a97d4
2026-09-04 15:38:01.668706 INFO::Fitting model to feature number 1400, X07422705f42a249506c2942c4df6c7dd
2026-09-04 15:38:01.67108 INFO::Fitting model to feature number 1401, b8a30d80e460567357a5449acd5c1d18
2026-09-04 15:38:01.67353 INFO::Fitting model to feature number 1402, X046dd3e0f9d6a09f6419e54bccfdc01a
2026-09-04 15:38:01.676998 INFO::Fitting model to feature number 1403, a1c4ef7fd12edd0d8ffbd24bbccc8e91
2026-09-04 15:38:01.679549 INFO::Fitting model to feature number 1404, f3af0bc3af7888cdbf22572f4846b7b4
2026-09-04 15:38:01.682237 INFO::Fitting model to feature number 1405, e96296923effdf7d9a28addc446ae518
2026-09-04 15:38:01.684474 INFO::Fitting model to feature number 1406, X1dfa3991ae2e1234910a5e20ed314834
2026-09-04 15:38:01.686545 INFO::Fitting model to feature number 1407, cc868f9667d1b49eeaee37ba862893fd
2026-09-04 15:38:01.688481 INFO::Fitting model to feature number 1408, ce8997565fc82b235541c3ee800026e3
2026-09-04 15:38:01.691168 INFO::Fitting model to feature number 1409, X86ab82fc04a392c83efb4e0ad37928c7
2026-09-04 15:38:01.693696 INFO::Fitting model to feature number 1410, cff90739aec43855cf9b4c0c5a7fb2b1
2026-09-04 15:38:01.695714 INFO::Fitting model to feature number 1411, X659115d1d166e9dad51da5de9a288d83
2026-09-04 15:38:01.697527 INFO::Fitting model to feature number 1412, cc0ab9ce71646f0e6693747e2cec6fd7
2026-09-04 15:38:01.699399 INFO::Fitting model to feature number 1413, be04e5a5f333faeeb89b7922cc154ccb
2026-09-04 15:38:01.70112 INFO::Fitting model to feature number 1414, e77b0bbfbb644a8f848ca8bc69411534
2026-09-04 15:38:01.702939 INFO::Fitting model to feature number 1415, a80eca7c4eaa9b9866458f8ab2f1837f
2026-09-04 15:38:01.704839 INFO::Fitting model to feature number 1416, X34c4396b5c4837b0104d5e0beeca5519
2026-09-04 15:38:01.712424 INFO::Fitting model to feature number 1417, X73559856950a5d6dabd4d45634d9939a
2026-09-04 15:38:01.717787 INFO::Fitting model to feature number 1418, X35557045bde9c99dae9ad7a75e219665
2026-09-04 15:38:01.723316 INFO::Fitting model to feature number 1419, X284a2e5e6c490cd9f5f19e5cfa6fab79
2026-09-04 15:38:01.726964 INFO::Fitting model to feature number 1420, X5068ff9a570ea542f21f7878288ab253
2026-09-04 15:38:01.731442 INFO::Fitting model to feature number 1421, X228bf55df9509ac47c1827c718e5193b
2026-09-04 15:38:01.735001 INFO::Fitting model to feature number 1422, X47b468346512c1ac0eba1b1732757602
2026-09-04 15:38:01.737599 INFO::Fitting model to feature number 1423, X4bb00ff635bc24788a9b5d0cf25109fd
2026-09-04 15:38:01.740373 INFO::Fitting model to feature number 1424, c2ca2bc6fd2a27c7e2acabc8b471e199
2026-09-04 15:38:01.743082 INFO::Fitting model to feature number 1425, e8623ba43e31cf255ff21c05725ee284
2026-09-04 15:38:01.746967 INFO::Fitting model to feature number 1426, X80adea37b591d7be9f3654798c613c5a
2026-09-04 15:38:01.750662 INFO::Fitting model to feature number 1427, X466e594af8210172304016b059f8fe31
2026-09-04 15:38:01.753125 INFO::Fitting model to feature number 1428, X99605c171fa9d7c6bd5905dcebf8e50b
2026-09-04 15:38:01.755447 INFO::Fitting model to feature number 1429, X9de6e8f8da09a28410fdbad96c07d9f7
2026-09-04 15:38:01.758377 INFO::Fitting model to feature number 1430, X5ae1e2a9172e056c5f9cbe8643ace044
2026-09-04 15:38:01.760747 INFO::Fitting model to feature number 1431, X22a9a444c3b7e50e4309a7862e9baec9
2026-09-04 15:38:01.762994 INFO::Fitting model to feature number 1432, d0db327e93111a416612395e91517d29
2026-09-04 15:38:01.765205 INFO::Fitting model to feature number 1433, b46d29df61a67bba70bd1f064b067f0a
2026-09-04 15:38:01.767689 INFO::Fitting model to feature number 1434, X36ddd2c07684ac8a13e1ea753c095e2d
2026-09-04 15:38:01.769872 INFO::Fitting model to feature number 1435, X8712b80a760d874f2691fc1a79f4d89a
2026-09-04 15:38:01.772563 INFO::Fitting model to feature number 1436, X9c6aaa95ac8b908e3084518e93dc9182
2026-09-04 15:38:01.7756 INFO::Fitting model to feature number 1437, X93fbcb9f788e2456c357d7d7ef6211f6
2026-09-04 15:38:01.778891 INFO::Fitting model to feature number 1438, X29eb8e3a54c817ab8e7b37dd9a6a9c77
2026-09-04 15:38:01.781726 INFO::Fitting model to feature number 1439, d4326a70982173389e9c9c2dc7fd1602
2026-09-04 15:38:01.783959 INFO::Fitting model to feature number 1440, X43573476295126b8fce332ae0c19a912
2026-09-04 15:38:01.786044 INFO::Fitting model to feature number 1441, e60336ff774a125113b2283f95f7c3d7
2026-09-04 15:38:01.788343 INFO::Fitting model to feature number 1442, X0ee17acea997e093c1e319ed06302394
2026-09-04 15:38:01.791496 INFO::Fitting model to feature number 1443, X38586b75b6ba76a69bd0834c46a60761
2026-09-04 15:38:01.79369 INFO::Fitting model to feature number 1444, f72bf2d8a9dac883e39a51820e8dd79f
2026-09-04 15:38:01.795687 INFO::Fitting model to feature number 1445, X9e761733a7cce2ee236b78765b5e4dd7
2026-09-04 15:38:01.797618 INFO::Fitting model to feature number 1446, X4be617d4c45bc8fa9098b409b9c1533c
2026-09-04 15:38:01.799569 INFO::Fitting model to feature number 1447, f1cacd9e70445f24c4619f0fca89b7f4
2026-09-04 15:38:01.80157 INFO::Fitting model to feature number 1448, X82cae819e5c6e17a4f8811ea1cf0ee7e
2026-09-04 15:38:01.803607 INFO::Fitting model to feature number 1449, f25e28b0aea637475a0b92a164cbfd5c
2026-09-04 15:38:01.805671 INFO::Fitting model to feature number 1450, X45be7559898c4cd744dd17cd0258a914
2026-09-04 15:38:01.809041 INFO::Fitting model to feature number 1451, X0cd519632b2b79b0ff874f2dd08b0a14
2026-09-04 15:38:01.813267 INFO::Fitting model to feature number 1452, ffdda4a783ffb8bf6000e3974723bb94
2026-09-04 15:38:01.818663 INFO::Fitting model to feature number 1453, X88c199565e2f534795948eb980839542
2026-09-04 15:38:01.823375 INFO::Fitting model to feature number 1454, X8c144512a28543b968423f7aca83032d
2026-09-04 15:38:01.828685 INFO::Fitting model to feature number 1455, X5aecbb5146b057457c6587cee552b38f
2026-09-04 15:38:01.832344 INFO::Fitting model to feature number 1456, e2055a8a1dc431d491a1170faf4780fa
2026-09-04 15:38:01.834766 INFO::Fitting model to feature number 1457, a941cf1ee22b9c787f0a179c48e51e1c
2026-09-04 15:38:01.837031 INFO::Fitting model to feature number 1458, fed3fcfec9e0d1aa80b3eef047f5f34e
2026-09-04 15:38:01.839154 INFO::Fitting model to feature number 1459, X06f825b512d903b9230e1a55d87359ee
2026-09-04 15:38:01.841423 INFO::Fitting model to feature number 1460, X663669619c2b2ab594ec3b4518ffe1f1
2026-09-04 15:38:01.843812 INFO::Fitting model to feature number 1461, f829a0a8174e789e1cb1a90c2b451e18
2026-09-04 15:38:01.84715 INFO::Fitting model to feature number 1462, c18423578bc01b00706b60cd784c3425
2026-09-04 15:38:01.850306 INFO::Fitting model to feature number 1463, X6e5cc304920962afe59765d10a842ea3
2026-09-04 15:38:01.852823 INFO::Fitting model to feature number 1464, X24c4f8fc214a98c1a695f950719f2c6b
2026-09-04 15:38:01.855013 INFO::Fitting model to feature number 1465, X483a76f36be323593bc9e71a62dee74a
2026-09-04 15:38:01.857404 INFO::Fitting model to feature number 1466, X7c39b61079e297eced486dbc8047cd77
2026-09-04 15:38:01.859701 INFO::Fitting model to feature number 1467, X5ec6f951a040ef39b9cf438d693ad97a
2026-09-04 15:38:01.862081 INFO::Fitting model to feature number 1468, b8191607b1719a5588c3c497254c43fb
2026-09-04 15:38:01.86423 INFO::Fitting model to feature number 1469, X59157aaac7c2572192307a72fe99dc2b
2026-09-04 15:38:01.866319 INFO::Fitting model to feature number 1470, X21fda367a76c17cabf4ff7a061b44918
2026-09-04 15:38:01.868495 INFO::Fitting model to feature number 1471, X92de03965e6c611e4d44d7bbbf9f4127
2026-09-04 15:38:01.870594 INFO::Fitting model to feature number 1472, X608f80d21233a6261c4ca5704b5096fa
2026-09-04 15:38:01.872686 INFO::Fitting model to feature number 1473, X197f96a9c430dc2b9e24114c81decfe0
2026-09-04 15:38:01.875497 INFO::Fitting model to feature number 1474, X83ca4878648b302ce53f93db465cfe88
2026-09-04 15:38:01.878169 INFO::Fitting model to feature number 1475, X3662fc336ea5d5581e6783d2b2f5466a
2026-09-04 15:38:01.880823 INFO::Fitting model to feature number 1476, d01020e28305b8d210d69333db1f4f3e
2026-09-04 15:38:01.883358 INFO::Fitting model to feature number 1477, X9570ec83b9859e60c098e9000ca9a3dd
2026-09-04 15:38:01.885698 INFO::Fitting model to feature number 1478, X7f45e039f04b7eeac60f359217aace3f
2026-09-04 15:38:01.890438 INFO::Fitting model to feature number 1479, X68a2dba19daec286a2bc463c2880f036
2026-09-04 15:38:01.895376 INFO::Fitting model to feature number 1480, X9693e2cce61b76daf888e7a5256429e5
2026-09-04 15:38:01.899885 INFO::Fitting model to feature number 1481, X50b9a0fb02e29b3da5d25ab2b8ed85ac
2026-09-04 15:38:01.903749 INFO::Fitting model to feature number 1482, X7ac90ea3e5fdd45312965cbfd70cff27
2026-09-04 15:38:01.906059 INFO::Fitting model to feature number 1483, X1d1ba651814e1415fdf4eab3c393b955
2026-09-04 15:38:01.908193 INFO::Fitting model to feature number 1484, X687e1d94d2bfc46843a21e7706df067e
2026-09-04 15:38:01.910396 INFO::Fitting model to feature number 1485, be8ea7c8e692b19ca2a5b4b6e4b05b5c
2026-09-04 15:38:01.912653 INFO::Fitting model to feature number 1486, X7e64efeca8fe17cc836ce410951b2aee
2026-09-04 15:38:01.916062 INFO::Fitting model to feature number 1487, fecea8d7e4c0244724344deb0f149857
2026-09-04 15:38:01.918352 INFO::Fitting model to feature number 1488, b69c5e45d1a3c99ca5e6b1c93e9f24a3
2026-09-04 15:38:01.922107 INFO::Fitting model to feature number 1489, b2bc621396297801417e60a17bc5f66b
2026-09-04 15:38:01.925332 INFO::Fitting model to feature number 1490, b618f4badbb0d4990fed1da49f6cd65b
2026-09-04 15:38:01.927691 INFO::Fitting model to feature number 1491, X77435465acd0400c510bf21787d51108
2026-09-04 15:38:01.92989 INFO::Fitting model to feature number 1492, X9a39e55dd18c687bfcd64fad3aa56174
2026-09-04 15:38:01.932049 INFO::Fitting model to feature number 1493, X3eb9a1eb91feca4fc5e3de1880ff658c
2026-09-04 15:38:01.934189 INFO::Fitting model to feature number 1494, X0beb150e4ddc363774dc57f0c2c58159
2026-09-04 15:38:01.936413 INFO::Fitting model to feature number 1495, X3b7c88fc9e30c1fee1dbdc932898bd5e
2026-09-04 15:38:01.938603 INFO::Fitting model to feature number 1496, X983e197471ad3483cbf7561c9cc9b4fa
2026-09-04 15:38:01.94216 INFO::Fitting model to feature number 1497, X20d5ae010708e997b7aaaf0f1826a13b
2026-09-04 15:38:01.945403 INFO::Fitting model to feature number 1498, f617931335477584dfd0b193104558b4
2026-09-04 15:38:01.947818 INFO::Fitting model to feature number 1499, X9d8c458aa30ec6a7dd57c856c0995e3a
2026-09-04 15:38:01.94987 INFO::Fitting model to feature number 1500, X5170a06c03ce0079bf7130ff41477137
2026-09-04 15:38:01.95174 INFO::Fitting model to feature number 1501, e2884c8aa40304ec111f861dd5f0fee3
2026-09-04 15:38:01.953445 INFO::Fitting model to feature number 1502, X33978a22d4e740748cc789307c679d58
2026-09-04 15:38:01.95513 INFO::Fitting model to feature number 1503, cd3252d96bdb1efe5fc05bc00a9d9309
2026-09-04 15:38:01.957603 INFO::Fitting model to feature number 1504, X3d71ada20fbdc5743e1753b62a264f6e
2026-09-04 15:38:01.959771 INFO::Fitting model to feature number 1505, X9cc61d556305b3fddbb3c977ee945dc6
2026-09-04 15:38:01.961845 INFO::Fitting model to feature number 1506, X17dacf7c43412bb67f4c42b274418b48
2026-09-04 15:38:01.963626 INFO::Fitting model to feature number 1507, dd69df7fa0e826fde42d13bc1231e7eb
2026-09-04 15:38:01.965793 INFO::Fitting model to feature number 1508, X50234b9c75fb7d66b49d7ddf20871e8b
2026-09-04 15:38:01.967906 INFO::Fitting model to feature number 1509, dfb2439a2c33d00aafd07980b040919c
2026-09-04 15:38:01.969882 INFO::Fitting model to feature number 1510, bd0d1296987b91ceb19ee255825a00ef
2026-09-04 15:38:01.97191 INFO::Fitting model to feature number 1511, X343b043df375843dbebeba9421c667af
2026-09-04 15:38:01.974287 INFO::Fitting model to feature number 1512, X8281e7bb18318fe9f3a54ee3ddb7b4c2
2026-09-04 15:38:01.977476 INFO::Fitting model to feature number 1513, X298a0f67001986beb8d9b2ea01795c39
2026-09-04 15:38:01.980066 INFO::Fitting model to feature number 1514, X0c57f153db4403da5de6eb2eb6f7ab86
2026-09-04 15:38:01.98268 INFO::Fitting model to feature number 1515, X1e403559a958fc48c375f1904ad6296e
2026-09-04 15:38:01.985122 INFO::Fitting model to feature number 1516, X2ef0ab6fa2a01744c9c8590e1726b21c
2026-09-04 15:38:01.987426 INFO::Fitting model to feature number 1517, X0b81d8a08a3175423a0b32b8c1924fbb
2026-09-04 15:38:01.989899 INFO::Fitting model to feature number 1518, a63518f4179fc9fe25dad386787f15e9
2026-09-04 15:38:01.9929 INFO::Fitting model to feature number 1519, X02301f7d1e08451a4244ccf9407ca8a8
2026-09-04 15:38:02.007199 INFO::Fitting model to feature number 1520, X4a5857b5065185674bbe65c2f06d10b5
2026-09-04 15:38:02.01573 INFO::Fitting model to feature number 1521, a192c03aff22da6065c44701eea9c11c
2026-09-04 15:38:02.020941 INFO::Fitting model to feature number 1522, X5d3d3563409f547ecd8a1e7f83daee93
2026-09-04 15:38:02.024525 INFO::Fitting model to feature number 1523, X5bcbf751a36732260a9065d4c473edaf
2026-09-04 15:38:02.027768 INFO::Fitting model to feature number 1524, X370193423197c319ea0599a307dac49e
2026-09-04 15:38:02.031966 INFO::Fitting model to feature number 1525, X2dbcc75e512ef4ca8510cd08890dd243
2026-09-04 15:38:02.034867 INFO::Fitting model to feature number 1526, e266740c54c4cd776c3d23d24269eba6
2026-09-04 15:38:02.037457 INFO::Fitting model to feature number 1527, X97eb5bfddf2cfed5231c1b5d16b1e2d9
2026-09-04 15:38:02.039761 INFO::Fitting model to feature number 1528, X5a00b3ec705a2045f468b9f02ea01f08
2026-09-04 15:38:02.04217 INFO::Fitting model to feature number 1529, X57ca157d0182135d9dfd45fbdeeadb8c
2026-09-04 15:38:02.044369 INFO::Fitting model to feature number 1530, fb9a18e922b86e88db02bbd52df12ebc
2026-09-04 15:38:02.046528 INFO::Fitting model to feature number 1531, X2995bdfab252a47ff9d29fca4e64d127
2026-09-04 15:38:02.048823 INFO::Fitting model to feature number 1532, c344c6c584c663a222c735d50eabb47d
2026-09-04 15:38:02.051693 INFO::Fitting model to feature number 1533, X0b721dd75e7759cece34faf31e341642
2026-09-04 15:38:02.054399 INFO::Fitting model to feature number 1534, X479e17f7134df6c5adf0b493bfe050a1
2026-09-04 15:38:02.057099 INFO::Fitting model to feature number 1535, X17b4afdbd99740fdcab2f6f9eb4938e0
2026-09-04 15:38:02.060544 INFO::Fitting model to feature number 1536, X7e47fbb4b5a5473dd42799e9a8cdbe34
2026-09-04 15:38:02.063815 INFO::Fitting model to feature number 1537, c48029e83b8ffafbd57f584adc010978
2026-09-04 15:38:02.066179 INFO::Fitting model to feature number 1538, X87e6193b681585a9f49af4cb84c83733
2026-09-04 15:38:02.069019 INFO::Fitting model to feature number 1539, X91982105a9e2fce5a761bad7f3861d3c
2026-09-04 15:38:02.072644 INFO::Fitting model to feature number 1540, d375307681fd8a321dd28c294db7605e
2026-09-04 15:38:02.075399 INFO::Fitting model to feature number 1541, be2daa3bf0f8dd960c5b91e98dff114e
2026-09-04 15:38:02.07798 INFO::Fitting model to feature number 1542, X6bd27c79f2f053d5c5f10f9d3fe0f7a9
2026-09-04 15:38:02.080767 INFO::Fitting model to feature number 1543, X2648e6d779e1bfe0fcde25bf6658fa18
2026-09-04 15:38:02.083637 INFO::Fitting model to feature number 1544, f56f2f2600fb67393ae993605e3991db
2026-09-04 15:38:02.085969 INFO::Fitting model to feature number 1545, e658c6a50347d38f39c67be259396905
2026-09-04 15:38:02.088281 INFO::Fitting model to feature number 1546, c41e38ec0abb37da79acd32fd3cd7c66
2026-09-04 15:38:02.092197 INFO::Fitting model to feature number 1547, X08d7f58a060027555e4beffab9d04b67
2026-09-04 15:38:02.095964 INFO::Fitting model to feature number 1548, X623ae1331c719bb09e01fec362c09fd6
2026-09-04 15:38:02.09903 INFO::Fitting model to feature number 1549, X4a9c1da085c1d3df30833063ce265277
2026-09-04 15:38:02.101543 INFO::Fitting model to feature number 1550, f94bc1597f513a65a6eb6eee20e9ef63
2026-09-04 15:38:02.104054 INFO::Fitting model to feature number 1551, ff0f2a14bea45e255c82d045ede51828
2026-09-04 15:38:02.106668 INFO::Fitting model to feature number 1552, c26bfbcdd891b7854ff1b7114afe7716
2026-09-04 15:38:02.109048 INFO::Fitting model to feature number 1553, bbf43586c7d9d43d070548c60672c99a
2026-09-04 15:38:02.114933 INFO::Fitting model to feature number 1554, ea11a2a25d7325895490989691680d53
2026-09-04 15:38:02.120061 INFO::Fitting model to feature number 1555, X25cf61fa563b397ce79c93fa98e7f5a7
2026-09-04 15:38:02.124665 INFO::Fitting model to feature number 1556, f1e760669bddfbfddf50f983ff00bcde
2026-09-04 15:38:02.127413 INFO::Fitting model to feature number 1557, X4a7c189012c53f1ba02a33414b6e98c8
2026-09-04 15:38:02.131938 INFO::Fitting model to feature number 1558, X610c4134a01cde1c17d92535c91a06fe
2026-09-04 15:38:02.134454 INFO::Fitting model to feature number 1559, X70be9fe6bf4d2d0718f98598f0e673b3
2026-09-04 15:38:02.136702 INFO::Fitting model to feature number 1560, X8953074f0e4992f695be92b545ae4a33
2026-09-04 15:38:02.138872 INFO::Fitting model to feature number 1561, X8eb8dce5dd7b27b32e2f85e8dadf9c79
2026-09-04 15:38:02.141037 INFO::Fitting model to feature number 1562, X58b0265db6ad82d9f233c8a3fa8b1235
2026-09-04 15:38:02.143272 INFO::Fitting model to feature number 1563, ec31dcb1fb5f0ee9497f7ea7a8578eb9
2026-09-04 15:38:02.145395 INFO::Fitting model to feature number 1564, X946f0795e38e71fd54f83d280e3d7b94
2026-09-04 15:38:02.147607 INFO::Fitting model to feature number 1565, X50e01735c61827744ff92bf24d988e56
2026-09-04 15:38:02.150311 INFO::Fitting model to feature number 1566, X9a2dcf92177b2dc1e7f689e92dcb1373
2026-09-04 15:38:02.153266 INFO::Fitting model to feature number 1567, d30f1320ee57dc18bffd6b199a7f0d39
2026-09-04 15:38:02.156341 INFO::Fitting model to feature number 1568, X3a4eb179f35f1cd7c05aa27a674f2708
2026-09-04 15:38:02.158996 INFO::Fitting model to feature number 1569, X7e403a048ec8502d08dc87d27ebd86c0
2026-09-04 15:38:02.16114 INFO::Fitting model to feature number 1570, b185f57f40198db04639beeb79ebb9c8
2026-09-04 15:38:02.163159 INFO::Fitting model to feature number 1571, X9fc783bad0acc7e1cbbc51c0bbf9abd0
2026-09-04 15:38:02.165156 INFO::Fitting model to feature number 1572, bb23a9ce44ee3a69cccad6ae72107707
2026-09-04 15:38:02.167196 INFO::Fitting model to feature number 1573, e714be7f86afba615a37e8823199a4bf
2026-09-04 15:38:02.169205 INFO::Fitting model to feature number 1574, X196931e166b0f8fb722f177efeb3814d
2026-09-04 15:38:02.17117 INFO::Fitting model to feature number 1575, a6554e46ca6d64d27715aae0870eafc5
2026-09-04 15:38:02.175132 INFO::Fitting model to feature number 1576, c09934d352a43b7de80900b35df99158
2026-09-04 15:38:02.178978 INFO::Fitting model to feature number 1577, X025f9ce361f0785a6d027041c20bd83b
2026-09-04 15:38:02.185719 INFO::Fitting model to feature number 1578, ffbf344cca2f7ada7694079d848ddbc3
2026-09-04 15:38:02.191466 INFO::Fitting model to feature number 1579, X9041402ea33d75d7d3b596c88b16cf48
2026-09-04 15:38:02.195238 INFO::Fitting model to feature number 1580, X4a96e805d002149e7c390a78dc7f744e
2026-09-04 15:38:02.198006 INFO::Fitting model to feature number 1581, X0b62d5a1bfde73edada58d8923b380d6
2026-09-04 15:38:02.200237 INFO::Fitting model to feature number 1582, X7eabf4698544d2922427cabcb9547de9
2026-09-04 15:38:02.202444 INFO::Fitting model to feature number 1583, c7ea45b13f82a18377d994bc769a991c
2026-09-04 15:38:02.204823 INFO::Fitting model to feature number 1584, X23096ac3a137bba25a1707a94dd24679
2026-09-04 15:38:02.207189 INFO::Fitting model to feature number 1585, X81635b81eac0d9346e084d3b07aeed56
2026-09-04 15:38:02.209374 INFO::Fitting model to feature number 1586, b7f6e3af62686cd7f2c8f4016f835784
2026-09-04 15:38:02.211621 INFO::Fitting model to feature number 1587, ca9668678d33615fb4e2dd5e594c5216
2026-09-04 15:38:02.215711 INFO::Fitting model to feature number 1588, b9ab4c688a7413bdaadb9e60af6fe0cc
2026-09-04 15:38:02.219259 INFO::Fitting model to feature number 1589, X7871aaea66563e5ebfb4efc7f5599c44
2026-09-04 15:38:02.221932 INFO::Fitting model to feature number 1590, X0fc3cc812219df0bfcb6edcb6f6e39db
2026-09-04 15:38:02.225872 INFO::Fitting model to feature number 1591, X31ee89e4e2db78a0afe27a57867457e1
2026-09-04 15:38:02.228285 INFO::Fitting model to feature number 1592, X48fcba36a1de64bd249659a9091884a2
2026-09-04 15:38:02.230595 INFO::Fitting model to feature number 1593, X45be6f65f9164258c8e9625594853e84
2026-09-04 15:38:02.232675 INFO::Fitting model to feature number 1594, X34425b47892462604276847bccc5adeb
2026-09-04 15:38:02.234655 INFO::Fitting model to feature number 1595, c3a93e0352815a9aa1233a126210eb2f
2026-09-04 15:38:02.236572 INFO::Fitting model to feature number 1596, X599a750535209e4cbb71fbcdd3e6cd99
2026-09-04 15:38:02.238514 INFO::Fitting model to feature number 1597, f933957043a4d7f28189cb3879370473
2026-09-04 15:38:02.240559 INFO::Fitting model to feature number 1598, X0d2859683a8a8f8f38afe51509ef86fd
2026-09-04 15:38:02.242822 INFO::Fitting model to feature number 1599, X82cdf1d6ceed214e60034ef67bb5ebd6
2026-09-04 15:38:02.246001 INFO::Fitting model to feature number 1600, X3deeb98c4420f63330f63e314e1d78be
2026-09-04 15:38:02.248684 INFO::Fitting model to feature number 1601, ebd6f8278dc89c7cfeb7a95185ba9bda
2026-09-04 15:38:02.251014 INFO::Fitting model to feature number 1602, b53666dc2717187aa66d42828fc18b87
2026-09-04 15:38:02.252932 INFO::Fitting model to feature number 1603, X652429f662390e6dff567844b2e233bc
2026-09-04 15:38:02.254623 INFO::Fitting model to feature number 1604, X22b1f10bc0f6f9275e8861a42c9d5646
2026-09-04 15:38:02.25636 INFO::Fitting model to feature number 1605, X35b596e109f9ee464ceb59e22f9c188d
2026-09-04 15:38:02.25833 INFO::Fitting model to feature number 1606, f3085612606c1365160c183a78783d29
2026-09-04 15:38:02.260133 INFO::Fitting model to feature number 1607, X2a9ded87774bc5d82ec51054bf362b32
2026-09-04 15:38:02.261868 INFO::Fitting model to feature number 1608, c9ab4fe6079d0362c081a8f5e8e591d3
2026-09-04 15:38:02.263538 INFO::Fitting model to feature number 1609, X7ccc62a2660bda46b0d31ba1b464ee7a
2026-09-04 15:38:02.265199 INFO::Fitting model to feature number 1610, ff05b3f94fc778d9cabb2a8b4e70a5d6
2026-09-04 15:38:02.267078 INFO::Fitting model to feature number 1611, X71b850cc1c59420040864740bd2731b1
2026-09-04 15:38:02.269263 INFO::Fitting model to feature number 1612, X505714fa8ec092e16fe83d256819a103
2026-09-04 15:38:02.271175 INFO::Fitting model to feature number 1613, X215f6b9380f0892e9e490572221f021c
2026-09-04 15:38:02.273429 INFO::Fitting model to feature number 1614, X9a685eaf10fbdce87df058243568944f
2026-09-04 15:38:02.276781 INFO::Fitting model to feature number 1615, ee4379d2de60b5fc1e1948837cf7aeaf
2026-09-04 15:38:02.281019 INFO::Fitting model to feature number 1616, X10b72501d263d9d4d6cdc273742030ed
2026-09-04 15:38:02.285926 INFO::Fitting model to feature number 1617, X5d5582bcae623dc71ec0360f9ccdb8a3
2026-09-04 15:38:02.291024 INFO::Fitting model to feature number 1618, X397bda9d09082f426b785268f1248df7
2026-09-04 15:38:02.294522 INFO::Fitting model to feature number 1619, X596dfd6a0a6b17cc5d46a65ab07e5c33
2026-09-04 15:38:02.298613 INFO::Fitting model to feature number 1620, X5ccb4f78733eebae6e1f005f88ffe275
2026-09-04 15:38:02.301168 INFO::Fitting model to feature number 1621, cb7389a7a0716fe94b9c0fcedb37a22d
2026-09-04 15:38:02.303359 INFO::Fitting model to feature number 1622, f8374628baaa372fb6fef2e77cba3cbf
2026-09-04 15:38:02.305466 INFO::Fitting model to feature number 1623, bfd375ddf98a50d2b3cb2f06b4ed2e61
2026-09-04 15:38:02.307999 INFO::Fitting model to feature number 1624, d6f9c78bd78b9d66efb65211e69dc128
2026-09-04 15:38:02.310308 INFO::Fitting model to feature number 1625, X7f9b0beeb727eac95f16479e0f7f0e7e
2026-09-04 15:38:02.313445 INFO::Fitting model to feature number 1626, c79895733c20d5cc9d9f872cfa751155
2026-09-04 15:38:02.316152 INFO::Fitting model to feature number 1627, c60eb90fe5483f665b91fdaf6b00e341
2026-09-04 15:38:02.319132 INFO::Fitting model to feature number 1628, X8f98d5d59c90073ecff10684f6e7ac67
2026-09-04 15:38:02.321213 INFO::Fitting model to feature number 1629, b7ceac27d09abb3e9735d49f8a13d8e8
2026-09-04 15:38:02.323665 INFO::Fitting model to feature number 1630, ff31fc27acbdcd33e48fbb4320c5d20b
2026-09-04 15:38:02.325815 INFO::Fitting model to feature number 1631, X4b9a9d8c4e661b02fad5ef87318e4020
2026-09-04 15:38:02.327784 INFO::Fitting model to feature number 1632, X806b6077085e15a1de09b12792c21701
2026-09-04 15:38:02.329695 INFO::Fitting model to feature number 1633, X08eacd0794f8e78fe68a9767eb425654
2026-09-04 15:38:02.331622 INFO::Fitting model to feature number 1634, X0c3e72d3c62c8ecda00bd4056dff3eec
2026-09-04 15:38:02.333593 INFO::Fitting model to feature number 1635, X45bb43b8bc1f16292a3ff842bf199281
2026-09-04 15:38:02.336724 INFO::Fitting model to feature number 1636, de2b0c0e73c9995cd38c18d956e2fb5a
2026-09-04 15:38:02.339704 INFO::Fitting model to feature number 1637, X733f5a346b282389a45d1ec10c786fc7
2026-09-04 15:38:02.347089 INFO::Fitting model to feature number 1638, X490df236b81fbfeae44a4080639c7853
2026-09-04 15:38:02.352928 INFO::Fitting model to feature number 1639, X0922c9b1178c613c6b02cb079724ce38
2026-09-04 15:38:02.356291 INFO::Fitting model to feature number 1640, X0f056cbdb1435c8a357970be5d6f9afc
2026-09-04 15:38:02.358483 INFO::Fitting model to feature number 1641, X87a7893b4c1f49d3e8bc80c4280a4fa8
2026-09-04 15:38:02.360511 INFO::Fitting model to feature number 1642, X606d00a5ec19a3f3d4c76aed5e5d4580
2026-09-04 15:38:02.362611 INFO::Fitting model to feature number 1643, aee784d01ee7fc4dba498a2f0f6185a1
2026-09-04 15:38:02.364747 INFO::Fitting model to feature number 1644, X2256473fd805b1fa608b9b68a6d86ffa
2026-09-04 15:38:02.368427 INFO::Fitting model to feature number 1645, X70f5f4ab82e4285fd5d8ba849e25b630
2026-09-04 15:38:02.371377 INFO::Fitting model to feature number 1646, a4aee3f0824b681cd9d68165aa505aab
2026-09-04 15:38:02.375803 INFO::Fitting model to feature number 1647, X7f6a9493c5bfcb1ca57d2983a65afa53
2026-09-04 15:38:02.379022 INFO::Fitting model to feature number 1648, X322a5b348bf6b1f290646f2cf2b18fcd
2026-09-04 15:38:02.381411 INFO::Fitting model to feature number 1649, X0c844b58c617cf65e1b7bb489d32b17f
2026-09-04 15:38:02.383671 INFO::Fitting model to feature number 1650, a846d55fb1ed2e5d49ccbdd195195f29
2026-09-04 15:38:02.385912 INFO::Fitting model to feature number 1651, ee48642e332beecba5ed9ccd0e3fb38d
2026-09-04 15:38:02.3881 INFO::Fitting model to feature number 1652, ff91ace99a00c2509fbb6554956e5a53
2026-09-04 15:38:02.39042 INFO::Fitting model to feature number 1653, X996390453da0412ee997a224772b9d15
2026-09-04 15:38:02.39256 INFO::Fitting model to feature number 1654, X8e54de03934db0b524bb1300d7a7d553
2026-09-04 15:38:02.395745 INFO::Fitting model to feature number 1655, b78e9c4260d66a65c87ac5435c0f8d25
2026-09-04 15:38:02.398626 INFO::Fitting model to feature number 1656, ce5dfc4dbf022797930aea60d7605467
2026-09-04 15:38:02.401184 INFO::Fitting model to feature number 1657, X7c72bacd4ae931842a67a12a536281b4
2026-09-04 15:38:02.403673 INFO::Fitting model to feature number 1658, c8755c68caab34b4625c94ace70ed289
2026-09-04 15:38:02.406007 INFO::Fitting model to feature number 1659, X47ea9b3edd327ad99468cb1aaab0fa30
2026-09-04 15:38:02.408613 INFO::Fitting model to feature number 1660, b4bc867be790008f25dfe713a921988a
2026-09-04 15:38:02.410827 INFO::Fitting model to feature number 1661, X397f36e060c968698d4d626b2094ff3c
2026-09-04 15:38:02.413467 INFO::Fitting model to feature number 1662, X570e604a7902db59326d873398f56e5c
2026-09-04 15:38:02.415879 INFO::Fitting model to feature number 1663, X2268387c9b1696e97210916bfbb02994
2026-09-04 15:38:02.418187 INFO::Fitting model to feature number 1664, X7a1dcef03205881d1648f748377ac814
2026-09-04 15:38:02.420561 INFO::Fitting model to feature number 1665, d372ab87d4413c48aef78d9e5c5bb40a
2026-09-04 15:38:02.424029 INFO::Fitting model to feature number 1666, X18b5d26e80637d27c31ff7a5c1eaec65
2026-09-04 15:38:02.427621 INFO::Fitting model to feature number 1667, X191e9eca8427c8db9210210a98a727bb
2026-09-04 15:38:02.43411 INFO::Fitting model to feature number 1668, X7246681a38b4e3378e42d2ddc5eeb33a
2026-09-04 15:38:02.43885 INFO::Fitting model to feature number 1669, X196ad34b5841b6f7a03a8701bac356e1
2026-09-04 15:38:02.443623 INFO::Fitting model to feature number 1670, f9f37d136d573e228f426c4a95a2e04c
2026-09-04 15:38:02.44749 INFO::Fitting model to feature number 1671, d573196f7c39998cbc08ded5e9f2a548
2026-09-04 15:38:02.450452 INFO::Fitting model to feature number 1672, X1cd23c8e307bc20d35ee1a9f782b742b
2026-09-04 15:38:02.452949 INFO::Fitting model to feature number 1673, X49b9432cda7b37c7d94de7d048422925
2026-09-04 15:38:02.455334 INFO::Fitting model to feature number 1674, a562741b5716bebdea5a91bce08c5518
2026-09-04 15:38:02.457971 INFO::Fitting model to feature number 1675, X4f7cb5b12046b463a87745b97a2de37b
2026-09-04 15:38:02.46043 INFO::Fitting model to feature number 1676, X0b1dcf7a77faff5f0ad15d17a322ec6c
2026-09-04 15:38:02.462869 INFO::Fitting model to feature number 1677, abdc48ae30fd1ac3979ccb25c774f8a0
2026-09-04 15:38:02.466384 INFO::Fitting model to feature number 1678, X0f593c675b5e22484a03323bde0fbe15
2026-09-04 15:38:02.469264 INFO::Fitting model to feature number 1679, X8b24e88c5d304e71674a2e44e5d1c882
2026-09-04 15:38:02.472904 INFO::Fitting model to feature number 1680, X90040c5c359f88412e358ee206d790b3
2026-09-04 15:38:02.477296 INFO::Fitting model to feature number 1681, X236ab7f90d97fe4d190f167a85e1cec1
2026-09-04 15:38:02.479727 INFO::Fitting model to feature number 1682, be26719008e0a28040f4982b00a94897
2026-09-04 15:38:02.482117 INFO::Fitting model to feature number 1683, X43d1786bcee090db266f60e611bf6ed7
2026-09-04 15:38:02.484327 INFO::Fitting model to feature number 1684, db6577cabd4eb1f34828229503e9b170
2026-09-04 15:38:02.486763 INFO::Fitting model to feature number 1685, X97ddd0a87fbae74c2bbcd43b4d38be3f
2026-09-04 15:38:02.488838 INFO::Fitting model to feature number 1686, X1e316870c314ba31094d54e65137bf6d
2026-09-04 15:38:02.491118 INFO::Fitting model to feature number 1687, X03e76899b0f0652461b78deaea12c230
2026-09-04 15:38:02.493305 INFO::Fitting model to feature number 1688, X33b9a43889beb249785614ecfc958673
2026-09-04 15:38:02.496463 INFO::Fitting model to feature number 1689, X2005002db75f1c8dc00b4ee4ba74b9b7
2026-09-04 15:38:02.499073 INFO::Fitting model to feature number 1690, X5099c40d47ebb0b7f2daaaca988b498a
2026-09-04 15:38:02.501592 INFO::Fitting model to feature number 1691, X233f4984b368c629dce62662fbf10513
2026-09-04 15:38:02.503778 INFO::Fitting model to feature number 1692, X52fb9f37e3a50fbefb8895765e0b897b
2026-09-04 15:38:02.505868 INFO::Fitting model to feature number 1693, e9dc54fb43320564ed0d379c0a98268f
2026-09-04 15:38:02.50881 INFO::Fitting model to feature number 1694, X39ac7726042a7e1f67f06aeb672f398e
2026-09-04 15:38:02.510878 INFO::Fitting model to feature number 1695, X803e9dc8e8c4c4fd8c7e399c8eb89a5c
2026-09-04 15:38:02.512701 INFO::Fitting model to feature number 1696, X558be274779e44ca86a6196f2b26f8d4
2026-09-04 15:38:02.5145 INFO::Fitting model to feature number 1697, X415c4875476b36e099606999ab42850d
2026-09-04 15:38:02.516296 INFO::Fitting model to feature number 1698, X441bbeabdb961ee4b32d91cf28e6d118
2026-09-04 15:38:02.5186 INFO::Fitting model to feature number 1699, X92522ef3bd1526ee5c4bfdc6b8ea0885
2026-09-04 15:38:02.521092 INFO::Fitting model to feature number 1700, X9367ded43cc2e97c8c4d710d27e84cbd
2026-09-04 15:38:02.524137 INFO::Fitting model to feature number 1701, X65df4691a33a8f2bdc095277f5664baf
2026-09-04 15:38:02.526711 INFO::Fitting model to feature number 1702, X11d9f4dde6fe2ad07a187337b9a2025c
2026-09-04 15:38:02.52944 INFO::Fitting model to feature number 1703, a1879a34269e625e6f9c72d006a76e37
2026-09-04 15:38:02.534139 INFO::Fitting model to feature number 1704, X7e9bbf2f6743ed6f0dcc535ed2bfe49e
2026-09-04 15:38:02.53808 INFO::Fitting model to feature number 1705, X08ff9308bc76cbd080dfb90a19b93c2f
2026-09-04 15:38:02.543043 INFO::Fitting model to feature number 1706, X03b45faa4eba4c8d13eb4dc6e00fca4f
2026-09-04 15:38:02.546 INFO::Fitting model to feature number 1707, X0ef34bc568426d6ef249ada6fe7704bf
2026-09-04 15:38:02.549064 INFO::Fitting model to feature number 1708, b81f1e416c474295bb09d075882ecbf6
2026-09-04 15:38:02.551212 INFO::Fitting model to feature number 1709, ca019dc1f7991a3f2a30faf861bee144
2026-09-04 15:38:02.553354 INFO::Fitting model to feature number 1710, e822c314b2b45ed7a9023eee003e5be6
2026-09-04 15:38:02.55546 INFO::Fitting model to feature number 1711, af27aca142e8ebadd69de19715c17618
2026-09-04 15:38:02.557677 INFO::Fitting model to feature number 1712, X8f23fca78d2153ed64bf5dbb1a22cd82
2026-09-04 15:38:02.559852 INFO::Fitting model to feature number 1713, X5a1b978227851fbed2c3b5fa2dbc7367
2026-09-04 15:38:02.561959 INFO::Fitting model to feature number 1714, X95a211c37be5ff5b35374e69cc374ff8
2026-09-04 15:38:02.565377 INFO::Fitting model to feature number 1715, X69a3960ccd2966ed767064381136c82a
2026-09-04 15:38:02.569272 INFO::Fitting model to feature number 1716, cb5ec78471cee394f3979e8918c5af2b
2026-09-04 15:38:02.573451 INFO::Fitting model to feature number 1717, X7307b9ab3f984b0b40815db0440f782a
2026-09-04 15:38:02.576482 INFO::Fitting model to feature number 1718, X3bf46a1fc6f2bccdf5caeb31bd310b09
2026-09-04 15:38:02.579124 INFO::Fitting model to feature number 1719, X7a047bcee0100ae8d774044f6256397f
2026-09-04 15:38:02.591968 INFO::Fitting model to feature number 1720, X826d131e8249f025261406314f44d18b
2026-09-04 15:38:02.595785 INFO::Fitting model to feature number 1721, X737d1645b9daf18d67dcb4a6f92ebff8
2026-09-04 15:38:02.59865 INFO::Fitting model to feature number 1722, X6a4521f49710ad474b5acf11c2d34e74
2026-09-04 15:38:02.601097 INFO::Fitting model to feature number 1723, X2fc5b7eb18f2ea631157d7b37546343f
2026-09-04 15:38:02.603326 INFO::Fitting model to feature number 1724, X9b47359b873d0db870ba791ae924d1bd
2026-09-04 15:38:02.605425 INFO::Fitting model to feature number 1725, X7c8ac152cdc8e3a2522acc386fca48a4
2026-09-04 15:38:02.607776 INFO::Fitting model to feature number 1726, cb1376d9bfc50f0364a892ead4c03f74
2026-09-04 15:38:02.609956 INFO::Fitting model to feature number 1727, f2e1304f821698846169cf157a93ef91
2026-09-04 15:38:02.612078 INFO::Fitting model to feature number 1728, X5009914aba89878e37b7cc0292c250f5
2026-09-04 15:38:02.61409 INFO::Fitting model to feature number 1729, X773cfb211d1854902824423ee680544e
2026-09-04 15:38:02.616085 INFO::Fitting model to feature number 1730, be6136453487f4befa96af90b7f46423
2026-09-04 15:38:02.617978 INFO::Fitting model to feature number 1731, X67920ac49daac161b49c125ac8a4d31b
2026-09-04 15:38:02.619845 INFO::Fitting model to feature number 1732, X001f6186eaa80ee9af5c9f9b71ef1b2e
2026-09-04 15:38:02.621944 INFO::Fitting model to feature number 1733, X3878f8c59880ac6f53b72dddd53b1c7d
2026-09-04 15:38:02.624064 INFO::Fitting model to feature number 1734, e2b25f3dbe28d234b95e4b8cc76614b4
2026-09-04 15:38:02.627634 INFO::Fitting model to feature number 1735, X0f84d19732f53acd4b07e81409845d01
2026-09-04 15:38:02.634302 INFO::Fitting model to feature number 1736, eeaffe7827fbddbd9dd7eb81588d59ae
2026-09-04 15:38:02.639443 INFO::Fitting model to feature number 1737, X6eaef2702c102dcc81c3f32c1e9dd5f7
2026-09-04 15:38:02.644249 INFO::Fitting model to feature number 1738, e524589e39167a9007356d0d73cdcc8e
2026-09-04 15:38:02.648396 INFO::Fitting model to feature number 1739, X720708e339d91e5adace23fb384531f4
2026-09-04 15:38:02.651605 INFO::Fitting model to feature number 1740, X8cf84b42e1cf216611a2cee606fd72c9
2026-09-04 15:38:02.653786 INFO::Fitting model to feature number 1741, ad074c8950cb069a26082a20cce57ea6
2026-09-04 15:38:02.655777 INFO::Fitting model to feature number 1742, X0d3a3d1cf7d4f42efdf5f41ab5a1c3b0
2026-09-04 15:38:02.658643 INFO::Fitting model to feature number 1743, X60b9e82c5e8d962928f64953ebd6ff84
2026-09-04 15:38:02.660868 INFO::Fitting model to feature number 1744, bc00be7d451bf601abfa40fe9e985ab7
2026-09-04 15:38:02.662989 INFO::Fitting model to feature number 1745, X5da53ce7e4c6e7c9814fe702d0d62b21
2026-09-04 15:38:02.666189 INFO::Fitting model to feature number 1746, X2ad75df55f114f45759fd4f243267a88
2026-09-04 15:38:02.669261 INFO::Fitting model to feature number 1747, X52f2a7b9f43c6931542b9615556e1c61
2026-09-04 15:38:02.671553 INFO::Fitting model to feature number 1748, X8d5ce85a960238f72a614ce129983ea1
2026-09-04 15:38:02.673811 INFO::Fitting model to feature number 1749, c596dcbb7695b00a5d89cc56bc325ae3
2026-09-04 15:38:02.676112 INFO::Fitting model to feature number 1750, X02dc58d9a4663e9d834d431bced922a0
2026-09-04 15:38:02.678453 INFO::Fitting model to feature number 1751, X53df45c73bbf0ffe0c2a3ad06b4bb410
2026-09-04 15:38:02.680508 INFO::Fitting model to feature number 1752, X8b605eb8d919f8346fa70bb1d1a819b9
2026-09-04 15:38:02.683106 INFO::Fitting model to feature number 1753, X37a6d5765911f66a2407e7921c7b86d3
2026-09-04 15:38:02.685281 INFO::Fitting model to feature number 1754, X2be4bf432e6bb8b02f2dcc4cf3d89ef9
2026-09-04 15:38:02.687462 INFO::Fitting model to feature number 1755, X2adbed1716e699fef805534b14a1b0c3
2026-09-04 15:38:02.690532 INFO::Fitting model to feature number 1756, c3ca86dd1983fcbc99a76c2432f3f8cb
2026-09-04 15:38:02.693839 INFO::Fitting model to feature number 1757, dff3478158ef7fa3d5b2195be62b0e63
2026-09-04 15:38:02.699292 INFO::Fitting model to feature number 1758, ee52d0804d8563780e36e1015b4f39fb
2026-09-04 15:38:02.705187 INFO::Fitting model to feature number 1759, X15a95b49ae81c29fb97bba2b8e335c44
2026-09-04 15:38:02.708961 INFO::Fitting model to feature number 1760, X446c8b3593b7d8f1f69440f11a90c5ba
2026-09-04 15:38:02.712037 INFO::Fitting model to feature number 1761, c4543e2c24e4a4ec6a8161275fe1c859
2026-09-04 15:38:02.714529 INFO::Fitting model to feature number 1762, X93e4171aa2d41e0f4789453a4802490c
2026-09-04 15:38:02.717004 INFO::Fitting model to feature number 1763, beb65247733fb4a4e94450775a2a5680
2026-09-04 15:38:02.719491 INFO::Fitting model to feature number 1764, X00547b1d281c35264a0ff26fad14a562
2026-09-04 15:38:02.722042 INFO::Fitting model to feature number 1765, X4bff70caa4239abf761564a33a74133c
2026-09-04 15:38:02.724577 INFO::Fitting model to feature number 1766, X08461d2340bdd46779d426d3a0a2a2ef
2026-09-04 15:38:02.727009 INFO::Fitting model to feature number 1767, X3ea7bcf9a0f3be9e4bd93abd930db697
2026-09-04 15:38:02.729389 INFO::Fitting model to feature number 1768, X6a2774a215ad5f42bfb6192f3780fcdc
2026-09-04 15:38:02.732747 INFO::Fitting model to feature number 1769, X6be207ca302e700c064df1dbf477d906
2026-09-04 15:38:02.735357 INFO::Fitting model to feature number 1770, f0813c9877529cb1418e97b2650e1022
2026-09-04 15:38:02.740054 INFO::Fitting model to feature number 1771, X883c621a94c8c41fb099d57470e16755
2026-09-04 15:38:02.743987 INFO::Fitting model to feature number 1772, X8f60b4663eba42735add79c7655f8337
2026-09-04 15:38:02.747416 INFO::Fitting model to feature number 1773, d64f53290e0057135d9600d8b913d263
2026-09-04 15:38:02.7498 INFO::Fitting model to feature number 1774, X940097833eb7d2ef2747302c1da644d7
2026-09-04 15:38:02.751906 INFO::Fitting model to feature number 1775, babeaeb29da3c50409a817849f490e12
2026-09-04 15:38:02.754835 INFO::Fitting model to feature number 1776, b518819021a2fd50e0340fd777168d29
2026-09-04 15:38:02.757524 INFO::Fitting model to feature number 1777, cddaa10e781d256996ce772b0ed7c3b5
2026-09-04 15:38:02.760063 INFO::Fitting model to feature number 1778, X0d1ce7641147561f724e596430f36679
2026-09-04 15:38:02.775816 INFO::Fitting model to feature number 1779, a3866e170822e14cf2b645d0de02f75d
2026-09-04 15:38:02.779909 INFO::Fitting model to feature number 1780, X348bb73e43e5c23f7e171ffe032e6216
2026-09-04 15:38:02.783405 INFO::Fitting model to feature number 1781, b560d2dc340f43144cb6a28cb2392f98
2026-09-04 15:38:02.785631 INFO::Fitting model to feature number 1782, edace155e4b31c185330bcc89327ce21
2026-09-04 15:38:02.787575 INFO::Fitting model to feature number 1783, X2a23013dc8d92c3d6904ea9171324339
2026-09-04 15:38:02.789565 INFO::Fitting model to feature number 1784, c2169a2367142d716e13824cef7b215e
2026-09-04 15:38:02.791716 INFO::Fitting model to feature number 1785, X169db9e1d85f6d602cbe49b3a496432f
2026-09-04 15:38:02.793785 INFO::Fitting model to feature number 1786, a60d853c569f51557b1f6226036ffd45
2026-09-04 15:38:02.796397 INFO::Fitting model to feature number 1787, X8bc9736e7c084a3b27eb8096edf3f920
2026-09-04 15:38:02.798917 INFO::Fitting model to feature number 1788, X530d24908759df11439f922b6b553c34
2026-09-04 15:38:02.801763 INFO::Fitting model to feature number 1789, X248c3a1ca3f247bdadcd82b0f259a9c7
2026-09-04 15:38:02.804108 INFO::Fitting model to feature number 1790, X53a4952d80cc40849fc8518c33ec4ef8
2026-09-04 15:38:02.806693 INFO::Fitting model to feature number 1791, df73e4134abe87dcd04af2479af42663
2026-09-04 15:38:02.809576 INFO::Fitting model to feature number 1792, fc60ba83cb320c33cadd43e9f7b14b05
2026-09-04 15:38:02.811829 INFO::Fitting model to feature number 1793, X5cfc7bc30f495de6b5aa9b8f63f28f69
2026-09-04 15:38:02.813822 INFO::Fitting model to feature number 1794, a73567ed1a880d59ccf09a81a7a49752
2026-09-04 15:38:02.815703 INFO::Fitting model to feature number 1795, X4aefb1d27a75c92a0d1934debec2423f
2026-09-04 15:38:02.817616 INFO::Fitting model to feature number 1796, X9ec2959562899da9d1dbad811abb745f
2026-09-04 15:38:02.819515 INFO::Fitting model to feature number 1797, f3e4d3993e67d237461aeed380f89296
2026-09-04 15:38:02.821539 INFO::Fitting model to feature number 1798, X97878b17a03213633ae3741c628aff95
2026-09-04 15:38:02.823811 INFO::Fitting model to feature number 1799, X04441cc42dcf12d335933e0adbcc5adf
2026-09-04 15:38:02.826464 INFO::Fitting model to feature number 1800, X88548b1fb8d178177404ab43e2ce2071
2026-09-04 15:38:02.833758 INFO::Fitting model to feature number 1801, X1aac3e456c0d0699cd455c90d1b08a11
2026-09-04 15:38:02.839349 INFO::Fitting model to feature number 1802, X66f1659824e42a80f1a7bf028bc73471
2026-09-04 15:38:02.843244 INFO::Fitting model to feature number 1803, X55ced324b5aa8ece7ad8d222a626b9b6
2026-09-04 15:38:02.845646 INFO::Fitting model to feature number 1804, X39a652b27feff7d85b9a5dc0a346db8c
2026-09-04 15:38:02.848227 INFO::Fitting model to feature number 1805, X55fa8516c190e77141ebff54b1124f59
2026-09-04 15:38:02.850544 INFO::Fitting model to feature number 1806, X1d7df63486926357c32e4d2ecaad2863
2026-09-04 15:38:02.85265 INFO::Fitting model to feature number 1807, d38fa42dc62ee223cd500981722570cd
2026-09-04 15:38:02.854696 INFO::Fitting model to feature number 1808, X0c22ff0015c6c4f858371ebdccb7c9f2
2026-09-04 15:38:02.85702 INFO::Fitting model to feature number 1809, X113f7fdc7dd11b33b04dabb466e452ab
2026-09-04 15:38:02.859541 INFO::Fitting model to feature number 1810, X7a254f06c2bd0c01b8569a096c8aba66
2026-09-04 15:38:02.861608 INFO::Fitting model to feature number 1811, X4606e5a8b45cd256c0e043c41198e57e
2026-09-04 15:38:02.86366 INFO::Fitting model to feature number 1812, X29a8c204213b4f4bcff77f6231768c96
2026-09-04 15:38:02.867034 INFO::Fitting model to feature number 1813, f574baa899617c909669289611d5799a
2026-09-04 15:38:02.869476 INFO::Fitting model to feature number 1814, fd84ba3e6321f81e4731b16080f0416a
2026-09-04 15:38:02.873114 INFO::Fitting model to feature number 1815, cf8b9c4e4a26e538dff6026e35de2551
2026-09-04 15:38:02.876647 INFO::Fitting model to feature number 1816, X731548af079be7d4b4629f06b2fd739b
2026-09-04 15:38:02.879164 INFO::Fitting model to feature number 1817, X08aaf1bb0d597052d230a7195070a3b1
2026-09-04 15:38:02.881535 INFO::Fitting model to feature number 1818, X42da2435f7c0840e2c0a0ed0cca49646
2026-09-04 15:38:02.883683 INFO::Fitting model to feature number 1819, a879dcf68de63c91aafe962b2cd245b0
2026-09-04 15:38:02.885808 INFO::Fitting model to feature number 1820, b167ec2aedd2543821df16643e04ea0a
2026-09-04 15:38:02.887997 INFO::Fitting model to feature number 1821, X73f3b85cd41f51833f265b76367258ef
2026-09-04 15:38:02.890073 INFO::Fitting model to feature number 1822, e7c33d8b889c13f3a8b1c00fa85e19ec
2026-09-04 15:38:02.892214 INFO::Fitting model to feature number 1823, X8b31ff60df3e94cd2cc15a2909b46752
2026-09-04 15:38:02.894544 INFO::Fitting model to feature number 1824, c1b39a4b58bf6ecf26fc05df3c49e15a
2026-09-04 15:38:02.89726 INFO::Fitting model to feature number 1825, X12ae683d3497c98b113b9aa0bd26b983
2026-09-04 15:38:02.89963 INFO::Fitting model to feature number 1826, X4213a947b09d5e68fef199524f0e7d27
2026-09-04 15:38:02.902143 INFO::Fitting model to feature number 1827, X15eca2e791831146ecf24ffdc39cf960
2026-09-04 15:38:02.904397 INFO::Fitting model to feature number 1828, X00107bdafa378f95637473669a5b62cc
2026-09-04 15:38:02.906681 INFO::Fitting model to feature number 1829, X7ac44c9714136cb55cd84efb374c3f4d
2026-09-04 15:38:02.908979 INFO::Fitting model to feature number 1830, f66369959553e15e8ca0d41447b63d95
2026-09-04 15:38:02.911154 INFO::Fitting model to feature number 1831, X70d8eaea36e7c7f04d1a62621caab152
2026-09-04 15:38:02.913383 INFO::Fitting model to feature number 1832, fbf8d8e46473480f69ba8093cedb7a6a
2026-09-04 15:38:02.915461 INFO::Fitting model to feature number 1833, X806a1927c4a9f7a91dc256e4c3b5169c
2026-09-04 15:38:02.917503 INFO::Fitting model to feature number 1834, X8ebb5b76d88cadb1619680863b43ffa9
2026-09-04 15:38:02.919483 INFO::Fitting model to feature number 1835, b75da9549967d5ff4121ea2ac1d28a9d
2026-09-04 15:38:02.921433 INFO::Fitting model to feature number 1836, X922414fd1c48a7f30c1c59fa8536ce2c
2026-09-04 15:38:02.923704 INFO::Fitting model to feature number 1837, dee454e46e73d6f11489023fe4901d08
2026-09-04 15:38:02.925803 INFO::Fitting model to feature number 1838, efa7dfa75231c216add7ea599de53155
2026-09-04 15:38:02.927953 INFO::Fitting model to feature number 1839, X8bd7eae7b06e68da18ec96166ab803b6
2026-09-04 15:38:02.936846 INFO::Fitting model to feature number 1840, X0e5bb3b72148d1f430252f78d3c1f88e
2026-09-04 15:38:02.941847 INFO::Fitting model to feature number 1841, X34416d95107b253dc45c7b8bc08d30a7
2026-09-04 15:38:02.945411 INFO::Fitting model to feature number 1842, e365e5e32c02ebba563c1cf0f447590c
2026-09-04 15:38:02.948126 INFO::Fitting model to feature number 1843, f31bba783d902e4b35255549ea9277ff
2026-09-04 15:38:02.950251 INFO::Fitting model to feature number 1844, X7b438f8c2d92bd32b7537e73ff32e4f2
2026-09-04 15:38:02.952192 INFO::Fitting model to feature number 1845, X0a806cfaee2902dd1d62834cc24850e6
2026-09-04 15:38:02.954197 INFO::Fitting model to feature number 1846, X846ed899f8d8ae5228d0aa0a4e294f47
2026-09-04 15:38:02.956068 INFO::Fitting model to feature number 1847, X3cf7a40b71ff732e2433cb9cd5d40590
2026-09-04 15:38:02.958412 INFO::Fitting model to feature number 1848, X95e86dd170b284b759d511d9e9f62a60
2026-09-04 15:38:02.960452 INFO::Fitting model to feature number 1849, X669a8cbc4c3018bdd25d7ae1afd409d1
2026-09-04 15:38:02.962427 INFO::Fitting model to feature number 1850, X71c73b1b3db72019e23daf904bf9e0b6
2026-09-04 15:38:02.965731 INFO::Fitting model to feature number 1851, X9739fce1d5213e984950e8791cef0032
2026-09-04 15:38:02.969121 INFO::Fitting model to feature number 1852, X1155ac2d556aace4543333f51acde613
2026-09-04 15:38:02.973163 INFO::Fitting model to feature number 1853, X7454e5573466dfa6018c7cd0181711a3
2026-09-04 15:38:02.976755 INFO::Fitting model to feature number 1854, ef7a61238b04312edb88f4450edfeb08
2026-09-04 15:38:02.979322 INFO::Fitting model to feature number 1855, X399a48c77bbc22ac1d5ed952720c9c1c
2026-09-04 15:38:02.981759 INFO::Fitting model to feature number 1856, X2ace65c195895701fd6ba94f06392444
2026-09-04 15:38:02.983915 INFO::Fitting model to feature number 1857, X4fd5415a1edc320824d0ce93e3f23ea4
2026-09-04 15:38:02.986025 INFO::Fitting model to feature number 1858, X614f2705c77a6e16dd14640feef8cd81
2026-09-04 15:38:02.988126 INFO::Fitting model to feature number 1859, X4d7d7b1d7879fee95293b073777bc3d1
2026-09-04 15:38:02.990549 INFO::Fitting model to feature number 1860, X8829620954c9d9590217df758c1804a5
2026-09-04 15:38:02.99274 INFO::Fitting model to feature number 1861, X2c1bb5ec14c19b02cb2a7de6a5b89ea5
2026-09-04 15:38:02.994983 INFO::Fitting model to feature number 1862, X91c17131cd04751c175243c37e94f7eb
2026-09-04 15:38:02.99803 INFO::Fitting model to feature number 1863, bf781ee8a697c00a02940a47861b1980
2026-09-04 15:38:03.00141 INFO::Fitting model to feature number 1864, X54d27bea8f7f00f1666fc2b9457e69c4
2026-09-04 15:38:03.004194 INFO::Fitting model to feature number 1865, X09190385d902f343aaa2d03a744571d0
2026-09-04 15:38:03.006994 INFO::Fitting model to feature number 1866, X4d7e9af66394ec3a9055e049445920e2
2026-09-04 15:38:03.009476 INFO::Fitting model to feature number 1867, ba76b9c5335fa39ecf430adf10d0a50f
2026-09-04 15:38:03.011797 INFO::Fitting model to feature number 1868, b6d9b59a9ce62ec670f20571aed310cf
2026-09-04 15:38:03.014113 INFO::Fitting model to feature number 1869, X182c7ca343366b09cd131000dcf89f43
2026-09-04 15:38:03.016388 INFO::Fitting model to feature number 1870, X7ad5f3730a270d49c441ba3af7eb38b8
2026-09-04 15:38:03.018568 INFO::Fitting model to feature number 1871, ed2abf50404c6a3f9ebded694af30347
2026-09-04 15:38:03.02074 INFO::Fitting model to feature number 1872, c73afb5ccb2bc2d61ab3447b19da7db2
2026-09-04 15:38:03.024006 INFO::Fitting model to feature number 1873, ede78f92a87a243419cdcea1a0c83b40
2026-09-04 15:38:03.027933 INFO::Fitting model to feature number 1874, X090b48e13cdf6acc0a523b63b68c9c1f
2026-09-04 15:38:03.035497 INFO::Fitting model to feature number 1875, X6443898054518f4a3520abd88ae8a640
2026-09-04 15:38:03.040546 INFO::Fitting model to feature number 1876, eec0aaed4fd4ad45bc2a6e611d30047b
2026-09-04 15:38:03.044306 INFO::Fitting model to feature number 1877, X927b3275bbe8bf14a504e63c6e48cdf8
2026-09-04 15:38:03.046779 INFO::Fitting model to feature number 1878, a66b4e0c873a2f9c11757a6cc4a5eeed
2026-09-04 15:38:03.050061 INFO::Fitting model to feature number 1879, X470136dfe4e4c0181388b5f03b307ee8
2026-09-04 15:38:03.052446 INFO::Fitting model to feature number 1880, X1b373861a092db91abe8094a4a55ad41
2026-09-04 15:38:03.054786 INFO::Fitting model to feature number 1881, d4490020076143bc300dcd67351666a7
2026-09-04 15:38:03.057565 INFO::Fitting model to feature number 1882, fa904d51823ca3ba9269ee5e68e528b0
2026-09-04 15:38:03.060036 INFO::Fitting model to feature number 1883, X4f28f61286ea24b346d9aea3b75b3cff
2026-09-04 15:38:03.063411 INFO::Fitting model to feature number 1884, X7872596cfe4eedc6aac3bcd5621453cf
2026-09-04 15:38:03.066321 INFO::Fitting model to feature number 1885, X93e60a8cdcc008024d2ec50789130cf2
2026-09-04 15:38:03.070756 INFO::Fitting model to feature number 1886, X205ad8969ab3893de8ec3c7b4ba01174
2026-09-04 15:38:03.075177 INFO::Fitting model to feature number 1887, X344b89751fc2de8f51385fa631be76ae
2026-09-04 15:38:03.078847 INFO::Fitting model to feature number 1888, X8d99d2d26234cffa212e2bd7e0271012
2026-09-04 15:38:03.081155 INFO::Fitting model to feature number 1889, X113cef49142c908128f5e5885db6677f
2026-09-04 15:38:03.083167 INFO::Fitting model to feature number 1890, X6fa0ad116c20e73b900b3aac7ac89b32
2026-09-04 15:38:03.085028 INFO::Fitting model to feature number 1891, X29866e0e0eaabcaffef6e561fad33cb4
2026-09-04 15:38:03.086683 INFO::Fitting model to feature number 1892, df99b0fbb759970324d0524fd0ed436c
2026-09-04 15:38:03.08838 INFO::Fitting model to feature number 1893, f7ae45d0f7639699e7d42217626e1f71
2026-09-04 15:38:03.090128 INFO::Fitting model to feature number 1894, c3c603a79f746a2efeb71d6495763702
2026-09-04 15:38:03.092028 INFO::Fitting model to feature number 1895, a4efc797f836690add2cdaf980930c1a
2026-09-04 15:38:03.093957 INFO::Fitting model to feature number 1896, X2c070f4880cc78c48ec292dd9c89b597
2026-09-04 15:38:03.095821 INFO::Fitting model to feature number 1897, X9740b0c967ec20639bb9181bd891d2ef
2026-09-04 15:38:03.09861 INFO::Fitting model to feature number 1898, X43e1958ba29bceff52ac242d5175118b
2026-09-04 15:38:03.10137 INFO::Fitting model to feature number 1899, X23cfcd79f50cfe6f471d5fa0f8d60ba0
2026-09-04 15:38:03.103751 INFO::Fitting model to feature number 1900, X4509801079fbac9b0ae30c95e5bc4377
2026-09-04 15:38:03.10618 INFO::Fitting model to feature number 1901, X9486da0dfc61a6cc41f58f2c399de20d
2026-09-04 15:38:03.109906 INFO::Fitting model to feature number 1902, X1b22b23385530919f2e79af78a010d44
2026-09-04 15:38:03.112393 INFO::Fitting model to feature number 1903, feb6b4a6c8ebb2130eb8ad400aa6562c
2026-09-04 15:38:03.114568 INFO::Fitting model to feature number 1904, f305eb3c38ffa5109238707d1b15e12c
2026-09-04 15:38:03.116675 INFO::Fitting model to feature number 1905, a3039049f9e24144bdbbebecb28e8fec
2026-09-04 15:38:03.118746 INFO::Fitting model to feature number 1906, X7b094a3bb549a5abe9cb843e8e701b72
2026-09-04 15:38:03.12078 INFO::Fitting model to feature number 1907, d6a53f23c49f350be6c7232ceee285ae
2026-09-04 15:38:03.122898 INFO::Fitting model to feature number 1908, X0e2e91fba1ca9ed7de2d11ea4786c914
2026-09-04 15:38:03.125102 INFO::Fitting model to feature number 1909, X4d9bfd302b43dfc056bd5ae61ed49065
2026-09-04 15:38:03.127484 INFO::Fitting model to feature number 1910, X4b9f9723551325d3ff2ee04cfe1700eb
2026-09-04 15:38:03.135846 INFO::Fitting model to feature number 1911, b870ee9c0da9fe6122d27044add9d76b
2026-09-04 15:38:03.141716 INFO::Fitting model to feature number 1912, ac911931f08c07abb80e291835132f2b
2026-09-04 15:38:03.144847 INFO::Fitting model to feature number 1913, X6a342139192d933f73213a03d674b77d
2026-09-04 15:38:03.147342 INFO::Fitting model to feature number 1914, X3bc48c61a22e1f3c231e755fcff1170f
2026-09-04 15:38:03.149892 INFO::Fitting model to feature number 1915, X0ace0e4f1d9433a533329594a3f4aad7
2026-09-04 15:38:03.152148 INFO::Fitting model to feature number 1916, d365ee2c93879be8668867daf03553ba
2026-09-04 15:38:03.154318 INFO::Fitting model to feature number 1917, X722f7c80e20ccf058373a2520df6efc5
2026-09-04 15:38:03.156548 INFO::Fitting model to feature number 1918, X7b2c785f61d8bceedaa751d34049f13a
2026-09-04 15:38:03.158811 INFO::Fitting model to feature number 1919, X4195a5f103d4730b4fad2f90a621f708
2026-09-04 15:38:03.161118 INFO::Fitting model to feature number 1920, afb7f700e3cb11fff3c4a6e7e8e83e3d
2026-09-04 15:38:03.163415 INFO::Fitting model to feature number 1921, X1d3e0c46af7ba7d8e28d623f81876232
2026-09-04 15:38:03.166803 INFO::Fitting model to feature number 1922, X116dd27e4948a4fc08d6e34f67556f60
2026-09-04 15:38:03.1695 INFO::Fitting model to feature number 1923, f83d275c47fc87443711c02b48c3a9d6
2026-09-04 15:38:03.173614 INFO::Fitting model to feature number 1924, X75e049d0d093319fee0b6088d81aaf3d
2026-09-04 15:38:03.177785 INFO::Fitting model to feature number 1925, X8680bac0a040ebcbbd3034d1f159e425
2026-09-04 15:38:03.181102 INFO::Fitting model to feature number 1926, a5c95d5f2fc8a4037c6c735708c253bd
2026-09-04 15:38:03.183588 INFO::Fitting model to feature number 1927, aa6e2b067ea55bb7b917286e0c5b7a82
2026-09-04 15:38:03.185913 INFO::Fitting model to feature number 1928, X29fd1c151441bf5f1c340be57949ad68
2026-09-04 15:38:03.188223 INFO::Fitting model to feature number 1929, X944a4af5f4ff292aa920438b3eb9037e
2026-09-04 15:38:03.190827 INFO::Fitting model to feature number 1930, X783fa9f5d6f1e341f3fd077f95fae21c
2026-09-04 15:38:03.193075 INFO::Fitting model to feature number 1931, X79ee2fe49b49eb577ecba4f586c0f124
2026-09-04 15:38:03.195483 INFO::Fitting model to feature number 1932, X5aaaaa5a63365189cd48ff82ace504ec
2026-09-04 15:38:03.197852 INFO::Fitting model to feature number 1933, X4d728d3c71fc9f2f4d90cdd34c4bb2f5
2026-09-04 15:38:03.202478 INFO::Fitting model to feature number 1934, X3fd465dda2ae1676fef3e34adb2988b4
2026-09-04 15:38:03.206049 INFO::Fitting model to feature number 1935, deba5439e57e39537119b1a829e38d65
2026-09-04 15:38:03.208985 INFO::Fitting model to feature number 1936, X4bf3ec6e3d9ef2b88953748b7371058d
2026-09-04 15:38:03.211761 INFO::Fitting model to feature number 1937, cc0158cce141aa47600c7ed8ec4dd0e6
2026-09-04 15:38:03.214489 INFO::Fitting model to feature number 1938, X936cb431dee6e4d49f4da3dad0c107f8
2026-09-04 15:38:03.217925 INFO::Fitting model to feature number 1939, X02b4cbe5c2955ab2f66dc82cdf6dad64
2026-09-04 15:38:03.220653 INFO::Fitting model to feature number 1940, X3addf137cd8e32be3593c0a06ed23e8f
2026-09-04 15:38:03.222949 INFO::Fitting model to feature number 1941, X13497d30d81f50bda8169ee13b224952
2026-09-04 15:38:03.225556 INFO::Fitting model to feature number 1942, a3e1b05a7e9ffc9e7740e17b54a4338c
2026-09-04 15:38:03.22793 INFO::Fitting model to feature number 1943, fdfe2bd7c49fac59c489310318a16b6d
2026-09-04 15:38:03.231529 INFO::Fitting model to feature number 1944, X96d1abfda5cc14d7c0dac38335464454
2026-09-04 15:38:03.235772 INFO::Fitting model to feature number 1945, b528100268f132f5cc7bcb7a35d41b4a
2026-09-04 15:38:03.240233 INFO::Fitting model to feature number 1946, d26991f12260a4ae7d8556830ad75f5d
2026-09-04 15:38:03.24464 INFO::Fitting model to feature number 1947, X4bfccf91e0d1dd9a7edf3d022c375ed7
2026-09-04 15:38:03.247923 INFO::Fitting model to feature number 1948, X69b34eb3d973912e7c2418d22f34e7ed
2026-09-04 15:38:03.251555 INFO::Fitting model to feature number 1949, c3100f3032c793be2b99ca23ab1824ee
2026-09-04 15:38:03.253955 INFO::Fitting model to feature number 1950, X108bb5d1a9239c157fcb3de7a2e3b42e
2026-09-04 15:38:03.256272 INFO::Fitting model to feature number 1951, X4bf323084afcd20dd2d05e264621c135
2026-09-04 15:38:03.258573 INFO::Fitting model to feature number 1952, X0b0fdb5262a0f096a9447105cf77fe08
2026-09-04 15:38:03.260773 INFO::Fitting model to feature number 1953, X2155f92eb649b83d7d36c51a8ac4c744
2026-09-04 15:38:03.263033 INFO::Fitting model to feature number 1954, X4af94efca4849f646d835e1425484230
2026-09-04 15:38:03.265533 INFO::Fitting model to feature number 1955, X2ca0ad9d8f59b9f317a89a5b6566f385
2026-09-04 15:38:03.268382 INFO::Fitting model to feature number 1956, X992a601a93e16aecc5855bbefbc58aeb
2026-09-04 15:38:03.270984 INFO::Fitting model to feature number 1957, f0e85c95cefbfaa2a46700a2a1a7a48e
2026-09-04 15:38:03.274294 INFO::Fitting model to feature number 1958, b7b32d0e3941d3fd8a597b425b27a06a
2026-09-04 15:38:03.277224 INFO::Fitting model to feature number 1959, a40b33d7762dc4f3bf38b92db3a6c896
2026-09-04 15:38:03.279845 INFO::Fitting model to feature number 1960, X0c4dbb2d5d0069b66f59c8ba2ec2fa10
2026-09-04 15:38:03.282529 INFO::Fitting model to feature number 1961, fb4905f23582bc2c72b3fa79243d3a08
2026-09-04 15:38:03.284793 INFO::Fitting model to feature number 1962, X4b9ef26c1eb03685b09376914bb4d022
2026-09-04 15:38:03.28707 INFO::Fitting model to feature number 1963, X2a8b72bf793b92d29cd97a97b605eb7c
2026-09-04 15:38:03.289323 INFO::Fitting model to feature number 1964, f0000f2a58584e3b5d188ca8ac12a9a8
2026-09-04 15:38:03.291539 INFO::Fitting model to feature number 1965, X3ae39def52b5f6a95d0180551a99caec
2026-09-04 15:38:03.293678 INFO::Fitting model to feature number 1966, b54f2bc11a015936658c0a48a3272701
2026-09-04 15:38:03.29581 INFO::Fitting model to feature number 1967, X62f66d4c2a7fa871b17c06f5385d4984
2026-09-04 15:38:03.297969 INFO::Fitting model to feature number 1968, X525cdd14d4d82b10b2cc3724c9fafb52
2026-09-04 15:38:03.300188 INFO::Fitting model to feature number 1969, bb4aaa7fd0f22205885a3c83c2ba5c00
2026-09-04 15:38:03.303136 INFO::Fitting model to feature number 1970, d7eaaf84c79dc24b5216ff41e8ee0d91
2026-09-04 15:38:03.306316 INFO::Fitting model to feature number 1971, X2147dd801daab8c813401a6b37f200b5
2026-09-04 15:38:03.308956 INFO::Fitting model to feature number 1972, X434cfb425f8592caa0e85ab49fbbb8f9
2026-09-04 15:38:03.311744 INFO::Fitting model to feature number 1973, c04a89f1f625d5c80c6b5f07ee0b74fc
2026-09-04 15:38:03.314087 INFO::Fitting model to feature number 1974, e8359a520179e4103ea9943f234af2a2
2026-09-04 15:38:03.316467 INFO::Fitting model to feature number 1975, X31afbb2f7b567f350baa11a70394e708
2026-09-04 15:38:03.318665 INFO::Fitting model to feature number 1976, X02fa2a20c28f380c1a01d705836885b2
2026-09-04 15:38:03.32084 INFO::Fitting model to feature number 1977, X99e5a1f89bd0985c7232e7288b0bbb0c
2026-09-04 15:38:03.323056 INFO::Fitting model to feature number 1978, X02a46277fb03d7d6caa0334f66e312a1
2026-09-04 15:38:03.325451 INFO::Fitting model to feature number 1979, bf4d2095db694a920bae87f9c9b5d5ba
2026-09-04 15:38:03.327796 INFO::Fitting model to feature number 1980, c331eebcf440a99a17ae0ac47444ca28
2026-09-04 15:38:03.335383 INFO::Fitting model to feature number 1981, db542318defbec20bf7d4efb173e2520
2026-09-04 15:38:03.34107 INFO::Fitting model to feature number 1982, X84c2f9084a75be51cdee8d3bbc091469
2026-09-04 15:38:03.344994 INFO::Fitting model to feature number 1983, d55e2ebd983f8f0276403c4f1f411559
2026-09-04 15:38:03.348302 INFO::Fitting model to feature number 1984, fb0c25d1ea91b6e99eeb56782a68a227
2026-09-04 15:38:03.350762 INFO::Fitting model to feature number 1985, c373c5d546b43f70add75dbe71e366a8
2026-09-04 15:38:03.352986 INFO::Fitting model to feature number 1986, X457b25a2fd14f01a5972b278c32e1100
2026-09-04 15:38:03.355129 INFO::Fitting model to feature number 1987, X99655fec47061b3627f40f668afbfc33
2026-09-04 15:38:03.35744 INFO::Fitting model to feature number 1988, df0ae769f5f074d0c450dbb192624e3c
2026-09-04 15:38:03.359842 INFO::Fitting model to feature number 1989, X837e8e51416dc80a6f7e850ace0f948f
2026-09-04 15:38:03.362312 INFO::Fitting model to feature number 1990, X5f5aaf3512dcae5245f4a3d1d8a24f22
2026-09-04 15:38:03.36472 INFO::Fitting model to feature number 1991, X3198f757fad3912415303c61b893f80a
2026-09-04 15:38:03.368856 INFO::Fitting model to feature number 1992, e033007e425487e6d2aa6205551166cd
2026-09-04 15:38:03.37172 INFO::Fitting model to feature number 1993, X1dd44e4f6127d52677b22824bb758a2c
2026-09-04 15:38:03.37587 INFO::Fitting model to feature number 1994, X07d8c6213aa9fb531442ef2f8a390975
2026-09-04 15:38:03.380131 INFO::Fitting model to feature number 1995, X1707c02f31d8bb443e9dd9ec0ff11394
2026-09-04 15:38:03.383805 INFO::Fitting model to feature number 1996, X7018e2fc89ac94e96d5f767d51ed146b
2026-09-04 15:38:03.386193 INFO::Fitting model to feature number 1997, X7046b948651a814c4adfb39557aef1cc
2026-09-04 15:38:03.388545 INFO::Fitting model to feature number 1998, X4d5467aeaa75e026c74956f5af397574
2026-09-04 15:38:03.391875 INFO::Fitting model to feature number 1999, X8546b756599bb946d25400cdb45d9cbe
2026-09-04 15:38:03.394196 INFO::Fitting model to feature number 2000, X9c995f9551497d05f889ceda055b5d39
2026-09-04 15:38:03.396356 INFO::Fitting model to feature number 2001, X3db29127be446afa434e84f35fc1bb93
2026-09-04 15:38:03.398298 INFO::Fitting model to feature number 2002, X2985b6f6842b1ad23bd5d7ca5f030fda
2026-09-04 15:38:03.400178 INFO::Fitting model to feature number 2003, a4d172ba104364ca4e57246a1d57b1af
2026-09-04 15:38:03.402081 INFO::Fitting model to feature number 2004, c19008be5dfd7d2517a34e090cff198f
2026-09-04 15:38:03.403997 INFO::Fitting model to feature number 2005, d359989497c52ebca3a029d3b517cba6
2026-09-04 15:38:03.405949 INFO::Fitting model to feature number 2006, c487a0c462a5aa397c387f97d645233f
2026-09-04 15:38:03.408219 INFO::Fitting model to feature number 2007, X96bf62f6ebd5657b75cee8cd21455532
2026-09-04 15:38:03.410268 INFO::Fitting model to feature number 2008, b7a81edcc1449f8e2dd4c4096dd30262
2026-09-04 15:38:03.412606 INFO::Fitting model to feature number 2009, X50efd337880b0539ba0878a6c9bc2566
2026-09-04 15:38:03.416072 INFO::Fitting model to feature number 2010, X56f2631580c2972e1ece47fa24b96be5
2026-09-04 15:38:03.418772 INFO::Fitting model to feature number 2011, X8f3282c8499c53cb17ab098ed1ae7871
2026-09-04 15:38:03.421577 INFO::Fitting model to feature number 2012, d1ee237c06fc0b28881965807577467e
2026-09-04 15:38:03.423992 INFO::Fitting model to feature number 2013, X61211934dee27759d63ed67a87e7a324
2026-09-04 15:38:03.426619 INFO::Fitting model to feature number 2014, a877ed23504d944de78923ec54321c6e
2026-09-04 15:38:03.428806 INFO::Fitting model to feature number 2015, X0dc87ce0c2fa6b903851dc449179492e
2026-09-04 15:38:03.433092 INFO::Fitting model to feature number 2016, d7be64d52a0d6318b4e1a04b52667670
2026-09-04 15:38:03.436711 INFO::Fitting model to feature number 2017, a448fba42706695ea808d59fd73e5449
2026-09-04 15:38:03.438829 INFO::Fitting model to feature number 2018, ef96591a931506339e541609615e8dad
2026-09-04 15:38:03.441579 INFO::Fitting model to feature number 2019, c4b7bb1f69f8eb950ed2c113e64fe8be
2026-09-04 15:38:03.444113 INFO::Fitting model to feature number 2020, f1a13ae91e7d51ae19a37aec2f9708b3
2026-09-04 15:38:03.451127 INFO::Fitting model to feature number 2021, e0dd5048bc3df8ffe85d99edfb7ea753
2026-09-04 15:38:03.455751 INFO::Fitting model to feature number 2022, f6b1326f7f2b138abdb386bf8f7b4d31
2026-09-04 15:38:03.460099 INFO::Fitting model to feature number 2023, defb63373d46ff18611b9f9a9a849713
2026-09-04 15:38:03.46325 INFO::Fitting model to feature number 2024, X54e9dd349d5e614b9f51a8ccdb01fa0b
2026-09-04 15:38:03.466053 INFO::Fitting model to feature number 2025, ff5a51fefd632c86b7be3a1a7356d4fa
2026-09-04 15:38:03.468823 INFO::Fitting model to feature number 2026, a58e4708e893c1310399e386b9002ed0
2026-09-04 15:38:03.471483 INFO::Fitting model to feature number 2027, X5b6770c6bca36ef513da581b72c17da7
2026-09-04 15:38:03.474208 INFO::Fitting model to feature number 2028, X6b7aa4e6d836a16b0902d910bdadb115
2026-09-04 15:38:03.477042 INFO::Fitting model to feature number 2029, f6f921b58a7995bd1131e02589ff091f
2026-09-04 15:38:03.47915 INFO::Fitting model to feature number 2030, bc03cc2bd8a104abb5b12d375a1a75c5
2026-09-04 15:38:03.482577 INFO::Fitting model to feature number 2031, de87cffa3188e308442d0d392048b2dc
2026-09-04 15:38:03.485228 INFO::Fitting model to feature number 2032, bfed5f5c453332ce1a4eba7cf3049085
2026-09-04 15:38:03.487539 INFO::Fitting model to feature number 2033, fb95e8cada6918eadd23c50f86c913dc
2026-09-04 15:38:03.490862 INFO::Fitting model to feature number 2034, f19fda84a12829f2d6033c22da243230
2026-09-04 15:38:03.493669 INFO::Fitting model to feature number 2035, X9e82ed15ea0def7fc2797fddca438b12
2026-09-04 15:38:03.49798 INFO::Fitting model to feature number 2036, d77665673e6552f62ccfa755f56182d4
2026-09-04 15:38:03.515055 INFO::Fitting model to feature number 2037, eed65d167bba425cd11283f5b040c829
2026-09-04 15:38:03.517707 INFO::Fitting model to feature number 2038, b4e5eca4e0c476b01edef62a00b79142
2026-09-04 15:38:03.520639 INFO::Fitting model to feature number 2039, X8368e2e2376d0c8349f8a5fb8cc53027
2026-09-04 15:38:03.522832 INFO::Fitting model to feature number 2040, ec42cbd6c0cb6645a75a2541a8770625
2026-09-04 15:38:03.525136 INFO::Fitting model to feature number 2041, X0916f5b19b8fbe0155f9aed997162876
2026-09-04 15:38:03.527385 INFO::Fitting model to feature number 2042, a0304c985686c707f30b9817b054010f
2026-09-04 15:38:03.529519 INFO::Fitting model to feature number 2043, X4e97741ffb4fa7b96953b42758c85486
2026-09-04 15:38:03.532786 INFO::Fitting model to feature number 2044, X212b340b7771fc75695ffeb983538990
2026-09-04 15:38:03.536037 INFO::Fitting model to feature number 2045, X0cfe2fbdb5413dee3a014a672ee6080c
2026-09-04 15:38:03.539392 INFO::Fitting model to feature number 2046, X589ff3c69b59b32cfc733ea6c991cc22
2026-09-04 15:38:03.542905 INFO::Fitting model to feature number 2047, X1aa45332969575442e0a457ef371669d
2026-09-04 15:38:03.545391 INFO::Fitting model to feature number 2048, X837a8ab5fbfe961ecfa67f661c564211
2026-09-04 15:38:03.548756 INFO::Fitting model to feature number 2049, f64e1297e2197c892adb376e604240e7
2026-09-04 15:38:03.552023 INFO::Fitting model to feature number 2050, abdd8c06a8d221f21694ec725428e786
2026-09-04 15:38:03.554283 INFO::Fitting model to feature number 2051, X06c86234afafee939f040c2898a1481f
2026-09-04 15:38:03.556976 INFO::Fitting model to feature number 2052, X540d75e90c477727fc34471c09289559
2026-09-04 15:38:03.560839 INFO::Fitting model to feature number 2053, X38a4bf81e0750ccc4c1cf6790317cbbd
2026-09-04 15:38:03.563647 INFO::Fitting model to feature number 2054, X5e37d285e2a40cb70fcf05a35109e9a9
2026-09-04 15:38:03.566194 INFO::Fitting model to feature number 2055, X2a19ae6da484242fb42d9a13623ba92a
2026-09-04 15:38:03.568499 INFO::Fitting model to feature number 2056, X48237abf285f1f2b6ebdec21bf65ce6d
2026-09-04 15:38:03.570689 INFO::Fitting model to feature number 2057, b11621b9d98dd12455e80ecc32eddb0d
2026-09-04 15:38:03.572815 INFO::Fitting model to feature number 2058, f922aec508a8f715b05f20390e515307
2026-09-04 15:38:03.575388 INFO::Fitting model to feature number 2059, X138050713628354de306c729cfdfbee7
2026-09-04 15:38:03.577655 INFO::Fitting model to feature number 2060, ec4227cdc4f6f8074927b6cd01885583
2026-09-04 15:38:03.579772 INFO::Fitting model to feature number 2061, ccd2771f6133d76fb397bde69b581676
2026-09-04 15:38:03.58185 INFO::Fitting model to feature number 2062, X8cd1e6158e89e84b6b887442e9eafe31
2026-09-04 15:38:03.584156 INFO::Fitting model to feature number 2063, X6e435de683c67ad8cbe7671bace568bf
2026-09-04 15:38:03.586354 INFO::Fitting model to feature number 2064, b61865bfa14943abd4b5b8043cd3ad47
2026-09-04 15:38:03.588391 INFO::Fitting model to feature number 2065, X6f9940ed5daaaec413a5c001d2d6ca9d
2026-09-04 15:38:03.591344 INFO::Fitting model to feature number 2066, X5592857b2777fbc352c7ded330728ecb
2026-09-04 15:38:03.593602 INFO::Fitting model to feature number 2067, cf81f01b04e0dcce66c7128f6c6119ae
2026-09-04 15:38:03.595962 INFO::Fitting model to feature number 2068, b9e49e24eed13e9d42be624184d6232b
2026-09-04 15:38:03.598998 INFO::Fitting model to feature number 2069, d3abe1faede5b7e0d247455636cf04cf
2026-09-04 15:38:03.601428 INFO::Fitting model to feature number 2070, X25e91c4fa81d23b44fe641973f105730
2026-09-04 15:38:03.603798 INFO::Fitting model to feature number 2071, e1d47aae23d42d605c2f007e9c69f9b6
2026-09-04 15:38:03.605978 INFO::Fitting model to feature number 2072, X672e3db2f05f5d8e8693852d2f6c1381
2026-09-04 15:38:03.608653 INFO::Fitting model to feature number 2073, efd0f8b1104631e4ba6fa7fa447bf8bf
2026-09-04 15:38:03.610937 INFO::Fitting model to feature number 2074, X8b64c326db31510c10baa3be3dc866fa
2026-09-04 15:38:03.613756 INFO::Fitting model to feature number 2075, X107273e73071282e4d0f4a0b46548da5
2026-09-04 15:38:03.616093 INFO::Fitting model to feature number 2076, X9f13fbe002a0ec4ae61a461e52594174
2026-09-04 15:38:03.618264 INFO::Fitting model to feature number 2077, X6c2538699fee0bf59e16eb15ce765a8e
2026-09-04 15:38:03.620474 INFO::Fitting model to feature number 2078, ee065ca4ce4405228c305a28f9378f58
2026-09-04 15:38:03.622533 INFO::Fitting model to feature number 2079, X3481fa43fe5fba6aecdc7f9aae6ed9c0
2026-09-04 15:38:03.624867 INFO::Fitting model to feature number 2080, X576184fc8bbe8f1cf921ca45e4b7efba
2026-09-04 15:38:03.627051 INFO::Fitting model to feature number 2081, X33341267c06c134295af03f8949cec80
2026-09-04 15:38:03.629146 INFO::Fitting model to feature number 2082, X62193a9ecc18582b5563bbe2dbce6f97
2026-09-04 15:38:03.631558 INFO::Fitting model to feature number 2083, X08b389203146a3001913fdf842e1cf0e
2026-09-04 15:38:03.634191 INFO::Fitting model to feature number 2084, X31307f6be9768741321ca4c7a22368b5
2026-09-04 15:38:03.636492 INFO::Fitting model to feature number 2085, X75b69e813ef070fefefe2b10fac292be
2026-09-04 15:38:03.63932 INFO::Fitting model to feature number 2086, X97398816b6aa62260046a740ff195076
2026-09-04 15:38:03.641869 INFO::Fitting model to feature number 2087, X9db3410d5d2f2327e672eb9b9fdf85ba
2026-09-04 15:38:03.644541 INFO::Fitting model to feature number 2088, X76fb17e7ed648d7b49452980c98138bb
2026-09-04 15:38:03.646674 INFO::Fitting model to feature number 2089, ce003f7d95581a74a2975279d3f44acd
2026-09-04 15:38:03.648776 INFO::Fitting model to feature number 2090, X5559cc8d1d8efe55e43397b2498feb60
2026-09-04 15:38:03.65082 INFO::Fitting model to feature number 2091, X321b3c593e32f6eb20b72664643ff88a
2026-09-04 15:38:03.652827 INFO::Fitting model to feature number 2092, X02cc5d245c55e8c6b147bee1bba30607
2026-09-04 15:38:03.654782 INFO::Fitting model to feature number 2093, X1443ee57cf3284538aada5e1f5458c45
2026-09-04 15:38:03.656749 INFO::Fitting model to feature number 2094, X9b31d638533142ce250195732d8a2ae3
2026-09-04 15:38:03.659029 INFO::Fitting model to feature number 2095, X5497b5940bce8dbabfe8ad3b8356b5f3
2026-09-04 15:38:03.661211 INFO::Fitting model to feature number 2096, a9da372ac0851e6d3f72c0d0ba8a9169
2026-09-04 15:38:03.663304 INFO::Fitting model to feature number 2097, X41ce05d94835bc310eacf2bcedc0df00
2026-09-04 15:38:03.66617 INFO::Fitting model to feature number 2098, X32f389ee12f81c27f3756cd2aef08118
2026-09-04 15:38:03.6686 INFO::Fitting model to feature number 2099, a887daf3a6e6a6e96f17327178633ded
2026-09-04 15:38:03.670892 INFO::Fitting model to feature number 2100, X9f1cf3721f2d2510e43e03394bcbdd66
2026-09-04 15:38:03.673697 INFO::Fitting model to feature number 2101, X245d48f16cba67b1e3da244ab46dc27c
2026-09-04 15:38:03.676038 INFO::Fitting model to feature number 2102, X6efbd0b890ebb54ff9e00713acc97912
2026-09-04 15:38:03.678492 INFO::Fitting model to feature number 2103, b869ac69078a3e32c442659656d0539e
2026-09-04 15:38:03.680868 INFO::Fitting model to feature number 2104, X03eecbb51827975a19901aa11247b0b9
2026-09-04 15:38:03.682996 INFO::Fitting model to feature number 2105, a400654ef3fde02bb56462df17f6d1be
2026-09-04 15:38:03.68506 INFO::Fitting model to feature number 2106, X4b256fc7513fbfc357b1aeca6c5caa1f
2026-09-04 15:38:03.687082 INFO::Fitting model to feature number 2107, a0625f600e425b34f76d35f3b53de9ec
2026-09-04 15:38:03.689064 INFO::Fitting model to feature number 2108, X102e423871838799962c0010f1c49d78
2026-09-04 15:38:03.691305 INFO::Fitting model to feature number 2109, d7e42c94c508fed0d0f68a1973c20d10
2026-09-04 15:38:03.693443 INFO::Fitting model to feature number 2110, a908da189153fee3dbe4b70ba60b49f8
2026-09-04 15:38:03.696027 INFO::Fitting model to feature number 2111, X7671f9829802bd83445a5df07840a993
2026-09-04 15:38:03.698741 INFO::Fitting model to feature number 2112, X36c64329fb6e1d83b54660ecff86f4eb
2026-09-04 15:38:03.701283 INFO::Fitting model to feature number 2113, X23328416454a025d70d898884b561dc8
2026-09-04 15:38:03.70358 INFO::Fitting model to feature number 2114, X1d2f2e1384ab079f7269cc7d54dd9b70
2026-09-04 15:38:03.705788 INFO::Fitting model to feature number 2115, X33eda262d8e08e6b1cb4f02a7bcef2f8
2026-09-04 15:38:03.708333 INFO::Fitting model to feature number 2116, X08afa54e71bd6e5eefa3a55d1464385b
2026-09-04 15:38:03.71122 INFO::Fitting model to feature number 2117, d211458c9e38e9ba64beec04cd587c67
2026-09-04 15:38:03.713451 INFO::Fitting model to feature number 2118, d594a46bb3fc96b64fe8620c2a28c271
2026-09-04 15:38:03.715644 INFO::Fitting model to feature number 2119, cf107c134744ae07339152ff864e2bb9
2026-09-04 15:38:03.717734 INFO::Fitting model to feature number 2120, X92e009be58280465fd8a27e99e2d8cab
2026-09-04 15:38:03.719822 INFO::Fitting model to feature number 2121, X68262884f1021c896f8e1bf7348d773c
2026-09-04 15:38:03.721961 INFO::Fitting model to feature number 2122, X4ab5f2e22ccd147902c34cc78dee0df6
2026-09-04 15:38:03.724175 INFO::Fitting model to feature number 2123, X0bcf4d29395fa40a972843fa31ee6d8a
2026-09-04 15:38:03.726391 INFO::Fitting model to feature number 2124, d201cbacd1c567ff782a4fefb0caf09b
2026-09-04 15:38:03.728546 INFO::Fitting model to feature number 2125, af6efbbc4a151479cf34453f1ddf44fd
2026-09-04 15:38:03.73093 INFO::Fitting model to feature number 2126, b2a3de8c0af5d09f31f320464ff7db75
2026-09-04 15:38:03.733987 INFO::Fitting model to feature number 2127, a8084d833b4df8a039613a0304950ed8
2026-09-04 15:38:03.736474 INFO::Fitting model to feature number 2128, ea9e0a84d7137e5ff94e1ed6de3a6f83
2026-09-04 15:38:03.739342 INFO::Fitting model to feature number 2129, X25eb05539a4b779f0e24cca5f0b4fdfe
2026-09-04 15:38:03.742739 INFO::Fitting model to feature number 2130, d0dfab74e1c5ac3cc0f3db2ed1eb136e
2026-09-04 15:38:03.745585 INFO::Fitting model to feature number 2131, X2e204219a64ef699ffe97c9c1de77c18
2026-09-04 15:38:03.747922 INFO::Fitting model to feature number 2132, X85dcd89e44d313ce9aa9f8f93bd8323a
2026-09-04 15:38:03.750108 INFO::Fitting model to feature number 2133, e9d73de1ae0d86cb7ad0ffb67d429ead
2026-09-04 15:38:03.752481 INFO::Fitting model to feature number 2134, X81e2c5edbd9d200b9baacc6995d0482e
2026-09-04 15:38:03.755304 INFO::Fitting model to feature number 2135, X0af6877ca68d514628b663274d009281
2026-09-04 15:38:03.759453 INFO::Fitting model to feature number 2136, X53c41b4b3069bc65042a6a046c5d45a8
2026-09-04 15:38:03.762138 INFO::Fitting model to feature number 2137, X2c31849e1e781d2fc1712b57a6a92885
2026-09-04 15:38:03.765317 INFO::Fitting model to feature number 2138, X0de22c15b9b37d16307cdebe7a61e6cb
2026-09-04 15:38:03.768457 INFO::Fitting model to feature number 2139, X742bb8f9e89f83f93b3e9879e349b8fb
2026-09-04 15:38:03.771725 INFO::Fitting model to feature number 2140, ed796c2d7980f60f0d56d04fb6083cc3
2026-09-04 15:38:03.774877 INFO::Fitting model to feature number 2141, X17e839fc0709509cec374aab6e4f5f7a
2026-09-04 15:38:03.777468 INFO::Fitting model to feature number 2142, X5b571cad760d367777e9c2236dc3535e
2026-09-04 15:38:03.780465 INFO::Fitting model to feature number 2143, X0db008e8fcc2222830470e1805050a26
2026-09-04 15:38:03.782879 INFO::Fitting model to feature number 2144, b31c6262f18417755f3f51e310f00561
2026-09-04 15:38:03.785147 INFO::Fitting model to feature number 2145, eda877642d6c9913f2ad38a45b6c4051
2026-09-04 15:38:03.787439 INFO::Fitting model to feature number 2146, b977792c87f2d7fb9ee44ae25371d7fd
2026-09-04 15:38:03.789711 INFO::Fitting model to feature number 2147, X37b902e8c6ab9854b7caed60d3c8e1c6
2026-09-04 15:38:03.791924 INFO::Fitting model to feature number 2148, b67aac699defef5a78c2d1bcdd28f4cb
2026-09-04 15:38:03.794296 INFO::Fitting model to feature number 2149, a93e8a48ea1d681bae7a3935c733e1ad
2026-09-04 15:38:03.797065 INFO::Fitting model to feature number 2150, X3faf4b747fc5578a5216fd622a50103e
2026-09-04 15:38:03.800259 INFO::Fitting model to feature number 2151, X25957d6eafc5ae21d013d564678d144c
2026-09-04 15:38:03.802786 INFO::Fitting model to feature number 2152, f6d1e56b6ebb4aabc455ff86bafe3770
2026-09-04 15:38:03.805231 INFO::Fitting model to feature number 2153, X09ae24f2154f672b30052e73e7e8d7c1
2026-09-04 15:38:03.808746 INFO::Fitting model to feature number 2154, X1002f9b1c4ef64a57d581ecfd1879c7a
2026-09-04 15:38:03.811534 INFO::Fitting model to feature number 2155, X5931b5afa4f691e81f9fa835539139d9
2026-09-04 15:38:03.814216 INFO::Fitting model to feature number 2156, ed0353e296a05c601d545958eb699a9b
2026-09-04 15:38:03.816549 INFO::Fitting model to feature number 2157, ec18c0e464a893ce41f36a72f3d7fcf3
2026-09-04 15:38:03.818835 INFO::Fitting model to feature number 2158, X2c21ea3d32d17453f602080ac726244f
2026-09-04 15:38:03.821035 INFO::Fitting model to feature number 2159, X33d10c9b64f09e7346b4c0ec9b744e02
2026-09-04 15:38:03.823203 INFO::Fitting model to feature number 2160, X355fcddfce47784a7bab5746aa5498c0
2026-09-04 15:38:03.825587 INFO::Fitting model to feature number 2161, b815dc79b765f810bcd076dfc5a67856
2026-09-04 15:38:03.828334 INFO::Fitting model to feature number 2162, ae664931363aa4010e495eb28f058219
2026-09-04 15:38:03.831692 INFO::Fitting model to feature number 2163, c3a470a48fd01109086bc1126bfac7c8
2026-09-04 15:38:03.834936 INFO::Fitting model to feature number 2164, X67ef9811465d4828d3b291ca4a5ca547
2026-09-04 15:38:03.837612 INFO::Fitting model to feature number 2165, X9c569a7e1dd6006a3e1764f66e2d0804
2026-09-04 15:38:03.839905 INFO::Fitting model to feature number 2166, X904ab7e5bbc64ea05597d95c630811d2
2026-09-04 15:38:03.84276 INFO::Fitting model to feature number 2167, X13b4c88a5af085fafcf447e5ec883588
2026-09-04 15:38:03.845372 INFO::Fitting model to feature number 2168, fb706aac74597b6451e954ba734adca5
2026-09-04 15:38:03.847563 INFO::Fitting model to feature number 2169, X1122dbf91d72f629b542509e33966c19
2026-09-04 15:38:03.849663 INFO::Fitting model to feature number 2170, e5727c7aa854861883fd0ad05083a800
2026-09-04 15:38:03.851836 INFO::Fitting model to feature number 2171, X651f508fd76f109c29a60347c80eb3c9
2026-09-04 15:38:03.853809 INFO::Fitting model to feature number 2172, X20034b9d93b0e7c4dc7a73a57ffca910
2026-09-04 15:38:03.855864 INFO::Fitting model to feature number 2173, X0b2f2416d4957fb3df498f4f6fc32edf
2026-09-04 15:38:03.858069 INFO::Fitting model to feature number 2174, X576b43eee9797f7036a8901584989470
2026-09-04 15:38:03.861065 INFO::Fitting model to feature number 2175, f945dbc9c9b10cb22f6a5e31e38d7400
2026-09-04 15:38:03.863276 INFO::Fitting model to feature number 2176, X8aa09e183adb43b50946d430c7317a46
2026-09-04 15:38:03.865518 INFO::Fitting model to feature number 2177, X3b1997baf9da071667defec7e80d2098
2026-09-04 15:38:03.868357 INFO::Fitting model to feature number 2178, X04e858b9f15b33553025e0b1d7085a51
2026-09-04 15:38:03.870755 INFO::Fitting model to feature number 2179, X8a237237cc0a223df5b2b7cb3c47ffc2
2026-09-04 15:38:03.873047 INFO::Fitting model to feature number 2180, X6b00ebe23988d37fa2efcd223206002a
2026-09-04 15:38:03.876313 INFO::Fitting model to feature number 2181, X5de1176a1c94e7f43c4ae5e88cdd31f3
2026-09-04 15:38:03.879028 INFO::Fitting model to feature number 2182, X2e527d08f50adfce4c50121eb46b2835
2026-09-04 15:38:03.881225 INFO::Fitting model to feature number 2183, X2911974d0ec1c1d9ebb09e1c0e11ae3e
2026-09-04 15:38:03.883302 INFO::Fitting model to feature number 2184, fe2c0b8a637ba6106d42080134797e2e
2026-09-04 15:38:03.885302 INFO::Fitting model to feature number 2185, X9cc087209118b38cdd72d920b37a95f3
2026-09-04 15:38:03.887342 INFO::Fitting model to feature number 2186, X7d66304c150679fbdd0a97b977cf30d3
2026-09-04 15:38:03.889361 INFO::Fitting model to feature number 2187, abfe2f9e7e3d50021769a6e589982566
2026-09-04 15:38:03.891442 INFO::Fitting model to feature number 2188, X69fef8a1ec20a332aecaa8890d2be8ba
2026-09-04 15:38:03.893524 INFO::Fitting model to feature number 2189, db42b459cbba34a63fd929b5a4a2bc23
2026-09-04 15:38:03.895544 INFO::Fitting model to feature number 2190, dc16d658abb471785388579ceac35074
2026-09-04 15:38:03.89752 INFO::Fitting model to feature number 2191, X900e5a6f9693161021cb77ee0eb3e901
2026-09-04 15:38:03.900396 INFO::Fitting model to feature number 2192, X4dcfcef5d44c3b42fcdffbc44924736c
2026-09-04 15:38:03.902814 INFO::Fitting model to feature number 2193, X8f0fb68673a8b3c26f3fd210e29b7916
2026-09-04 15:38:03.905069 INFO::Fitting model to feature number 2194, e76a0ff525a9d7313bc9ff6c2f164462
2026-09-04 15:38:03.907612 INFO::Fitting model to feature number 2195, bed6be4c60edb64815eeea8fdbfcd11c
2026-09-04 15:38:03.909964 INFO::Fitting model to feature number 2196, X1aebfeba70ae1c73b18443174a266634
2026-09-04 15:38:03.912083 INFO::Fitting model to feature number 2197, X9f0c01c0749d6b5ef9aa91b579a70918
2026-09-04 15:38:03.914191 INFO::Fitting model to feature number 2198, c27b109febf5563f32ce6bce8dca2bd0
2026-09-04 15:38:03.916616 INFO::Fitting model to feature number 2199, X233f1c8ce67394cc1bc95fceeb329a01
2026-09-04 15:38:03.918849 INFO::Fitting model to feature number 2200, d89e2de3db04b5d06327e5ab2ac9d20c
2026-09-04 15:38:03.920934 INFO::Fitting model to feature number 2201, d5dbe91e4926185a51b91cb754bd443f
2026-09-04 15:38:03.923115 INFO::Fitting model to feature number 2202, acfbc2958b95e403ef08473906cd1b07
2026-09-04 15:38:03.925529 INFO::Fitting model to feature number 2203, e11f7be9902d5428634e0ba56c8e13ea
2026-09-04 15:38:03.927788 INFO::Fitting model to feature number 2204, X694cd3ef9284145231e38a430e67b3c1
2026-09-04 15:38:03.929903 INFO::Fitting model to feature number 2205, e8a6a3c924f7fac27f6c7f5ec9dd6cbe
2026-09-04 15:38:03.933104 INFO::Fitting model to feature number 2206, X066a7bc052480342812f6868aa68b9db
2026-09-04 15:38:03.935675 INFO::Fitting model to feature number 2207, b288f666aa7d3d5dcc9a926e727a5642
2026-09-04 15:38:03.938068 INFO::Fitting model to feature number 2208, d9ccab3c57970f226138b4da9304d67e
2026-09-04 15:38:03.941052 INFO::Fitting model to feature number 2209, X0ca75d95055116f27b2d5c7da3df3e8c
2026-09-04 15:38:03.944391 INFO::Fitting model to feature number 2210, X37c0eb748ce8b006eda2ddfe07d6bf39
2026-09-04 15:38:03.947101 INFO::Fitting model to feature number 2211, c345cff6eeb3598e758cfbc21b2cb531
2026-09-04 15:38:03.949368 INFO::Fitting model to feature number 2212, f01725ca29548cf9a088d79d5d1e988a
2026-09-04 15:38:03.951657 INFO::Fitting model to feature number 2213, X6228d4a227f9be888bdd0fb45c0a6130
2026-09-04 15:38:03.953787 INFO::Fitting model to feature number 2214, X636044a55e3f9d8b13cdbcb1a9b47ca7
2026-09-04 15:38:03.955896 INFO::Fitting model to feature number 2215, c391ae908abb8480478cc7564addb432
2026-09-04 15:38:03.958517 INFO::Fitting model to feature number 2216, ff615fef456e37e79c969f07f24a8a57
2026-09-04 15:38:03.960609 INFO::Fitting model to feature number 2217, X5295ef332f5ca7ea8ad8d5b01476bd1f
2026-09-04 15:38:03.962729 INFO::Fitting model to feature number 2218, X40c83f3c69058bd9c01ad16bf9923d4b
2026-09-04 15:38:03.964803 INFO::Fitting model to feature number 2219, X2f0a05c0c43572b5db4db14cbde14b97
2026-09-04 15:38:03.96742 INFO::Fitting model to feature number 2220, X568ebf1ecd38e4f10bb09f485eb5ba51
2026-09-04 15:38:03.969786 INFO::Fitting model to feature number 2221, X07dbf65bdc6baa0783ac99835710288d
2026-09-04 15:38:03.972793 INFO::Fitting model to feature number 2222, a5e4d1bff88cb077dd050b3d1b2c4603
2026-09-04 15:38:03.975782 INFO::Fitting model to feature number 2223, X714d78ca10fb11bb66ee015f563645c3
2026-09-04 15:38:03.978078 INFO::Fitting model to feature number 2224, ff692e4e928957f70468a4e90f7dc942
2026-09-04 15:38:03.980229 INFO::Fitting model to feature number 2225, c7c931f9f3e24d51cca09c860c45ee3f
2026-09-04 15:38:03.98231 INFO::Fitting model to feature number 2226, a1b66284b453d0821f025766860553d9
2026-09-04 15:38:03.984335 INFO::Fitting model to feature number 2227, X6ddd49bc1ffe4a838074a81ef92661b3
2026-09-04 15:38:03.986338 INFO::Fitting model to feature number 2228, X74ddb36ff5ac366d7d74feb452543d0a
2026-09-04 15:38:03.988334 INFO::Fitting model to feature number 2229, X727bdd65249befdb6ad9f69c3653531d
2026-09-04 15:38:03.990523 INFO::Fitting model to feature number 2230, cd45a61ccfc5d492f579a779c1ba0f17
2026-09-04 15:38:03.992684 INFO::Fitting model to feature number 2231, f347f7d2640dbec8f52ea0e22b4dc78c
2026-09-04 15:38:03.994772 INFO::Fitting model to feature number 2232, bc92304c6bbc4de80029526c2227afc9
2026-09-04 15:38:03.996797 INFO::Fitting model to feature number 2233, X49a1ecc8fea425d2ffd31e87eed9b6f9
2026-09-04 15:38:03.999492 INFO::Fitting model to feature number 2234, X545ff842ff08cec37727dcf154ae061c
2026-09-04 15:38:04.002277 INFO::Fitting model to feature number 2235, d4f5acff10f870155c004743b445f85f
2026-09-04 15:38:04.004957 INFO::Fitting model to feature number 2236, f8eb8046969e610ea5f35925e0b42d4f
2026-09-04 15:38:04.008282 INFO::Fitting model to feature number 2237, X0677e29023494b1918ef9da32ad2d906
2026-09-04 15:38:04.010948 INFO::Fitting model to feature number 2238, a0583ae9d6c0b80cdd762db9e2d01f07
2026-09-04 15:38:04.013357 INFO::Fitting model to feature number 2239, a5737702f3a7711cfe3ea44882fa8db7
2026-09-04 15:38:04.015603 INFO::Fitting model to feature number 2240, X4a7db687740865612d5161a9b9dc3a6f
2026-09-04 15:38:04.017967 INFO::Fitting model to feature number 2241, X2558bc333fb417006fcefd080a265d7c
2026-09-04 15:38:04.020082 INFO::Fitting model to feature number 2242, d46441b7f6da07d4bcfb55af9a0453af
2026-09-04 15:38:04.022329 INFO::Fitting model to feature number 2243, c46b263a0f738f57f878da11633d505d
2026-09-04 15:38:04.024865 INFO::Fitting model to feature number 2244, X9797e47e0fdc2dbe5429aa03ae774fb8
2026-09-04 15:38:04.027102 INFO::Fitting model to feature number 2245, X6ab36731423b2692cf385e4fe625c0c0
2026-09-04 15:38:04.029469 INFO::Fitting model to feature number 2246, c898ed2d7ce4a5ec1cd74e7e873fcb9d
2026-09-04 15:38:04.03213 INFO::Fitting model to feature number 2247, X78b132704bcac3ce81b5f088c8c97df2
2026-09-04 15:38:04.034809 INFO::Fitting model to feature number 2248, X6f4f7af0f3373c471ca478a79f70c6a1
2026-09-04 15:38:04.037296 INFO::Fitting model to feature number 2249, X3aa939169203ded9c6855a6a60198d35
2026-09-04 15:38:04.041237 INFO::Fitting model to feature number 2250, X809da844da4de9f8df5402b27349ca83
2026-09-04 15:38:04.045937 INFO::Fitting model to feature number 2251, X9ca59b8bb6f3b3ef715dd0bb5a5172d7
2026-09-04 15:38:04.050512 INFO::Fitting model to feature number 2252, X5f4974d62d8777e666e688ae7dbd1fd5
2026-09-04 15:38:04.055074 INFO::Fitting model to feature number 2253, fcc5e8d7f1186953f91a80571779233d
2026-09-04 15:38:04.058494 INFO::Fitting model to feature number 2254, edf2169483abb1e46414d941335a02e2
2026-09-04 15:38:04.061015 INFO::Fitting model to feature number 2255, X6ebeeaa86847bd6c34a2afdefc5f1510
2026-09-04 15:38:04.063328 INFO::Fitting model to feature number 2256, X5dfef5c4b2a015450756dfa240695bd4
2026-09-04 15:38:04.065659 INFO::Fitting model to feature number 2257, X0b7761c86394750cec0e50d5bdac73d8
2026-09-04 15:38:04.06801 INFO::Fitting model to feature number 2258, X65243d363e6f9f2c4ac16d0da7e9a468
2026-09-04 15:38:04.070336 INFO::Fitting model to feature number 2259, X452f8b97434b4307c2fa6604d2505a5e
2026-09-04 15:38:04.072753 INFO::Fitting model to feature number 2260, db43b458f770e8b7a1cb778d0a44b178
2026-09-04 15:38:04.076142 INFO::Fitting model to feature number 2261, X1f9af46865468f291871a1c0cc987622
2026-09-04 15:38:04.079858 INFO::Fitting model to feature number 2262, dd361ff8e55a94f564c69d4c902931ba
2026-09-04 15:38:04.084289 INFO::Fitting model to feature number 2263, a2593613578e41a1e10cc0531c961ece
2026-09-04 15:38:04.087049 INFO::Fitting model to feature number 2264, a7a58cb7f88b3c0fde7d06a99740f85e
2026-09-04 15:38:04.09051 INFO::Fitting model to feature number 2265, c4c244cb98016ab4893ded205c6918c1
2026-09-04 15:38:04.093794 INFO::Fitting model to feature number 2266, X01b5d2a69e57007e60aa8046be8f2744
2026-09-04 15:38:04.096311 INFO::Fitting model to feature number 2267, X9012f6e1669972ebd5ba08ab8021f9de
2026-09-04 15:38:04.098651 INFO::Fitting model to feature number 2268, e5186e4edf80186e339e3d057bbb9e9d
2026-09-04 15:38:04.100949 INFO::Fitting model to feature number 2269, ffa34b3f74a9a51b699f6eeb41e4a6ac
2026-09-04 15:38:04.103142 INFO::Fitting model to feature number 2270, X5efd0d5018de0b13be5d7a6075d0338c
2026-09-04 15:38:04.105671 INFO::Fitting model to feature number 2271, f07435b8408f3eab7e23e0fafdf7718a
2026-09-04 15:38:04.108182 INFO::Fitting model to feature number 2272, d18b6d72898a8819d04f7aa98474cf91
2026-09-04 15:38:04.110498 INFO::Fitting model to feature number 2273, X0944cd5d0753b71394975806c2536746
2026-09-04 15:38:04.112793 INFO::Fitting model to feature number 2274, bc3a28c452bf7b596755085b0a60233f
2026-09-04 15:38:04.115002 INFO::Fitting model to feature number 2275, X244e934bf73700c65bf4ca62a9b0a7fc
2026-09-04 15:38:04.117323 INFO::Fitting model to feature number 2276, X49ebb5695fe678c795895aa83436d0e0
2026-09-04 15:38:04.12035 INFO::Fitting model to feature number 2277, X3a4db8e6f2af3a836dad1dbbd909cac8
2026-09-04 15:38:04.123434 INFO::Fitting model to feature number 2278, X3667bdb79bae37e87cc801ab34639b3e
2026-09-04 15:38:04.125972 INFO::Fitting model to feature number 2279, f105106081b3cb4d7547ef0e85f4667f
2026-09-04 15:38:04.128472 INFO::Fitting model to feature number 2280, X98a0d10e6b0c60c1671438626fbc3fd2
2026-09-04 15:38:04.131956 INFO::Fitting model to feature number 2281, X77c64cf30a38d03ec09e8bc545159cb3
2026-09-04 15:38:04.135198 INFO::Fitting model to feature number 2282, X71ed69d32f39f43726ec55f513d4e09d
2026-09-04 15:38:04.137536 INFO::Fitting model to feature number 2283, X8e93573eeadaa30dcefe5bf3ee3d24f9
2026-09-04 15:38:04.139714 INFO::Fitting model to feature number 2284, X8271a230484ec3a1b3813f0508465c5b
2026-09-04 15:38:04.142232 INFO::Fitting model to feature number 2285, X731b8955592e77b2225cecec9b988b49
2026-09-04 15:38:04.144618 INFO::Fitting model to feature number 2286, a3597c01ef37c341a26759de38788120
2026-09-04 15:38:04.146816 INFO::Fitting model to feature number 2287, X569c36a918a02923c15ec7b20f086db9
2026-09-04 15:38:04.148988 INFO::Fitting model to feature number 2288, X543cffa3d98df4f5904c16f254c50d37
2026-09-04 15:38:04.151063 INFO::Fitting model to feature number 2289, X07fa32dcb710aa358a83c3a1cdb249f9
2026-09-04 15:38:04.153117 INFO::Fitting model to feature number 2290, X9a3209e62c8c53998522fc1e8e5d718e
2026-09-04 15:38:04.155502 INFO::Fitting model to feature number 2291, X1063baa3cf4fc70755d80efd9268b26a
2026-09-04 15:38:04.15825 INFO::Fitting model to feature number 2292, e58fb2b0b97722dc8dd282d91636be52
2026-09-04 15:38:04.160484 INFO::Fitting model to feature number 2293, X243dcd8a51535c43d71a74c858b555a7
2026-09-04 15:38:04.162872 INFO::Fitting model to feature number 2294, X12182e45c2ef07368a6f5859cde4f4f5
2026-09-04 15:38:04.178321 INFO::Fitting model to feature number 2295, X884e0bd9a4c4faa17b8ef8a5c2040b5b
2026-09-04 15:38:04.181835 INFO::Fitting model to feature number 2296, a2e7b359feb5ac4da644307837a338ca
2026-09-04 15:38:04.184271 INFO::Fitting model to feature number 2297, dca7b05e52480bd690e01c534a67c5a9
2026-09-04 15:38:04.18651 INFO::Fitting model to feature number 2298, X0994a31076a0d2c9391c67e615e521fb
2026-09-04 15:38:04.188738 INFO::Fitting model to feature number 2299, X58a15d0aa9b4509e52d416fbed5582cf
2026-09-04 15:38:04.191252 INFO::Fitting model to feature number 2300, X26badab9401670dce5ccc3e9e7fc136c
2026-09-04 15:38:04.194921 INFO::Fitting model to feature number 2301, e70b4d1d62ef2bd45bafc1cfd8a25256
2026-09-04 15:38:04.197999 INFO::Fitting model to feature number 2302, X54a25303959d6e8beaee175ff4780cf3
2026-09-04 15:38:04.200557 INFO::Fitting model to feature number 2303, X7aba1544eee94bf298dc887dad58cbcd
2026-09-04 15:38:04.203523 INFO::Fitting model to feature number 2304, X1673501bfbf969b3ff153f323a964e0f
2026-09-04 15:38:04.206382 INFO::Fitting model to feature number 2305, c77614035cdd7f505c7b112ca5441c60
2026-09-04 15:38:04.210552 INFO::Fitting model to feature number 2306, X860138e4eb2afc36316bf56e82bc778d
2026-09-04 15:38:04.213635 INFO::Fitting model to feature number 2307, e85014cad890284032c00519da645a6b
2026-09-04 15:38:04.21597 INFO::Fitting model to feature number 2308, X4460aa4d008db7dacc916e27ebc202b8
2026-09-04 15:38:04.218799 INFO::Fitting model to feature number 2309, ee206f0fd19abe41b8ebfea30bedd064
2026-09-04 15:38:04.222273 INFO::Fitting model to feature number 2310, X2b21a570c6a77dd8065fe1d86b65e6e3
2026-09-04 15:38:04.225525 INFO::Fitting model to feature number 2311, X96e3ef8899a470bfc8a8dc634056ac32
2026-09-04 15:38:04.228615 INFO::Fitting model to feature number 2312, X01276bb3badd1356a4ef04dfcb3f33c0
2026-09-04 15:38:04.230994 INFO::Fitting model to feature number 2313, X810d0657ff9cdde324f9c9c2bb00c268
2026-09-04 15:38:04.233954 INFO::Fitting model to feature number 2314, X49609dfcd8024738534a2f7bb0696262
2026-09-04 15:38:04.236982 INFO::Fitting model to feature number 2315, X7668717122ed4db122d98a899ac57478
2026-09-04 15:38:04.239782 INFO::Fitting model to feature number 2316, X1668c257b7396c99f25c831b8ec390d5
2026-09-04 15:38:04.242814 INFO::Fitting model to feature number 2317, dc86eb3f64eae19420c48b4ad626f0b9
2026-09-04 15:38:04.245361 INFO::Fitting model to feature number 2318, d9a33bffa6b5b633b216b0c7f559ad10
2026-09-04 15:38:04.247704 INFO::Fitting model to feature number 2319, f514f65b102356ab3e0effeeb851e936
2026-09-04 15:38:04.250619 INFO::Fitting model to feature number 2320, X1eaa6bf5dd182a9e01009c670811401d
2026-09-04 15:38:04.253855 INFO::Fitting model to feature number 2321, X558b36a904ce9366082c20084b67e6c4
2026-09-04 15:38:04.256343 INFO::Fitting model to feature number 2322, X3e1a26e59596ea4b27910d21a7f2685f
2026-09-04 15:38:04.258827 INFO::Fitting model to feature number 2323, X0616c1adac305d27abc0a563e3c408b6
2026-09-04 15:38:04.2613 INFO::Fitting model to feature number 2324, X85974d4d6a77b71280a7ef49b1205126
2026-09-04 15:38:04.263563 INFO::Fitting model to feature number 2325, X1d32819e59a4ecdeafedfcc5de1dd4aa
2026-09-04 15:38:04.266225 INFO::Fitting model to feature number 2326, fcf01bed0a2b53b6331df92e326d6663
2026-09-04 15:38:04.268946 INFO::Fitting model to feature number 2327, X09ccbce351c3ab53d65e6c6bccfaecea
2026-09-04 15:38:04.271313 INFO::Fitting model to feature number 2328, X5ce2e143078e72beaa24c9cbbb966503
2026-09-04 15:38:04.273904 INFO::Fitting model to feature number 2329, X19510c9d274013df8245dc04757d82f3
2026-09-04 15:38:04.276677 INFO::Fitting model to feature number 2330, X55631a62c82c2e5e77b0c5517c379dc2
2026-09-04 15:38:04.279002 INFO::Fitting model to feature number 2331, X6a7256c3459d9898b6ef8a73ae05a8ae
2026-09-04 15:38:04.281152 INFO::Fitting model to feature number 2332, dc4f6c24e98578db99a09e29ca9459a4
2026-09-04 15:38:04.283239 INFO::Fitting model to feature number 2333, X88720d8826663c33b0bffcfab51ef303
2026-09-04 15:38:04.28528 INFO::Fitting model to feature number 2334, X33d0a72da192327e1c11ffdf0725efa5
2026-09-04 15:38:04.287263 INFO::Fitting model to feature number 2335, X0b4358f82e6e719768645cc6b581846e
2026-09-04 15:38:04.28926 INFO::Fitting model to feature number 2336, b60612e57a559d22d47df0179b6dea3b
2026-09-04 15:38:04.291584 INFO::Fitting model to feature number 2337, X8bda899535650965a3b89daa8e55022c
2026-09-04 15:38:04.293681 INFO::Fitting model to feature number 2338, c53740ba407d2bbdb22cb1786b3a0869
2026-09-04 15:38:04.295797 INFO::Fitting model to feature number 2339, cfefa53506bfd400c2163986df6f768c
2026-09-04 15:38:04.297843 INFO::Fitting model to feature number 2340, e7f123a53a24568d879b22c360859a1c
2026-09-04 15:38:04.299906 INFO::Fitting model to feature number 2341, X35ff2ab3cb9e8eb0463cb2a5b057f5ad
2026-09-04 15:38:04.303309 INFO::Fitting model to feature number 2342, X9f60c71210d6e80ab4c9cfcda3b7b32a
2026-09-04 15:38:04.305687 INFO::Fitting model to feature number 2343, X5d1fc4c11c5b0ea4713aecc115686426
2026-09-04 15:38:04.308192 INFO::Fitting model to feature number 2344, X7502fe320411b161463205f96339baa9
2026-09-04 15:38:04.310907 INFO::Fitting model to feature number 2345, d167b13524d29dd32432572d5e068108
2026-09-04 15:38:04.313903 INFO::Fitting model to feature number 2346, e2a6bc84e412ee9b344a08cd896056e0
2026-09-04 15:38:04.316188 INFO::Fitting model to feature number 2347, X5368a717d58764c5785182094fdae5a5
2026-09-04 15:38:04.318756 INFO::Fitting model to feature number 2348, X56a5ec21ef4d117b90f9a725bcb4eea9
2026-09-04 15:38:04.321202 INFO::Fitting model to feature number 2349, X380830d895735fafb1b689fce975dab3
2026-09-04 15:38:04.323201 INFO::Fitting model to feature number 2350, aeb93c67a7c273226c7eee1c03a3155a
2026-09-04 15:38:04.325778 INFO::Fitting model to feature number 2351, X589904b795910d917de3e208c21bc563
2026-09-04 15:38:04.327852 INFO::Fitting model to feature number 2352, dda58916cef1aaf26af332b35fe21ba0
2026-09-04 15:38:04.329957 INFO::Fitting model to feature number 2353, X9e1e710cb9944e1fe2bbbcbd10d2c77e
2026-09-04 15:38:04.332009 INFO::Fitting model to feature number 2354, X39625bd8b34996c5368d8489dfa86c69
2026-09-04 15:38:04.334858 INFO::Fitting model to feature number 2355, X6ea5088bdc7f7b7df2e5c0dc6c00b4cf
2026-09-04 15:38:04.338239 INFO::Fitting model to feature number 2356, X0eb900cdcfd91bc5644df57697225da7
2026-09-04 15:38:04.340773 INFO::Fitting model to feature number 2357, X7699f5e895f6c74c15fd0fc4422c853b
2026-09-04 15:38:04.343329 INFO::Fitting model to feature number 2358, b5c8ed4496d79b916859402cdf11f0a7
2026-09-04 15:38:04.345663 INFO::Fitting model to feature number 2359, X4bf413c057bf4377d8a980039826095a
2026-09-04 15:38:04.348139 INFO::Fitting model to feature number 2360, X6271c31a5a1f5f61a3019f7226ba7e76
2026-09-04 15:38:04.35035 INFO::Fitting model to feature number 2361, X02f6949bcda2bca34364bf763ee692c5
2026-09-04 15:38:04.352411 INFO::Fitting model to feature number 2362, X43523d3bafd66b0eb54eae7b6fdbd805
2026-09-04 15:38:04.354385 INFO::Fitting model to feature number 2363, X89f22d820e6da5e389f734e495de0491
2026-09-04 15:38:04.356347 INFO::Fitting model to feature number 2364, X2de8673dba9486bf52a6919779cc56b6
2026-09-04 15:38:04.358396 INFO::Fitting model to feature number 2365, X9e9d4cc9689342106ce24fa913fddced
2026-09-04 15:38:04.360368 INFO::Fitting model to feature number 2366, ba8849595d25f34e7630bd70d5a762db
2026-09-04 15:38:04.362338 INFO::Fitting model to feature number 2367, X40cbe820e5262132e650207d7dd8cfcb
2026-09-04 15:38:04.364339 INFO::Fitting model to feature number 2368, X0f6f700e1b3b9d4a7c4d620cfbd867d4
2026-09-04 15:38:04.366273 INFO::Fitting model to feature number 2369, X30fd295c1e3eaf777da1526636b50874
2026-09-04 15:38:04.36821 INFO::Fitting model to feature number 2370, X73df3f6ef08cc2d6aacdb199deb8dc2c
2026-09-04 15:38:04.370403 INFO::Fitting model to feature number 2371, X4f9fd72b32c2fe97f011ec6ad0f068e9
2026-09-04 15:38:04.373182 INFO::Fitting model to feature number 2372, a9fb46f68d6e1d56c95ebddbfd69897b
2026-09-04 15:38:04.376183 INFO::Fitting model to feature number 2373, X7cd414d778642e1ae9f40072768fc5b4
2026-09-04 15:38:04.378962 INFO::Fitting model to feature number 2374, a77c6f3c4189f3307f602d3b1796ae3d
2026-09-04 15:38:04.38162 INFO::Fitting model to feature number 2375, X2cc4573604d3603d227c8958a1c3164d
2026-09-04 15:38:04.383833 INFO::Fitting model to feature number 2376, ad1165ff4cf3a446c9f203f8325d83b3
2026-09-04 15:38:04.385939 INFO::Fitting model to feature number 2377, X067d13a56e26e159911f4ea08b1adacc
2026-09-04 15:38:04.388031 INFO::Fitting model to feature number 2378, X16d3e3eb320f4d1f256e2ccf82a90dd6
2026-09-04 15:38:04.390194 INFO::Fitting model to feature number 2379, X095e0817ad84dbfca51e7c3b729e9e22
2026-09-04 15:38:04.392998 INFO::Fitting model to feature number 2380, c341becad010ef423b0a2081960f45da
2026-09-04 15:38:04.395171 INFO::Fitting model to feature number 2381, X8169ef0ad1eee6c5b9317e01110716b3
2026-09-04 15:38:04.397416 INFO::Fitting model to feature number 2382, X30ac9cacdc7d05f931f9f547f9c97856
2026-09-04 15:38:04.399494 INFO::Fitting model to feature number 2383, e550664a330edf6e856a462e8521ecc3
2026-09-04 15:38:04.401519 INFO::Fitting model to feature number 2384, X3f448af248ef6f6642bc9e8969e1e162
2026-09-04 15:38:04.403778 INFO::Fitting model to feature number 2385, X195d1e1212238bd5e95f07752952ef04
2026-09-04 15:38:04.406117 INFO::Fitting model to feature number 2386, b8f40eb84e245c67035afcb3f144a310
2026-09-04 15:38:04.408369 INFO::Fitting model to feature number 2387, X05d4b31849b97f7f9f3b565132719b79
2026-09-04 15:38:04.411596 INFO::Fitting model to feature number 2388, ac194edd1b804d4cd94d0b7e6a2e2cda
2026-09-04 15:38:04.413844 INFO::Fitting model to feature number 2389, X7de2581f80a1790e75e3a5d652de7fde
2026-09-04 15:38:04.416813 INFO::Fitting model to feature number 2390, c87512b245f55fcee8e79bae8265ddb2
2026-09-04 15:38:04.419185 INFO::Fitting model to feature number 2391, cbb85bc024d1b10b984fa214ae81ad1e
2026-09-04 15:38:04.421209 INFO::Fitting model to feature number 2392, X26af50628ca6fd06a9c8b72c7274aa18
2026-09-04 15:38:04.423178 INFO::Fitting model to feature number 2393, X87a8c3c53124d59b7e6ffd3db58c506d
2026-09-04 15:38:04.425616 INFO::Fitting model to feature number 2394, ae9a4d41c4ea968cacb3c2b84e796197
2026-09-04 15:38:04.42765 INFO::Fitting model to feature number 2395, X3644a313e16b64947a9e77f94165562a
2026-09-04 15:38:04.429636 INFO::Fitting model to feature number 2396, b6168bdb90e22011d6a175c434d72080
2026-09-04 15:38:04.431546 INFO::Fitting model to feature number 2397, X64684113a2fe0d245bd5c7be81992da9
2026-09-04 15:38:04.433498 INFO::Fitting model to feature number 2398, ae8d07fc04f07c35e2df04fcb5f20c15
2026-09-04 15:38:04.435819 INFO::Fitting model to feature number 2399, X6c096ca2f24527dcd74ad2f4d351c9a5
2026-09-04 15:38:04.438787 INFO::Fitting model to feature number 2400, X9117432296e0aa6c5ad15a2780880274
2026-09-04 15:38:04.441757 INFO::Fitting model to feature number 2401, a37c2369381c61103c3432be7017eefc
2026-09-04 15:38:04.445231 INFO::Fitting model to feature number 2402, X99588b4c9b2380aae38cd785d120edf1
2026-09-04 15:38:04.447959 INFO::Fitting model to feature number 2403, X88d1651e19a502d9c136ff3d64da0a41
2026-09-04 15:38:04.450139 INFO::Fitting model to feature number 2404, ad67f0e6bff5c9ee954acb13b39411f3
2026-09-04 15:38:04.452188 INFO::Fitting model to feature number 2405, X13a949400403776ba105170bf04303db
2026-09-04 15:38:04.454219 INFO::Fitting model to feature number 2406, X4e6a691c1c1f0e39a2c48b2b054b5704
2026-09-04 15:38:04.456524 INFO::Fitting model to feature number 2407, a34021df34770810caa1dfc49eb8831d
2026-09-04 15:38:04.458709 INFO::Fitting model to feature number 2408, c4b01cd00ac23b8f55e2d158054fc397
2026-09-04 15:38:04.460808 INFO::Fitting model to feature number 2409, X875323affec03ddd73e936f888fac408
2026-09-04 15:38:04.462894 INFO::Fitting model to feature number 2410, X16df97b518a70c090db429c1c4c3fd35
2026-09-04 15:38:04.464926 INFO::Fitting model to feature number 2411, X41138974e340e72773d2b83a3f86e1d9
2026-09-04 15:38:04.467395 INFO::Fitting model to feature number 2412, X8921497d849be6d1478ffca7a432bd9b
2026-09-04 15:38:04.4722 INFO::Fitting model to feature number 2413, X3fa88ae887bbe2a8bf51ce88e26db395
2026-09-04 15:38:04.476149 INFO::Fitting model to feature number 2414, aee507b9359c84c56dea14bb7a72686e
2026-09-04 15:38:04.478953 INFO::Fitting model to feature number 2415, deda120ed0424e61b4c7c5f1f06303af
2026-09-04 15:38:04.481478 INFO::Fitting model to feature number 2416, X36bccacd468de512178a0fa738a9daf7
2026-09-04 15:38:04.483757 INFO::Fitting model to feature number 2417, e6cfba26ada7883c144630ab17cb4438
2026-09-04 15:38:04.485968 INFO::Fitting model to feature number 2418, X3bc7d94da3627c73dc224c1fec653bb0
2026-09-04 15:38:04.488114 INFO::Fitting model to feature number 2419, cc639fb3840c27527489c7f85493e659
2026-09-04 15:38:04.490253 INFO::Fitting model to feature number 2420, X8425c44cc829615a9cb72b97512ec7d8
2026-09-04 15:38:04.492374 INFO::Fitting model to feature number 2421, c87b6e5f3d2cd479074eda0e92e2d5d7
2026-09-04 15:38:04.494573 INFO::Fitting model to feature number 2422, X6bb1160ee16d2f9d1660feee95bb5dbc
2026-09-04 15:38:04.496811 INFO::Fitting model to feature number 2423, X9f3136dc394c4a4d0f4357e1b9b0ecd7
2026-09-04 15:38:04.499127 INFO::Fitting model to feature number 2424, X7cff39d7e95d993082c45f9726710301
2026-09-04 15:38:04.502169 INFO::Fitting model to feature number 2425, a2c37fc977aa9b46fc68070ca9152ed7
2026-09-04 15:38:04.504794 INFO::Fitting model to feature number 2426, f71a90f381ffa5375c1e0d4a4cdcc50f
2026-09-04 15:38:04.507597 INFO::Fitting model to feature number 2427, X90e7c1c65f94dddb3cb5a2a8eca810d6
2026-09-04 15:38:04.51015 INFO::Fitting model to feature number 2428, X32460ecaa1ea481a303a719b10c29ab6
2026-09-04 15:38:04.512561 INFO::Fitting model to feature number 2429, X0b87935aef1ef6f1b080ae5b44bc7f54
2026-09-04 15:38:04.514772 INFO::Fitting model to feature number 2430, X5b372e141c53bea29d99e710efbb1412
2026-09-04 15:38:04.517053 INFO::Fitting model to feature number 2431, X5d6629af73a0c17e2e5339b918816213
2026-09-04 15:38:04.519648 INFO::Fitting model to feature number 2432, a80d322668c4b15c7709f1920fa2392c
2026-09-04 15:38:04.521949 INFO::Fitting model to feature number 2433, X8f56c05850ae4c4ef89f97e8286d5824
2026-09-04 15:38:04.52408 INFO::Fitting model to feature number 2434, X6f1ba29118e3e03d18b17c5e9098f3b3
2026-09-04 15:38:04.526242 INFO::Fitting model to feature number 2435, e15615264059df42439a595b3c906967
2026-09-04 15:38:04.52835 INFO::Fitting model to feature number 2436, e9919dc54bb3c647f3f7ba0328f0a333
2026-09-04 15:38:04.530622 INFO::Fitting model to feature number 2437, X1f582b58a39968c91ff3f3c2d6405e01
2026-09-04 15:38:04.532752 INFO::Fitting model to feature number 2438, X222fa2dcb34ac3dbd02084d7a14ce3e3
2026-09-04 15:38:04.53498 INFO::Fitting model to feature number 2439, X71bcdc484096ad3cc79612519c3285c6
2026-09-04 15:38:04.538486 INFO::Fitting model to feature number 2440, d432d4519c29199bc61c94c84f90ad40
2026-09-04 15:38:04.542469 INFO::Fitting model to feature number 2441, X051bb1854976bcb4ccb159f6146a1c64
2026-09-04 15:38:04.545304 INFO::Fitting model to feature number 2442, X9c253b045234173540111db036e207ba
2026-09-04 15:38:04.54793 INFO::Fitting model to feature number 2443, da96420254b3ea525f8b7e9713ed22b2
2026-09-04 15:38:04.551104 INFO::Fitting model to feature number 2444, X715ed60e859700522eb8ce8e0b100611
2026-09-04 15:38:04.554472 INFO::Fitting model to feature number 2445, X6679bf830b2e65becce0a67e26a482b6
2026-09-04 15:38:04.556715 INFO::Fitting model to feature number 2446, X94391234c95266fd4fe6fc36a5a5b60c
2026-09-04 15:38:04.558984 INFO::Fitting model to feature number 2447, c4ae6535fee8705b200fbacf9b026bce
2026-09-04 15:38:04.561092 INFO::Fitting model to feature number 2448, fcb18e224e28d37943652dae3aeb7937
2026-09-04 15:38:04.563305 INFO::Fitting model to feature number 2449, X155ea0a1ab1511bc8060d98ee2345669
2026-09-04 15:38:04.56548 INFO::Fitting model to feature number 2450, X4ef1d52efacaef634ff689fefdb54bdf
2026-09-04 15:38:04.567893 INFO::Fitting model to feature number 2451, cde870d42b7c2405cba88a4efd490643
2026-09-04 15:38:04.570799 INFO::Fitting model to feature number 2452, b4d6630f839a625664d2036c4d2df0d2
2026-09-04 15:38:04.57314 INFO::Fitting model to feature number 2453, X9909704a590052edcfb9a3bd03ea4058
2026-09-04 15:38:04.576616 INFO::Fitting model to feature number 2454, X16c1d7cb7713cee41a8e8755d067c2d4
2026-09-04 15:38:04.57997 INFO::Fitting model to feature number 2455, X9e2f70ac7448391f02de7bfbfe00c2fb
2026-09-04 15:38:04.582654 INFO::Fitting model to feature number 2456, X0bd70bb9dba72767081a01f7a2305d2b
2026-09-04 15:38:04.585989 INFO::Fitting model to feature number 2457, X505757189f5292e963bc20d3c03cc083
2026-09-04 15:38:04.588385 INFO::Fitting model to feature number 2458, X3bc87933bd65885a48a9ddf3dabb0da0
2026-09-04 15:38:04.590583 INFO::Fitting model to feature number 2459, fc674dc2fbd8d7813eec3eded10cc5b8
2026-09-04 15:38:04.59324 INFO::Fitting model to feature number 2460, X0dd3fe4bfbdb209470a560187aa73b08
2026-09-04 15:38:04.595731 INFO::Fitting model to feature number 2461, X4a8d49983280bcba754cc84f20feda16
2026-09-04 15:38:04.598125 INFO::Fitting model to feature number 2462, X9ef11a303006acbe9c4751328c824930
2026-09-04 15:38:04.600063 INFO::Fitting model to feature number 2463, X5f6b481fbbd24b8ad1f3b6574c2ce524
2026-09-04 15:38:04.602172 INFO::Fitting model to feature number 2464, X3dadd24ead1126edf5ff98fb04f75058
2026-09-04 15:38:04.613432 INFO::Fitting model to feature number 2465, X99fee6617d20f02a0e0641f4d5a57916
2026-09-04 15:38:04.617677 INFO::Fitting model to feature number 2466, X4b2596469ba8e0ca5e1a56e2f5f00b9a
2026-09-04 15:38:04.62134 INFO::Fitting model to feature number 2467, X833ae59cdcfe1c18fee52028bc7bc48f
2026-09-04 15:38:04.624098 INFO::Fitting model to feature number 2468, f9b67f9534bd23c4b33afad97af64afa
2026-09-04 15:38:04.626384 INFO::Fitting model to feature number 2469, X63cddbf1e9f1e76ec2f0ac186c4fd149
2026-09-04 15:38:04.628623 INFO::Fitting model to feature number 2470, X14715d3897d782c82914d9418ef3985f
2026-09-04 15:38:04.630804 INFO::Fitting model to feature number 2471, X1da65b83b4d858935a48dd0244e0d7d0
2026-09-04 15:38:04.632948 INFO::Fitting model to feature number 2472, X22eb89171e58af337f66cb892114ffa9
2026-09-04 15:38:04.635152 INFO::Fitting model to feature number 2473, ab3701e467752a6f3a0f15c2a912f20f
2026-09-04 15:38:04.63743 INFO::Fitting model to feature number 2474, X7e2ae49cd641ad8982c1a2e561d5e934
2026-09-04 15:38:04.639698 INFO::Fitting model to feature number 2475, b5e6d073ba80b055fa84cb7c17917c16
2026-09-04 15:38:04.642641 INFO::Fitting model to feature number 2476, ac224919e92eff597122725ca227df81
2026-09-04 15:38:04.646347 INFO::Fitting model to feature number 2477, X14d871012c77b1e91a346e28d30b8883
2026-09-04 15:38:04.650938 INFO::Fitting model to feature number 2478, X3f554ceaef1ee08c0422cc6ae441af81
2026-09-04 15:38:04.655422 INFO::Fitting model to feature number 2479, d34c137091f1d78e0a92c442712ee942
2026-09-04 15:38:04.660275 INFO::Fitting model to feature number 2480, f5b65a4789004983e0670b59b0bd518a
2026-09-04 15:38:04.66404 INFO::Fitting model to feature number 2481, c6402a86d1a2b05b1190e0d33f19661e
2026-09-04 15:38:04.666417 INFO::Fitting model to feature number 2482, e1ee111171652a6df98b317ee5255ea1
2026-09-04 15:38:04.668487 INFO::Fitting model to feature number 2483, fe67011d87678cd172e2f7de022b664f
2026-09-04 15:38:04.670397 INFO::Fitting model to feature number 2484, e5495c0013303a4373f3feab2924a043
2026-09-04 15:38:04.672205 INFO::Fitting model to feature number 2485, X9207bf5e78e77c8ecb9d079b8ce7dc8b
2026-09-04 15:38:04.674376 INFO::Fitting model to feature number 2486, X4520935143256800a3e169d7dc25b3f4
2026-09-04 15:38:04.676396 INFO::Fitting model to feature number 2487, X611587e433ef2c74aaf09c358c00636f
2026-09-04 15:38:04.678218 INFO::Fitting model to feature number 2488, X774b3f2525a86fe4b47d7a3a4bfe4adf
2026-09-04 15:38:04.680014 INFO::Fitting model to feature number 2489, e7a3d542e1b437eacb588838089a8fc8
2026-09-04 15:38:04.681856 INFO::Fitting model to feature number 2490, X3f7be2e26b70d290d21a03ff80b7ad89
2026-09-04 15:38:04.683834 INFO::Fitting model to feature number 2491, X2904654002b342bca2a88d10f08cdd84
2026-09-04 15:38:04.685822 INFO::Fitting model to feature number 2492, b29f5fbcf51df3b67f256cc9d16e0dee
2026-09-04 15:38:04.68884 INFO::Fitting model to feature number 2493, X8a36d5dabac2c287e484777dc1dd8073
2026-09-04 15:38:04.691421 INFO::Fitting model to feature number 2494, f41a24136f14a6e1a14264098fbf403c
2026-09-04 15:38:04.695031 INFO::Fitting model to feature number 2495, d51c3c0287c5fe6c8b3094e94cb7d3c1
2026-09-04 15:38:04.697298 INFO::Fitting model to feature number 2496, d3f64cc1a83408adace0370c76bfe231
2026-09-04 15:38:04.699339 INFO::Fitting model to feature number 2497, fc52dc6277aef363ef9b9719775c7d42
2026-09-04 15:38:04.701391 INFO::Fitting model to feature number 2498, a3022e8ed42cb33e0ee95f6c8277c17d
2026-09-04 15:38:04.703241 INFO::Fitting model to feature number 2499, X98201309cec3d986284ca1cf202cea71
2026-09-04 15:38:04.705048 INFO::Fitting model to feature number 2500, X068d88d98dec7846b3f8a172f4042674
2026-09-04 15:38:04.706869 INFO::Fitting model to feature number 2501, X1fe65cbfd6a1c7a709705ac522a15c1c
2026-09-04 15:38:04.708986 INFO::Fitting model to feature number 2502, b66deceedaf8fa3fc0bd9c5844de0d68
2026-09-04 15:38:04.71081 INFO::Fitting model to feature number 2503, X37e531d55fdb08eabe36d2cd4382f7ad
2026-09-04 15:38:04.7128 INFO::Fitting model to feature number 2504, X3ad1518bc89c6129c1ebf45e86d1c4d1
2026-09-04 15:38:04.714722 INFO::Fitting model to feature number 2505, X9fbcf4dec0f1a6aec1caf16c76217aa1
2026-09-04 15:38:04.716651 INFO::Fitting model to feature number 2506, b12a0013fb7111585ed6eae1cc0769df
2026-09-04 15:38:04.719323 INFO::Fitting model to feature number 2507, X737b2e2b48d3a64df88ac7047e3ced36
2026-09-04 15:38:04.722213 INFO::Fitting model to feature number 2508, X296f0273b08aa77c4ae9eb067725fd24
2026-09-04 15:38:04.724821 INFO::Fitting model to feature number 2509, X4c3350c4cf23b518ea9e94c76d4ab859
2026-09-04 15:38:04.726915 INFO::Fitting model to feature number 2510, X7078955d3fcff373e3d517351ebb4ff1
2026-09-04 15:38:04.728945 INFO::Fitting model to feature number 2511, af65602810de5da6ba909079be1d9abe
2026-09-04 15:38:04.730953 INFO::Fitting model to feature number 2512, X5757a7aaca7ff9cf17cf84fa2eff977c
2026-09-04 15:38:04.732936 INFO::Fitting model to feature number 2513, c378d31cfb8437f1ea916c3911aa2737
2026-09-04 15:38:04.735007 INFO::Fitting model to feature number 2514, f16dec807c2c0b415d26d1a81426dab2
2026-09-04 15:38:04.73705 INFO::Fitting model to feature number 2515, X811b57df6b7474f2681ac3412dbd7ba1
2026-09-04 15:38:04.740349 INFO::Fitting model to feature number 2516, afc0eeec83a181be740331928d883362
2026-09-04 15:38:04.74344 INFO::Fitting model to feature number 2517, X223d0088ba6981a084818e8642aacc0d
2026-09-04 15:38:04.746453 INFO::Fitting model to feature number 2518, X9eb876a24ff8b493f1fec59e9af122f8
2026-09-04 15:38:04.748772 INFO::Fitting model to feature number 2519, X431be4fa6077b4242431cedd6ba0e39c
2026-09-04 15:38:04.751023 INFO::Fitting model to feature number 2520, X6b66526dbed3f0c98c6dc9c49c1047f4
2026-09-04 15:38:04.753333 INFO::Fitting model to feature number 2521, cb30f7e7275faca6238dafa0d27c49c7
2026-09-04 15:38:04.755465 INFO::Fitting model to feature number 2522, X4fd8d468d86c9aaf8b58f2adeb6c5e56
2026-09-04 15:38:04.757884 INFO::Fitting model to feature number 2523, X1d53a6bc2b18688edbe6e07cd6dc3b0d
2026-09-04 15:38:04.760105 INFO::Fitting model to feature number 2524, be06af8cd181915ac3bb3f48a4b24f54
2026-09-04 15:38:04.762403 INFO::Fitting model to feature number 2525, X23a67cc9c264eb4ea1d7aa0b01a6b5e9
2026-09-04 15:38:04.766386 INFO::Fitting model to feature number 2526, X87d89244f954b50c0b287c72b7e31c29
2026-09-04 15:38:04.768868 INFO::Fitting model to feature number 2527, X11703f2b7008680956427ad83db3dee7
2026-09-04 15:38:04.771632 INFO::Fitting model to feature number 2528, f43b89c9ce7568afbd28572c3a9ea39a
2026-09-04 15:38:04.774436 INFO::Fitting model to feature number 2529, X9e6840cf7a66faa9fcfef5868f8f5e8f
2026-09-04 15:38:04.776854 INFO::Fitting model to feature number 2530, X52702f7c3451f1106cc696c3f19909d6
2026-09-04 15:38:04.77955 INFO::Fitting model to feature number 2531, X1ab404b09114b8b9c9e185258a944446
2026-09-04 15:38:04.782569 INFO::Fitting model to feature number 2532, a90fb32787a9d8d1a22f4d35a9d32224
2026-09-04 15:38:04.784961 INFO::Fitting model to feature number 2533, a145a0d4401bd6399024a46c933fe0e4
2026-09-04 15:38:04.787297 INFO::Fitting model to feature number 2534, fd91568b2f67f861ab0edbf488dea33b
2026-09-04 15:38:04.789736 INFO::Fitting model to feature number 2535, X4e5f5483cb6d33344abc8583415f2518
2026-09-04 15:38:04.79206 INFO::Fitting model to feature number 2536, X778392df2a291ea48536a6e8e47657c5
2026-09-04 15:38:04.794132 INFO::Fitting model to feature number 2537, bcbbc8b8463814c6695092c6918440ff
2026-09-04 15:38:04.796201 INFO::Fitting model to feature number 2538, ce904b78c4a593ef81e1d3a8861b99c9
2026-09-04 15:38:04.798397 INFO::Fitting model to feature number 2539, f52a02354e4743323e56ccaea4405ca6
2026-09-04 15:38:04.800402 INFO::Fitting model to feature number 2540, f7078335e08bccd10ee114dff221d314
2026-09-04 15:38:04.80257 INFO::Fitting model to feature number 2541, e4b435ba5b79f79a70384e3db5bbca58
2026-09-04 15:38:04.804671 INFO::Fitting model to feature number 2542, X018935d014cf217df3ec383baba3e3e3
2026-09-04 15:38:04.806904 INFO::Fitting model to feature number 2543, X88d1429ef186f8726e32dc9e3e46920b
2026-09-04 15:38:04.810105 INFO::Fitting model to feature number 2544, X0a27db31cb789f5c57c56e0dcdef566a
2026-09-04 15:38:04.812596 INFO::Fitting model to feature number 2545, X9a6e6f858325acfc4084a67f5c43f8e9
2026-09-04 15:38:04.815098 INFO::Fitting model to feature number 2546, X5c4812c9d339b6b7bb89b45aa1d27a17
2026-09-04 15:38:04.817557 INFO::Fitting model to feature number 2547, X8b98141f4306da6d08f66c70bf5fe632
2026-09-04 15:38:04.820027 INFO::Fitting model to feature number 2548, X7fdc34d96e3240f61bda895885a07fdd
2026-09-04 15:38:04.822348 INFO::Fitting model to feature number 2549, ce0683f4283f3184c2cfe16fbd56f5a2
2026-09-04 15:38:04.824983 INFO::Fitting model to feature number 2550, X284db0785a26eeefe1e02b28d58ec647
2026-09-04 15:38:04.827444 INFO::Fitting model to feature number 2551, X3e587d7939cc4ff07374ac1c3b8f4e97
2026-09-04 15:38:04.842963 INFO::Fitting model to feature number 2552, acf3b07ab5b3b78c3ff988cb3edf7d48
2026-09-04 15:38:04.845677 INFO::Fitting model to feature number 2553, badc61383cf0086225982f59d001834c
2026-09-04 15:38:04.848146 INFO::Fitting model to feature number 2554, e84f910689bf6d94dc9b618cae429151
2026-09-04 15:38:04.850474 INFO::Fitting model to feature number 2555, f0849a24ad6da95639ad61660026f49f
2026-09-04 15:38:04.853224 INFO::Fitting model to feature number 2556, a04e8f41f2068be209f68ea85722f9b1
2026-09-04 15:38:04.855645 INFO::Fitting model to feature number 2557, X44dbb2baf9e8d7fb0c725232adb42adc
2026-09-04 15:38:04.858606 INFO::Fitting model to feature number 2558, d588b71fe311e5cd1cdfc4b40da2d129
2026-09-04 15:38:04.860967 INFO::Fitting model to feature number 2559, X1cdd05e2fdbf1f80187561c01f69c58c
2026-09-04 15:38:04.863183 INFO::Fitting model to feature number 2560, ccbc4f5ab5ac12548fbb9e5a3a2c74c9
2026-09-04 15:38:04.865247 INFO::Fitting model to feature number 2561, X837141a02c9894de14efaf51570c211e
2026-09-04 15:38:04.867509 INFO::Fitting model to feature number 2562, X83a6bc486dce850a950750151f77f859
2026-09-04 15:38:04.869518 INFO::Fitting model to feature number 2563, f2703f707e59bc18e6c716142f8157f7
2026-09-04 15:38:04.871471 INFO::Fitting model to feature number 2564, X509706282dd892c90c453dd7e2989615
2026-09-04 15:38:04.873482 INFO::Fitting model to feature number 2565, X7fe9a9cc8d060578b4b89eeae957f8a1
2026-09-04 15:38:04.875685 INFO::Fitting model to feature number 2566, X25138013c0d03cae28f3fb80831944a5
2026-09-04 15:38:04.877653 INFO::Fitting model to feature number 2567, dc6e105dda456b66c9a945c8f5547c7b
2026-09-04 15:38:04.879657 INFO::Fitting model to feature number 2568, X626d1691ede330987ba70d4c5941ec51
2026-09-04 15:38:04.881677 INFO::Fitting model to feature number 2569, b86c7a7bfb6d8b4e89849713344187cf
2026-09-04 15:38:04.883632 INFO::Fitting model to feature number 2570, X531dbbbb3635272702b2e4e84be4cfde
2026-09-04 15:38:04.886039 INFO::Fitting model to feature number 2571, bb426a91f236f89ee90b5b07a464e120
2026-09-04 15:38:04.888646 INFO::Fitting model to feature number 2572, X62b77bda764607b98381463f93f5d8d9
2026-09-04 15:38:04.891339 INFO::Fitting model to feature number 2573, fb238c12eb3091765a1f14e2ea334b5c
2026-09-04 15:38:04.89456 INFO::Fitting model to feature number 2574, b9afd2818b1eeeb32f19341bcb9a2e79
2026-09-04 15:38:04.896835 INFO::Fitting model to feature number 2575, X699d729b9b1101be9f33aefbde65bdb1
2026-09-04 15:38:04.899479 INFO::Fitting model to feature number 2576, bb74fd1c5bee3ff1fb26d9e96b837550
2026-09-04 15:38:04.901711 INFO::Fitting model to feature number 2577, fd51de731f8fbe9d3262e61fc95e7737
2026-09-04 15:38:04.903919 INFO::Fitting model to feature number 2578, X35dfa646f2975b0cac248ea4a005d1a4
2026-09-04 15:38:04.906064 INFO::Fitting model to feature number 2579, d20bf8194c5aa7d1cb7cb8031db6a074
2026-09-04 15:38:04.908611 INFO::Fitting model to feature number 2580, X4e9d986f1e85a910b2029bda93555884
2026-09-04 15:38:04.91092 INFO::Fitting model to feature number 2581, af74aeef57f9a05ccfe03a4da290f30e
2026-09-04 15:38:04.91314 INFO::Fitting model to feature number 2582, e2e955aaa1cabe1671798841012bdda0
2026-09-04 15:38:04.915241 INFO::Fitting model to feature number 2583, X753681f109e62647bfd39da7350eec5e
2026-09-04 15:38:04.917333 INFO::Fitting model to feature number 2584, ec53d9068e32bc5915c640051acee724
2026-09-04 15:38:04.919399 INFO::Fitting model to feature number 2585, e5a24a227b11359b23ee950caa1ac776
2026-09-04 15:38:04.922372 INFO::Fitting model to feature number 2586, b256952de889272b156f03a2be125fab
2026-09-04 15:38:04.925007 INFO::Fitting model to feature number 2587, X7f62a934edba5070619eddd4b4c35368
2026-09-04 15:38:04.927333 INFO::Fitting model to feature number 2588, ca45619472b1c0059774728622208abc
2026-09-04 15:38:04.93019 INFO::Fitting model to feature number 2589, X6cb142b2e24b3d2eab3913d98d9426df
2026-09-04 15:38:04.932765 INFO::Fitting model to feature number 2590, X77b0e902eda1829c6898c639ee661513
2026-09-04 15:38:04.935688 INFO::Fitting model to feature number 2591, b0ea90975d4c4c4ef76591150e7aad19
2026-09-04 15:38:04.93787 INFO::Fitting model to feature number 2592, X9b5a76881bbd447ce54e0ef5bc36680f
2026-09-04 15:38:04.939907 INFO::Fitting model to feature number 2593, a5df436b448d2345e4e32486757d1ae3
2026-09-04 15:38:04.942436 INFO::Fitting model to feature number 2594, a7eefa97c01d5324590807eb371325dc
2026-09-04 15:38:04.94461 INFO::Fitting model to feature number 2595, X14816d1caa7ec1ca50502b3ec76789c6
2026-09-04 15:38:04.946732 INFO::Fitting model to feature number 2596, X7a971c376a96867dd91177a9c5ff72e5
2026-09-04 15:38:04.94876 INFO::Fitting model to feature number 2597, b34b7e436cabd05b3e09c3c999c492e3
2026-09-04 15:38:04.950843 INFO::Fitting model to feature number 2598, b1de14ddcb1c5236fedffc2fb1c287ea
2026-09-04 15:38:04.953217 INFO::Fitting model to feature number 2599, db3c81fcf23c5f4f69817b4942e449ec
2026-09-04 15:38:04.955389 INFO::Fitting model to feature number 2600, e6c7e65904917a35dbc2c3698298981b
2026-09-04 15:38:04.957849 INFO::Fitting model to feature number 2601, b5dfdeec02ebf899705d8b8f501d3e58
2026-09-04 15:38:04.960916 INFO::Fitting model to feature number 2602, X1e892adf45bea4cbc34c94b4df1a7f87
2026-09-04 15:38:04.963353 INFO::Fitting model to feature number 2603, bc42b3455a15ae578c274ee03f3eed11
2026-09-04 15:38:04.965725 INFO::Fitting model to feature number 2604, b587e11516e0596abefeaba79d88c52e
2026-09-04 15:38:04.968163 INFO::Fitting model to feature number 2605, X188eb31c11aeab0bb5ca93bf6644b6f3
2026-09-04 15:38:04.970605 INFO::Fitting model to feature number 2606, X93d9c037f695b0bf233ac36e95a81fb8
2026-09-04 15:38:04.97271 INFO::Fitting model to feature number 2607, X38fc77cc235b856c9b581e34da8412f7
2026-09-04 15:38:04.975524 INFO::Fitting model to feature number 2608, X29e0d741ebece0af66ab0fff5b45bc25
2026-09-04 15:38:04.977819 INFO::Fitting model to feature number 2609, X4d13a693c3c3ae9563fc7616a8521d8d
2026-09-04 15:38:04.979945 INFO::Fitting model to feature number 2610, aa853d59ce9b3f0faf1a0ed6f5da494a
2026-09-04 15:38:04.982067 INFO::Fitting model to feature number 2611, c78fcc030eda2424a55ed32c5c0c8503
2026-09-04 15:38:04.984106 INFO::Fitting model to feature number 2612, X10b0bdc7230b69547bf2b3468a259f9c
2026-09-04 15:38:04.986147 INFO::Fitting model to feature number 2613, f755e2fd9f0534916261b6dbb1658f27
2026-09-04 15:38:04.988149 INFO::Fitting model to feature number 2614, X04f2e468a03ff3904e8578a3a5b68f9f
2026-09-04 15:38:04.990127 INFO::Fitting model to feature number 2615, X527cf75e7227d10defe3ab227b5fe0d7
2026-09-04 15:38:04.992552 INFO::Fitting model to feature number 2616, f498359280cc824de5eb27db06096cbf
2026-09-04 15:38:04.994553 INFO::Fitting model to feature number 2617, fc0afd9d6afdde45f8c6e88eda10b9e0
2026-09-04 15:38:04.996538 INFO::Fitting model to feature number 2618, X0d87c079847b2101c438b5466dd3ba81
2026-09-04 15:38:04.998537 INFO::Fitting model to feature number 2619, a69abc56e6a2d97a9b18df8844b8692a
2026-09-04 15:38:05.000498 INFO::Fitting model to feature number 2620, ec6b7e24f56faa7195f84745a1d32af8
2026-09-04 15:38:05.002923 INFO::Fitting model to feature number 2621, f734e95c9fb5043f4b6ca31e7e64dd55
2026-09-04 15:38:05.005655 INFO::Fitting model to feature number 2622, fdf997fe582527129cc5153f44665b3f
2026-09-04 15:38:05.008024 INFO::Fitting model to feature number 2623, X6c88b0b8a4c99e877430904f95d72041
2026-09-04 15:38:05.010286 INFO::Fitting model to feature number 2624, X0983a3b6b2092d72e7c8aefcfd09fef6
2026-09-04 15:38:05.013159 INFO::Fitting model to feature number 2625, X6a800907306ab6f4e4ae0a1eb0ac3f10
2026-09-04 15:38:05.015945 INFO::Fitting model to feature number 2626, ee90891dbdd68f6e8a2970bd091f7c6d
2026-09-04 15:38:05.018147 INFO::Fitting model to feature number 2627, X5f510cf434513fffae3da23d8a55ced4
2026-09-04 15:38:05.020384 INFO::Fitting model to feature number 2628, a6777f787a5ac189afb67d903ab0df0a
2026-09-04 15:38:05.022675 INFO::Fitting model to feature number 2629, X0f4ae994d69cc2f07c04bd5e328f9ed8
2026-09-04 15:38:05.025108 INFO::Fitting model to feature number 2630, f4bd5d955844a7ae95ba2a7d553e47ab
2026-09-04 15:38:05.027477 INFO::Fitting model to feature number 2631, X8da054ec4b1ece6979f9ed901fb6c736
2026-09-04 15:38:05.029761 INFO::Fitting model to feature number 2632, cf0e9911ccc4e6b8ecc785035a589988
2026-09-04 15:38:05.032007 INFO::Fitting model to feature number 2633, X57b212c8b5652dd1aea7836412b5c50b
2026-09-04 15:38:05.034228 INFO::Fitting model to feature number 2634, c075ce4a21ec267a920469621b869341
2026-09-04 15:38:05.036387 INFO::Fitting model to feature number 2635, X2476f4150bcf6469537a331b70d27965
2026-09-04 15:38:05.039431 INFO::Fitting model to feature number 2636, X4eca3924d53ddcbbffd870d2b2bb4cb0
2026-09-04 15:38:05.042244 INFO::Fitting model to feature number 2637, f4f0939766427a529c263196b982f710
2026-09-04 15:38:05.044598 INFO::Fitting model to feature number 2638, X415438d5756e36707b34a1b79cc6a34f
2026-09-04 15:38:05.046981 INFO::Fitting model to feature number 2639, X1f083ab9dab0883d71b83772320dde1c
2026-09-04 15:38:05.049526 INFO::Fitting model to feature number 2640, a81a965607c5c1e42bab48c3e1c657d5
2026-09-04 15:38:05.052548 INFO::Fitting model to feature number 2641, c422f08020860b0bdac09140be73a9d5
2026-09-04 15:38:05.055844 INFO::Fitting model to feature number 2642, f018b7b544faae0a5705315015cf3815
2026-09-04 15:38:05.058158 INFO::Fitting model to feature number 2643, fbe152f23c8b6f21414a0f46bd95d92b
2026-09-04 15:38:05.060504 INFO::Fitting model to feature number 2644, X1664cae89a69c3de695c2a5c15afacc5
2026-09-04 15:38:05.062747 INFO::Fitting model to feature number 2645, bd94ed130ab200d8acf1d24d107a196d
2026-09-04 15:38:05.064919 INFO::Fitting model to feature number 2646, aa3ad7e3c3883f1961f03f5e29447b7b
2026-09-04 15:38:05.067049 INFO::Fitting model to feature number 2647, X363054589fb019952b3e3194590f434d
2026-09-04 15:38:05.069173 INFO::Fitting model to feature number 2648, X181bb4f21f991c5750037f4ba6487cc7
2026-09-04 15:38:05.071387 INFO::Fitting model to feature number 2649, a8d017ad1d431b8172a9c8daf6ff5f3d
2026-09-04 15:38:05.073633 INFO::Fitting model to feature number 2650, f58bfc7eef031d977dee039d800fb305
2026-09-04 15:38:05.075992 INFO::Fitting model to feature number 2651, f69b045ae8095047c005f7f6e0611ed2
2026-09-04 15:38:05.079474 INFO::Fitting model to feature number 2652, X5bc7c736470480e50ca11126b925fa29
2026-09-04 15:38:05.083468 INFO::Fitting model to feature number 2653, b9e3fddd78423cb0bedfede8b9955f81
2026-09-04 15:38:05.086792 INFO::Fitting model to feature number 2654, X15253007ddc343562497b890bea2450a
2026-09-04 15:38:05.090212 INFO::Fitting model to feature number 2655, e509fd79dcdfe67839bd2df744bb5ed1
2026-09-04 15:38:05.093784 INFO::Fitting model to feature number 2656, X6d17baec6b16b1f665479b29f81a1887
2026-09-04 15:38:05.097196 INFO::Fitting model to feature number 2657, d961a76a1175c13d8fedbf879b5741a7
2026-09-04 15:38:05.100044 INFO::Fitting model to feature number 2658, cfdffffaa6b8b95c1b4c5b725e2faf65
2026-09-04 15:38:05.103134 INFO::Fitting model to feature number 2659, X38bddfc43efeb8e27c692d807257718e
2026-09-04 15:38:05.10589 INFO::Fitting model to feature number 2660, X7c0a04e73478b9f0e1e052d88306741d
2026-09-04 15:38:05.108759 INFO::Fitting model to feature number 2661, c9b574ffa3916edc6fe618d260704238
2026-09-04 15:38:05.112677 INFO::Fitting model to feature number 2662, ff43818663d71c4ff196915f7eb703f1
2026-09-04 15:38:05.115495 INFO::Fitting model to feature number 2663, X35b41a98bb25c7f3a292625cf514edf0
2026-09-04 15:38:05.117797 INFO::Fitting model to feature number 2664, X15526c45cc59cfeeea7047618603e512
2026-09-04 15:38:05.120097 INFO::Fitting model to feature number 2665, X91b7ea604e9872fecd0da676524f0446
2026-09-04 15:38:05.123243 INFO::Fitting model to feature number 2666, X0619891578eca4aaf660d996ede5447c
2026-09-04 15:38:05.126742 INFO::Fitting model to feature number 2667, X09db19ccbda6cd302469527c9c2dfc1a
2026-09-04 15:38:05.130024 INFO::Fitting model to feature number 2668, X57a4409915954c371d94f40d1334a165
2026-09-04 15:38:05.132535 INFO::Fitting model to feature number 2669, a3ee869a81de0f7fe3ee5a963d52f5de
2026-09-04 15:38:05.134759 INFO::Fitting model to feature number 2670, ef7e41c8f37fd2effd5efe9dc9059c37
2026-09-04 15:38:05.136877 INFO::Fitting model to feature number 2671, X3b02d4732015c4f667b4d627aae36650
2026-09-04 15:38:05.138948 INFO::Fitting model to feature number 2672, X1b25d0eeecbb7cb712b62ea4cc490c37
2026-09-04 15:38:05.141084 INFO::Fitting model to feature number 2673, b258fd0e27547a35998cfa19690b5e01
2026-09-04 15:38:05.143753 INFO::Fitting model to feature number 2674, X0d21c7491e0216679938bd4568317315
2026-09-04 15:38:05.145798 INFO::Fitting model to feature number 2675, X94e0bc9efe2c9f9bd5caaa2101544430
2026-09-04 15:38:05.147799 INFO::Fitting model to feature number 2676, X736a5087afcda40f15458b55cd9dade3
2026-09-04 15:38:05.14975 INFO::Fitting model to feature number 2677, bf869a2f2c5a5b33ef7b27a34d9d00bb
2026-09-04 15:38:05.15179 INFO::Fitting model to feature number 2678, X0072840e2948168ff3373982f7c304c0
2026-09-04 15:38:05.153899 INFO::Fitting model to feature number 2679, e9a0d421dc391168ada9cd345a393d52
2026-09-04 15:38:05.155878 INFO::Fitting model to feature number 2680, X8b64bcb4a60ce74077ea7046003e6b2e
2026-09-04 15:38:05.159362 INFO::Fitting model to feature number 2681, X3946acbe0acd6eab4b7cd35c71e26847
2026-09-04 15:38:05.169742 INFO::Fitting model to feature number 2682, X0e9de16c04056989438ddd210b32bebb
2026-09-04 15:38:05.174556 INFO::Fitting model to feature number 2683, X0853d83ee0fd2f0e7f8a4baba8a4ece1
2026-09-04 15:38:05.177987 INFO::Fitting model to feature number 2684, a7eac928a05ea1a3ce3fafe27a2e57dd
2026-09-04 15:38:05.18282 INFO::Fitting model to feature number 2685, X3930c1fd84a0c44c3e1e87d38798bd06
2026-09-04 15:38:05.186544 INFO::Fitting model to feature number 2686, X12844d06e9e2be379ed21209cdeacd97
2026-09-04 15:38:05.19012 INFO::Fitting model to feature number 2687, baba4bc1bfc846bbdfd21a6d93074849
2026-09-04 15:38:05.193178 INFO::Fitting model to feature number 2688, X0dcbe54259f9d1252e7ca5c16ae369e8
2026-09-04 15:38:05.195395 INFO::Fitting model to feature number 2689, b2e94d7302337c96f0cb54098aff16de
2026-09-04 15:38:05.197433 INFO::Fitting model to feature number 2690, X2f663ecfa3c29570062b45958d1bc5bf
2026-09-04 15:38:05.19933 INFO::Fitting model to feature number 2691, b193f90c666da517f28478197aa33815
2026-09-04 15:38:05.201252 INFO::Fitting model to feature number 2692, a6a070238ed17357fbdc6ebbc4ed41b6
2026-09-04 15:38:05.203171 INFO::Fitting model to feature number 2693, d3e8a2b02d765cbbad6fa2b1f14838cd
2026-09-04 15:38:05.205086 INFO::Fitting model to feature number 2694, X14b956e0d5a0ddf08d812e40de76cc71
2026-09-04 15:38:05.209316 INFO::Fitting model to feature number 2695, X510977c7c3dd2bf2806d7557936daace
2026-09-04 15:38:05.214147 INFO::Fitting model to feature number 2696, X050471f7859b35124d59b3dfa0b51524
2026-09-04 15:38:05.217086 INFO::Fitting model to feature number 2697, X3c877ef3327aa0b61f98ddc9374ff344
2026-09-04 15:38:05.2201 INFO::Fitting model to feature number 2698, eaeb247125ed3b8d6001030fe6c7bdc4
2026-09-04 15:38:05.223231 INFO::Fitting model to feature number 2699, X3acaee66b1c6e5ac5d72ac16dbf114f0
2026-09-04 15:38:05.225839 INFO::Fitting model to feature number 2700, c7c7faa4884802d81be037323f846424
2026-09-04 15:38:05.228403 INFO::Fitting model to feature number 2701, X5e5268dde681e018d5e3523f99c0856d
2026-09-04 15:38:05.230758 INFO::Fitting model to feature number 2702, c872f7a227ebf9eac1b703fe6ea2ec51
2026-09-04 15:38:05.233376 INFO::Fitting model to feature number 2703, X4ae4ced01dc4c685868b2721569248dc
2026-09-04 15:38:05.236023 INFO::Fitting model to feature number 2704, X51b99f3ef5fdfd6faf50d1602d680ec9
2026-09-04 15:38:05.238447 INFO::Fitting model to feature number 2705, X1ef9eb751da545880c8bb454569e0944
2026-09-04 15:38:05.240675 INFO::Fitting model to feature number 2706, X86a4eb2946e54ffe5e74b9c17fa82c5f
2026-09-04 15:38:05.242974 INFO::Fitting model to feature number 2707, dbfa642fb5b725e8f5459f04d619ec48
2026-09-04 15:38:05.245032 INFO::Fitting model to feature number 2708, d347c5d57c346ce7e9f23f2efb7ebe66
2026-09-04 15:38:05.24708 INFO::Fitting model to feature number 2709, d63586a9228972f02113c17acc600c93
2026-09-04 15:38:05.249181 INFO::Fitting model to feature number 2710, X01c071fe83cce6cf3f04cb51a16f6cf9
2026-09-04 15:38:05.251286 INFO::Fitting model to feature number 2711, X112f383a9c741b8b1fe2d93013d50f41
2026-09-04 15:38:05.253713 INFO::Fitting model to feature number 2712, X650b66693168ba3fb56c1dcad6898545
2026-09-04 15:38:05.256105 INFO::Fitting model to feature number 2713, X45de17123e8b9c50197610fd14519a93
2026-09-04 15:38:05.258337 INFO::Fitting model to feature number 2714, X4d49dbc63ecb5acec5390deb8cebee8c
2026-09-04 15:38:05.260457 INFO::Fitting model to feature number 2715, X45216cc6510a146da7b01683ea93fe9e
2026-09-04 15:38:05.262697 INFO::Fitting model to feature number 2716, X452508094859cd28e6aa75259162b69a
2026-09-04 15:38:05.265713 INFO::Fitting model to feature number 2717, fd8bcf56ad46ba6ed242b391c58157b7
2026-09-04 15:38:05.268212 INFO::Fitting model to feature number 2718, b145af42bfc3998983e00336500f490b
2026-09-04 15:38:05.270865 INFO::Fitting model to feature number 2719, b1a28c404bbb1ce8e514137ff8e46a39
2026-09-04 15:38:05.2734 INFO::Fitting model to feature number 2720, fc1859d63e564d01a62fa3799bd0d8db
2026-09-04 15:38:05.275792 INFO::Fitting model to feature number 2721, dd17ccee4b5b879f76bb47c7cbd7e042
2026-09-04 15:38:05.278078 INFO::Fitting model to feature number 2722, X7c7869906f8b44614eddf83e07462918
2026-09-04 15:38:05.280338 INFO::Fitting model to feature number 2723, X33760898b356dbbffa2a2c2b640ac4c1
2026-09-04 15:38:05.282528 INFO::Fitting model to feature number 2724, X1606f5ad2b6b16daef034a8e2289fe96
2026-09-04 15:38:05.284614 INFO::Fitting model to feature number 2725, X70b40ced97b108b4971443f3a251ac17
2026-09-04 15:38:05.286619 INFO::Fitting model to feature number 2726, X41dc16118ca2ea7b1987b27420e0297a
2026-09-04 15:38:05.288596 INFO::Fitting model to feature number 2727, X711384cd0744379f1e5cda48026cd272
2026-09-04 15:38:05.290673 INFO::Fitting model to feature number 2728, X6d7785eba58267c17d56fccef27955ea
2026-09-04 15:38:05.293061 INFO::Fitting model to feature number 2729, cd7a267c70c6bd2a4a63fb40953a9ea8
2026-09-04 15:38:05.295289 INFO::Fitting model to feature number 2730, ad4336dcc58c7b15a15bbc02cf7abdfc
2026-09-04 15:38:05.297667 INFO::Fitting model to feature number 2731, c10b7f19c14783eba9b711f1994d7fcd
2026-09-04 15:38:05.299762 INFO::Fitting model to feature number 2732, d3f7a33983afa877e703e57722d09c21
2026-09-04 15:38:05.301938 INFO::Fitting model to feature number 2733, X231a23ae5f751efb91bad6b2ff9300fc
2026-09-04 15:38:05.316207 INFO::Fitting model to feature number 2734, X457288c0d2d6c6a7bdcc6ae99cc25b11
2026-09-04 15:38:05.319012 INFO::Fitting model to feature number 2735, ee98150e1b4b4f6036e2434e85d01298
2026-09-04 15:38:05.321516 INFO::Fitting model to feature number 2736, f276631a3abc7a63b7956be75a330b9e
2026-09-04 15:38:05.323775 INFO::Fitting model to feature number 2737, X248fe362934aacc3ce2f4fdebe507b77
2026-09-04 15:38:05.326082 INFO::Fitting model to feature number 2738, X62d905421920fb418b9db7378438cb66
2026-09-04 15:38:05.328316 INFO::Fitting model to feature number 2739, bae6200a56b74e8bdf0766f90c273196
2026-09-04 15:38:05.330532 INFO::Fitting model to feature number 2740, f6de51befc773626a6f7f07977977865
2026-09-04 15:38:05.332774 INFO::Fitting model to feature number 2741, X868cef8081b5f7dd04c0858f4a600749
2026-09-04 15:38:05.335064 INFO::Fitting model to feature number 2742, X3ba37fd6711d3d3ccb2f3ed09075cde1
2026-09-04 15:38:05.337375 INFO::Fitting model to feature number 2743, X0ca0e9a3a0aa5cf67c78f8e8b59e53c6
2026-09-04 15:38:05.34019 INFO::Fitting model to feature number 2744, X5367ba59abf2cec953c5a05708505570
2026-09-04 15:38:05.342678 INFO::Fitting model to feature number 2745, X49f103288c22415f31c56d348a92e3d2
2026-09-04 15:38:05.345038 INFO::Fitting model to feature number 2746, X7af867c7883501451f410b6fcb600b9e
2026-09-04 15:38:05.347985 INFO::Fitting model to feature number 2747, bc5593081c603faf9990d8f73ccce91d
2026-09-04 15:38:05.350256 INFO::Fitting model to feature number 2748, X74d1f19b9cf59f41c4ec83c51706fe46
2026-09-04 15:38:05.352863 INFO::Fitting model to feature number 2749, X561675a59a89b026e7d658bd3d8873d8
2026-09-04 15:38:05.355296 INFO::Fitting model to feature number 2750, X07569eb48c812def8a0f0b447cf86ba2
2026-09-04 15:38:05.35748 INFO::Fitting model to feature number 2751, d165bdf10235136ef8fd3f2bd4d1cf14
2026-09-04 15:38:05.359653 INFO::Fitting model to feature number 2752, c7f30f7372d6003268a11a05e11096fe
2026-09-04 15:38:05.36192 INFO::Fitting model to feature number 2753, X4ac2aec6e447d2d17397d5721d207932
2026-09-04 15:38:05.364132 INFO::Fitting model to feature number 2754, c357c529a4a85695a16fa9ab4480fd9f
2026-09-04 15:38:05.366191 INFO::Fitting model to feature number 2755, e978fb865af6d1c4ba55ad9af1ea8a66
2026-09-04 15:38:05.368258 INFO::Fitting model to feature number 2756, a474a379feb1223533e32c9d11f2e352
2026-09-04 15:38:05.370861 INFO::Fitting model to feature number 2757, X21d700e8ba6c36d63263afe6acf08fcd
2026-09-04 15:38:05.374173 INFO::Fitting model to feature number 2758, e4cac21c79eb418fab75c0ccdca908bf
2026-09-04 15:38:05.376984 INFO::Fitting model to feature number 2759, X524375f91c6530faa9aed18c552f2983
2026-09-04 15:38:05.379491 INFO::Fitting model to feature number 2760, X81c8678baef9ba0fdf03659f1652d19e
2026-09-04 15:38:05.381769 INFO::Fitting model to feature number 2761, X981c21b1a350b5f39d1579ece47b165d
2026-09-04 15:38:05.384464 INFO::Fitting model to feature number 2762, e266bf49a69acf64cc429a7d9aa94db5
2026-09-04 15:38:05.387128 INFO::Fitting model to feature number 2763, X2e53833453b802199eaa97a331d40fe1
2026-09-04 15:38:05.389402 INFO::Fitting model to feature number 2764, X4fde1c45fa388ac843c3fb6c4d49ec44
2026-09-04 15:38:05.391842 INFO::Fitting model to feature number 2765, X06ac463e10ff20b1d2814fef35abf311
2026-09-04 15:38:05.395324 INFO::Fitting model to feature number 2766, X9b8a95084271a28da847559cc14229d0
2026-09-04 15:38:05.397779 INFO::Fitting model to feature number 2767, eec2506b36782a131f14ff66e7316c8c
2026-09-04 15:38:05.4 INFO::Fitting model to feature number 2768, c1e6e49263b4c949a3f77089ce365aed
2026-09-04 15:38:05.402175 INFO::Fitting model to feature number 2769, X544c1a5a6c96c4cc2390f245ca0f469a
2026-09-04 15:38:05.404542 INFO::Fitting model to feature number 2770, X985769695779dcb2b6f7014f7ba4f1ae
2026-09-04 15:38:05.406858 INFO::Fitting model to feature number 2771, dce23415b4a3fed5df83cc98961d952f
2026-09-04 15:38:05.409258 INFO::Fitting model to feature number 2772, X0a64504c97b949ffaa05a83527f8d393
2026-09-04 15:38:05.411406 INFO::Fitting model to feature number 2773, X0f11510ca4e17b023f4e915f6fcd93da
2026-09-04 15:38:05.413437 INFO::Fitting model to feature number 2774, f1921fb3558f1da05c212545d0de0cc4
2026-09-04 15:38:05.415612 INFO::Fitting model to feature number 2775, X765f4c78c2d441bd838f15cb18c16cb7
2026-09-04 15:38:05.417906 INFO::Fitting model to feature number 2776, ff984406eb670f31cf24eb0b3ff1a2a5
2026-09-04 15:38:05.420023 INFO::Fitting model to feature number 2777, b632a177daad11d134247ee04ab8b120
2026-09-04 15:38:05.422133 INFO::Fitting model to feature number 2778, b33d425d0b70dba53c7d232b64449c43
2026-09-04 15:38:05.424952 INFO::Fitting model to feature number 2779, X646f7978424f8bfc6de2008e0ff43db1
2026-09-04 15:38:05.427546 INFO::Fitting model to feature number 2780, X36fe616fa0d59083ef02eaf5e817d31c
2026-09-04 15:38:05.430503 INFO::Fitting model to feature number 2781, bd872b094f31d06c830ff1016ec66448
2026-09-04 15:38:05.432759 INFO::Fitting model to feature number 2782, d34aa57cb18b50d7dec25bbdb3200e21
2026-09-04 15:38:05.434878 INFO::Fitting model to feature number 2783, X0baf550ffae3e4955158fed97e629300
2026-09-04 15:38:05.43701 INFO::Fitting model to feature number 2784, ac4f6bd6fac7b687f6b9d7214b14681d
2026-09-04 15:38:05.439411 INFO::Fitting model to feature number 2785, X7fc8641dcbd90f5be7b49d17ac6f0301
2026-09-04 15:38:05.442208 INFO::Fitting model to feature number 2786, X0a5160b4a1a8df4b0010d1ad508a9302
2026-09-04 15:38:05.444424 INFO::Fitting model to feature number 2787, X088f17c76f837f6944c3ec273f05999c
2026-09-04 15:38:05.446483 INFO::Fitting model to feature number 2788, X4ca2a4c80e5d25587b692c5db7866734
2026-09-04 15:38:05.448474 INFO::Fitting model to feature number 2789, X4ae1ffed1d5102ad4dba1d14f7926c93
2026-09-04 15:38:05.45045 INFO::Fitting model to feature number 2790, a71326dceca6d4dec52c7bd103d0823d
2026-09-04 15:38:05.452383 INFO::Fitting model to feature number 2791, X613d44ed5edeb1e2709704423332b97a
2026-09-04 15:38:05.45427 INFO::Fitting model to feature number 2792, b66871c7201ab2bd28e6ab0ce8c8d804
2026-09-04 15:38:05.456201 INFO::Fitting model to feature number 2793, bcf4aa6c012e2f4fb1b529bc3f65303b
2026-09-04 15:38:05.459081 INFO::Fitting model to feature number 2794, X0203071eec9fbf6b50796c3f1861fede
2026-09-04 15:38:05.46199 INFO::Fitting model to feature number 2795, X6e0d62851fa171fc69b3a5bccca4100d
2026-09-04 15:38:05.464122 INFO::Fitting model to feature number 2796, d6d7cc03e96fd20e295d12f1cd26efb7
2026-09-04 15:38:05.466187 INFO::Fitting model to feature number 2797, X19ebc597b7db5a6b8b0997d2c60abe18
2026-09-04 15:38:05.468277 INFO::Fitting model to feature number 2798, X35b40e15d247ea9cacd5854752ef3865
2026-09-04 15:38:05.47031 INFO::Fitting model to feature number 2799, X1147db6099a5e266ec1f79df7984daae
2026-09-04 15:38:05.472609 INFO::Fitting model to feature number 2800, fa5dd3afcdacdc85188c8feccbbcf481
2026-09-04 15:38:05.47595 INFO::Fitting model to feature number 2801, eb31ca340ddfe8858854209628be1a92
2026-09-04 15:38:05.478731 INFO::Fitting model to feature number 2802, X623fa0cba04b1c06a7c238859f845c52
2026-09-04 15:38:05.481299 INFO::Fitting model to feature number 2803, f0f9aa45d00d0918ce5ffe4de12f9968
2026-09-04 15:38:05.483455 INFO::Fitting model to feature number 2804, X6c89a420739b7b25f307b4e767f17bda
2026-09-04 15:38:05.48614 INFO::Fitting model to feature number 2805, ed4ab960fc01aa5e75ac52c71cf4e841
2026-09-04 15:38:05.488336 INFO::Fitting model to feature number 2806, X9046429dc2cf33671ba9580acd45ae2e
2026-09-04 15:38:05.490804 INFO::Fitting model to feature number 2807, d77bf3e53e88f703e540d2a2478e7be5
2026-09-04 15:38:05.494538 INFO::Fitting model to feature number 2808, a4eaea0f66b52319ff4582f90558249e
2026-09-04 15:38:05.510289 INFO::Fitting model to feature number 2809, X1442f9f4211960b9343fc5e912531d4c
2026-09-04 15:38:05.51364 INFO::Fitting model to feature number 2810, X3572caed1830e20a0c0628337ec51a8e
2026-09-04 15:38:05.516265 INFO::Fitting model to feature number 2811, X96932048a899a7658b5d0e3b26a8a53e
2026-09-04 15:38:05.519931 INFO::Fitting model to feature number 2812, d18532349d359d8f6b90f843ba48704c
2026-09-04 15:38:05.522386 INFO::Fitting model to feature number 2813, X77a0859b4d79659c5b484ce4b1ba6aee
2026-09-04 15:38:05.525612 INFO::Fitting model to feature number 2814, X02c728ca69a5f2209e9718ed1f2b1b7a
2026-09-04 15:38:05.527887 INFO::Fitting model to feature number 2815, f03c1ff4c0f4f52f62810ed5ccf71fe1
2026-09-04 15:38:05.530536 INFO::Fitting model to feature number 2816, a4582fc7814303906c1ad746ad8580f2
2026-09-04 15:38:05.53276 INFO::Fitting model to feature number 2817, X23c30142c0eb8df13fff6df130dc00ae
2026-09-04 15:38:05.534957 INFO::Fitting model to feature number 2818, X547aad58c6b3dba2d873dfd7ff94b29f
2026-09-04 15:38:05.537064 INFO::Fitting model to feature number 2819, X607e292fa24dbfaf2cc3a23b6d7b1b4e
2026-09-04 15:38:05.539333 INFO::Fitting model to feature number 2820, X721f0b0a3a0d92d0b49d70e7e1c3189b
2026-09-04 15:38:05.541687 INFO::Fitting model to feature number 2821, e2143e956bf1646e08b3fb1f019e01e5
2026-09-04 15:38:05.544102 INFO::Fitting model to feature number 2822, a51a80df91936db2f2b620c619cca77e
2026-09-04 15:38:05.54629 INFO::Fitting model to feature number 2823, d9907b77778d78e4ef54f0b8d3392536
2026-09-04 15:38:05.548538 INFO::Fitting model to feature number 2824, X660f037912cf1484e9e84a9457b6e87d
2026-09-04 15:38:05.551136 INFO::Fitting model to feature number 2825, a381f0333e4b087bbf5bf606bcb0a631
2026-09-04 15:38:05.553506 INFO::Fitting model to feature number 2826, X347716bb5136891ef74d6eb5d119e41a
2026-09-04 15:38:05.557129 INFO::Fitting model to feature number 2827, b49be7fe95a93f6b802b2fa7aeac8f4b
2026-09-04 15:38:05.561518 INFO::Fitting model to feature number 2828, b4249fb415d7213bbc9f971fa8329eaf
2026-09-04 15:38:05.564964 INFO::Fitting model to feature number 2829, fdaa205c6b7898a2699e378401f4a36b
2026-09-04 15:38:05.567078 INFO::Fitting model to feature number 2830, X95e853895daa131528b8a4a5168f4553
2026-09-04 15:38:05.569202 INFO::Fitting model to feature number 2831, X56ef8b6c9e339650443b598aa4ea0d68
2026-09-04 15:38:05.57124 INFO::Fitting model to feature number 2832, d7606b1b69ebcd2cd7c8e51357eca942
2026-09-04 15:38:05.573355 INFO::Fitting model to feature number 2833, X5c9dcd2e2fd40c579f5a1d820816f38b
2026-09-04 15:38:05.575651 INFO::Fitting model to feature number 2834, X9a619f7d8ebba203aa77e4caf7ab574c
2026-09-04 15:38:05.578959 INFO::Fitting model to feature number 2835, X0dfc4203b5c713f04df0ceaaf4966ec7
2026-09-04 15:38:05.582276 INFO::Fitting model to feature number 2836, X7c26fa0cd89172f5fe187c60f59365ce
2026-09-04 15:38:05.584704 INFO::Fitting model to feature number 2837, ef656117608452aef9b85789edb180f7
2026-09-04 15:38:05.587031 INFO::Fitting model to feature number 2838, d2fa25011d85b508df00a726d7c328e9
2026-09-04 15:38:05.590631 INFO::Fitting model to feature number 2839, c726de9b217fb68c45850f14b09ed4bc
2026-09-04 15:38:05.593415 INFO::Fitting model to feature number 2840, c7ac157a928ce340e96e5c55283d670c
2026-09-04 15:38:05.595778 INFO::Fitting model to feature number 2841, X34aaad2df4c8c6efe23e885fb448292f
2026-09-04 15:38:05.598495 INFO::Fitting model to feature number 2842, a79ede83e7055c3ce8bb8d9e341814b7
2026-09-04 15:38:05.600674 INFO::Fitting model to feature number 2843, X671d36cebc64a4bbad3ab8315166448f
2026-09-04 15:38:05.603041 INFO::Fitting model to feature number 2844, ab490fa500fee3d905e96b58698a458d
2026-09-04 15:38:05.605386 INFO::Fitting model to feature number 2845, X579bf0c45c8b6b9f2571f84932169cb3
2026-09-04 15:38:05.608818 INFO::Fitting model to feature number 2846, c498feaa6840649696a7d7817f9fbe9a
2026-09-04 15:38:05.612112 INFO::Fitting model to feature number 2847, ae67bceddae447e7dade752a5a28d6f3
2026-09-04 15:38:05.614588 INFO::Fitting model to feature number 2848, X3af75f1a8ed3c06c09c16f7414233d1a
2026-09-04 15:38:05.617156 INFO::Fitting model to feature number 2849, X38fbe7b92501f24932baa72704a5f418
2026-09-04 15:38:05.619403 INFO::Fitting model to feature number 2850, X537467d5f904164548c3bd4c38d079a1
2026-09-04 15:38:05.621504 INFO::Fitting model to feature number 2851, a95351bbbf434e2324d3987a6ea4fd78
2026-09-04 15:38:05.623541 INFO::Fitting model to feature number 2852, fd686714a3a5586226fce69735f84979
2026-09-04 15:38:05.625632 INFO::Fitting model to feature number 2853, X3daf1be9fe5fe47c51b69a4af98e35c7
2026-09-04 15:38:05.627768 INFO::Fitting model to feature number 2854, e38b65f002bc5a4d64d6ab5498122171
2026-09-04 15:38:05.629749 INFO::Fitting model to feature number 2855, X4ff181a3f5e1ea58fc07050c2b0efb1f
2026-09-04 15:38:05.631726 INFO::Fitting model to feature number 2856, X60a7e60559dbceb021c1c662e51d6337
2026-09-04 15:38:05.63386 INFO::Fitting model to feature number 2857, c03e4901371ca11c16ad52c309e50746
2026-09-04 15:38:05.636128 INFO::Fitting model to feature number 2858, X7248b6ee9b52daf3e1516697a9fa9e25
2026-09-04 15:38:05.638539 INFO::Fitting model to feature number 2859, X0e78cbe5988d7732d116cd56cd7b506f
2026-09-04 15:38:05.641632 INFO::Fitting model to feature number 2860, fb300ec6e47fe7b05bbf48a2cbe98a50
2026-09-04 15:38:05.646185 INFO::Fitting model to feature number 2861, b5cbd99e0d0dece4faded569d9a852f5
2026-09-04 15:38:05.651289 INFO::Fitting model to feature number 2862, e988df020650ba4fa08fd082e3c3863d
2026-09-04 15:38:05.656438 INFO::Fitting model to feature number 2863, X52dc6b2aae11c8eecceee07d4fda716a
2026-09-04 15:38:05.661361 INFO::Fitting model to feature number 2864, eb97ad0381fbfa52d3247ce42d9ffc56
2026-09-04 15:38:05.665128 INFO::Fitting model to feature number 2865, bc58fdb04e21b2084433dee7180176df
2026-09-04 15:38:05.668475 INFO::Fitting model to feature number 2866, e3aca7c4636f2b48bd082b90f2b0de80
2026-09-04 15:38:05.671677 INFO::Fitting model to feature number 2867, X06c09edad9e82b98a25edd39aca30377
2026-09-04 15:38:05.67389 INFO::Fitting model to feature number 2868, X44e18d0ce348316e4221d64af6f18940
2026-09-04 15:38:05.675875 INFO::Fitting model to feature number 2869, e66bce03a6e2a3cc0f6eb240109e8fe5
2026-09-04 15:38:05.677831 INFO::Fitting model to feature number 2870, b4154677c5f887540c422878cd57bc88
2026-09-04 15:38:05.680046 INFO::Fitting model to feature number 2871, X400e5f2639e6da6abc90c5a47f898bcb
2026-09-04 15:38:05.682105 INFO::Fitting model to feature number 2872, X083d935cb39a03e212ea0451169b39d9
2026-09-04 15:38:05.684098 INFO::Fitting model to feature number 2873, be0a463b9b8fa3223ed2f4a8c493bcbb
2026-09-04 15:38:05.686129 INFO::Fitting model to feature number 2874, fd89207bf45e5e879b8e3ceb4d403bc5
2026-09-04 15:38:05.688087 INFO::Fitting model to feature number 2875, X59b47b5ef7e7d0502ca7c273d1db5243
2026-09-04 15:38:05.689956 INFO::Fitting model to feature number 2876, c9775f8b970777ac1fd071283827206d
2026-09-04 15:38:05.692839 INFO::Fitting model to feature number 2877, X3af01333df84d1ea96032122fbad9da6
2026-09-04 15:38:05.695433 INFO::Fitting model to feature number 2878, X0177d58694b2218e4886491dca312897
2026-09-04 15:38:05.698476 INFO::Fitting model to feature number 2879, X899b618f4fb49627799d29c0668111eb
2026-09-04 15:38:05.700757 INFO::Fitting model to feature number 2880, X1978e29accad0b7c95a8f9f0f28e879a
2026-09-04 15:38:05.702886 INFO::Fitting model to feature number 2881, ec314aba66b78fa2ca92440b38922c81
2026-09-04 15:38:05.704995 INFO::Fitting model to feature number 2882, X1f52108e16c3b65aa1b61371989f0644
2026-09-04 15:38:05.707112 INFO::Fitting model to feature number 2883, X3dc0d3f2f4424ee33908caeb7f8480a1
2026-09-04 15:38:05.709642 INFO::Fitting model to feature number 2884, X6e6e629713cd470092c69ead1d46de92
2026-09-04 15:38:05.711859 INFO::Fitting model to feature number 2885, X70b292d7aa6179faf051d4160f052c2f
2026-09-04 15:38:05.714014 INFO::Fitting model to feature number 2886, ccbd4d59247b3cca4c52d1fa2e5d9adc
2026-09-04 15:38:05.716135 INFO::Fitting model to feature number 2887, e58475cb355d877fb5584945b097bff5
2026-09-04 15:38:05.718213 INFO::Fitting model to feature number 2888, X096729f1cb0657e2ff8c7d7a344d7b29
2026-09-04 15:38:05.720284 INFO::Fitting model to feature number 2889, X7df3da62fb07a34581843e633d6983f0
2026-09-04 15:38:05.722315 INFO::Fitting model to feature number 2890, X66188ef0dfce592198c7254186c7aace
2026-09-04 15:38:05.724419 INFO::Fitting model to feature number 2891, X43d0c5a2b68c9b5f436e6b295a81b476
2026-09-04 15:38:05.728092 INFO::Fitting model to feature number 2892, f9403583636bfe6bed5aae8ce3967de4
2026-09-04 15:38:05.730868 INFO::Fitting model to feature number 2893, ea68d08d9c0f63db3bef701f87f6c9e6
2026-09-04 15:38:05.733244 INFO::Fitting model to feature number 2894, X21760a333b5059573c43b946d48992f5
2026-09-04 15:38:05.735561 INFO::Fitting model to feature number 2895, ca354666925c08a4a2b37d644d5135ad
2026-09-04 15:38:05.73793 INFO::Fitting model to feature number 2896, b30f33e7f8d5941dd3a2ca6e663c83cb
2026-09-04 15:38:05.741015 INFO::Fitting model to feature number 2897, af33689a0594178ed9903aad62e08603
2026-09-04 15:38:05.743866 INFO::Fitting model to feature number 2898, X3b06e393c11249e33716459045af4dc7
2026-09-04 15:38:05.746037 INFO::Fitting model to feature number 2899, X927b6a17ba9460deb85b75f47d56c697
2026-09-04 15:38:05.7483 INFO::Fitting model to feature number 2900, X79db53c59bc4e94f032ac4f30bf98818
2026-09-04 15:38:05.750468 INFO::Fitting model to feature number 2901, X4f449cdd1c1768ccfd6fcc917a69370e
2026-09-04 15:38:05.75254 INFO::Fitting model to feature number 2902, cdccb65bd084f58ebd07160be430a513
2026-09-04 15:38:05.754578 INFO::Fitting model to feature number 2903, X84f755fb2675cf60389b033d286d0123
2026-09-04 15:38:05.756583 INFO::Fitting model to feature number 2904, X95946ad944e029725dc3274ad02ff2f2
2026-09-04 15:38:05.758543 INFO::Fitting model to feature number 2905, X18ca70bc13f6a7e04152799348f8b331
2026-09-04 15:38:05.760657 INFO::Fitting model to feature number 2906, X89b2259f9ca3b837a10fa090d147aa05
2026-09-04 15:38:05.762632 INFO::Fitting model to feature number 2907, X2bc1da40a7e131f3025e3e45a19583da
2026-09-04 15:38:05.764593 INFO::Fitting model to feature number 2908, c124e64ca29884b2bc497ddaaefc6b24
2026-09-04 15:38:05.766509 INFO::Fitting model to feature number 2909, X67732ad03f4c1673ef8ae18d71514d85
2026-09-04 15:38:05.768389 INFO::Fitting model to feature number 2910, X025c2b90f2e5a237e757bf08fa34d059
2026-09-04 15:38:05.770317 INFO::Fitting model to feature number 2911, b904101d9b3285e0f74148f90ebb212e
2026-09-04 15:38:05.773133 INFO::Fitting model to feature number 2912, X16ceadb53c6047c58605253611a5b74a
2026-09-04 15:38:05.776254 INFO::Fitting model to feature number 2913, X32a169650f30fa72f90a5ed2d61ca8ef
2026-09-04 15:38:05.779732 INFO::Fitting model to feature number 2914, f5decf63c7c6dc6c0cebd1a247f663b4
2026-09-04 15:38:05.782524 INFO::Fitting model to feature number 2915, fcb72637b1596eb873785a4f827352a9
2026-09-04 15:38:05.785247 INFO::Fitting model to feature number 2916, X2eb740567725e3a55a20514c37ad99fa
2026-09-04 15:38:05.787738 INFO::Fitting model to feature number 2917, X9d916c60f2230ace5f930e80c9d0b64d
2026-09-04 15:38:05.790049 INFO::Fitting model to feature number 2918, cb1dce3b2a0103214a3a860dca1ccf48
2026-09-04 15:38:05.792526 INFO::Fitting model to feature number 2919, X06c877479e717126e0084863c4217aff
2026-09-04 15:38:05.795903 INFO::Fitting model to feature number 2920, a5495f16a116cb94bd99654c8609cd8a
2026-09-04 15:38:05.798328 INFO::Fitting model to feature number 2921, a5075865f081e02ec1a6098fc6cd2384
2026-09-04 15:38:05.801078 INFO::Fitting model to feature number 2922, X97bf531e0cd31993418d2c8733e78957
2026-09-04 15:38:05.804598 INFO::Fitting model to feature number 2923, X7af645be0a90fc56f5bc7ffac9167d80
2026-09-04 15:38:05.808126 INFO::Fitting model to feature number 2924, c4f47b2ea61e272d46fb5a2d2fb3781f
2026-09-04 15:38:05.811764 INFO::Fitting model to feature number 2925, X15048c632eb7eee5ff9aa840727346c8
2026-09-04 15:38:05.815456 INFO::Fitting model to feature number 2926, X9aa296767a9426c1aacbb5933dd950b7
2026-09-04 15:38:05.817977 INFO::Fitting model to feature number 2927, b447820fe28c71244e8759602fdf3eda
2026-09-04 15:38:05.820409 INFO::Fitting model to feature number 2928, X7dc513eb895935de3f26095f29af6185
2026-09-04 15:38:05.822787 INFO::Fitting model to feature number 2929, X476222b970d79ce648d99e7bb76b179d
2026-09-04 15:38:05.826023 INFO::Fitting model to feature number 2930, X208ebdf71ef7cf0c16586d02b70c9225
2026-09-04 15:38:05.828999 INFO::Fitting model to feature number 2931, X316a312b0907036902b5502c04857191
2026-09-04 15:38:05.831451 INFO::Fitting model to feature number 2932, X78646a636982351db5a81df18327c4cb
2026-09-04 15:38:05.834326 INFO::Fitting model to feature number 2933, ae4a962df8aa20f759ba5233379dab05
2026-09-04 15:38:05.836796 INFO::Fitting model to feature number 2934, X9d695b388197870622ff4adcc373172e
2026-09-04 15:38:05.839989 INFO::Fitting model to feature number 2935, a4f7266fe540bb1ee1c201b759d79cb9
2026-09-04 15:38:05.842598 INFO::Fitting model to feature number 2936, X9e35a91315e887d384670ff7f53f996b
2026-09-04 15:38:05.845103 INFO::Fitting model to feature number 2937, X0ee57eca9a1f9789070b6e6903ce5515
2026-09-04 15:38:05.847449 INFO::Fitting model to feature number 2938, f2975bedf68cef364451f58690edd972
2026-09-04 15:38:05.849853 INFO::Fitting model to feature number 2939, aeb7e96db39c01c7ce5d3286507389d1
2026-09-04 15:38:05.852363 INFO::Fitting model to feature number 2940, X8c66a56d6445fc4249f6e643f3bc1550
2026-09-04 15:38:05.854884 INFO::Fitting model to feature number 2941, X6bee62d2996e65c65393b72d461a64c5
2026-09-04 15:38:05.857067 INFO::Fitting model to feature number 2942, f7c31cb847552a170ab15724fb9e7a78
2026-09-04 15:38:05.859448 INFO::Fitting model to feature number 2943, ea0a665cb23ea1487f199e0912b5afa3
2026-09-04 15:38:05.861548 INFO::Fitting model to feature number 2944, ada77d7c528c685797d3e35dfa4ec4e2
2026-09-04 15:38:05.863703 INFO::Fitting model to feature number 2945, X5d5518ee9f2f48af6919c57895c9e1a2
2026-09-04 15:38:05.865963 INFO::Fitting model to feature number 2946, b675870efae610c3f4938e307ae75ace
2026-09-04 15:38:05.867993 INFO::Fitting model to feature number 2947, c3978ae893ddef0b444dfcb832c043a5
2026-09-04 15:38:05.869964 INFO::Fitting model to feature number 2948, X99a1f895a83b9b6e3e1efe040996dd3c
2026-09-04 15:38:05.871948 INFO::Fitting model to feature number 2949, X0edf86d210dda7702a167b560cc044f6
2026-09-04 15:38:05.873925 INFO::Fitting model to feature number 2950, X9438253f42a71df4073e536bfc595262
2026-09-04 15:38:05.876093 INFO::Fitting model to feature number 2951, X7fd362e2316340927ce6e6c5f62b5b4a
2026-09-04 15:38:05.878085 INFO::Fitting model to feature number 2952, X8ae3536f4768598f2a4f21a837920dbc
2026-09-04 15:38:05.880164 INFO::Fitting model to feature number 2953, X51909cba31323ad3d21017ce1d738e13
2026-09-04 15:38:05.883372 INFO::Fitting model to feature number 2954, X48420d149e77489081bebbf16c517d45
2026-09-04 15:38:05.886858 INFO::Fitting model to feature number 2955, X788eab5c74943e4432df5819b7d1e4f5
2026-09-04 15:38:05.889407 INFO::Fitting model to feature number 2956, X2daba14542270de8af1a229f9c1d8e96
2026-09-04 15:38:05.891899 INFO::Fitting model to feature number 2957, X82c9a8f2c5088f3c21feea25df56664c
2026-09-04 15:38:05.894634 INFO::Fitting model to feature number 2958, c4323bc7734233fad833cecccda862c1
2026-09-04 15:38:05.896911 INFO::Fitting model to feature number 2959, X5383023706686d070b5aa912b993ac4d
2026-09-04 15:38:05.900204 INFO::Fitting model to feature number 2960, cb7210034747c0f0faf490d26a023fb2
2026-09-04 15:38:05.902466 INFO::Fitting model to feature number 2961, f615665045ffdd17723a0b1bb52bb3a7
2026-09-04 15:38:05.904694 INFO::Fitting model to feature number 2962, babc15ef489f69c2172e6745ba1a0602
2026-09-04 15:38:05.906894 INFO::Fitting model to feature number 2963, d39d66fe68f111a2b7c499c1292f3391
2026-09-04 15:38:05.909485 INFO::Fitting model to feature number 2964, X6e34ba806220ef26bdb757ff1d853bbb
2026-09-04 15:38:05.911766 INFO::Fitting model to feature number 2965, a2acd114dd8dc7732591915ebfab3a55
2026-09-04 15:38:05.914214 INFO::Fitting model to feature number 2966, c366bc0b3c412edb42271bf2c3d48c3c
2026-09-04 15:38:05.916527 INFO::Fitting model to feature number 2967, X73013b097cc1abf48962f182071a8a15
2026-09-04 15:38:05.91874 INFO::Fitting model to feature number 2968, a0d8cb3d49c7fdc2bc56a30d520ac3ba
2026-09-04 15:38:05.92113 INFO::Fitting model to feature number 2969, X37b6969c8d55c74360aed846af79f2c8
2026-09-04 15:38:05.924038 INFO::Fitting model to feature number 2970, f64e9426a93fe641a5e5169e65c148c7
2026-09-04 15:38:05.926666 INFO::Fitting model to feature number 2971, a51911fb468aee7787ca8edf2ad66641
2026-09-04 15:38:05.928951 INFO::Fitting model to feature number 2972, X74ba04f87e4115f9158e2b5ceac67434
2026-09-04 15:38:05.931258 INFO::Fitting model to feature number 2973, X17c9bb792a4f80cb3e46cf027da1f7a1
2026-09-04 15:38:05.933661 INFO::Fitting model to feature number 2974, X03e54834b751bd82f5fbb5b4272d3973
2026-09-04 15:38:05.936178 INFO::Fitting model to feature number 2975, ab2303bacf70620e706950cdb66b20d2
2026-09-04 15:38:05.938457 INFO::Fitting model to feature number 2976, X00d907178259792a49275a408ae8c9a7
2026-09-04 15:38:05.94055 INFO::Fitting model to feature number 2977, X817dc232a0a8a3b173bf9eb4fb817f15
2026-09-04 15:38:05.943122 INFO::Fitting model to feature number 2978, X37bc5e021411d3a305567ba85af5189c
2026-09-04 15:38:05.945309 INFO::Fitting model to feature number 2979, a18c4409ecc0401985352c0d4c822c0a
2026-09-04 15:38:05.947388 INFO::Fitting model to feature number 2980, a07f40c5bcd2bb90cbf51a123aad2a9b
2026-09-04 15:38:05.949409 INFO::Fitting model to feature number 2981, X69422b7b2f46c07e962ba72de0aae18f
2026-09-04 15:38:05.951376 INFO::Fitting model to feature number 2982, d74a42db43fa00c9b5fd18a699dfe31a
2026-09-04 15:38:05.953302 INFO::Fitting model to feature number 2983, X5d29ff3c1bc78a41f5474aaaf2ec2b2d
2026-09-04 15:38:05.95526 INFO::Fitting model to feature number 2984, X6fff6d4c00d30e183682bbc0854d5561
2026-09-04 15:38:05.957385 INFO::Fitting model to feature number 2985, c028abebf72a0da395671bbdfff07526
2026-09-04 15:38:05.959445 INFO::Fitting model to feature number 2986, X2f016782913adf6eeb9876a5a560d259
2026-09-04 15:38:05.961481 INFO::Fitting model to feature number 2987, X6c63b911ac5b35100ec6212e1022797e
2026-09-04 15:38:05.963559 INFO::Fitting model to feature number 2988, X8bfff418acc3764f3dc495be46892cd8
2026-09-04 15:38:05.966146 INFO::Fitting model to feature number 2989, X7b6e4fa000fd92db785bade37fb0a3ee
2026-09-04 15:38:05.968437 INFO::Fitting model to feature number 2990, c83d2ce35a444c9525d3fad3e6e4031e
2026-09-04 15:38:05.9706 INFO::Fitting model to feature number 2991, X670b5fb6922d179293b573c5be8c5259
2026-09-04 15:38:05.973265 INFO::Fitting model to feature number 2992, X22ae645a157aec8b6155a18d43cdb5d0
2026-09-04 15:38:05.975613 INFO::Fitting model to feature number 2993, X0235908e860abd3b825d80e0ce98c192
2026-09-04 15:38:05.978042 INFO::Fitting model to feature number 2994, b77b445f4877ec14e1a738ddf0875a4c
2026-09-04 15:38:05.980352 INFO::Fitting model to feature number 2995, X505ec6e2430109723636bb810ffd952f
2026-09-04 15:38:05.982602 INFO::Fitting model to feature number 2996, be7f3c4d44c344f8568dc2816c5c33c4
2026-09-04 15:38:05.984768 INFO::Fitting model to feature number 2997, X713ad44fec99a94347b8669089a89fb2
2026-09-04 15:38:05.986848 INFO::Fitting model to feature number 2998, X13c1b2a8c491cf3fba2fa50e45717450
2026-09-04 15:38:05.988849 INFO::Fitting model to feature number 2999, X064240fe772ca1ced3fd5f9cdb19b628
2026-09-04 15:38:05.990914 INFO::Fitting model to feature number 3000, b85782c0c8deb7178a785163b0f98290
2026-09-04 15:38:05.993073 INFO::Fitting model to feature number 3001, X3656d665c28ea702b11a5b6beac3b4d0
2026-09-04 15:38:05.996133 INFO::Fitting model to feature number 3002, X53d98593be988c3401c553fb7cabf392
2026-09-04 15:38:05.998255 INFO::Fitting model to feature number 3003, X7de78e4725b9965b4ce4f3037d1b192d
2026-09-04 15:38:06.000394 INFO::Fitting model to feature number 3004, X60cc10c6a95393147d70a654d56ead5d
2026-09-04 15:38:06.002461 INFO::Fitting model to feature number 3005, d5c44c38bc9de410d5eee59d0060ed11
2026-09-04 15:38:06.004514 INFO::Fitting model to feature number 3006, X6b660bfa2adc1538f39735ac00f02be8
2026-09-04 15:38:06.007281 INFO::Fitting model to feature number 3007, X20522ceb1d272e490d325475e8598636
2026-09-04 15:38:06.00978 INFO::Fitting model to feature number 3008, faae80103cd50dae2d8042de33582e44
2026-09-04 15:38:06.012031 INFO::Fitting model to feature number 3009, X8b8f3e5c8011451b06f709f94748a9cc
2026-09-04 15:38:06.014816 INFO::Fitting model to feature number 3010, dd9d90d64a48fb425f6288b5a9b9d271
2026-09-04 15:38:06.017747 INFO::Fitting model to feature number 3011, X6e8e30df64f22917864d00b117adc584
2026-09-04 15:38:06.020454 INFO::Fitting model to feature number 3012, X4670acec08347602ebeb94f1f3c7df49
2026-09-04 15:38:06.022583 INFO::Fitting model to feature number 3013, X8f18fd911aad56b8858a5d8c49e81682
2026-09-04 15:38:06.024696 INFO::Fitting model to feature number 3014, X23bde58efc6d528831dbde37f796fc77
2026-09-04 15:38:06.026797 INFO::Fitting model to feature number 3015, X6f8b94f3403a953250377eb4d16f2c93
2026-09-04 15:38:06.02881 INFO::Fitting model to feature number 3016, X2cf2db82f4fafe0e844212bb994e4c37
2026-09-04 15:38:06.030777 INFO::Fitting model to feature number 3017, X0bcfd28b6c34df3128dae1d6e7bb6063
2026-09-04 15:38:06.032759 INFO::Fitting model to feature number 3018, X5f400aaa7d2100085f17350fe933571d
2026-09-04 15:38:06.035534 INFO::Fitting model to feature number 3019, X8f4bc2967e57738517ab4f2a5bf648a5
2026-09-04 15:38:06.03765 INFO::Fitting model to feature number 3020, X579916d9c7468265a84433c9af1ced4a
2026-09-04 15:38:06.039788 INFO::Fitting model to feature number 3021, f742c1ca801abfd25e85b5e52beabe12
2026-09-04 15:38:06.042058 INFO::Fitting model to feature number 3022, c754dbd976908b5c46eb86ff94981f48
2026-09-04 15:38:06.044733 INFO::Fitting model to feature number 3023, dd6cf3323a34f6790958ac9cd497b252
2026-09-04 15:38:06.047718 INFO::Fitting model to feature number 3024, d2093ea692717c0380a2a7710c692762
2026-09-04 15:38:06.050253 INFO::Fitting model to feature number 3025, b01e7fc5bbd39fdae815336458f9e1df
2026-09-04 15:38:06.052807 INFO::Fitting model to feature number 3026, baba9b9c68fc72c487811a009145921c
2026-09-04 15:38:06.055505 INFO::Fitting model to feature number 3027, X3f6a7f2ee1ecc26d840a0566bc20f4a6
2026-09-04 15:38:06.05795 INFO::Fitting model to feature number 3028, X846ec3c235e6f9d2f2a807987df4ba18
2026-09-04 15:38:06.061194 INFO::Fitting model to feature number 3029, X47bbe3d1f7dced1366ced24fa8160a51
2026-09-04 15:38:06.063459 INFO::Fitting model to feature number 3030, X4c4b42b638c4aaddb4f509c3289a4f88
2026-09-04 15:38:06.065643 INFO::Fitting model to feature number 3031, X27d632869b37c43f100b687b26d8ebb1
2026-09-04 15:38:06.067735 INFO::Fitting model to feature number 3032, a7d6fb613e4ac6b9ea8d8e915157bf75
2026-09-04 15:38:06.069861 INFO::Fitting model to feature number 3033, b48c8dd16f9997869bea14f5d5f6a3b4
2026-09-04 15:38:06.072038 INFO::Fitting model to feature number 3034, X31d82e833016fe86b059a502819e97e1
2026-09-04 15:38:06.074319 INFO::Fitting model to feature number 3035, b3fc3a5fab91bc48d7cfaed40a2efb2f
2026-09-04 15:38:06.07676 INFO::Fitting model to feature number 3036, b33e81186db8e1891f0a081a0989f567
2026-09-04 15:38:06.078825 INFO::Fitting model to feature number 3037, X0a844cb68964dda2e63d9c1373972c54
2026-09-04 15:38:06.080852 INFO::Fitting model to feature number 3038, X9d117c903d01fafc549a3d05970373e1
2026-09-04 15:38:06.082991 INFO::Fitting model to feature number 3039, X4305d958e4ba2bbe32e4d93414c5b030
2026-09-04 15:38:06.085048 INFO::Fitting model to feature number 3040, X61a537f76335a37a596187ede3b53425
2026-09-04 15:38:06.08705 INFO::Fitting model to feature number 3041, X40ca95a9999cbdfb2e42a4aae4cfe691
2026-09-04 15:38:06.089764 INFO::Fitting model to feature number 3042, bd0a8569ce27e9954037c71bf271e23e
2026-09-04 15:38:06.094808 INFO::Fitting model to feature number 3043, e08f3b6a20d4d52b99ba46c0a8b08853
2026-09-04 15:38:06.10286 INFO::Fitting model to feature number 3044, X8a3e0e442732d383d0379170c8921583
2026-09-04 15:38:06.107282 INFO::Fitting model to feature number 3045, abc464b726bc61742ffc33d25ba14868
2026-09-04 15:38:06.110329 INFO::Fitting model to feature number 3046, X2def2f1b6f98fd24aa33a72d93b7932d
2026-09-04 15:38:06.114579 INFO::Fitting model to feature number 3047, ab8c184a457e2e37a8769fbb84da6bda
2026-09-04 15:38:06.11845 INFO::Fitting model to feature number 3048, X4bd908ad1b20a5ed8c2b1bd3cb84f5d1
2026-09-04 15:38:06.122656 INFO::Fitting model to feature number 3049, d3a812eefb5b82856faeed3a5f09543d
2026-09-04 15:38:06.126145 INFO::Fitting model to feature number 3050, X370458a6e5d47deb342d9a93a8fb3c87
2026-09-04 15:38:06.129399 INFO::Fitting model to feature number 3051, X09af3ff0b1e120c4dbec7070f41749bb
2026-09-04 15:38:06.132061 INFO::Fitting model to feature number 3052, X5a2ba2a7dd535a52fdbfe700c977f5e2
2026-09-04 15:38:06.134392 INFO::Fitting model to feature number 3053, c64081426b51d911157ecc71f1d60254
2026-09-04 15:38:06.136828 INFO::Fitting model to feature number 3054, X97bac283872a5ed4d111c7ccd501c9e1
2026-09-04 15:38:06.139139 INFO::Fitting model to feature number 3055, X5b1db407f5ea3d46201e266783fb75fe
2026-09-04 15:38:06.142529 INFO::Fitting model to feature number 3056, f68adb968d3defb0dcfb477af2423417
2026-09-04 15:38:06.145501 INFO::Fitting model to feature number 3057, X542b81eea6e8f4394c400ea50728caa4
2026-09-04 15:38:06.148449 INFO::Fitting model to feature number 3058, X3f92f2ee84d125a070566d56f5243ea3
2026-09-04 15:38:06.150955 INFO::Fitting model to feature number 3059, af4284f48f70b616c18c7f92e746ebe5
2026-09-04 15:38:06.153595 INFO::Fitting model to feature number 3060, X2dc750a9a7875680e70310e3df110f12
2026-09-04 15:38:06.155965 INFO::Fitting model to feature number 3061, dcf90855f900dbcbf88786c4b92f0353
2026-09-04 15:38:06.15825 INFO::Fitting model to feature number 3062, X753b4dc2d876d290cb706ede30db9e7c
2026-09-04 15:38:06.16071 INFO::Fitting model to feature number 3063, X1fc6038566a3fe945ef1f2e8d2e3720b
2026-09-04 15:38:06.162958 INFO::Fitting model to feature number 3064, b18891d116af7499419f48a76b0f7ce4
2026-09-04 15:38:06.1777 INFO::Fitting model to feature number 3065, X45fe77084b7666843b7360d53e41e585
2026-09-04 15:38:06.180233 INFO::Fitting model to feature number 3066, f722dcba200bb3a1156aaabbca44cf3f
2026-09-04 15:38:06.182575 INFO::Fitting model to feature number 3067, X7f292d0e2e752731aafe852340a64218
2026-09-04 15:38:06.18701 INFO::Fitting model to feature number 3068, af59217267aa2ee243bd5c70eede046f
2026-09-04 15:38:06.190081 INFO::Fitting model to feature number 3069, X792183114edec44d56e5559dade4d1ce
2026-09-04 15:38:06.193308 INFO::Fitting model to feature number 3070, X05f5ea95fc36de245966b90339768d2d
2026-09-04 15:38:06.195762 INFO::Fitting model to feature number 3071, f46710ef4ea9978afe86a3768878a083
2026-09-04 15:38:06.198943 INFO::Fitting model to feature number 3072, ef912097dec066a2d420ba60c47700df
2026-09-04 15:38:06.201502 INFO::Fitting model to feature number 3073, X02ae98044e4cd88ced6600910e739e78
2026-09-04 15:38:06.203792 INFO::Fitting model to feature number 3074, X423a6ba26f379a2254469c2ff419e874
2026-09-04 15:38:06.205917 INFO::Fitting model to feature number 3075, X5f1d96402665d1dfc732d7d2b4139ff7
2026-09-04 15:38:06.208085 INFO::Fitting model to feature number 3076, f9a2e69faed13361a25ef573e575bcb4
2026-09-04 15:38:06.210126 INFO::Fitting model to feature number 3077, de99583fb49cb2eb40d517f7b9b0cea1
2026-09-04 15:38:06.212197 INFO::Fitting model to feature number 3078, X5980a3f516e79a1110fc04133d2e198e
2026-09-04 15:38:06.21419 INFO::Fitting model to feature number 3079, X56ed7de2c854cc310994929f603dfead
2026-09-04 15:38:06.216277 INFO::Fitting model to feature number 3080, X3b7a9cd6465d6e3f9848e68722e61f2e
2026-09-04 15:38:06.218962 INFO::Fitting model to feature number 3081, X0be5ddee1ee0602c60bd1abae1b9a357
2026-09-04 15:38:06.221262 INFO::Fitting model to feature number 3082, fefe0d4b9257f04bfb2ad354bcbddf3d
2026-09-04 15:38:06.223944 INFO::Fitting model to feature number 3083, ddd0886c75fd295ce5c875749c89da3c
2026-09-04 15:38:06.227388 INFO::Fitting model to feature number 3084, df27b1a9ab9f58763a926bbdd263b090
2026-09-04 15:38:06.230101 INFO::Fitting model to feature number 3085, X033599ef385b6545343f118e8c6bd621
2026-09-04 15:38:06.232428 INFO::Fitting model to feature number 3086, X93e28de34083d7097276e33260c144f4
2026-09-04 15:38:06.234684 INFO::Fitting model to feature number 3087, d827d9af2871540f7cab16583b2e260a
2026-09-04 15:38:06.236996 INFO::Fitting model to feature number 3088, bbea07c22a06e0349421ae1068a810ff
2026-09-04 15:38:06.239837 INFO::Fitting model to feature number 3089, d327aff7d4085738db2c81cd9ce17aed
2026-09-04 15:38:06.24267 INFO::Fitting model to feature number 3090, aa49d65ce13107851ab29f6c70218d76
2026-09-04 15:38:06.245124 INFO::Fitting model to feature number 3091, c977c52de35d85ce8c0e195e5adeffdd
2026-09-04 15:38:06.248568 INFO::Fitting model to feature number 3092, X89c4c931b8df3818d83fd03027313788
2026-09-04 15:38:06.252487 INFO::Fitting model to feature number 3093, X63f9b9f1addaf1a09acd3b1ff70b51cb
2026-09-04 15:38:06.254709 INFO::Fitting model to feature number 3094, X0c710eb7fbb5a3bd3c964a6d09504c11
2026-09-04 15:38:06.25682 INFO::Fitting model to feature number 3095, X40c331c777bc43b243c4d79de73bf0bc
2026-09-04 15:38:06.259028 INFO::Fitting model to feature number 3096, X6ff041bfd021e812ee176bb61f8e69be
2026-09-04 15:38:06.261288 INFO::Fitting model to feature number 3097, bfd8b860360279d26d351fbd978c75b8
2026-09-04 15:38:06.26345 INFO::Fitting model to feature number 3098, X356137b7f83a903928425888b67b749e
2026-09-04 15:38:06.26553 INFO::Fitting model to feature number 3099, X103f57dd4dc360c901de21235ef1c9cb
2026-09-04 15:38:06.267643 INFO::Fitting model to feature number 3100, fc693321816b2c8755784814c2d5c831
2026-09-04 15:38:06.269718 INFO::Fitting model to feature number 3101, c5a9a9ba9827f79454764eefc3ddf752
2026-09-04 15:38:06.271766 INFO::Fitting model to feature number 3102, X3ed94b8f8953d1e85708bffc15b5644c
2026-09-04 15:38:06.273856 INFO::Fitting model to feature number 3103, X25fd71a14bf6ff5cbafd47e186943dc0
2026-09-04 15:38:06.277949 INFO::Fitting model to feature number 3104, X22b75787e76b645cea76e73dcb28c870
2026-09-04 15:38:06.281582 INFO::Fitting model to feature number 3105, X225ce0aa5af7e0586844366ad61329e8
2026-09-04 15:38:06.284216 INFO::Fitting model to feature number 3106, dc4eb35edbb7286689aacaf2746c5d13
2026-09-04 15:38:06.286516 INFO::Fitting model to feature number 3107, cae69dc46590ea6992cc3bce05193228
2026-09-04 15:38:06.2888 INFO::Fitting model to feature number 3108, X2c11e9e72d31c865b9b75bfa8ebfa5dd
2026-09-04 15:38:06.29097 INFO::Fitting model to feature number 3109, X2e75e2ade8c691c07e4dd100bd221471
2026-09-04 15:38:06.293467 INFO::Fitting model to feature number 3110, c2158fb1d9879859738ad2b2f071e843
2026-09-04 15:38:06.295786 INFO::Fitting model to feature number 3111, a8c95aaa5c528ed8373e76c450a293ef
2026-09-04 15:38:06.297898 INFO::Fitting model to feature number 3112, X442d719830ce1bc71f659ce6dcb95dee
2026-09-04 15:38:06.300003 INFO::Fitting model to feature number 3113, X3ce6dab5eb5f562a9901b497ca0cb223
2026-09-04 15:38:06.302042 INFO::Fitting model to feature number 3114, X01270cff9661a3426b6ab10f158a9d53
2026-09-04 15:38:06.304085 INFO::Fitting model to feature number 3115, X5883bd269ab642f514c5b4e9c6dcfb4c
2026-09-04 15:38:06.306186 INFO::Fitting model to feature number 3116, X842a8509fc404841ba450959bd54c2a3
2026-09-04 15:38:06.30828 INFO::Fitting model to feature number 3117, fd8dcc2e344e4e4fa0ad7eb56708b8a3
2026-09-04 15:38:06.310371 INFO::Fitting model to feature number 3118, X679b0fbd7203a5cb79f050d31ef5fcb6
2026-09-04 15:38:06.312409 INFO::Fitting model to feature number 3119, X583b482e1dd4729c78aa63d63f81cf0b
2026-09-04 15:38:06.314357 INFO::Fitting model to feature number 3120, e9dfbb941ebf0f0ef1f249da71856cbf
2026-09-04 15:38:06.316236 INFO::Fitting model to feature number 3121, X461161516b760f855c24142ff86dd5d0
2026-09-04 15:38:06.318162 INFO::Fitting model to feature number 3122, f8bd535a4842cb81d008cebcad3068ea
2026-09-04 15:38:06.320125 INFO::Fitting model to feature number 3123, X1504af06e90bc9cbf77f84e7b5be1cf9
2026-09-04 15:38:06.322109 INFO::Fitting model to feature number 3124, e49d04cf0ee9e1c336a57e1325fbcca0
2026-09-04 15:38:06.324348 INFO::Fitting model to feature number 3125, X06dd1a6f84c9a771bc74f00638ddce92
2026-09-04 15:38:06.327843 INFO::Fitting model to feature number 3126, c0f42666a2f9f13096154dc4be41294b
2026-09-04 15:38:06.330355 INFO::Fitting model to feature number 3127, X1e4b2ebacbac113303a5847ab4b97689
2026-09-04 15:38:06.332741 INFO::Fitting model to feature number 3128, X7e3100c33de05b5f7e8bd59c0f542762
2026-09-04 15:38:06.335154 INFO::Fitting model to feature number 3129, X283ee5b27a7eb7e935d563411ef65bc7
2026-09-04 15:38:06.338115 INFO::Fitting model to feature number 3130, X1535ab98524dabc90f8097e0f8a8bf4a
2026-09-04 15:38:06.340506 INFO::Fitting model to feature number 3131, X6fd29cbfe54a0b7ad0c0295b60563c85
2026-09-04 15:38:06.342974 INFO::Fitting model to feature number 3132, X7bc5ab847489164f2ce64bfe11660430
2026-09-04 15:38:06.345218 INFO::Fitting model to feature number 3133, X37dae8d0a2d6d3c989269aca0fa34b18
2026-09-04 15:38:06.3482 INFO::Fitting model to feature number 3134, X9b65239917a948f4efe791e722c82b6d
2026-09-04 15:38:06.350715 INFO::Fitting model to feature number 3135, a96043daefc12e39e9d88d0df43b8ae4
2026-09-04 15:38:06.35414 INFO::Fitting model to feature number 3136, dbbaad5e2c1d461c2dbfcead07c1e871
2026-09-04 15:38:06.356572 INFO::Fitting model to feature number 3137, X02563e8c37ac9dd04a23f78357ce7b8f
2026-09-04 15:38:06.359073 INFO::Fitting model to feature number 3138, X1cbbb5132021edbfb40c6a30a7eef78a
2026-09-04 15:38:06.361327 INFO::Fitting model to feature number 3139, X5c3509926e66c71c86a456a7f8cdbe8a
2026-09-04 15:38:06.363414 INFO::Fitting model to feature number 3140, X27087974b602b3579b8068ad12fc2788
2026-09-04 15:38:06.365473 INFO::Fitting model to feature number 3141, X02dfda34d09ea8c933137a22e099bc09
2026-09-04 15:38:06.367478 INFO::Fitting model to feature number 3142, abdc193b8d8d7803d80210daeea7b806
2026-09-04 15:38:06.369458 INFO::Fitting model to feature number 3143, ef8ba716003fe5fc397ec73fe55c8ba5
2026-09-04 15:38:06.371516 INFO::Fitting model to feature number 3144, e391ee8c24d6cc05c1421e4e1bffe67a
2026-09-04 15:38:06.373794 INFO::Fitting model to feature number 3145, X2a02fc2ff5c83a4b3758dcc2a03539e8
2026-09-04 15:38:06.37658 INFO::Fitting model to feature number 3146, X5961deee948b0c9a8cc5c9f56bc75904
2026-09-04 15:38:06.379103 INFO::Fitting model to feature number 3147, X88343028a0533ad924971aefe16345c7
2026-09-04 15:38:06.381856 INFO::Fitting model to feature number 3148, X1a79a952c5311964c6f8bea29c595b78
2026-09-04 15:38:06.384517 INFO::Fitting model to feature number 3149, X093fa09b2a63397cf791cdc084434802
2026-09-04 15:38:06.387109 INFO::Fitting model to feature number 3150, X442333da2bc0d9c960dbd65bf0aa56e4
2026-09-04 15:38:06.389552 INFO::Fitting model to feature number 3151, X426f9d55706c35b21290663d02367b4c
2026-09-04 15:38:06.391936 INFO::Fitting model to feature number 3152, a1d86b1400581c9572ef5ada998be637
2026-09-04 15:38:06.394935 INFO::Fitting model to feature number 3153, e9747e2d4b7df09ac2fe1ae2e54f5952
2026-09-04 15:38:06.397816 INFO::Fitting model to feature number 3154, c31ed53472e25c92f89b47609d14d1e6
2026-09-04 15:38:06.400687 INFO::Fitting model to feature number 3155, b9c40dc8a31f4a7561373b05a0467c00
2026-09-04 15:38:06.403925 INFO::Fitting model to feature number 3156, f68bfe9ab2aebf25c5b8f6fbb17fde68
2026-09-04 15:38:06.407341 INFO::Fitting model to feature number 3157, X325d2982f3deb2bdffb1b57894d3a79f
2026-09-04 15:38:06.411532 INFO::Fitting model to feature number 3158, a19e0613e1fe8ccd51a7cfa896a56da6
2026-09-04 15:38:06.414006 INFO::Fitting model to feature number 3159, aab44d700bba9da38b462ccf6f3cc6a5
2026-09-04 15:38:06.416404 INFO::Fitting model to feature number 3160, f2c9344c1bd46276bb8a92b2c591f9f0
2026-09-04 15:38:06.418762 INFO::Fitting model to feature number 3161, fa2be5ca357f37013e9ee0916a37ee7a
2026-09-04 15:38:06.421204 INFO::Fitting model to feature number 3162, b6972265f7523833a6d2506716c46d71
2026-09-04 15:38:06.423566 INFO::Fitting model to feature number 3163, X2a51051887fb7e5315eba311b0a48abe
2026-09-04 15:38:06.427361 INFO::Fitting model to feature number 3164, X04e409caeecba088078e6888090b75c0
2026-09-04 15:38:06.430098 INFO::Fitting model to feature number 3165, X41220084abba2e8c67eec4d807adde10
2026-09-04 15:38:06.433301 INFO::Fitting model to feature number 3166, X181d038c10f39c431f64bf486d5df8e9
2026-09-04 15:38:06.43652 INFO::Fitting model to feature number 3167, X5b5d1ec97169ccc344f0a813a3783089
2026-09-04 15:38:06.439442 INFO::Fitting model to feature number 3168, X285ff3624d398225f906408310d948be
2026-09-04 15:38:06.441844 INFO::Fitting model to feature number 3169, ef5a88dea5bf5c71ca794ebc7d1c5791
2026-09-04 15:38:06.444285 INFO::Fitting model to feature number 3170, f5941757183fbaf6ec24a95ae0721b7e
2026-09-04 15:38:06.446599 INFO::Fitting model to feature number 3171, X71980433dfb22eb6c2526855a7837f98
2026-09-04 15:38:06.448787 INFO::Fitting model to feature number 3172, X01d4f1a7f1c979f92bc7e70af69f0b56
2026-09-04 15:38:06.451252 INFO::Fitting model to feature number 3173, fd496fd32dc8c08ade2e8b6c9d8ee13d
2026-09-04 15:38:06.453429 INFO::Fitting model to feature number 3174, b627d991c3ed53517c1df26bfed9a694
2026-09-04 15:38:06.455577 INFO::Fitting model to feature number 3175, b53011a5ba5552c59e8e30b8f3f87b6e
2026-09-04 15:38:06.457775 INFO::Fitting model to feature number 3176, X14951c87eb89eebb3dc4bd73aa5c58e2
2026-09-04 15:38:06.461438 INFO::Fitting model to feature number 3177, ad7458e8daa2ddd0deba9e0fb324ab23
2026-09-04 15:38:06.464414 INFO::Fitting model to feature number 3178, b64290f95b5eaa92686e591c049ce2ba
2026-09-04 15:38:06.467123 INFO::Fitting model to feature number 3179, cc0cf1af1451fd70504fa8be5cfb5a24
2026-09-04 15:38:06.469639 INFO::Fitting model to feature number 3180, X558ec72f064dccea6f3b3b5ef73f83ab
2026-09-04 15:38:06.472629 INFO::Fitting model to feature number 3181, beeb5a368adf9ffbb4e5df83852bd9ae
2026-09-04 15:38:06.477042 INFO::Fitting model to feature number 3182, X81da3d4118621f55db93ae1a1772ed8e
2026-09-04 15:38:06.480042 INFO::Fitting model to feature number 3183, c756f0b45ac65faf2082ccb070d44a34
2026-09-04 15:38:06.482917 INFO::Fitting model to feature number 3184, e975d0696b4dfcc4e97ca0d73027c2d6
2026-09-04 15:38:06.487766 INFO::Fitting model to feature number 3185, X97f8460764886099e6ca75b8e11cab40
2026-09-04 15:38:06.491013 INFO::Fitting model to feature number 3186, X5eccaf2cde8ecfdb0b77d6b56a721c83
2026-09-04 15:38:06.494484 INFO::Fitting model to feature number 3187, f40715a2728e307ea0b89a608203a34e
2026-09-04 15:38:06.498323 INFO::Fitting model to feature number 3188, X918213a61c52296ed831a4c6394cbae1
2026-09-04 15:38:06.501481 INFO::Fitting model to feature number 3189, b8818ac279be8955e905b14340cdd9e6
2026-09-04 15:38:06.504116 INFO::Fitting model to feature number 3190, d746d5e91c9ffb41fb4c8a7738faa155
2026-09-04 15:38:06.507727 INFO::Fitting model to feature number 3191, X91b8797afa39e3331e6f2bc0bf46c4d1
2026-09-04 15:38:06.511703 INFO::Fitting model to feature number 3192, X3ab4c252c5337289108cb9c927d281fe
2026-09-04 15:38:06.514541 INFO::Fitting model to feature number 3193, df84a4157788c79a4d37598dcd8a55dc
2026-09-04 15:38:06.518407 INFO::Fitting model to feature number 3194, X1ef7e216e476c29228201e0c54a01291
2026-09-04 15:38:06.522788 INFO::Fitting model to feature number 3195, a9a60734143701c23273987b5f58e4b5
2026-09-04 15:38:06.526831 INFO::Fitting model to feature number 3196, X9414a3c2fad4bee30bec1600dac51718
2026-09-04 15:38:06.52987 INFO::Fitting model to feature number 3197, da374e0db6838e1d611a51eb853eda94
2026-09-04 15:38:06.532546 INFO::Fitting model to feature number 3198, X87ad26623c0dba56c2ee6fefbfebcf1c
2026-09-04 15:38:06.535172 INFO::Fitting model to feature number 3199, X59d9a7abd65dcdb286e4048decade86a
2026-09-04 15:38:06.537699 INFO::Fitting model to feature number 3200, X4c049f5f72736abcbb2c2624517380d1
2026-09-04 15:38:06.540144 INFO::Fitting model to feature number 3201, fa19f7351ee7be2b721582918d115626
2026-09-04 15:38:06.543622 INFO::Fitting model to feature number 3202, X3ab3334da7564f9013674abd2fa5a67a
2026-09-04 15:38:06.54714 INFO::Fitting model to feature number 3203, fceb78806a28b6f4d751852a48b90bdd
2026-09-04 15:38:06.551103 INFO::Fitting model to feature number 3204, X8b1133a8798b1026006a1d0ba9904ea2
2026-09-04 15:38:06.554491 INFO::Fitting model to feature number 3205, X7f32e91a24d1a2a1368097c7a460b9b4
2026-09-04 15:38:06.557236 INFO::Fitting model to feature number 3206, bf0d6f798f182092e43fb25200d78523
2026-09-04 15:38:06.560487 INFO::Fitting model to feature number 3207, X3c780c8768c57e14200acd29243616e7
2026-09-04 15:38:06.563274 INFO::Fitting model to feature number 3208, b1d620b7704364cc1edc213b1cd82f40
2026-09-04 15:38:06.56936 INFO::Fitting model to feature number 3209, X3535f7f200c5d5ecca78fb98caf7fb11
2026-09-04 15:38:06.575235 INFO::Fitting model to feature number 3210, X408097d6e2cca1edc80b84672cc7f3b2
2026-09-04 15:38:06.580547 INFO::Fitting model to feature number 3211, X87a559d866f08808245a788e7ca4cd22
2026-09-04 15:38:06.584896 INFO::Fitting model to feature number 3212, X451530356a4779208f11d0945a18ba03
2026-09-04 15:38:06.589422 INFO::Fitting model to feature number 3213, X390a69e2976e58bc04abb7d9ee01240c
2026-09-04 15:38:06.593235 INFO::Fitting model to feature number 3214, X279f34268f2515424e0d2141e8b13cf0
2026-09-04 15:38:06.596023 INFO::Fitting model to feature number 3215, ff253370a2bcd39e5a86d548cf14f648
2026-09-04 15:38:06.598597 INFO::Fitting model to feature number 3216, X1136ba783ad7d58c97871fdc351396be
2026-09-04 15:38:06.60114 INFO::Fitting model to feature number 3217, X71cb88488d9ac7c464a5cc401a427c99
2026-09-04 15:38:06.603648 INFO::Fitting model to feature number 3218, X346deb0ef14447ae00d851b2e8928d54
2026-09-04 15:38:06.606191 INFO::Fitting model to feature number 3219, X19c10586111e6731c8ceea3f050a085a
2026-09-04 15:38:06.608823 INFO::Fitting model to feature number 3220, b956155bbafddaffce8baea04a1b6379
2026-09-04 15:38:06.611623 INFO::Fitting model to feature number 3221, X4f17e00e836283cf226ae0a8c608daef
2026-09-04 15:38:06.61437 INFO::Fitting model to feature number 3222, b1d802bebf2ce83150ed3d36a8b20c2a
2026-09-04 15:38:06.617101 INFO::Fitting model to feature number 3223, aa2cb48d43823b3a8799d37216105ada
2026-09-04 15:38:06.620356 INFO::Fitting model to feature number 3224, X5eccae679f523c276dd74eaeb1eab11b
2026-09-04 15:38:06.623606 INFO::Fitting model to feature number 3225, cf4bf2af2f82fd8d62cc7f66b1e2a5ff
2026-09-04 15:38:06.627812 INFO::Fitting model to feature number 3226, X57229b236682a5eb6f6d483aeccc902d
2026-09-04 15:38:06.631135 INFO::Fitting model to feature number 3227, bfed34120de09c34795aacb1811ebc6d
2026-09-04 15:38:06.635896 INFO::Fitting model to feature number 3228, X554d6082999fb3659c72ee8ce63e9dad
2026-09-04 15:38:06.639061 INFO::Fitting model to feature number 3229, f95cb8ecd53263377d3cacdaefe05709
2026-09-04 15:38:06.64218 INFO::Fitting model to feature number 3230, X72bf46f73b11570d5f922b61221a1ea9
2026-09-04 15:38:06.645862 INFO::Fitting model to feature number 3231, X078686970e3b8a9a7fcad85718879a07
2026-09-04 15:38:06.649213 INFO::Fitting model to feature number 3232, eed6e20cd5c937b0796f7b4a3714c0fd
2026-09-04 15:38:06.651861 INFO::Fitting model to feature number 3233, X482d8ae774ac6cd904817240e7bd195f
2026-09-04 15:38:06.65441 INFO::Fitting model to feature number 3234, d72434a4cfa6352bbbee0b44dabf52ff
2026-09-04 15:38:06.656979 INFO::Fitting model to feature number 3235, efceb6b596d25f6d3ec04475dd89789b
2026-09-04 15:38:06.659715 INFO::Fitting model to feature number 3236, X01a534e9515244a44c9fd992cab0125c
2026-09-04 15:38:06.662398 INFO::Fitting model to feature number 3237, X2bfca5d2cdafdbae880e9d4408d0a4df
2026-09-04 15:38:06.664795 INFO::Fitting model to feature number 3238, X2bf5788e9005dfcf09048c30b45a1acf
2026-09-04 15:38:06.667168 INFO::Fitting model to feature number 3239, f95e574139e4ef9fbd1e99bd14ed3858
2026-09-04 15:38:06.669524 INFO::Fitting model to feature number 3240, c19e112a1aba0e609d58756fb3e953de
2026-09-04 15:38:06.671833 INFO::Fitting model to feature number 3241, X278d6b5195da371292457cc453870cfc
2026-09-04 15:38:06.685916 INFO::Fitting model to feature number 3242, X2f976ad1e393204c65d94059c60b411e
2026-09-04 15:38:06.690028 INFO::Fitting model to feature number 3243, X2b3e91fbf82d87b10f5f42cc7a3e5d5d
2026-09-04 15:38:06.693842 INFO::Fitting model to feature number 3244, e91ecb4ab505026de0269de498d862b2
2026-09-04 15:38:06.696688 INFO::Fitting model to feature number 3245, c728f17d89c44000e948804f606e76f6
2026-09-04 15:38:06.700413 INFO::Fitting model to feature number 3246, a406c2b8294a7354b9771023a0e21ede
2026-09-04 15:38:06.703206 INFO::Fitting model to feature number 3247, X16069742894c7e3850323cd8f5a0a688
2026-09-04 15:38:06.705865 INFO::Fitting model to feature number 3248, ff48bd006bac814f0b6037229210c8df
2026-09-04 15:38:06.708853 INFO::Fitting model to feature number 3249, X26a76be977eafc0c8a7c0191b4a4500c
2026-09-04 15:38:06.71214 INFO::Fitting model to feature number 3250, f3b19ddbf220e46b9d79d953a0058608
2026-09-04 15:38:06.714708 INFO::Fitting model to feature number 3251, bc315a8905b78480c3164e5aaeab2204
2026-09-04 15:38:06.717181 INFO::Fitting model to feature number 3252, f9abffa63e1ea6b134a070563b866cea
2026-09-04 15:38:06.719614 INFO::Fitting model to feature number 3253, a7c72901ac4d3ac35eab87689944244e
2026-09-04 15:38:06.722021 INFO::Fitting model to feature number 3254, X1d78e1d3ed271399c223baccfa7707a1
2026-09-04 15:38:06.724378 INFO::Fitting model to feature number 3255, X202ca7fc12e0228c7c1f8b32892ba503
2026-09-04 15:38:06.726977 INFO::Fitting model to feature number 3256, X864267f12bedace19272af56224498c7
2026-09-04 15:38:06.729432 INFO::Fitting model to feature number 3257, fb09219c93280a38dd2bb1e397d202c4
2026-09-04 15:38:06.73202 INFO::Fitting model to feature number 3258, b31ffbfac1d4d3e95a72c966a92e8945
2026-09-04 15:38:06.735403 INFO::Fitting model to feature number 3259, X4a08c3ec44e03c93d17bbe9f9034283d
2026-09-04 15:38:06.737821 INFO::Fitting model to feature number 3260, bd3c98414018840e815a928b59c5ab8b
2026-09-04 15:38:06.740241 INFO::Fitting model to feature number 3261, X35d7e6516987270bcf536278c4b518a9
2026-09-04 15:38:06.744132 INFO::Fitting model to feature number 3262, e358697eb2e0462a755e24dfe03ff7f4
2026-09-04 15:38:06.747198 INFO::Fitting model to feature number 3263, db25dc6453ccd3b50e3eae2a83420a7b
2026-09-04 15:38:06.750021 INFO::Fitting model to feature number 3264, X51dddc392e5335f657bb74dddc928ece
2026-09-04 15:38:06.752762 INFO::Fitting model to feature number 3265, f1c4fae4d3afd95762c172b208854c81
2026-09-04 15:38:06.755374 INFO::Fitting model to feature number 3266, X915f64eb1421db372692340267f9e1f4
2026-09-04 15:38:06.758049 INFO::Fitting model to feature number 3267, ea8ea4658945c047532c364ad921b892
2026-09-04 15:38:06.760749 INFO::Fitting model to feature number 3268, X3bea8a0d7b694eeab820b099a822355e
2026-09-04 15:38:06.763943 INFO::Fitting model to feature number 3269, X6e3cba92a4a92f821a6118aadb140df6
2026-09-04 15:38:06.766867 INFO::Fitting model to feature number 3270, c3f1c3401e85d71062b1de18b681080b
2026-09-04 15:38:06.769639 INFO::Fitting model to feature number 3271, e95366ceb57e338b6e07f2495b3ec033
2026-09-04 15:38:06.772183 INFO::Fitting model to feature number 3272, eef441f4ea027dee17a7647c4e929f3c
2026-09-04 15:38:06.775049 INFO::Fitting model to feature number 3273, X1c99875c8812a0888f9932d3b9eb87a7
2026-09-04 15:38:06.77758 INFO::Fitting model to feature number 3274, X00537a64c6a3cbf93a8d624eda18aefd
2026-09-04 15:38:06.780076 INFO::Fitting model to feature number 3275, X68d43e2b25f56c552360332be483e460
2026-09-04 15:38:06.782483 INFO::Fitting model to feature number 3276, ddd819a4808fb77710b07f08f40f7744
2026-09-04 15:38:06.784883 INFO::Fitting model to feature number 3277, X035d1ede0c281a0bb79044807b6112ef
2026-09-04 15:38:06.78722 INFO::Fitting model to feature number 3278, X25c28dd60245fd5bedab4de6df6b7364
2026-09-04 15:38:06.789581 INFO::Fitting model to feature number 3279, X27936f3e57951b3b9eb388e0dfe5c687
2026-09-04 15:38:06.793004 INFO::Fitting model to feature number 3280, X8efcacbd79a88a2468e316f472d05ea2
2026-09-04 15:38:06.797593 INFO::Fitting model to feature number 3281, X32ca3f38011bcef21476e0a3417196ae
2026-09-04 15:38:06.801005 INFO::Fitting model to feature number 3282, da146a19d27d60e52f4b0e5544af47a7
2026-09-04 15:38:06.805196 INFO::Fitting model to feature number 3283, X89c1176c7746e7faab2ad4ca83e532e9
2026-09-04 15:38:06.808207 INFO::Fitting model to feature number 3284, b316b5430fed7b5e4ed6e6f196c48c4a
2026-09-04 15:38:06.811331 INFO::Fitting model to feature number 3285, X21563dfc294be86668639f830f5ad547
2026-09-04 15:38:06.814223 INFO::Fitting model to feature number 3286, X0da86b8f1f43ec1405892b0de6f749c0
2026-09-04 15:38:06.817603 INFO::Fitting model to feature number 3287, X87bd28ff884d5ad9d9e0bd2d36021dc6
2026-09-04 15:38:06.821185 INFO::Fitting model to feature number 3288, X9f8645b80ea02357f54d14e0d3f35e72
2026-09-04 15:38:06.824168 INFO::Fitting model to feature number 3289, fe13170b1bae7fd9fbb6c77d68f6ba07
2026-09-04 15:38:06.82714 INFO::Fitting model to feature number 3290, X9aa717156435aae787b3ee93b2f18305
2026-09-04 15:38:06.830431 INFO::Fitting model to feature number 3291, X27119a0ab08384d9541429b92dd977bb
2026-09-04 15:38:06.833221 INFO::Fitting model to feature number 3292, X9a7c52336d55c0375afb32648b778f02
2026-09-04 15:38:06.83599 INFO::Fitting model to feature number 3293, e5da10ba2c0654292b926ff132f60c7a
2026-09-04 15:38:06.838706 INFO::Fitting model to feature number 3294, X0e55b71e81f550bde3df311a3bfa3a47
2026-09-04 15:38:06.841592 INFO::Fitting model to feature number 3295, X00cc113eb7a44ba90543cf3f168926cf
2026-09-04 15:38:06.844428 INFO::Fitting model to feature number 3296, X2603c276f7ad3ed3a6e98d62324cb2ca
2026-09-04 15:38:06.847487 INFO::Fitting model to feature number 3297, e8a9670ec66131f2db975c5cd69c3055
2026-09-04 15:38:06.851281 INFO::Fitting model to feature number 3298, X6ed6558bd66be52255c7074823e2b97b
2026-09-04 15:38:06.856166 INFO::Fitting model to feature number 3299, X26d0311cfe1434450e2ba68ca31c8ae3
2026-09-04 15:38:06.859812 INFO::Fitting model to feature number 3300, X31af45bcdf0aaa07b1bb7052ed88d097
2026-09-04 15:38:06.863918 INFO::Fitting model to feature number 3301, X182bb0ae69d9b451fda7ceb8d8d3cd9e
2026-09-04 15:38:06.868548 INFO::Fitting model to feature number 3302, X235c6444003233a5ff34199167b5c1c2
2026-09-04 15:38:06.872305 INFO::Fitting model to feature number 3303, d43412ddbc26e7458a77ae0d62dad9f4
2026-09-04 15:38:06.876447 INFO::Fitting model to feature number 3304, X4dcc8be377be4c907cb7f1d0b20f7d2c
2026-09-04 15:38:06.880361 INFO::Fitting model to feature number 3305, X538df570da3204bc794717f9ed9bdedb
2026-09-04 15:38:06.883471 INFO::Fitting model to feature number 3306, X607ffdefea574fd0faaa96ad0e14f4b3
2026-09-04 15:38:06.886283 INFO::Fitting model to feature number 3307, bee326659f0f9a54101efec0127af448
2026-09-04 15:38:06.889218 INFO::Fitting model to feature number 3308, X04615a2f0e560b3dae8ffa0107c749d0
2026-09-04 15:38:06.89196 INFO::Fitting model to feature number 3309, X6c06052d5b767bafeb489360b0243dae
2026-09-04 15:38:06.895658 INFO::Fitting model to feature number 3310, X8f63f95e32d4e30755793706bc34263e
2026-09-04 15:38:06.898607 INFO::Fitting model to feature number 3311, X482732fe6cc1ca4e02bd8f23a16edcf2
2026-09-04 15:38:06.901459 INFO::Fitting model to feature number 3312, X7164928ccbc85ec40de33adbd8c616a6
2026-09-04 15:38:06.904235 INFO::Fitting model to feature number 3313, X1a56a5e7b00a3bd529a8da54610bcf6a
2026-09-04 15:38:06.907789 INFO::Fitting model to feature number 3314, f29758533bf011e92b0decf4c43325a5
2026-09-04 15:38:06.911021 INFO::Fitting model to feature number 3315, X41cd401455a9b9c0fb58e946f8856fcd
2026-09-04 15:38:06.913814 INFO::Fitting model to feature number 3316, X663b0ecae1f18b5cd3c883fb6ede6aa0
2026-09-04 15:38:06.917506 INFO::Fitting model to feature number 3317, X9f9d9bdb61bf1d18b03d2266f47cd363
2026-09-04 15:38:06.92027 INFO::Fitting model to feature number 3318, X4f2b543d79c6a1c9a9f4bc3404d99931
2026-09-04 15:38:06.922883 INFO::Fitting model to feature number 3319, X4c85f234c62b47d61a8a8c8f51d2334e
2026-09-04 15:38:06.92552 INFO::Fitting model to feature number 3320, X2a52826a373d615ea8de5ea3c808509e
2026-09-04 15:38:06.942042 INFO::Fitting model to feature number 3321, X48af7215d2a5b73311f11e452b5cdab6
2026-09-04 15:38:06.945064 INFO::Fitting model to feature number 3322, X8aae0b0aad794b229675b3a6b39202b4
2026-09-04 15:38:06.947789 INFO::Fitting model to feature number 3323, X939d6b4fe931cfc38590a067f19ed63e
2026-09-04 15:38:06.950527 INFO::Fitting model to feature number 3324, X71f3331fd693925b845b2c8b293ae07b
2026-09-04 15:38:06.953107 INFO::Fitting model to feature number 3325, X8821132e7a98a4e9b3baeec64c70b478
2026-09-04 15:38:06.955903 INFO::Fitting model to feature number 3326, X4bcb4f76781b0b7d2e6e52fc0125e1de
2026-09-04 15:38:06.95921 INFO::Fitting model to feature number 3327, X2e3aedb1ca4f938a666c25b445954ecf
2026-09-04 15:38:06.962506 INFO::Fitting model to feature number 3328, X27151e01681f483f95c8abf7799be25b
2026-09-04 15:38:06.965498 INFO::Fitting model to feature number 3329, X992a39ca30c6ab02f4a48c2efd76f673
2026-09-04 15:38:06.968699 INFO::Fitting model to feature number 3330, e23518e35f0e0d8c2dddb04eb7159f63
2026-09-04 15:38:06.971436 INFO::Fitting model to feature number 3331, X7d3c5c8c26de5bb6b26bcb56e917b800
2026-09-04 15:38:06.974401 INFO::Fitting model to feature number 3332, X2bfbde87de4bac30cc3b9871ae7760bf
2026-09-04 15:38:06.977331 INFO::Fitting model to feature number 3333, X31d2433d0f0f4eb8b219f0adf92b6312
2026-09-04 15:38:06.980051 INFO::Fitting model to feature number 3334, f47ddff1fff84c0bf75bffde55ee40df
2026-09-04 15:38:06.98265 INFO::Fitting model to feature number 3335, X4fd6588030c990b1d7793dee4c556b13
2026-09-04 15:38:06.985205 INFO::Fitting model to feature number 3336, e835b891f90d2432e199b9202f086e71
2026-09-04 15:38:06.987836 INFO::Fitting model to feature number 3337, X8cfd361b39e9280870002fa8acfdddaa
2026-09-04 15:38:06.990467 INFO::Fitting model to feature number 3338, X2fde7a8abef47d9e9485153ff7133394
2026-09-04 15:38:06.993087 INFO::Fitting model to feature number 3339, X7865c3890debbe31904a9749e9bcec5d
2026-09-04 15:38:06.995808 INFO::Fitting model to feature number 3340, X6af88e9e258465f20cb62a5296a86e25
2026-09-04 15:38:06.998408 INFO::Fitting model to feature number 3341, X7b9372d84cde9e133af0a89e64f09554
2026-09-04 15:38:07.001202 INFO::Fitting model to feature number 3342, X97799c2a06dbd3d96285eff6a72d88d4
2026-09-04 15:38:07.003815 INFO::Fitting model to feature number 3343, X57458682a306ab6c102bc838e5f68da4
2026-09-04 15:38:07.006805 INFO::Fitting model to feature number 3344, X0292c78d5276b9be8a28b4e56abb71d2
2026-09-04 15:38:07.009841 INFO::Fitting model to feature number 3345, X637b4b473367f3175bdfcc38416052d9
2026-09-04 15:38:07.01296 INFO::Fitting model to feature number 3346, X2f30f0eada13a4f953616b5a10fc7567
2026-09-04 15:38:07.015629 INFO::Fitting model to feature number 3347, X636526723b6edd9bc9a4e2a10feeee2a
2026-09-04 15:38:07.018247 INFO::Fitting model to feature number 3348, X3b2924f3a687660ca10f58f1f12d86e4
2026-09-04 15:38:07.021181 INFO::Fitting model to feature number 3349, d17f5973fc771a4c47f5f683ea8c2f74
2026-09-04 15:38:07.025347 INFO::Fitting model to feature number 3350, X97d4d12d672615506b9907fbd1d9c32a
2026-09-04 15:38:07.02834 INFO::Fitting model to feature number 3351, X7c7faa571781094e592dde16b9bbe191
2026-09-04 15:38:07.031555 INFO::Fitting model to feature number 3352, X146dd9cea036a794c411bb62fe10d792
2026-09-04 15:38:07.034423 INFO::Fitting model to feature number 3353, X41d29c44360836d260bbfa4a2f56080a
2026-09-04 15:38:07.037862 INFO::Fitting model to feature number 3354, X7a7d9c1ba5a21b5b61877ace0baeef83
2026-09-04 15:38:07.040656 INFO::Fitting model to feature number 3355, X2b640ef2868df2f3694aa40fb9a75498
2026-09-04 15:38:07.043687 INFO::Fitting model to feature number 3356, X0ed84d88a11954b71570cb94f7153b94
2026-09-04 15:38:07.04623 INFO::Fitting model to feature number 3357, X1a93dd87a61928cf07b4f2ff170f234a
2026-09-04 15:38:07.048649 INFO::Fitting model to feature number 3358, X69084f0da532b2bfb75b3d0bc1e0ae94
2026-09-04 15:38:07.051211 INFO::Fitting model to feature number 3359, X7f7b58a82bc185e708ae0baef62e3377
2026-09-04 15:38:07.053793 INFO::Fitting model to feature number 3360, b55e11ea619f15ece4a50fbcfafb12f1
2026-09-04 15:38:07.056477 INFO::Fitting model to feature number 3361, ccaae65c378121468f0680a028584a1b
2026-09-04 15:38:07.059382 INFO::Fitting model to feature number 3362, X1f4bbd7888ae476b6dd45ffac9cc9621
2026-09-04 15:38:07.06197 INFO::Fitting model to feature number 3363, a90d24a279c659681d1b311fcf7cf4fa
2026-09-04 15:38:07.064578 INFO::Fitting model to feature number 3364, d6ff61bc040d69ef8473eab067126c6f
2026-09-04 15:38:07.067163 INFO::Fitting model to feature number 3365, X425766d75db4703463000e48c56bfba7
2026-09-04 15:38:07.069714 INFO::Fitting model to feature number 3366, d737b42625a879bbf0156fd6be614daa
2026-09-04 15:38:07.073042 INFO::Fitting model to feature number 3367, e64904f4ef63146988faaf019fc22f46
2026-09-04 15:38:07.077211 INFO::Fitting model to feature number 3368, X83bc7e1da068d12f52c5afb8f9461340
2026-09-04 15:38:07.080205 INFO::Fitting model to feature number 3369, X154817a849820649122676798068c9a5
2026-09-04 15:38:07.083091 INFO::Fitting model to feature number 3370, X001f51bb3fa703a431fe9ce36576abdb
2026-09-04 15:38:07.086399 INFO::Fitting model to feature number 3371, X7df29537468ce7d707ca4039623ed43e
2026-09-04 15:38:07.089435 INFO::Fitting model to feature number 3372, X119cbdc604a2c0448c1f0a9d72a5aca2
2026-09-04 15:38:07.092722 INFO::Fitting model to feature number 3373, f3ebf7741b01f8f36e25f509ace99495
2026-09-04 15:38:07.095653 INFO::Fitting model to feature number 3374, bdde1aef80185b1f18057496263aad2e
2026-09-04 15:38:07.098415 INFO::Fitting model to feature number 3375, eeae8b2556c0c5c83f4430d59ae01fcd
2026-09-04 15:38:07.101007 INFO::Fitting model to feature number 3376, X7b5036b5c8a5909c1ef968d0878542c2
2026-09-04 15:38:07.103556 INFO::Fitting model to feature number 3377, af7687800dcc5f962d9d4abd95abc8dc
2026-09-04 15:38:07.106292 INFO::Fitting model to feature number 3378, X91dccc57823ee61484d516ceb6d297de
2026-09-04 15:38:07.108856 INFO::Fitting model to feature number 3379, X34b6b1179ff24d890e9b0de8c73e545e
2026-09-04 15:38:07.111489 INFO::Fitting model to feature number 3380, cc73b43e7ab71c67cf158a2dcec8eb34
2026-09-04 15:38:07.114037 INFO::Fitting model to feature number 3381, X10d55b29e6b0a5e51633a12f045d199a
2026-09-04 15:38:07.116535 INFO::Fitting model to feature number 3382, X32a9977b670f2536870bb7c6a414d596
2026-09-04 15:38:07.119037 INFO::Fitting model to feature number 3383, X14359afb54f9c77642ac7173b8a728ac
2026-09-04 15:38:07.12163 INFO::Fitting model to feature number 3384, a2295eca019581ed19e8b23d01067446
2026-09-04 15:38:07.124875 INFO::Fitting model to feature number 3385, bf5dc4b65b757887c9b201741428b962
2026-09-04 15:38:07.128357 INFO::Fitting model to feature number 3386, c599ec3010e3006b4fa658a40b2ac54a
2026-09-04 15:38:07.131556 INFO::Fitting model to feature number 3387, bcc1210f2158e9a89cd45dff7b4c1a4a
2026-09-04 15:38:07.134348 INFO::Fitting model to feature number 3388, efe8401b2a2015409c9cbb158ee3b49d
2026-09-04 15:38:07.138523 INFO::Fitting model to feature number 3389, a9100f03f2e5c2585e07b4ec3d3cec12
2026-09-04 15:38:07.141766 INFO::Fitting model to feature number 3390, X901fdcde135e38212c26efe772148a03
2026-09-04 15:38:07.144989 INFO::Fitting model to feature number 3391, a92b78de8c783722533f2653e8be65d8
2026-09-04 15:38:07.148554 INFO::Fitting model to feature number 3392, X2c653403545840cb98124f99d39fcdd4
2026-09-04 15:38:07.151947 INFO::Fitting model to feature number 3393, X80269c215b4be147eb458ca84bf9f0bc
2026-09-04 15:38:07.154989 INFO::Fitting model to feature number 3394, e000f235b3286e140999e9989244d7e0
2026-09-04 15:38:07.157827 INFO::Fitting model to feature number 3395, X42ab7f5c5e56bb06c4e9dd7e6ae16083
2026-09-04 15:38:07.161587 INFO::Fitting model to feature number 3396, e260e82248ec4d8900aa430c46de0444
2026-09-04 15:38:07.164421 INFO::Fitting model to feature number 3397, X3246a30c756954fc675ea7abf79ec0e9
2026-09-04 15:38:07.167487 INFO::Fitting model to feature number 3398, X05575d57693498edfa9d7ccfbc374fcb
2026-09-04 15:38:07.1705 INFO::Fitting model to feature number 3399, X8cab055d3b9926f7e4a8ec29d2ed8285
2026-09-04 15:38:07.173313 INFO::Fitting model to feature number 3400, X87bdb1aa4163475a3f6c09b67e5b8476
2026-09-04 15:38:07.17625 INFO::Fitting model to feature number 3401, X1700e7f57fbf1c740a8feb6ea93ebdbe
2026-09-04 15:38:07.179095 INFO::Fitting model to feature number 3402, X8e285e9a72105f2d28d5c9d6913d3c72
2026-09-04 15:38:07.182202 INFO::Fitting model to feature number 3403, X35c4d14777d2d73b66747cbedff1311a
2026-09-04 15:38:07.185264 INFO::Fitting model to feature number 3404, X61e2e3b9689a43540eefb19b1784e5a8
2026-09-04 15:38:07.188145 INFO::Fitting model to feature number 3405, ab42897e24cc23fba226926e7a62f3c3
2026-09-04 15:38:07.19294 INFO::Fitting model to feature number 3406, a17148db0522818cb5c52d060365cf1f
2026-09-04 15:38:07.204283 INFO::Fitting model to feature number 3407, ff53d1b9525437ea5d1a523df447b155
2026-09-04 15:38:07.21095 INFO::Fitting model to feature number 3408, a0abfb667a35488964a91b99a50fa2ca
2026-09-04 15:38:07.215602 INFO::Fitting model to feature number 3409, X980bce338bdadd05576a5b8e4e889942
2026-09-04 15:38:07.219567 INFO::Fitting model to feature number 3410, X69d7ff0a6579cf31c7f485a1b041b04d
2026-09-04 15:38:07.222767 INFO::Fitting model to feature number 3411, X5be507243cff7b34a61e4ec7ccf977c1
2026-09-04 15:38:07.226511 INFO::Fitting model to feature number 3412, X7354bad3b0fd97c4f41056d1b0b94084
2026-09-04 15:38:07.229578 INFO::Fitting model to feature number 3413, X9fed8f927e1ca826ff9081f1dc72952e
2026-09-04 15:38:07.232669 INFO::Fitting model to feature number 3414, f863929e154f9315d08789511c108157
2026-09-04 15:38:07.235729 INFO::Fitting model to feature number 3415, X1c705f8d35174529a2ad7ef25c36b772
2026-09-04 15:38:07.238755 INFO::Fitting model to feature number 3416, ae81d095381ca120afd4c8b202f622f0
2026-09-04 15:38:07.242576 INFO::Fitting model to feature number 3417, X246e672954f3a2a8f966dd4e8011556b
2026-09-04 15:38:07.246108 INFO::Fitting model to feature number 3418, X2429aae793cc126017ee97b98ff8410e
2026-09-04 15:38:07.249456 INFO::Fitting model to feature number 3419, X6b997137bb303bfa5a2105705d34b5d9
2026-09-04 15:38:07.252661 INFO::Fitting model to feature number 3420, c9be81921b9303ab9168d3d08db8b593
2026-09-04 15:38:07.256002 INFO::Fitting model to feature number 3421, c31d7d96cdc8a1e36b3d819644dfe288
2026-09-04 15:38:07.260023 INFO::Fitting model to feature number 3422, X642d04ba1ce4a1eb198f14c64aaf5dba
2026-09-04 15:38:07.265512 INFO::Fitting model to feature number 3423, X5587183e216e30d7a1eb795a5257923f
2026-09-04 15:38:07.272065 INFO::Fitting model to feature number 3424, d6b5bf6bc9cc98a90e580221ffe5ed93
2026-09-04 15:38:07.276999 INFO::Fitting model to feature number 3425, X1efa3934d9237221f0ef853ff8663846
2026-09-04 15:38:07.282473 INFO::Fitting model to feature number 3426, eec7ad354f78fc2048e19884dab24627
2026-09-04 15:38:07.287158 INFO::Fitting model to feature number 3427, X52f1c27eaf57fd04af2ebeb147f4caa3
2026-09-04 15:38:07.290344 INFO::Fitting model to feature number 3428, X5b3dbceb2a7ecc66e7ee4b584021609e
2026-09-04 15:38:07.293825 INFO::Fitting model to feature number 3429, ae19aee248aa7c6a09325bb2df35c762
2026-09-04 15:38:07.296762 INFO::Fitting model to feature number 3430, X80b707e4d21a658205031df50e2998eb
2026-09-04 15:38:07.299645 INFO::Fitting model to feature number 3431, dc2c6ffbb196e1201d8f504591c9dfcd
2026-09-04 15:38:07.302282 INFO::Fitting model to feature number 3432, c317f7eaccf9677d0bb562d53992e965
2026-09-04 15:38:07.304818 INFO::Fitting model to feature number 3433, X48d5537b97e3be553f68cde44a936f04
2026-09-04 15:38:07.30738 INFO::Fitting model to feature number 3434, X20002c7ea54976e0bfa31c90550067c1
2026-09-04 15:38:07.31001 INFO::Fitting model to feature number 3435, d105051ae79df8f3c0da8b9539fcf38f
2026-09-04 15:38:07.312618 INFO::Fitting model to feature number 3436, b121e057e233d75914acb0ac6b6341e6
2026-09-04 15:38:07.315176 INFO::Fitting model to feature number 3437, d6f2ee961a0b8f993c5da090e44e1d8d
2026-09-04 15:38:07.3177 INFO::Fitting model to feature number 3438, X22a2909464a8dda37f19623cc1232d28
2026-09-04 15:38:07.320295 INFO::Fitting model to feature number 3439, X99441d6c3227231830f8191bf78fe51b
2026-09-04 15:38:07.322956 INFO::Fitting model to feature number 3440, X3f8ab4ddc776cfcfdb6fd551336af736
2026-09-04 15:38:07.3256 INFO::Fitting model to feature number 3441, cc498c36110fddea11e22ccaa95d9f6e
2026-09-04 15:38:07.328284 INFO::Fitting model to feature number 3442, X8254210a440f212335a811fe68e8f384
2026-09-04 15:38:07.332111 INFO::Fitting model to feature number 3443, X6810ccfee9b1ae16dc0463b19bae56ca
2026-09-04 15:38:07.335715 INFO::Fitting model to feature number 3444, X6b8c8cf40dc48483486ba2cbbe1aa5a1
2026-09-04 15:38:07.339059 INFO::Fitting model to feature number 3445, dfb9bfc39d6f87a7e784c426e0f8950a
2026-09-04 15:38:07.342035 INFO::Fitting model to feature number 3446, d35d25cd52a123362a0c92771996ccb3
2026-09-04 15:38:07.345181 INFO::Fitting model to feature number 3447, efb159c966285562d13b71293925f203
2026-09-04 15:38:07.348021 INFO::Fitting model to feature number 3448, X0120fe61fec86baaa11e3991bec0ea8f
2026-09-04 15:38:07.350957 INFO::Fitting model to feature number 3449, X51f8116c13f90cdaa92512979693929b
2026-09-04 15:38:07.353984 INFO::Fitting model to feature number 3450, X66b369495eadeafc50b36bb747af442b
2026-09-04 15:38:07.356954 INFO::Fitting model to feature number 3451, X05248d39c0f801d15b5abe0ad995f866
2026-09-04 15:38:07.360482 INFO::Fitting model to feature number 3452, X3d45bbbfb6cea71e1dd99eb6e3e5e6e5
2026-09-04 15:38:07.364459 INFO::Fitting model to feature number 3453, c61e1e084ddb72b03a32fd7c8e9c0d41
2026-09-04 15:38:07.367473 INFO::Fitting model to feature number 3454, X231decab9f83fce1c5671d8fd38345a0
2026-09-04 15:38:07.370287 INFO::Fitting model to feature number 3455, d2ae3f3faea531a83cd7406923851a43
2026-09-04 15:38:07.37308 INFO::Fitting model to feature number 3456, c60262a210173d6a6605e298797827d3
2026-09-04 15:38:07.376758 INFO::Fitting model to feature number 3457, X8a36f105f84ba42c008a6d897d2a11e0
2026-09-04 15:38:07.379744 INFO::Fitting model to feature number 3458, ebadf3a5a0baf3fb4c292063af64b648
2026-09-04 15:38:07.38246 INFO::Fitting model to feature number 3459, X95804a76ae3416e7377a86216fd157ff
2026-09-04 15:38:07.385248 INFO::Fitting model to feature number 3460, X60e51cfaf34137455afc7d72d6803c42
2026-09-04 15:38:07.388045 INFO::Fitting model to feature number 3461, X55ad6b08fd3f4476ddf111f7d51a839c
2026-09-04 15:38:07.391135 INFO::Fitting model to feature number 3462, X640d6b583b12054bf316f4fa5d0f5f71
2026-09-04 15:38:07.393945 INFO::Fitting model to feature number 3463, X16d7eeda786f8a0d833ccc93ebfb2584
2026-09-04 15:38:07.396795 INFO::Fitting model to feature number 3464, X01b921fe01acc5d005f66a1c9b3110df
2026-09-04 15:38:07.400234 INFO::Fitting model to feature number 3465, X3a71b16155fdad56882f5e0c73b56ff9
2026-09-04 15:38:07.403381 INFO::Fitting model to feature number 3466, X70d549a190e55c4a82df74cb4295aa90
2026-09-04 15:38:07.406469 INFO::Fitting model to feature number 3467, X60e3690c79ab6e746dfc37a12c4552cc
2026-09-04 15:38:07.411476 INFO::Fitting model to feature number 3468, X445608945dfbdb8fffb9803af76aaa08
2026-09-04 15:38:07.414779 INFO::Fitting model to feature number 3469, X27695480afa5d3636ea9f37a19f59f27
2026-09-04 15:38:07.41798 INFO::Fitting model to feature number 3470, d7d39e33b8788545c81acfe6e4260db1
2026-09-04 15:38:07.421008 INFO::Fitting model to feature number 3471, b4a3c010d8c2a5ef6fe19f5ebdcb99b5
2026-09-04 15:38:07.423977 INFO::Fitting model to feature number 3472, X9bb38dff3b3a28ab143b82ae4b777e21
2026-09-04 15:38:07.428089 INFO::Fitting model to feature number 3473, X181ca543a1a2aee8be44b9a957fdfe53
2026-09-04 15:38:07.431387 INFO::Fitting model to feature number 3474, dee58288398e53b58f187863ab7da882
2026-09-04 15:38:07.434467 INFO::Fitting model to feature number 3475, d1afd0f5a76682551e749712bd4317a8
2026-09-04 15:38:07.437391 INFO::Fitting model to feature number 3476, X18c6d79f5331c6929cb09062e84ac8af
2026-09-04 15:38:07.440308 INFO::Fitting model to feature number 3477, X8d8c4070ddc7ab17735fc4f7f6486d41
2026-09-04 15:38:07.44347 INFO::Fitting model to feature number 3478, X30cd279d35d722facfd61a552b17d342
2026-09-04 15:38:07.446375 INFO::Fitting model to feature number 3479, X1e620301a67365227e2b5de1be4fb2ee
2026-09-04 15:38:07.449184 INFO::Fitting model to feature number 3480, X604ebb0d84eada2e9289aad9a48b20fa
2026-09-04 15:38:07.45207 INFO::Fitting model to feature number 3481, cb3ce226bcbdfe76af5a9c4b0d579526
2026-09-04 15:38:07.454987 INFO::Fitting model to feature number 3482, f72cc2b8287cd6ed53e62d2b86488d37
2026-09-04 15:38:07.458261 INFO::Fitting model to feature number 3483, X55ce7d25f82af25408e69dde51ac1a69
2026-09-04 15:38:07.46237 INFO::Fitting model to feature number 3484, X46da19ba1efc04c26928d438387de97b
2026-09-04 15:38:07.466489 INFO::Fitting model to feature number 3485, f11c6ba44ec7cf3311848cbd61c81113
2026-09-04 15:38:07.470517 INFO::Fitting model to feature number 3486, X28b6e46a548ff7091381f188084348a9
2026-09-04 15:38:07.474322 INFO::Fitting model to feature number 3487, X7a7e31c77ab111fcb116add6e4ab2bbb
2026-09-04 15:38:07.47845 INFO::Fitting model to feature number 3488, fe9228f06542f9f6695527f8a8ad7c64
2026-09-04 15:38:07.482686 INFO::Fitting model to feature number 3489, X6d90d9126b425557827f70ea9abad9af
2026-09-04 15:38:07.486978 INFO::Fitting model to feature number 3490, adecc74a9d4adb15c5fbb3ef9e1348a1
2026-09-04 15:38:07.490202 INFO::Fitting model to feature number 3491, X82a393ba4429430a38d5d1c870f46caf
2026-09-04 15:38:07.493497 INFO::Fitting model to feature number 3492, ae03cd278ea7d2d11b4d0943680f54e0
2026-09-04 15:38:07.497743 INFO::Fitting model to feature number 3493, X731cc5348521c37fce5dec28e5751eb7
2026-09-04 15:38:07.501164 INFO::Fitting model to feature number 3494, X57f1bde4919498350f73bb37555c8c66
2026-09-04 15:38:07.504414 INFO::Fitting model to feature number 3495, ed0e1ccdeac58e1a6780385a4e5d88e9
2026-09-04 15:38:07.507382 INFO::Fitting model to feature number 3496, X20ad0058f4d3da5a87d387b3920f4186
2026-09-04 15:38:07.75307 INFO::Counting total values for each feature
2026-09-04 15:38:07.983387 INFO::Writing filtered data to file 3_maaslin2/Aquiloniella_scabra/features/filtered_data.tsv
2026-09-04 15:38:08.085669 INFO::Writing filtered, normalized data to file 3_maaslin2/Aquiloniella_scabra/features/filtered_data_norm.tsv
2026-09-04 15:38:08.194818 INFO::Writing filtered, normalized, transformed data to file 3_maaslin2/Aquiloniella_scabra/features/filtered_data_norm_transformed.tsv
2026-09-04 15:38:08.362147 INFO::Writing residuals to file 3_maaslin2/Aquiloniella_scabra/fits/residuals.rds
2026-09-04 15:38:08.387739 INFO::Writing fitted values to file 3_maaslin2/Aquiloniella_scabra/fits/fitted.rds
2026-09-04 15:38:08.401647 INFO::Writing all results to file (ordered by increasing q-values): 3_maaslin2/Aquiloniella_scabra/all_results.tsv
2026-09-04 15:38:08.446198 INFO::Writing the significant results (those which are less than or equal to the threshold of 0.250000 ) to file (ordered by increasing q-values): 3_maaslin2/Aquiloniella_scabra/significant_results.tsv
