"Species","ASV","Kingdom","Phylum","Class","Order","Family","Genus","log2FC","p_value","FDR_q_value","Direction","BestName"
"Aquiloniella_scabra","badeae06f9f02ed7567ab02f37fc1612","Bacteria","Proteobacteria","Gammaproteobacteria","Oceanospirillales","Pseudohongiellaceae","Pseudohongiella",-4.03,"1.175e-09","4.110e-06","Enriched in Control","Genus: Pseudohongiella"
"Aquiloniella_scabra","9be493e9aea5ea556ea35a3ff8fc61c8","Bacteria","Proteobacteria","Gammaproteobacteria","Cellvibrionales","Cellvibrionaceae","Candidatus_Endobugula",8.056,"4.005e-08","4.668e-05","Enriched in Sample","Genus: Candidatus_Endobugula"
"Aquiloniella_scabra","a7c0e5b81d8f91d217059d6d45bb4a9c","Bacteria","Proteobacteria","Gammaproteobacteria","Steroidobacterales","Woeseiaceae","Woeseia",-3.572,"3.228e-08","4.668e-05","Enriched in Control","Genus: Woeseia"
"Aquiloniella_scabra","417b908efc21728c97947e2319527752","Bacteria","Bacteroidota","Bacteroidia","Flavobacteriales","Flavobacteriaceae","Flavicella",3.812,"5.136e-07","4.490e-04","Enriched in Sample","Genus: Flavicella"
"Aquiloniella_scabra","4d833bf0162967d91310d1a93db92ed2","Bacteria","Cyanobacteria","Cyanobacteriia","Chloroplast","Chloroplast","Chloroplast",4.707,"9.982e-07","6.982e-04","Enriched in Sample","Genus: Chloroplast"
"Aquiloniella_scabra","d23c235f41d3398df2e2f5edbac63604","Bacteria","Bacteroidota","Bacteroidia","Cytophagales","Cyclobacteriaceae","Fulvivirga",-3.171,"2.413e-06","1.406e-03","Enriched in Control","Genus: Fulvivirga"
"Aquiloniella_scabra","26b941552eaad9d941eff16910335833","Bacteria","Proteobacteria","Alphaproteobacteria","Rhodobacterales","Rhodobacteraceae",NA,-1.741,"3.275e-06","1.636e-03","Enriched in Control","Family: Rhodobacteraceae"
"Aquiloniella_scabra","5d0f35ba3e7d0ebce9788d34229f1ade","Bacteria","Proteobacteria","Alphaproteobacteria","Rhodospirillales","Magnetospiraceae","Magnetospira",-3.215,"3.858e-06","1.686e-03","Enriched in Control","Genus: Magnetospira"
"Aquiloniella_scabra","9879a750c4dcbe94271efc3a64a8dcc6","Bacteria","Proteobacteria","Alphaproteobacteria","Puniceispirillales",NA,NA,-2.11,"4.974e-06","1.933e-03","Enriched in Control","Order: Puniceispirillales"
"Aquiloniella_scabra","b6b5e5683e22e7ccbc945f50aa1bfb52","Bacteria","Bacteroidota","Bacteroidia","Chitinophagales","Saprospiraceae",NA,-3.838,"1.524e-05","5.329e-03","Enriched in Control","Family: Saprospiraceae"
"Aquiloniella_scabra","992d4d84004e921e2356b0a17d4a66a8","Bacteria","Planctomycetota","Pla3_lineage","Pla3_lineage","Pla3_lineage","Pla3_lineage",-1.528,"2.319e-05","6.758e-03","Enriched in Control","Genus: Pla3_lineage"
"Aquiloniella_scabra","a86091032bf65639a7bae7d5232f0378","Bacteria","Cyanobacteria","Cyanobacteriia","Chloroplast","Chloroplast","Chloroplast",2.88,"2.169e-05","6.758e-03","Enriched in Sample","Genus: Chloroplast"
"Aquiloniella_scabra","2f5f939a9cb1a84c481d0d730257edfc","Bacteria","Cyanobacteria","Cyanobacteriia","Chloroplast","Chloroplast","Chloroplast",2.909,"3.345e-05","8.221e-03","Enriched in Sample","Genus: Chloroplast"
"Aquiloniella_scabra","a2856ec474695516bcc911974ec23ec6","Bacteria","Verrucomicrobiota","Verrucomicrobiae","Verrucomicrobiales","DEV007","DEV007",-1.675,"3.526e-05","8.221e-03","Enriched in Control","Genus: DEV007"
"Aquiloniella_scabra","e53d40931998c5c89278f8b7d89112fa","Bacteria",NA,NA,NA,NA,NA,3.429,"3.217e-05","8.221e-03","Enriched in Sample","Kingdom: Bacteria"
"Aquiloniella_scabra","ad7cea3f47c9e64cbe5f5544c27fb1c5","Bacteria","Proteobacteria","Gammaproteobacteria","BD7-8","BD7-8","BD7-8",-2.941,"6.480e-05","1.416e-02","Enriched in Control","Genus: BD7-8"
"Aquiloniella_scabra","450b0f9dbaf395de258b2b6c62a5f5aa","Bacteria","Proteobacteria","Alphaproteobacteria",NA,NA,NA,4.121,"8.134e-05","1.580e-02","Enriched in Sample","Class: Alphaproteobacteria"
"Aquiloniella_scabra","644e54b8ec5af158bba8bd750443f3aa","Bacteria","Proteobacteria","Alphaproteobacteria","Rhodospirillales",NA,NA,-2.686,"7.933e-05","1.580e-02","Enriched in Control","Order: Rhodospirillales"
"Aquiloniella_scabra","9c7f57129ddb57343abd55a3fa67f442","Bacteria","Actinobacteriota","Acidimicrobiia","Microtrichales","Microtrichaceae","Sva0996_marine_group",-3.357,"9.610e-05","1.600e-02","Enriched in Control","Genus: Sva0996_marine_group"
"Aquiloniella_scabra","9c872286b28ea46be348ce877c3c656d","Bacteria","Proteobacteria","Alphaproteobacteria","Sphingomonadales","Sphingomonadaceae","Sphingorhabdus",3.06,"9.190e-05","1.600e-02","Enriched in Sample","Genus: Sphingorhabdus"
"Aquiloniella_scabra","f682ab7ce14f68292ea45a066404b92e","Bacteria","Planctomycetota","Pla3_lineage","Pla3_lineage","Pla3_lineage","Pla3_lineage",-1.856,"8.726e-05","1.600e-02","Enriched in Control","Genus: Pla3_lineage"
"Aquiloniella_scabra","87840ae42f96525d12342d1c69d1461c","Bacteria","Proteobacteria","Alphaproteobacteria","Rhodobacterales","Rhodobacteraceae",NA,3.4,"1.034e-04","1.644e-02","Enriched in Sample","Family: Rhodobacteraceae"
"Aquiloniella_scabra","93b8f4990bcff13031bb21d0feba9ef1","Bacteria","Bacteroidota","Bacteroidia","Cytophagales","Cyclobacteriaceae",NA,-2.759,"1.585e-04","2.410e-02","Enriched in Control","Family: Cyclobacteriaceae"
"Aquiloniella_scabra","56335ac95e507e0bbb08dc360850bfe5","Bacteria","Cyanobacteria","Cyanobacteriia","Chloroplast","Chloroplast","Chloroplast",3.514,"1.796e-04","2.617e-02","Enriched in Sample","Genus: Chloroplast"
"Aquiloniella_scabra","d350ed02e3e8ac5ff62590f2f6fa3906","Bacteria","Proteobacteria","Gammaproteobacteria","Oceanospirillales","Kangiellaceae",NA,-1.756,"2.386e-04","3.338e-02","Enriched in Control","Family: Kangiellaceae"
"Aquiloniella_scabra","9fdf06c3cb2d32b8b07e5644e95d18ca","Bacteria","Cyanobacteria","Cyanobacteriia","Chloroplast","Chloroplast","Chloroplast",2.462,"2.499e-04","3.362e-02","Enriched in Sample","Genus: Chloroplast"
"Aquiloniella_scabra","60ef3e6936a0df613cd8639cf1d82dd8","Bacteria",NA,NA,NA,NA,NA,2.526,"2.803e-04","3.631e-02","Enriched in Sample","Kingdom: Bacteria"
"Aquiloniella_scabra","34425b47892462604276847bccc5adeb","Bacteria","Bacteroidota","Bacteroidia","Sphingobacteriales","NS11-12_marine_group","NS11-12_marine_group",-1.544,"4.016e-04","4.821e-02","Enriched in Control","Genus: NS11-12_marine_group"
"Aquiloniella_scabra","495c1bd1608a1dad54d3e2824ce899ef","Archaea","Crenarchaeota","Nitrososphaeria","Nitrosopumilales","Nitrosopumilaceae","Candidatus_Nitrosopumilus",-2.402,"4.273e-04","4.821e-02","Enriched in Control","Genus: Candidatus_Nitrosopumilus"
"Aquiloniella_scabra","631e1451e27bd0c65644a3c6d9f7b42c","Bacteria","Proteobacteria","Alphaproteobacteria","Rhodospirillales","Magnetospiraceae","Magnetospira",-2.171,"4.114e-04","4.821e-02","Enriched in Control","Genus: Magnetospira"
"Aquiloniella_scabra","c99293daaa3f4b14f0ece7cabc5e88fe","Bacteria","Proteobacteria","Gammaproteobacteria","Nitrosococcales","Nitrosococcaceae","Cm1-21",-4.236,"4.228e-04","4.821e-02","Enriched in Control","Genus: Cm1-21"
"Aquiloniella_scabra","b86a8e8151ed7a7539be26190c47ce0c","Bacteria","Bacteroidota","Bacteroidia","Chitinophagales","Saprospiraceae","Portibacter",-2.807,"4.921e-04","5.234e-02","Enriched in Control","Genus: Portibacter"
"Aquiloniella_scabra","ff3c00a7c251667c047120fba528fc25","Bacteria","Proteobacteria","Gammaproteobacteria","Cellvibrionales","Halieaceae","Halioglobus",-1.764,"4.939e-04","5.234e-02","Enriched in Control","Genus: Halioglobus"
"Aquiloniella_scabra","730a41c0b1131e10a7dddb613cf11d51","Bacteria","Proteobacteria","Gammaproteobacteria","Cellvibrionales","Halieaceae","Marimicrobium",-1.753,"5.621e-04","5.633e-02","Enriched in Control","Genus: Marimicrobium"
"Aquiloniella_scabra","b28d50f8401c6660191fcf0576c96b5a","Bacteria","Bacteroidota","Bacteroidia","Flavobacteriales","Flavobacteriaceae",NA,-2.91,"5.638e-04","5.633e-02","Enriched in Control","Family: Flavobacteriaceae"
"Aquiloniella_scabra","c814f16ff326fbb584191065487c8abf","Bacteria",NA,NA,NA,NA,NA,1.979,"6.037e-04","5.864e-02","Enriched in Sample","Kingdom: Bacteria"
"Aquiloniella_scabra","8940efad20d6105be9d06b29420046f8","Archaea","Crenarchaeota","Nitrososphaeria","Nitrosopumilales","Nitrosopumilaceae","Candidatus_Nitrosopumilus",-2.852,"7.236e-04","6.839e-02","Enriched in Control","Genus: Candidatus_Nitrosopumilus"
"Aquiloniella_scabra","ea35e19076b89bd364590d06ab875623","Bacteria","Actinobacteriota","Acidimicrobiia","Microtrichales","Microtrichaceae",NA,-1.691,"8.668e-04","7.977e-02","Enriched in Control","Family: Microtrichaceae"
"Aquiloniella_scabra","4c72850cd443f090dd217fc732228e0a","Bacteria","Bacteroidota","Bacteroidia","Cytophagales","Cyclobacteriaceae",NA,-2.445,"1.056e-03","9.236e-02","Enriched in Control","Family: Cyclobacteriaceae"
"Aquiloniella_scabra","a63518f4179fc9fe25dad386787f15e9","Bacteria","Planctomycetota","Phycisphaerae","Phycisphaerales","Phycisphaeraceae","SM1A02",-1.555,"1.045e-03","9.236e-02","Enriched in Control","Genus: SM1A02"
"Aquiloniella_scabra","75bb0a0b7853fefe490cb476018ab14a","Bacteria","Entotheonellaeota","Entotheonellia","Entotheonellales","Entotheonellaceae","Candidatus_Entotheonella",-2.695,"1.120e-03","9.554e-02","Enriched in Control","Genus: Candidatus_Entotheonella"
"Aquiloniella_scabra","5d10eace291cd6e21a10aa0b539c6675","Bacteria","Cyanobacteria","Cyanobacteriia","Chloroplast","Chloroplast","Chloroplast",3.583,"1.271e-03","1.059e-01","Enriched in Sample","Genus: Chloroplast"
"Aquiloniella_scabra","27e997926a556e38007174107ce8d5c1","Bacteria","Planctomycetota","Planctomycetes","Planctomycetales","Rubinisphaeraceae",NA,-2.005,"1.360e-03","1.106e-01","Enriched in Control","Family: Rubinisphaeraceae"
"Aquiloniella_scabra","db89d941ee5dc2935674d8799463294d","Bacteria","Proteobacteria","Gammaproteobacteria","SS1-B-07-19","SS1-B-07-19","SS1-B-07-19",-2.303,"1.585e-03","1.260e-01","Enriched in Control","Genus: SS1-B-07-19"
"Aquiloniella_scabra","1b479b5bf21e42e99e4238c1fca02aec","Bacteria","Proteobacteria","Gammaproteobacteria",NA,NA,NA,-1.823,"1.673e-03","1.272e-01","Enriched in Control","Class: Gammaproteobacteria"
"Aquiloniella_scabra","e0aa4a8c67cf4588b30e621b6a218c31","Bacteria","Proteobacteria","Alphaproteobacteria","Rhodospirillales","Magnetospiraceae",NA,-1.075,"1.669e-03","1.272e-01","Enriched in Control","Family: Magnetospiraceae"
"Aquiloniella_scabra","8f4c101dad164251d4878936cbc25ece","Bacteria","Proteobacteria","Alphaproteobacteria","Rhodospirillales","Magnetospiraceae",NA,-1.713,"1.744e-03","1.298e-01","Enriched in Control","Family: Magnetospiraceae"
"Aquiloniella_scabra","565f215f8267ea06b8cb664483dfccfb","Bacteria","Proteobacteria","Gammaproteobacteria","Tenderiales","Tenderiaceae","Candidatus_Tenderia",-2.24,"2.005e-03","1.460e-01","Enriched in Control","Genus: Candidatus_Tenderia"
"Aquiloniella_scabra","0302b6711c3421fd4463c37658685463","Bacteria","Proteobacteria","Gammaproteobacteria","Arenicellales","Arenicellaceae","Arenicella",-1.485,"2.134e-03","1.472e-01","Enriched in Control","Genus: Arenicella"
"Aquiloniella_scabra","0e4324eee7005e82de8f34a668a35d53","Archaea","Crenarchaeota","Nitrososphaeria","Nitrosopumilales","Nitrosopumilaceae","Candidatus_Nitrosopumilus",-2.344,"2.148e-03","1.472e-01","Enriched in Control","Genus: Candidatus_Nitrosopumilus"
"Aquiloniella_scabra","9630f9ee63cc0be75cd903690c6ea353","Bacteria","Proteobacteria","Alphaproteobacteria","Rhodospirillales","Magnetospiraceae",NA,-2.611,"2.296e-03","1.472e-01","Enriched in Control","Family: Magnetospiraceae"
"Aquiloniella_scabra","a5ce2abe540b5a1f42949458e9f06063","Bacteria","Proteobacteria","Alphaproteobacteria","Kordiimonadales","Kordiimonadaceae","Kordiimonas",-1.423,"2.118e-03","1.472e-01","Enriched in Control","Genus: Kordiimonas"
"Aquiloniella_scabra","ae6d65029da85c4ac1884b3cd9e27767","Bacteria","Entotheonellaeota","Entotheonellia","Entotheonellales","Entotheonellaceae","Candidatus_Entotheonella",-2.527,"2.287e-03","1.472e-01","Enriched in Control","Genus: Candidatus_Entotheonella"
"Aquiloniella_scabra","be8c43432dd59d95e4ed97d23a751395","Bacteria","Proteobacteria","Gammaproteobacteria","Arenicellales","Arenicellaceae","Arenicella",-1.169,"2.315e-03","1.472e-01","Enriched in Control","Genus: Arenicella"
"Aquiloniella_scabra","c596dcbb7695b00a5d89cc56bc325ae3","Bacteria","Bdellovibrionota","Bdellovibrionia","Bacteriovoracales","Bacteriovoracaceae","Peredibacter",-1.576,"2.253e-03","1.472e-01","Enriched in Control","Genus: Peredibacter"
"Aquiloniella_scabra","14888fa4df557695367fd95574e2a921","Bacteria","Proteobacteria","Alphaproteobacteria","Rhodobacterales","Rhodobacteraceae",NA,-2.341,"2.448e-03","1.502e-01","Enriched in Control","Family: Rhodobacteraceae"
"Aquiloniella_scabra","febcdaff68e9e307509a6cf398597260","Bacteria","Proteobacteria","Gammaproteobacteria",NA,NA,NA,3.135,"2.445e-03","1.502e-01","Enriched in Sample","Class: Gammaproteobacteria"
"Aquiloniella_scabra","664ddcd6b4bdb13116e4a71964fda54f","Bacteria","Cyanobacteria","Cyanobacteriia","Chloroplast","Chloroplast","Chloroplast",1.637,"2.707e-03","1.632e-01","Enriched in Sample","Genus: Chloroplast"
"Aquiloniella_scabra","10dbbe438378754c4dc5e77443b7fac4","Bacteria","Proteobacteria","Gammaproteobacteria","Ga0077536","Ga0077536","Ga0077536",-1.135,"2.790e-03","1.632e-01","Enriched in Control","Genus: Ga0077536"
"Aquiloniella_scabra","2a945663bf660ed3f28afba31164b107","Bacteria","Proteobacteria","Gammaproteobacteria",NA,NA,NA,-1.44,"2.806e-03","1.632e-01","Enriched in Control","Class: Gammaproteobacteria"
"Aquiloniella_scabra","b2c7f912f0c9c47667ab4ecdc1bff415","Bacteria","Proteobacteria","Alphaproteobacteria","Kordiimonadales",NA,NA,-1.36,"2.848e-03","1.632e-01","Enriched in Control","Order: Kordiimonadales"
"Aquiloniella_scabra","033214354a91af0c2372acdbcddf917a","Bacteria","Bacteroidota","Bacteroidia","Cytophagales","Cyclobacteriaceae","Ekhidna",-2.27,"2.950e-03","1.637e-01","Enriched in Control","Genus: Ekhidna"
"Aquiloniella_scabra","0348c09cb1ff1cd1e1208e2794eea6c1","Bacteria","Proteobacteria","Gammaproteobacteria","OM182_clade","OM182_clade","OM182_clade",-0.954,"2.932e-03","1.637e-01","Enriched in Control","Genus: OM182_clade"
"Aquiloniella_scabra","2e39714a77fa4eccacec0eacd077218d","Bacteria","Bacteroidota","Bacteroidia","Chitinophagales","Saprospiraceae",NA,-2.357,"3.001e-03","1.640e-01","Enriched in Control","Family: Saprospiraceae"
"Aquiloniella_scabra","0a05ee4d171b0d8a22c44965669531a1","Bacteria","Bacteroidota","Bacteroidia","Flavobacteriales","Flavobacteriaceae","Algibacter",-3.157,"3.286e-03","1.650e-01","Enriched in Control","Genus: Algibacter"
"Aquiloniella_scabra","1992493418215760960c2fa2f7d391b8","Bacteria","Planctomycetota","OM190","OM190","OM190","OM190",-1.478,"3.219e-03","1.650e-01","Enriched in Control","Genus: OM190"
"Aquiloniella_scabra","2a4863a84bf70e4da20cf6cda8cc8ec2","Bacteria","Verrucomicrobiota","Verrucomicrobiae","Pedosphaerales","Pedosphaeraceae","SCGC_AAA164-E04",-1.878,"3.172e-03","1.650e-01","Enriched in Control","Genus: SCGC_AAA164-E04"
"Aquiloniella_scabra","c39fd6fc4661167fed13f8f1f43e9966","Bacteria","Actinobacteriota","Acidimicrobiia","Microtrichales","Microtrichaceae","Sva0996_marine_group",2.076,"3.068e-03","1.650e-01","Enriched in Sample","Genus: Sva0996_marine_group"
"Aquiloniella_scabra","d68e97c77530e15c3774f6830604a0cc","Bacteria","Bacteroidota","Bacteroidia","Cytophagales","Cyclobacteriaceae","Fabibacter",-1.865,"3.213e-03","1.650e-01","Enriched in Control","Genus: Fabibacter"
"Aquiloniella_scabra","e06db7dc9d71e1bb9d9b9abdab7f3ab9","Bacteria","Planctomycetota","Phycisphaerae","Phycisphaerales","Phycisphaeraceae",NA,-1.057,"3.303e-03","1.650e-01","Enriched in Control","Family: Phycisphaeraceae"
"Aquiloniella_scabra","094b90b37ab7cbb5661727bdf30972b8","Archaea","Crenarchaeota","Nitrososphaeria","Nitrosopumilales","Nitrosopumilaceae","Candidatus_Nitrosopumilus",-1.597,"3.372e-03","1.661e-01","Enriched in Control","Genus: Candidatus_Nitrosopumilus"
"Aquiloniella_scabra","04db8fa0f286c42335556af597b5c346","Bacteria","Planctomycetota","Planctomycetes","Planctomycetales","Gimesiaceae",NA,-2.074,"3.636e-03","1.712e-01","Enriched in Control","Family: Gimesiaceae"
"Aquiloniella_scabra","a0039c394cc495783a939e9f7213455d","Bacteria","Bacteroidota","Bacteroidia","Flavobacteriales","Flavobacteriaceae","Aquibacter",-3.73,"3.673e-03","1.712e-01","Enriched in Control","Genus: Aquibacter"
"Aquiloniella_scabra","db66d87d00a29a7cae7f21e5385cd9e9","Bacteria","Proteobacteria","Alphaproteobacteria","Rhodobacterales","Rhodobacteraceae","Yoonia-Loktanella",1.254,"3.607e-03","1.712e-01","Enriched in Sample","Genus: Yoonia-Loktanella"
"Aquiloniella_scabra","e6acf6e76691883091b8419f0a670f59","Bacteria","Bacteroidota","Bacteroidia","Cytophagales","Cyclobacteriaceae","Reichenbachiella",-2.027,"3.617e-03","1.712e-01","Enriched in Control","Genus: Reichenbachiella"
"Aquiloniella_scabra","75db9b4fe7a0f119947425627d6891bd","Bacteria","Proteobacteria","Gammaproteobacteria","Arenicellales","Arenicellaceae","Arenicella",-1.597,"3.890e-03","1.775e-01","Enriched in Control","Genus: Arenicella"
"Aquiloniella_scabra","a7233f84db0360ad7535619a0b20e8bf","Bacteria","Cyanobacteria","Cyanobacteriia","Chloroplast","Chloroplast","Chloroplast",2.231,"3.996e-03","1.775e-01","Enriched in Sample","Genus: Chloroplast"
"Aquiloniella_scabra","b5de712b93a82e4723968c0839061699","Bacteria","Bacteroidota","Bacteroidia","Cytophagales","Cyclobacteriaceae","Ekhidna",-1.487,"3.918e-03","1.775e-01","Enriched in Control","Genus: Ekhidna"
"Aquiloniella_scabra","e31fbd90ae48ef4e5dbc5a70155b3022","Bacteria","Proteobacteria","Gammaproteobacteria",NA,NA,NA,-3.033,"4.009e-03","1.775e-01","Enriched in Control","Class: Gammaproteobacteria"
"Aquiloniella_scabra","1b894e7b3abc023b445b8edae5056a21","Bacteria",NA,NA,NA,NA,NA,-1.732,"4.563e-03","1.960e-01","Enriched in Control","Kingdom: Bacteria"
"Aquiloniella_scabra","576cd6100838c548f4cebc7657f7b79a","Bacteria","Bacteroidota","Bacteroidia","Flavobacteriales","NS9_marine_group","NS9_marine_group",-2.214,"4.707e-03","1.960e-01","Enriched in Control","Genus: NS9_marine_group"
"Aquiloniella_scabra","a9da372ac0851e6d3f72c0d0ba8a9169","Bacteria","Bdellovibrionota","Bdellovibrionia","Bdellovibrionales","Bdellovibrionaceae","OM27_clade",-1.649,"4.491e-03","1.960e-01","Enriched in Control","Genus: OM27_clade"
"Aquiloniella_scabra","b5fb61584fb688918ec8c5431cdd4547","Bacteria","Planctomycetota","OM190","OM190","OM190","OM190",-1.475,"4.708e-03","1.960e-01","Enriched in Control","Genus: OM190"
"Aquiloniella_scabra","d15bc449222795a9ff230013aa633686","Bacteria","Proteobacteria","Gammaproteobacteria","Pseudomonadales","Moraxellaceae","Acinetobacter",2.338,"4.658e-03","1.960e-01","Enriched in Sample","Genus: Acinetobacter"
"Aquiloniella_scabra","0f7a2cba3ea1a42dabd1eb84a27f5927","Bacteria","Proteobacteria","Alphaproteobacteria",NA,NA,NA,-1.204,"5.090e-03","2.023e-01","Enriched in Control","Class: Alphaproteobacteria"
"Aquiloniella_scabra","169b6455530e3a2dc5bab9634bf5464d","Bacteria","Proteobacteria","Gammaproteobacteria","Granulosicoccales","Granulosicoccaceae","Granulosicoccus",2.306,"5.078e-03","2.023e-01","Enriched in Sample","Genus: Granulosicoccus"
"Aquiloniella_scabra","3022aecd3cf0ed1b4e11f5f364b31690","Bacteria","Proteobacteria","Gammaproteobacteria","Alteromonadales","Alteromonadaceae","Paraglaciecola",-1.875,"4.984e-03","2.023e-01","Enriched in Control","Genus: Paraglaciecola"
"Aquiloniella_scabra","4bb00ff635bc24788a9b5d0cf25109fd","Bacteria","Proteobacteria","Gammaproteobacteria","Cellvibrionales","Cellvibrionaceae","Marinagarivorans",-1.399,"4.982e-03","2.023e-01","Enriched in Control","Genus: Marinagarivorans"
"Aquiloniella_scabra","7dfcf4cd9861f411497dd9ec9e5b3e21","Bacteria","Proteobacteria","Gammaproteobacteria","Tenderiales","Tenderiaceae","Candidatus_Tenderia",-1.854,"5.213e-03","2.048e-01","Enriched in Control","Genus: Candidatus_Tenderia"
"Aquiloniella_scabra","7cd35a4b9e944317318b02eb142118e8","Bacteria","Proteobacteria","Gammaproteobacteria","Cellvibrionales","Halieaceae",NA,-1.265,"5.340e-03","2.075e-01","Enriched in Control","Family: Halieaceae"
"Aquiloniella_scabra","12479d8565e104f02af902b8c165c23d","Bacteria","Proteobacteria","Gammaproteobacteria","UBA10353_marine_group","UBA10353_marine_group","UBA10353_marine_group",-2.372,"5.519e-03","2.078e-01","Enriched in Control","Genus: UBA10353_marine_group"
"Aquiloniella_scabra","368d8403c6cc4e29e24c23cfce3bcd0f","Bacteria","Proteobacteria","Gammaproteobacteria","Steroidobacterales","Woeseiaceae","Woeseia",-2.72,"5.512e-03","2.078e-01","Enriched in Control","Genus: Woeseia"
"Aquiloniella_scabra","6ace4e7664815b50cab6e2db8056b113","Bacteria","Cyanobacteria","Cyanobacteriia","Chloroplast","Chloroplast","Chloroplast",2.51,"5.527e-03","2.078e-01","Enriched in Sample","Genus: Chloroplast"
"Aquiloniella_scabra","d5e758ebd3c124e486293fe3fddf32cf","Bacteria","Proteobacteria","Alphaproteobacteria","Rhizobiales","Devosiaceae","Devosia",6.191,"5.822e-03","2.166e-01","Enriched in Sample","Genus: Devosia"
"Aquiloniella_scabra","185474c3dc53ff6ff5abb3d7d564841a","Bacteria","Proteobacteria","Alphaproteobacteria","Rickettsiales","Mitochondria","Mitochondria",2.874,"6.198e-03","2.220e-01","Enriched in Sample","Genus: Mitochondria"
"Aquiloniella_scabra","1db2aedb3113eb91e4c997379103dce7","Bacteria","Proteobacteria","Alphaproteobacteria","Rickettsiales","Mitochondria","Mitochondria",2.154,"6.221e-03","2.220e-01","Enriched in Sample","Genus: Mitochondria"
"Aquiloniella_scabra","5a9ca63a1b38151bcc148cc2c0790a3c","Bacteria","Proteobacteria","Gammaproteobacteria",NA,NA,NA,-2.005,"6.101e-03","2.220e-01","Enriched in Control","Class: Gammaproteobacteria"
"Aquiloniella_scabra","aadf15eecadb292d444c66b51235c196","Bacteria","Bacteroidota","Bacteroidia","Cytophagales","Cyclobacteriaceae",NA,-1.25,"6.202e-03","2.220e-01","Enriched in Control","Family: Cyclobacteriaceae"
"Aquiloniella_scabra","427b8ead127fc0b334406fbaca3f38d7","Bacteria","SAR324_clade(Marine_group_B)","SAR324_clade(Marine_group_B)","SAR324_clade(Marine_group_B)","SAR324_clade(Marine_group_B)","SAR324_clade(Marine_group_B)",-1.292,"6.389e-03","2.234e-01","Enriched in Control","Genus: SAR324_clade(Marine_group_B)"
"Aquiloniella_scabra","c94124146fa5319419d291ad648a77fa","Bacteria","Proteobacteria","Gammaproteobacteria","JTB23","JTB23","JTB23",-1.562,"6.382e-03","2.234e-01","Enriched in Control","Genus: JTB23"
"Aquiloniella_scabra","8188598a9b197d172cfc57da67efb2ab","Bacteria","Proteobacteria","Alphaproteobacteria","Rhodobacterales","Rhodobacteraceae",NA,-1.881,"6.597e-03","2.284e-01","Enriched in Control","Family: Rhodobacteraceae"
"Aquiloniella_scabra","4949fe0db03d05998d5074355e66760e","Bacteria","Bacteroidota","Rhodothermia","Balneolales","Balneolaceae","B2706-C7",-1.391,"6.813e-03","2.307e-01","Enriched in Control","Genus: B2706-C7"
"Aquiloniella_scabra","933db767d1b3ad87196e86e7d73f8bd1","Bacteria","Proteobacteria","Gammaproteobacteria","Cellvibrionales","Halieaceae","Halioglobus",-0.642,"6.861e-03","2.307e-01","Enriched in Control","Genus: Halioglobus"
"Aquiloniella_scabra","ee065ca4ce4405228c305a28f9378f58","Bacteria","Proteobacteria","Gammaproteobacteria","eub62A3","eub62A3","eub62A3",-1.138,"6.833e-03","2.307e-01","Enriched in Control","Genus: eub62A3"
"Aquiloniella_scabra","9278c3ba31355d47f18a60ce54266a48","Bacteria","Proteobacteria","Alphaproteobacteria","Rhizobiales","Rhizobiaceae","Lentilitoribacter",2.039,"7.152e-03","2.382e-01","Enriched in Sample","Genus: Lentilitoribacter"
"Aquiloniella_scabra","acfbc2958b95e403ef08473906cd1b07","Bacteria","Proteobacteria","Gammaproteobacteria",NA,NA,NA,-0.769,"7.412e-03","2.422e-01","Enriched in Control","Class: Gammaproteobacteria"
"Aquiloniella_scabra","f053778ac11218db2855b879731e41f6","Bacteria","Proteobacteria","Alphaproteobacteria","Rhodobacterales","Rhodobacteraceae",NA,1.849,"7.353e-03","2.422e-01","Enriched in Sample","Family: Rhodobacteraceae"
"Aquiloniella_scabra","ba2f196ebaf40e40a61e9436051457fe","Bacteria","Firmicutes","Bacilli","Bacillales","Bacillaceae",NA,-1.494,"7.596e-03","2.460e-01","Enriched in Control","Family: Bacillaceae"
"Patinella_verrucaria","a634a2821a34209d91ff6a23afaf0749","Bacteria","Proteobacteria","Alphaproteobacteria","Rhodobacterales","Rhodobacteraceae","Yoonia-Loktanella",7.303,"1.459e-11","9.572e-09","Enriched in Sample","Genus: Yoonia-Loktanella"
"Patinella_verrucaria","a4dd6d542fe6ec39d993a15f5526adba","Bacteria","Proteobacteria","Alphaproteobacteria","Rhodobacterales","Rhodobacteraceae","Yoonia-Loktanella",1.174,"1.575e-10","5.167e-08","Enriched in Sample","Genus: Yoonia-Loktanella"
"Patinella_verrucaria","e53d40931998c5c89278f8b7d89112fa","Bacteria",NA,NA,NA,NA,NA,6.065,"4.083e-10","8.928e-08","Enriched in Sample","Kingdom: Bacteria"
"Patinella_verrucaria","04db8fa0f286c42335556af597b5c346","Bacteria","Planctomycetota","Planctomycetes","Planctomycetales","Gimesiaceae",NA,1.154,"7.466e-10","1.224e-07","Enriched in Sample","Family: Gimesiaceae"
"Patinella_verrucaria","db30bfa14b0cd36a31d9d1bd5aae464f","Bacteria","Proteobacteria","Alphaproteobacteria","Rhizobiales","Rhizobiales_Incertae_Sedis","Anderseniella",5.902,"3.442e-09","4.516e-07","Enriched in Sample","Genus: Anderseniella"
"Patinella_verrucaria","1a04461b51bc23b48c24529fbdb95d2b","Bacteria","Proteobacteria","Alphaproteobacteria","Rhodobacterales","Rhodobacteraceae","Sulfitobacter",8.278,"4.653e-09","5.087e-07","Enriched in Sample","Genus: Sulfitobacter"
"Patinella_verrucaria","6e0546931ed7eab1f41201aabb92be68","Bacteria","Cyanobacteria","Cyanobacteriia","Chloroplast","Chloroplast","Chloroplast",4.119,"9.886e-09","9.264e-07","Enriched in Sample","Genus: Chloroplast"
"Patinella_verrucaria","139f25691465fa60e55b064adbdc8f77",NA,NA,NA,NA,NA,NA,1.331,"2.440e-08","2.001e-06","Enriched in Sample","Unclassified"
"Patinella_verrucaria","2f5f939a9cb1a84c481d0d730257edfc","Bacteria","Cyanobacteria","Cyanobacteriia","Chloroplast","Chloroplast","Chloroplast",5.369,"6.110e-08","4.008e-06","Enriched in Sample","Genus: Chloroplast"
"Patinella_verrucaria","4d833bf0162967d91310d1a93db92ed2","Bacteria","Cyanobacteria","Cyanobacteriia","Chloroplast","Chloroplast","Chloroplast",8.168,"5.699e-08","4.008e-06","Enriched in Sample","Genus: Chloroplast"
"Patinella_verrucaria","fbcc4b1b852cf931033fb27fbc44e355","Bacteria","Bacteroidota","Bacteroidia","Flavobacteriales","Flavobacteriaceae",NA,-5.125,"1.413e-07","7.944e-06","Enriched in Control","Family: Flavobacteriaceae"
"Patinella_verrucaria","fe67011d87678cd172e2f7de022b664f","Bacteria","Proteobacteria","Gammaproteobacteria","Diplorickettsiales","Diplorickettsiaceae",NA,1.353,"1.453e-07","7.944e-06","Enriched in Sample","Family: Diplorickettsiaceae"
"Patinella_verrucaria","0f067d3b0fcbcbb517d57a849a9928db","Bacteria","Planctomycetota","Planctomycetes","Pirellulales","Pirellulaceae",NA,1.251,"3.009e-07","1.518e-05","Enriched in Sample","Family: Pirellulaceae"
"Patinella_verrucaria","1f9d114e8d3a20c7bb9811eeab731b17","Bacteria",NA,NA,NA,NA,NA,2.427,"3.533e-07","1.655e-05","Enriched in Sample","Kingdom: Bacteria"
"Patinella_verrucaria","60ef3e6936a0df613cd8639cf1d82dd8","Bacteria",NA,NA,NA,NA,NA,3.513,"4.194e-07","1.834e-05","Enriched in Sample","Kingdom: Bacteria"
"Patinella_verrucaria","729833d6acec1576dda09a91d2cb8922","Bacteria","Proteobacteria","Alphaproteobacteria","Rhizobiales","Hyphomicrobiaceae","Filomicrobium",1.276,"6.499e-07","2.598e-05","Enriched in Sample","Genus: Filomicrobium"
"Patinella_verrucaria","be3cb677392518f2eb047d5691a05c87","Bacteria","Planctomycetota","Planctomycetes","Pirellulales","Pirellulaceae","Rubripirellula",1.471,"6.732e-07","2.598e-05","Enriched in Sample","Genus: Rubripirellula"
"Patinella_verrucaria","8c98595b50153db05b95a7c15b260525","Bacteria","Verrucomicrobiota","Verrucomicrobiae","Verrucomicrobiales","Rubritaleaceae","Persicirhabdus",1.509,"9.971e-07","3.634e-05","Enriched in Sample","Genus: Persicirhabdus"
"Patinella_verrucaria","578cabc2ffdc8324871bfe6fcb86c8a9","Bacteria","Planctomycetota","Planctomycetes","Pirellulales","Pirellulaceae",NA,1.488,"1.120e-06","3.868e-05","Enriched in Sample","Family: Pirellulaceae"
"Patinella_verrucaria","19483975848ef1e1f6ba304df2b90196","Bacteria","Cyanobacteria","Cyanobacteriia","Chloroplast","Chloroplast","Chloroplast",1.374,"1.257e-06","4.122e-05","Enriched in Sample","Genus: Chloroplast"
"Patinella_verrucaria","9cf24ad9887eff6ca510f3629e38c25a","Bacteria","Planctomycetota","Planctomycetes","Pirellulales","Pirellulaceae",NA,1.268,"1.324e-06","4.135e-05","Enriched in Sample","Family: Pirellulaceae"
"Patinella_verrucaria","edace155e4b31c185330bcc89327ce21","Bacteria","Cyanobacteria","Cyanobacteriia","Chloroplast","Chloroplast","Chloroplast",1.643,"1.822e-06","5.432e-05","Enriched in Sample","Genus: Chloroplast"
"Patinella_verrucaria","9910b78ecfcab8367a1b3ae162fb4cee","Bacteria","Planctomycetota","Planctomycetes","Isosphaerales","Isosphaeraceae",NA,1.619,"1.965e-06","5.605e-05","Enriched in Sample","Family: Isosphaeraceae"
"Patinella_verrucaria","1bc7e599ad2dbd3c9e8128114addb62e","Bacteria","Bacteroidota","Bacteroidia","Flavobacteriales","Flavobacteriaceae","Algitalea",-4.844,"2.060e-06","5.630e-05","Enriched in Control","Genus: Algitalea"
"Patinella_verrucaria","51072144763d6f2480df1cad15babda4","Bacteria","Proteobacteria","Alphaproteobacteria","Rhodobacterales","Rhodobacteraceae","Octadecabacter",1.739,"3.773e-06","9.899e-05","Enriched in Sample","Genus: Octadecabacter"
"Patinella_verrucaria","ac4ac274d280050de041eaa56cbe3c92","Bacteria","Planctomycetota","Planctomycetes","Pirellulales","Pirellulaceae","Blastopirellula",1.74,"4.258e-06","1.025e-04","Enriched in Sample","Genus: Blastopirellula"
"Patinella_verrucaria","c3ff5c573fb0e919a4b6e39d5db06dd8","Bacteria","Proteobacteria","Alphaproteobacteria","SAR11_clade",NA,NA,1.757,"4.377e-06","1.025e-04","Enriched in Sample","Order: SAR11_clade"
"Patinella_verrucaria","c6ee8a2dc2752e9ceca077f36476e467","Bacteria","Proteobacteria","Alphaproteobacteria","Caulobacterales","Hyphomonadaceae",NA,-5.356,"4.234e-06","1.025e-04","Enriched in Control","Family: Hyphomonadaceae"
"Patinella_verrucaria","cd595c4d4718f235de7afa8a4fb1d827","Bacteria","Cyanobacteria","Cyanobacteriia","Chloroplast","Chloroplast","Chloroplast",5.801,"5.112e-06","1.156e-04","Enriched in Sample","Genus: Chloroplast"
"Patinella_verrucaria","f053778ac11218db2855b879731e41f6","Bacteria","Proteobacteria","Alphaproteobacteria","Rhodobacterales","Rhodobacteraceae",NA,1.37,"5.634e-06","1.232e-04","Enriched in Sample","Family: Rhodobacteraceae"
"Patinella_verrucaria","d3411bbafb4f9e5e06853a662b2ef9be","Bacteria","Proteobacteria","Alphaproteobacteria","Caulobacterales","Hyphomonadaceae","Hellea",-7.531,"6.524e-06","1.380e-04","Enriched in Control","Genus: Hellea"
"Patinella_verrucaria","9596c2bc8e8edf429b2f5527e5647ea5","Bacteria","Proteobacteria","Alphaproteobacteria","Caulobacterales","Parvularculaceae","Amphiplicatus",-5.099,"7.533e-06","1.544e-04","Enriched in Control","Genus: Amphiplicatus"
"Patinella_verrucaria","3e654b6a2f5c3f012508e5170d99c6e7","Bacteria","Proteobacteria","Alphaproteobacteria","Rhizobiales",NA,NA,2.88,"9.607e-06","1.910e-04","Enriched in Sample","Order: Rhizobiales"
"Patinella_verrucaria","9bd20c6dd9e216eb9c62ab933e134da3","Bacteria","Cyanobacteria","Cyanobacteriia","Chloroplast","Chloroplast","Chloroplast",1.537,"1.104e-05","2.131e-04","Enriched in Sample","Genus: Chloroplast"
"Patinella_verrucaria","6571c42e7d53e6149821aaea40426d89","Bacteria","Proteobacteria","Gammaproteobacteria","Granulosicoccales","Granulosicoccaceae","Granulosicoccus",-2.241,"1.330e-05","2.423e-04","Enriched in Control","Genus: Granulosicoccus"
"Patinella_verrucaria","a30387bf30a75f6ab45d6e8ba3082804","Bacteria","Proteobacteria","Alphaproteobacteria",NA,NA,NA,5.693,"1.303e-05","2.423e-04","Enriched in Sample","Class: Alphaproteobacteria"
"Patinella_verrucaria","2b72428ebbcbfc529a8aecf2ea37157c","Bacteria","Actinobacteriota","Actinobacteria","PeM15","PeM15","PeM15",1.897,"1.687e-05","2.991e-04","Enriched in Sample","Genus: PeM15"
"Patinella_verrucaria","53b0bf16a3ebf64cb2ca3854a7853e91","Bacteria","Cyanobacteria","Cyanobacteriia","Chloroplast","Chloroplast","Chloroplast",1.891,"1.874e-05","3.152e-04","Enriched in Sample","Genus: Chloroplast"
"Patinella_verrucaria","c400bb9ef12cb34392453dd557713e2b","Bacteria","Planctomycetota","Planctomycetes","Pirellulales","Pirellulaceae","Blastopirellula",4.246,"1.845e-05","3.152e-04","Enriched in Sample","Genus: Blastopirellula"
"Patinella_verrucaria","13bfbe035d4afd772a36eb36a3175948","Bacteria","Cyanobacteria","Cyanobacteriia","Synechococcales","Cyanobiaceae","Synechococcus_CC9902",1.405,"2.154e-05","3.533e-04","Enriched in Sample","Genus: Synechococcus_CC9902"
"Patinella_verrucaria","d201cbacd1c567ff782a4fefb0caf09b","Bacteria","Planctomycetota","Planctomycetes","Pirellulales","Pirellulaceae",NA,1.487,"2.338e-05","3.687e-04","Enriched in Sample","Family: Pirellulaceae"
"Patinella_verrucaria","dd4288754e567d2598eb7d479a0c1051","Bacteria","Planctomycetota","Planctomycetes","Planctomycetales","Gimesiaceae","Gimesia",1.953,"2.361e-05","3.687e-04","Enriched in Sample","Genus: Gimesia"
"Patinella_verrucaria","0cc9c55d721f5f3d43ec8bc2fe132d0e","Bacteria","Proteobacteria","Gammaproteobacteria","Cellvibrionales","Halieaceae","Marimicrobium",3.838,"3.654e-05","5.575e-04","Enriched in Sample","Genus: Marimicrobium"
"Patinella_verrucaria","cff90739aec43855cf9b4c0c5a7fb2b1","Eukaryota",NA,NA,NA,NA,NA,1.7,"3.934e-05","5.865e-04","Enriched in Sample","Kingdom: Eukaryota"
"Patinella_verrucaria","450b0f9dbaf395de258b2b6c62a5f5aa","Bacteria","Proteobacteria","Alphaproteobacteria",NA,NA,NA,2.328,"5.845e-05","8.521e-04","Enriched in Sample","Class: Alphaproteobacteria"
"Patinella_verrucaria","c635e68d37dc732efc7938b2d5938516","Bacteria","Proteobacteria","Gammaproteobacteria","Cellvibrionales","Cellvibrionaceae",NA,-6.419,"8.649e-05","1.233e-03","Enriched in Control","Family: Cellvibrionaceae"
"Patinella_verrucaria","3d2cb4d432637a967953485f20f9eec5","Bacteria",NA,NA,NA,NA,NA,1.591,"9.363e-05","1.307e-03","Enriched in Sample","Kingdom: Bacteria"
"Patinella_verrucaria","58c4c519152238addd28ad789a0e3adc","Bacteria","Bacteroidota","Bacteroidia","Flavobacteriales","Flavobacteriaceae",NA,3.297,"1.031e-04","1.409e-03","Enriched in Sample","Family: Flavobacteriaceae"
"Patinella_verrucaria","e00f5fdbe342c7e772ef846e7452911e","Bacteria","Cyanobacteria","Cyanobacteriia","Chloroplast","Chloroplast","Chloroplast",-6.071,"1.221e-04","1.635e-03","Enriched in Control","Genus: Chloroplast"
"Patinella_verrucaria","6dd9d05b5d7e6b97dc14447e9014958c","Bacteria","NB1-j","NB1-j","NB1-j","NB1-j","NB1-j",-3.537,"1.467e-04","1.924e-03","Enriched in Control","Genus: NB1-j"
"Patinella_verrucaria","61ed6ce1622d7abc236fcb34e383b9df","Bacteria","Proteobacteria","Alphaproteobacteria",NA,NA,NA,2.141,"1.665e-04","2.142e-03","Enriched in Sample","Class: Alphaproteobacteria"
"Patinella_verrucaria","a873093c14011b2af25ae42d32316822","Bacteria","Planctomycetota","Planctomycetes","Pirellulales","Pirellulaceae","Blastopirellula",-4.903,"1.790e-04","2.258e-03","Enriched in Control","Genus: Blastopirellula"
"Patinella_verrucaria","382df3e0baaef58683f1815a6dd0082f","Bacteria","Planctomycetota","Planctomycetes","Isosphaerales","Isosphaeraceae",NA,1.741,"2.012e-04","2.490e-03","Enriched in Sample","Family: Isosphaeraceae"
"Patinella_verrucaria","8cff7bc3fb5f7586f26e4837583cb108","Bacteria","Proteobacteria","Gammaproteobacteria","Cellvibrionales","Halieaceae","OM60(NOR5)_clade",3.484,"2.880e-04","3.499e-03","Enriched in Sample","Genus: OM60(NOR5)_clade"
"Patinella_verrucaria","5d10eace291cd6e21a10aa0b539c6675","Bacteria","Cyanobacteria","Cyanobacteriia","Chloroplast","Chloroplast","Chloroplast",5.812,"2.951e-04","3.520e-03","Enriched in Sample","Genus: Chloroplast"
"Patinella_verrucaria","5234d703355574c2c5651a4064ff536f","Bacteria","Proteobacteria","Alphaproteobacteria","Rhodobacterales","Rhodobacteraceae",NA,1.695,"4.734e-04","5.546e-03","Enriched in Sample","Family: Rhodobacteraceae"
"Patinella_verrucaria","7d332824708bd7dd7c7bc731d027d0b5","Bacteria","Proteobacteria","Gammaproteobacteria","KI89A_clade","KI89A_clade","KI89A_clade",-2.277,"4.922e-04","5.665e-03","Enriched in Control","Genus: KI89A_clade"
"Patinella_verrucaria","b98daa18c668f922de33812aade51f0d","Bacteria","Proteobacteria","Gammaproteobacteria","Granulosicoccales","Granulosicoccaceae","Granulosicoccus",-6.819,"5.850e-04","6.616e-03","Enriched in Control","Genus: Granulosicoccus"
"Patinella_verrucaria","2bbe9ffa11b7f8f8f39949efd572622e","Bacteria","Actinobacteriota","Acidimicrobiia","Microtrichales","Ilumatobacteraceae","Ilumatobacter",4.147,"6.895e-04","7.666e-03","Enriched in Sample","Genus: Ilumatobacter"
"Patinella_verrucaria","b412ae178d00f4610eb08e2c5f1070e2","Bacteria","Proteobacteria","Alphaproteobacteria","Caulobacterales","Hyphomonadaceae","Litorimonas",-3.057,"1.015e-03","1.110e-02","Enriched in Control","Genus: Litorimonas"
"Patinella_verrucaria","5b56a9ab5f7005e998ba28fae84d0e2e","Bacteria","Verrucomicrobiota","Verrucomicrobiae","Verrucomicrobiales","DEV007","DEV007",-3.79,"1.133e-03","1.219e-02","Enriched in Control","Genus: DEV007"
"Patinella_verrucaria","cded164d9fa3074d5c0980e0766a8974","Bacteria","Proteobacteria","Alphaproteobacteria","Rhodobacterales","Rhodobacteraceae",NA,-4.799,"1.163e-03","1.230e-02","Enriched in Control","Family: Rhodobacteraceae"
"Patinella_verrucaria","baa2303756ad35a4a7942e0e068297c9","Bacteria","Bacteroidota","Bacteroidia","Flavobacteriales","Flavobacteriaceae","Tenacibaculum",-4.28,"1.199e-03","1.237e-02","Enriched in Control","Genus: Tenacibaculum"
"Patinella_verrucaria","dc0c1382289972508f62c1eb392febda","Bacteria","Proteobacteria","Alphaproteobacteria",NA,NA,NA,3.899,"1.207e-03","1.237e-02","Enriched in Sample","Class: Alphaproteobacteria"
"Patinella_verrucaria","8bc8a577f444654080e1cbbcbf3624df","Bacteria","Proteobacteria","Gammaproteobacteria","Cellvibrionales","Cellvibrionaceae",NA,1.998,"1.339e-03","1.352e-02","Enriched in Sample","Family: Cellvibrionaceae"
"Patinella_verrucaria","c0cbc7be02ab7ab71ae694861accc33d","Bacteria","Proteobacteria","Alphaproteobacteria","Rhodobacterales","Rhodobacteraceae","Sulfitobacter",2.055,"1.361e-03","1.352e-02","Enriched in Sample","Genus: Sulfitobacter"
"Patinella_verrucaria","d6fd1639cbb76c7a57dc45b18c9557c2","Bacteria","Proteobacteria","Gammaproteobacteria","Granulosicoccales","Granulosicoccaceae","Granulosicoccus",-3.107,"1.443e-03","1.413e-02","Enriched in Control","Genus: Granulosicoccus"
"Patinella_verrucaria","66f407a78d0b08c3681c099ab327c567","Bacteria","Proteobacteria","Alphaproteobacteria","Caulobacterales","Hyphomonadaceae","Litorimonas",-2.769,"1.513e-03","1.460e-02","Enriched in Control","Genus: Litorimonas"
"Patinella_verrucaria","e754a39a858b1a95a88af59002c86f11","Bacteria","Proteobacteria","Alphaproteobacteria","Caulobacterales","Hyphomonadaceae",NA,-2.253,"1.573e-03","1.496e-02","Enriched in Control","Family: Hyphomonadaceae"
"Patinella_verrucaria","c30cad9fcfd8f81ab1ad5e4fd7791450","Bacteria","Bacteroidota","Bacteroidia","Cytophagales","Cyclobacteriaceae",NA,3.641,"1.850e-03","1.734e-02","Enriched in Sample","Family: Cyclobacteriaceae"
"Patinella_verrucaria","219274e4f902b9dff93071ea70e7b13e","Bacteria","Bacteroidota","Bacteroidia","Flavobacteriales","Flavobacteriaceae","Dokdonia",-3.824,"1.945e-03","1.797e-02","Enriched in Control","Genus: Dokdonia"
"Patinella_verrucaria","f87bfb253d2783c1b609185e1cf2dc94","Bacteria","Planctomycetota","OM190","OM190","OM190","OM190",-3.054,"2.027e-03","1.847e-02","Enriched in Control","Genus: OM190"
"Patinella_verrucaria","e37325985104480c096f7fba13267f42","Bacteria","Verrucomicrobiota","Verrucomicrobiae","Verrucomicrobiales","Rubritaleaceae","Roseibacillus",-3.71,"2.100e-03","1.887e-02","Enriched in Control","Genus: Roseibacillus"
"Patinella_verrucaria","a86091032bf65639a7bae7d5232f0378","Bacteria","Cyanobacteria","Cyanobacteriia","Chloroplast","Chloroplast","Chloroplast",3.621,"2.703e-03","2.396e-02","Enriched in Sample","Genus: Chloroplast"
"Patinella_verrucaria","14f87010b759af5eba30b821ec5adbd7","Bacteria","Planctomycetota","Planctomycetes","Pirellulales","Pirellulaceae","Blastopirellula",-5.807,"2.740e-03","2.396e-02","Enriched in Control","Genus: Blastopirellula"
"Patinella_verrucaria","c8487b182705eaad35c8578b81969d20","Bacteria","Proteobacteria","Alphaproteobacteria","Rhodobacterales","Rhodobacteraceae",NA,3.331,"2.782e-03","2.401e-02","Enriched in Sample","Family: Rhodobacteraceae"
"Patinella_verrucaria","1bd64880dd9696b130cbe87fcc4e86e5","Bacteria","Cyanobacteria","Cyanobacteriia","Chloroplast","Chloroplast","Chloroplast",0.72,"3.256e-03","2.596e-02","Enriched in Sample","Genus: Chloroplast"
"Patinella_verrucaria","46a7475bfbd3a0d1254bcf3bf02c594a","Bacteria","Proteobacteria","Gammaproteobacteria","HOC36","HOC36","HOC36",0.737,"3.364e-03","2.596e-02","Enriched in Sample","Genus: HOC36"
"Patinella_verrucaria","4d5ea57ba7338b0aca057fb93a24b82b","Bacteria","Planctomycetota","Planctomycetes","Pirellulales","Pirellulaceae","Blastopirellula",0.735,"3.354e-03","2.596e-02","Enriched in Sample","Genus: Blastopirellula"
"Patinella_verrucaria","5fa1f70939d54c077ed7e04f0e76c3ee","Bacteria","Proteobacteria","Alphaproteobacteria","Rhodobacterales","Rhodobacteraceae",NA,0.691,"3.130e-03","2.596e-02","Enriched in Sample","Family: Rhodobacteraceae"
"Patinella_verrucaria","b6952b03ca6350f94d72b0d823b64a9d","Bacteria","Proteobacteria","Alphaproteobacteria","Rickettsiales","Mitochondria","Mitochondria",0.686,"3.117e-03","2.596e-02","Enriched in Sample","Genus: Mitochondria"
"Patinella_verrucaria","bb23a9ce44ee3a69cccad6ae72107707","Bacteria",NA,NA,NA,NA,NA,0.713,"3.219e-03","2.596e-02","Enriched in Sample","Kingdom: Bacteria"
"Patinella_verrucaria","c344c6c584c663a222c735d50eabb47d","Bacteria","Proteobacteria","Alphaproteobacteria","Rickettsiales","Mitochondria","Mitochondria",0.715,"3.230e-03","2.596e-02","Enriched in Sample","Genus: Mitochondria"
"Patinella_verrucaria","de91d86ca4553fad5b571cab4bc0c643","Bacteria","Dependentiae","Babeliae","Babeliales","UBA12409","UBA12409",0.672,"3.096e-03","2.596e-02","Enriched in Sample","Genus: UBA12409"
"Patinella_verrucaria","f52cc1224cac807cd42d9a901ed53c9b","Bacteria","Proteobacteria","Alphaproteobacteria","Rickettsiales","Mitochondria","Mitochondria",0.735,"3.354e-03","2.596e-02","Enriched in Sample","Genus: Mitochondria"
"Patinella_verrucaria","01c071fe83cce6cf3f04cb51a16f6cf9","Bacteria","Cyanobacteria","Cyanobacteriia","Chloroplast","Chloroplast","Chloroplast",0.763,"3.576e-03","2.643e-02","Enriched in Sample","Genus: Chloroplast"
"Patinella_verrucaria","1f582b58a39968c91ff3f3c2d6405e01","Bacteria","Verrucomicrobiota","Chlamydiae","Chlamydiales","Simkaniaceae",NA,0.763,"3.576e-03","2.643e-02","Enriched in Sample","Family: Simkaniaceae"
"Patinella_verrucaria","47ceef7ab8b6e541e8f6a8bf3ed20799","Bacteria",NA,NA,NA,NA,NA,0.764,"3.586e-03","2.643e-02","Enriched in Sample","Kingdom: Bacteria"
"Patinella_verrucaria","a46c68ade453c5b8cdc418a30ff62c46","Bacteria","Proteobacteria","Alphaproteobacteria","Sphingomonadales","Sphingomonadaceae","Sphingorhabdus",0.757,"3.530e-03","2.643e-02","Enriched in Sample","Genus: Sphingorhabdus"
"Patinella_verrucaria","80cc08cc4b6e2dabff05acd656a1ebd7",NA,NA,NA,NA,NA,NA,0.794,"3.894e-03","2.791e-02","Enriched in Sample","Unclassified"
"Patinella_verrucaria","8fc2ef4e56ee8777d7789d081106895a","Bacteria","Bacteroidota","Bacteroidia","Flavobacteriales","Flavobacteriaceae","NS4_marine_group",0.792,"3.874e-03","2.791e-02","Enriched in Sample","Genus: NS4_marine_group"
"Patinella_verrucaria","acbdfc14c6d9f647954eeab899f2b241","Bacteria","Proteobacteria","Alphaproteobacteria","Reyranellales","Reyranellaceae","Reyranella",0.795,"3.914e-03","2.791e-02","Enriched in Sample","Genus: Reyranella"
"Patinella_verrucaria","6443898054518f4a3520abd88ae8a640","Bacteria","Actinobacteriota","Actinobacteria",NA,NA,NA,0.804,"4.019e-03","2.835e-02","Enriched in Sample","Class: Actinobacteria"
"Patinella_verrucaria","2c7168ee385176ea4961facb24c63cad","Bacteria",NA,NA,NA,NA,NA,0.809,"4.079e-03","2.847e-02","Enriched in Sample","Kingdom: Bacteria"
"Patinella_verrucaria","e86aff9d83cae9a0a12ce9418a82f731","Bacteria","Bacteroidota","Bacteroidia","Flavobacteriales","Cryomorphaceae","NS10_marine_group",-2.836,"4.159e-03","2.872e-02","Enriched in Control","Genus: NS10_marine_group"
"Patinella_verrucaria","1cb3558d8e931cbfe4138dc6111e0892","Bacteria","Planctomycetota","Planctomycetes","Planctomycetales","Rubinisphaeraceae","Fuerstia",0.823,"4.251e-03","2.905e-02","Enriched in Sample","Genus: Fuerstia"
"Patinella_verrucaria","117e2ebeb25f17a7989fa76a7863d66d","Bacteria","Proteobacteria","Gammaproteobacteria","Arenicellales","Arenicellaceae","Arenicella",0.848,"4.599e-03","3.079e-02","Enriched in Sample","Genus: Arenicella"
"Patinella_verrucaria","577ab2fd63927a467fc472aa93939c74","Bacteria","Proteobacteria","Alphaproteobacteria","Caulobacterales","Hyphomonadaceae","Hellea",-3.14,"4.571e-03","3.079e-02","Enriched in Control","Genus: Hellea"
"Patinella_verrucaria","2961c3455232ab30a84561187990fda7","Bacteria","Proteobacteria","Alphaproteobacteria","Caulobacterales","Hyphomonadaceae",NA,-2.949,"4.894e-03","3.210e-02","Enriched in Control","Family: Hyphomonadaceae"
"Patinella_verrucaria","915893668406e990f3b8ee735a5a79fd","Bacteria",NA,NA,NA,NA,NA,0.867,"4.890e-03","3.210e-02","Enriched in Sample","Kingdom: Bacteria"
"Patinella_verrucaria","4a0b292ba716582f9af46694458c0b9b","Bacteria","Cyanobacteria","Cyanobacteriia","Chloroplast","Chloroplast","Chloroplast",0.873,"4.970e-03","3.228e-02","Enriched in Sample","Genus: Chloroplast"
"Patinella_verrucaria","100c2a43ee71e19b2d15def65bbbddf1","Bacteria","Cyanobacteria","Cyanobacteriia","Chloroplast","Chloroplast","Chloroplast",0.881,"5.102e-03","3.249e-02","Enriched in Sample","Genus: Chloroplast"
"Patinella_verrucaria","6444657c0f5e7317624f71dc68a429f0","Bacteria","Verrucomicrobiota","Verrucomicrobiae","Verrucomicrobiales","DEV007","DEV007",0.88,"5.089e-03","3.249e-02","Enriched in Sample","Genus: DEV007"
"Patinella_verrucaria","54b2938845517c66a88daab1b15b06a8","Bacteria","Proteobacteria","Alphaproteobacteria","Rhizobiales","Devosiaceae",NA,4.949,"5.361e-03","3.382e-02","Enriched in Sample","Family: Devosiaceae"
"Patinella_verrucaria","af0734d13d54fc12a56ffe1cea938f3b","Bacteria","Proteobacteria","Alphaproteobacteria","Parvibaculales","PS1_clade","PS1_clade",1.239,"5.525e-03","3.452e-02","Enriched in Sample","Genus: PS1_clade"
"Patinella_verrucaria","5542f4f8f93034de29ef108852750947","Bacteria","Planctomycetota","Planctomycetes","Pirellulales","Pirellulaceae","Blastopirellula",-4.492,"5.848e-03","3.619e-02","Enriched in Control","Genus: Blastopirellula"
"Patinella_verrucaria","687e1d94d2bfc46843a21e7706df067e","Bacteria","Cyanobacteria","Cyanobacteriia","Chloroplast","Chloroplast","Chloroplast",0.932,"5.976e-03","3.630e-02","Enriched in Sample","Genus: Chloroplast"
"Patinella_verrucaria","91c17131cd04751c175243c37e94f7eb","Bacteria","Cyanobacteria","Cyanobacteriia","Chloroplast","Chloroplast","Chloroplast",0.93,"5.950e-03","3.630e-02","Enriched in Sample","Genus: Chloroplast"
"Patinella_verrucaria","bbaa49db59da4b9d9c05ca4a337866f3","Bacteria","Proteobacteria","Alphaproteobacteria","Rhodobacterales","Rhodobacteraceae",NA,5.332,"6.142e-03","3.697e-02","Enriched in Sample","Family: Rhodobacteraceae"
"Patinella_verrucaria","80380f29e51d9ff29653a529d29d3fc4","Bacteria","Proteobacteria","Alphaproteobacteria","Rickettsiales","Rickettsiaceae","Candidatus_Megaira",0.95,"6.317e-03","3.767e-02","Enriched in Sample","Genus: Candidatus_Megaira"
"Patinella_verrucaria","3f07c5798efd8deb6095045db89ee137","Bacteria","Desulfobacterota",NA,NA,NA,NA,0.958,"6.465e-03","3.821e-02","Enriched in Sample","Phylum: Desulfobacterota"
"Patinella_verrucaria","0fd37bd1907b7290a345be00eea52f4f","Bacteria","Cyanobacteria","Cyanobacteriia","Chloroplast","Chloroplast","Chloroplast",0.975,"6.800e-03","3.902e-02","Enriched in Sample","Genus: Chloroplast"
"Patinella_verrucaria","68262884f1021c896f8e1bf7348d773c","Bacteria","Bacteroidota","Bacteroidia","Flavobacteriales","Flavobacteriaceae","Flavobacterium",0.977,"6.855e-03","3.902e-02","Enriched in Sample","Genus: Flavobacterium"
"Patinella_verrucaria","6efcd9846560ff414ec2d5d259c0ec88","Bacteria","Cyanobacteria","Cyanobacteriia","Synechococcales","Cyanobiaceae","Synechococcus_CC9902",0.98,"6.901e-03","3.902e-02","Enriched in Sample","Genus: Synechococcus_CC9902"
"Patinella_verrucaria","a6905f293d92223e65dd6e1631fc40e8","Bacteria",NA,NA,NA,NA,NA,1.711,"6.748e-03","3.902e-02","Enriched in Sample","Kingdom: Bacteria"
"Patinella_verrucaria","b2ec0c366fd68090f7f876d279e9b01a","Bacteria","Cyanobacteria","Cyanobacteriia","Chloroplast","Chloroplast","Chloroplast",0.975,"6.807e-03","3.902e-02","Enriched in Sample","Genus: Chloroplast"
"Patinella_verrucaria","233f4984b368c629dce62662fbf10513","Bacteria","Cyanobacteria","Cyanobacteriia","Chloroplast","Chloroplast","Chloroplast",0.989,"7.080e-03","3.969e-02","Enriched in Sample","Genus: Chloroplast"
"Patinella_verrucaria","b78e9c4260d66a65c87ac5435c0f8d25","Bacteria","Proteobacteria","Alphaproteobacteria","Rhizobiales","Rhizobiaceae","Pseudahrensia",1.006,"7.432e-03","4.132e-02","Enriched in Sample","Genus: Pseudahrensia"
"Patinella_verrucaria","1263b941de1a0c2fb61d10f6b7e273da","Bacteria","Bacteroidota","Bacteroidia","Flavobacteriales","Flavobacteriaceae",NA,1.619,"7.937e-03","4.345e-02","Enriched in Sample","Family: Flavobacteriaceae"
"Patinella_verrucaria","8f51a564f763a2c7a93a85540c5763d2","Bacteria",NA,NA,NA,NA,NA,1.03,"7.949e-03","4.345e-02","Enriched in Sample","Kingdom: Bacteria"
"Patinella_verrucaria","41138974e340e72773d2b83a3f86e1d9","Bacteria","Cyanobacteria","Cyanobacteriia","Chloroplast","Chloroplast","Chloroplast",1.035,"8.053e-03","4.366e-02","Enriched in Sample","Genus: Chloroplast"
"Patinella_verrucaria","6c04fda77ffab719b8fc0280eee58e6b","Bacteria","Planctomycetota","Planctomycetes","Pirellulales","Pirellulaceae",NA,1.041,"8.184e-03","4.401e-02","Enriched in Sample","Family: Pirellulaceae"
"Patinella_verrucaria","11d9f4dde6fe2ad07a187337b9a2025c","Bacteria","Proteobacteria","Alphaproteobacteria","Rickettsiales","Mitochondria","Mitochondria",1.049,"8.368e-03","4.463e-02","Enriched in Sample","Genus: Mitochondria"
"Patinella_verrucaria","8cf2d6c9fedeb3cb3dbd20d6d82eabc3","Bacteria","Actinobacteriota","Acidimicrobiia","Microtrichales","Microtrichaceae","Sva0996_marine_group",1.059,"8.576e-03","4.537e-02","Enriched in Sample","Genus: Sva0996_marine_group"
"Patinella_verrucaria","852938775fb1fa6659258dd516e1e3af","Bacteria",NA,NA,NA,NA,NA,2.278,"8.657e-03","4.543e-02","Enriched in Sample","Kingdom: Bacteria"
"Patinella_verrucaria","7de5958338db62682325c264856a10fd","Bacteria","Planctomycetota","OM190","OM190","OM190","OM190",1.082,"9.092e-03","4.734e-02","Enriched in Sample","Genus: OM190"
"Patinella_verrucaria","15f70377a20620ede76a1f2a910a5fa2","Bacteria","Bacteroidota","Bacteroidia","Flavobacteriales","NS9_marine_group","NS9_marine_group",-1.646,"9.889e-03","5.108e-02","Enriched in Control","Genus: NS9_marine_group"
"Patinella_verrucaria","9b1518c1061247b7f49b0ef1a900914a","Bacteria","Proteobacteria","Gammaproteobacteria","Arenicellales","Arenicellaceae",NA,-2.342,"1.022e-02","5.239e-02","Enriched in Control","Family: Arenicellaceae"
"Patinella_verrucaria","c1e3d6a4f2a02d70acc7c3258e889732","Bacteria","Proteobacteria","Alphaproteobacteria","Rhizobiales","Rhizobiaceae","Lentilitoribacter",1.138,"1.039e-02","5.282e-02","Enriched in Sample","Genus: Lentilitoribacter"
"Patinella_verrucaria","f86ab1314d983f8e2bbe1b89795fe084","Bacteria","Bacteroidota","Bacteroidia","Chitinophagales","Saprospiraceae","Rubidimonas",-2.811,"1.093e-02","5.431e-02","Enriched in Control","Genus: Rubidimonas"
"Patinella_verrucaria","fbb6e0f572fb123ce9333090f647c4f7",NA,NA,NA,NA,NA,NA,1.156,"1.081e-02","5.431e-02","Enriched in Sample","Unclassified"
"Patinella_verrucaria","fdfeb6cc1c0dd2132cc2a7f29fb19f7f","Bacteria","Bdellovibrionota","Bdellovibrionia","Bdellovibrionales","Bdellovibrionaceae","Bdellovibrio",-5.125,"1.088e-02","5.431e-02","Enriched in Control","Genus: Bdellovibrio"
"Patinella_verrucaria","f6907f697361593491030f7dc8a198aa","Bacteria","Proteobacteria","Gammaproteobacteria","Oceanospirillales","Saccharospirillaceae","Oleispira",1.938,"1.124e-02","5.542e-02","Enriched in Sample","Genus: Oleispira"
"Patinella_verrucaria","1e1b7ddad02acecfc72680af8f2527db","Bacteria","Proteobacteria","Gammaproteobacteria","Arenicellales","Arenicellaceae","Arenicella",-3.553,"1.162e-02","5.688e-02","Enriched in Control","Genus: Arenicella"
"Patinella_verrucaria","a1deaaf0aeaee1963f22f598b43bbe9a","Bacteria","Verrucomicrobiota","Verrucomicrobiae","Verrucomicrobiales","Rubritaleaceae","Rubritalea",-4.138,"1.177e-02","5.718e-02","Enriched in Control","Genus: Rubritalea"
"Patinella_verrucaria","4e5dde1edf6195d5cc053de052ecd126","Bacteria","Actinobacteriota","Acidimicrobiia","Microtrichales","Microtrichaceae","Sva0996_marine_group",1.206,"1.202e-02","5.796e-02","Enriched in Sample","Genus: Sva0996_marine_group"
"Patinella_verrucaria","720b43663d61f720cbda595a52767410","Bacteria","Cyanobacteria","Cyanobacteriia","Chloroplast","Chloroplast","Chloroplast",1.218,"1.229e-02","5.883e-02","Enriched in Sample","Genus: Chloroplast"
"Patinella_verrucaria","038046812a9ff4798a07dab883adc0a2","Bacteria","Bacteroidota","Bacteroidia","Chitinophagales","Saprospiraceae",NA,-4.116,"1.240e-02","5.896e-02","Enriched in Control","Family: Saprospiraceae"
"Patinella_verrucaria","6ef0ba7972a3d850ab53b4cff1ecc30a","Bacteria","Actinobacteriota","Actinobacteria","Corynebacteriales","Mycobacteriaceae","Mycobacterium",1.23,"1.258e-02","5.939e-02","Enriched in Sample","Genus: Mycobacterium"
"Patinella_verrucaria","883ae30d1e8f0fb3abb2bb36086f8989","Bacteria","Proteobacteria","Gammaproteobacteria","Alteromonadales","Alteromonadaceae",NA,5.918,"1.280e-02","5.998e-02","Enriched in Sample","Family: Alteromonadaceae"
"Patinella_verrucaria","faa5c0dcb53dc1ec6e0ad209e4b5f3ba","Bacteria","Proteobacteria","Alphaproteobacteria","Sphingomonadales","Sphingomonadaceae",NA,4.183,"1.309e-02","6.091e-02","Enriched in Sample","Family: Sphingomonadaceae"
"Patinella_verrucaria","7e6d49ee79001adc19db0967b5346d7c","Bacteria","Bacteroidota","Bacteroidia","Chitinophagales","Saprospiraceae",NA,-2.618,"1.424e-02","6.532e-02","Enriched in Control","Family: Saprospiraceae"
"Patinella_verrucaria","b7279007573da839dc7d022d326a795c","Bacteria","Proteobacteria","Gammaproteobacteria","Alteromonadales","Colwelliaceae","Colwellia",1.294,"1.415e-02","6.532e-02","Enriched in Sample","Genus: Colwellia"
"Patinella_verrucaria","57b1ba0bd9185bc8ebed9f329a1fc9d5","Bacteria","SAR324_clade(Marine_group_B)","SAR324_clade(Marine_group_B)","SAR324_clade(Marine_group_B)","SAR324_clade(Marine_group_B)","SAR324_clade(Marine_group_B)",-3.226,"1.442e-02","6.558e-02","Enriched in Control","Genus: SAR324_clade(Marine_group_B)"
"Patinella_verrucaria","a901a8cfc9728d0ffa822c9c0f345b2d","Bacteria","Patescibacteria","Gracilibacteria","JGI_0000069-P22","JGI_0000069-P22","JGI_0000069-P22",-2.598,"1.450e-02","6.558e-02","Enriched in Control","Genus: JGI_0000069-P22"
"Patinella_verrucaria","2e6ab736cc771264acd25eedac00cf96","Bacteria","Planctomycetota","Planctomycetes","Pirellulales","Pirellulaceae","Bythopirellula",2.805,"1.497e-02","6.724e-02","Enriched in Sample","Genus: Bythopirellula"
"Patinella_verrucaria","8f46f6c883ff0376f5cfdc149e6de56f","Bacteria","Proteobacteria","Gammaproteobacteria","Granulosicoccales","Granulosicoccaceae","Granulosicoccus",1.347,"1.543e-02","6.884e-02","Enriched in Sample","Genus: Granulosicoccus"
"Patinella_verrucaria","8f925b5c8d43eded04671d9dd477e5b5","Bacteria","Proteobacteria","Gammaproteobacteria","Thiotrichales","Thiotrichaceae","Cocleimonas",-3.546,"1.554e-02","6.888e-02","Enriched in Control","Genus: Cocleimonas"
"Patinella_verrucaria","53a92e0a2a33b772ceb161d8c83fdd54","Bacteria","Proteobacteria","Gammaproteobacteria","Arenicellales","Arenicellaceae","Arenicella",1.584,"1.614e-02","7.108e-02","Enriched in Sample","Genus: Arenicella"
"Patinella_verrucaria","330511b25fce830f4ad4b90a0e70a290","Bacteria","Bacteroidota","Bacteroidia","Flavobacteriales","Flavobacteriaceae",NA,1.146,"1.690e-02","7.248e-02","Enriched in Sample","Family: Flavobacteriaceae"
"Patinella_verrucaria","aba6a32d51a6f8f58979fb224b7df4f0","Bacteria","Proteobacteria","Gammaproteobacteria","KI89A_clade","KI89A_clade","KI89A_clade",1.399,"1.670e-02","7.248e-02","Enriched in Sample","Genus: KI89A_clade"
"Patinella_verrucaria","ce04c5e50383bc87866e551d14443e51","Bacteria","Planctomycetota","OM190","OM190","OM190","OM190",-2.668,"1.690e-02","7.248e-02","Enriched in Control","Genus: OM190"
"Patinella_verrucaria","d137f3df2a73a2a19320c6248b490229","Bacteria","Proteobacteria","Gammaproteobacteria","Thiotrichales","Thiotrichaceae","Leucothrix",-5.142,"1.685e-02","7.248e-02","Enriched in Control","Genus: Leucothrix"
"Patinella_verrucaria","0919acf89fa8a15db3c351214f6e4f7c","Bacteria","Bacteroidota","Bacteroidia","Cytophagales","Cyclobacteriaceae",NA,-3.283,"1.727e-02","7.309e-02","Enriched in Control","Family: Cyclobacteriaceae"
"Patinella_verrucaria","2005002db75f1c8dc00b4ee4ba74b9b7","Bacteria","Proteobacteria",NA,NA,NA,NA,1.42,"1.720e-02","7.309e-02","Enriched in Sample","Phylum: Proteobacteria"
"Patinella_verrucaria","70c039d8c51974900eb441e93620c97e","Bacteria","Cyanobacteria","Cyanobacteriia","Chloroplast","Chloroplast","Chloroplast",2.288,"1.799e-02","7.564e-02","Enriched in Sample","Genus: Chloroplast"
"Patinella_verrucaria","d419d3173d0f1c706bf4ac47047c7bd6","Bacteria","Proteobacteria","Alphaproteobacteria","Sphingomonadales","Sphingomonadaceae","Altererythrobacter",3.117,"1.842e-02","7.695e-02","Enriched in Sample","Genus: Altererythrobacter"
"Patinella_verrucaria","f86b85ef1921a5a01654971edf04e830","Bacteria","Cyanobacteria","Cyanobacteriia","Chloroplast","Chloroplast","Chloroplast",-2.557,"1.955e-02","8.117e-02","Enriched in Control","Genus: Chloroplast"
"Patinella_verrucaria","46ca097e633fe69ec90772cf148a72eb","Bacteria","Actinobacteriota","Actinobacteria","PeM15","PeM15","PeM15",1.571,"2.073e-02","8.501e-02","Enriched in Sample","Genus: PeM15"
"Patinella_verrucaria","cd78e353ff7460b7e9e77db2ede05397","Bacteria","Proteobacteria","Alphaproteobacteria","Rhodobacterales","Rhodobacteraceae","Sulfitobacter",1.571,"2.073e-02","8.501e-02","Enriched in Sample","Genus: Sulfitobacter"
"Patinella_verrucaria","eda779de9198f9be9317ecf6596927a1","Bacteria","Cyanobacteria","Cyanobacteriia","Chloroplast","Chloroplast","Chloroplast",2.328,"2.152e-02","8.769e-02","Enriched in Sample","Genus: Chloroplast"
"Patinella_verrucaria","49b49aa4f854bfe985ddbf1f9ab8f276","Bacteria","Bdellovibrionota","Bdellovibrionia","Bacteriovoracales","Bacteriovoracaceae","Peredibacter",-1.816,"2.173e-02","8.798e-02","Enriched in Control","Genus: Peredibacter"
"Patinella_verrucaria","526b3d453dadeaa8c15e168de5fb3739","Bacteria","Cyanobacteria","Cyanobacteriia","Chloroplast","Chloroplast","Chloroplast",1.627,"2.200e-02","8.852e-02","Enriched in Sample","Genus: Chloroplast"
"Patinella_verrucaria","ddaebe95bb6bee3bffec43486832e623","Bacteria","Bacteroidota","Bacteroidia","Flavobacteriales","Flavobacteriaceae","Polaribacter",-1.928,"2.222e-02","8.888e-02","Enriched in Control","Genus: Polaribacter"
"Patinella_verrucaria","ee23936eb7d1dd1c67d0bfa7f12f9454","Bacteria","Planctomycetota","Planctomycetes","Planctomycetales","Rubinisphaeraceae","Fuerstia",1.648,"2.246e-02","8.931e-02","Enriched in Sample","Genus: Fuerstia"
"Patinella_verrucaria","80bc45a80fb514662f5268b75a0591c2","Bacteria","Verrucomicrobiota","Verrucomicrobiae","Verrucomicrobiales","Rubritaleaceae","Rubritalea",2.672,"2.598e-02","1.027e-01","Enriched in Sample","Genus: Rubritalea"
"Patinella_verrucaria","af32dc1e7f2bc423cb9a27950296f706","Bacteria","Cyanobacteria","Cyanobacteriia","Chloroplast","Chloroplast","Chloroplast",1.824,"2.619e-02","1.029e-01","Enriched in Sample","Genus: Chloroplast"
"Patinella_verrucaria","169a0f5e6200d8505cc9a7bab3b1db9d","Bacteria","Proteobacteria","Alphaproteobacteria","Kordiimonadales","Kordiimonadaceae","Kordiimonas",1.851,"2.674e-02","1.044e-01","Enriched in Sample","Genus: Kordiimonas"
"Patinella_verrucaria","920e2e6c1f1391db7e864c5b0496a18a","Bacteria","Bdellovibrionota","Bdellovibrionia","Bacteriovoracales","Bacteriovoracaceae",NA,-3.642,"2.695e-02","1.046e-01","Enriched in Control","Family: Bacteriovoracaceae"
"Patinella_verrucaria","ffcf4ed82045665508e925b0f4531d28","Bacteria","Cyanobacteria","Cyanobacteriia","Chloroplast","Chloroplast","Chloroplast",-1.402,"2.758e-02","1.064e-01","Enriched in Control","Genus: Chloroplast"
"Patinella_verrucaria","7f821b26f148d93626119f434dd5b5a5","Bacteria","Proteobacteria","Alphaproteobacteria","Rhodobacterales","Rhodobacteraceae","Sulfitobacter",1.564,"2.856e-02","1.089e-01","Enriched in Sample","Genus: Sulfitobacter"
"Patinella_verrucaria","c06de8efeadccec8f33dc90c9a63cc1d","Bacteria","Bacteroidota","Bacteroidia","Chitinophagales","Saprospiraceae",NA,-2.272,"2.846e-02","1.089e-01","Enriched in Control","Family: Saprospiraceae"
"Patinella_verrucaria","082dbee02d1a3849ddc0a454984b119b","Bacteria","Cyanobacteria","Cyanobacteriia","Chloroplast","Chloroplast","Chloroplast",1.061,"2.974e-02","1.121e-01","Enriched in Sample","Genus: Chloroplast"
"Patinella_verrucaria","55177c21ecc38c408908762a95ca460f","Bacteria","Cyanobacteria","Cyanobacteriia","Chloroplast","Chloroplast","Chloroplast",2.008,"2.973e-02","1.121e-01","Enriched in Sample","Genus: Chloroplast"
"Patinella_verrucaria","2b6e42bf9200244b950fdda2491dd4ca","Bacteria","Proteobacteria","Gammaproteobacteria","Alteromonadales","Colwelliaceae","Colwellia",3.038,"3.052e-02","1.144e-01","Enriched in Sample","Genus: Colwellia"
"Patinella_verrucaria","da0cb8571e674602e428f2c8fabde5f4","Bacteria","Proteobacteria","Gammaproteobacteria","Granulosicoccales","Granulosicoccaceae","Granulosicoccus",-1.927,"3.160e-02","1.178e-01","Enriched in Control","Genus: Granulosicoccus"
"Patinella_verrucaria","5715317b3524541fa7d27d5a5a46c109","Bacteria",NA,NA,NA,NA,NA,-2.639,"3.188e-02","1.182e-01","Enriched in Control","Kingdom: Bacteria"
"Patinella_verrucaria","cdbee4bce8b6c4799234b1539ed272e6","Bacteria","Planctomycetota","Planctomycetes","Pirellulales","Pirellulaceae","Blastopirellula",-3.537,"3.414e-02","1.258e-01","Enriched in Control","Genus: Blastopirellula"
"Patinella_verrucaria","19b61409df7c30d2664a677418a9277a","Bacteria","Bacteroidota","Bacteroidia","Flavobacteriales","Crocinitomicaceae","Crocinitomix",-1.596,"3.717e-02","1.362e-01","Enriched in Control","Genus: Crocinitomix"
"Patinella_verrucaria","cf933f106f0a173a9e9a13f71baef32b","Bacteria","Verrucomicrobiota","Verrucomicrobiae","Verrucomicrobiales","Rubritaleaceae","Roseibacillus",-1.922,"3.879e-02","1.414e-01","Enriched in Control","Genus: Roseibacillus"
"Patinella_verrucaria","93d237ed88e3fa3ac6add0edd53fd6d7","Bacteria","Bacteroidota","Bacteroidia","Cytophagales","Cyclobacteriaceae",NA,2.622,"3.922e-02","1.421e-01","Enriched in Sample","Family: Cyclobacteriaceae"
"Patinella_verrucaria","a8c1050a587c5351b60d6de197951534","Bacteria","Bacteroidota","Bacteroidia","Flavobacteriales","NS9_marine_group","NS9_marine_group",-2.145,"4.025e-02","1.451e-01","Enriched in Control","Genus: NS9_marine_group"
"Patinella_verrucaria","183b1085ec7d9b20001265937f063710","Bacteria","Bacteroidota","Bacteroidia","Flavobacteriales","Flavobacteriaceae","Pseudofulvibacter",-2.245,"4.272e-02","1.532e-01","Enriched in Control","Genus: Pseudofulvibacter"
"Patinella_verrucaria","99adee39d4a68f7259d23b10d85c577f","Bacteria","Bacteroidota","Bacteroidia","Flavobacteriales","Crocinitomicaceae","Fluviicola",-1.721,"4.310e-02","1.536e-01","Enriched in Control","Genus: Fluviicola"
"Patinella_verrucaria","dae4a7c414685374d8ea6d1f9ffb4707","Bacteria","Bacteroidota","Bacteroidia","Chitinophagales","Saprospiraceae","Lewinella",-2.608,"4.453e-02","1.579e-01","Enriched in Control","Genus: Lewinella"
"Patinella_verrucaria","a808d64656c89b269905004de83c1b9d","Bacteria","Planctomycetota","Phycisphaerae","Phycisphaerales","Phycisphaeraceae","Phycisphaera",3.143,"4.557e-02","1.607e-01","Enriched in Sample","Genus: Phycisphaera"
"Patinella_verrucaria","60dded71e53ec590874a5bcc2ded07a8","Bacteria","Proteobacteria","Gammaproteobacteria","Granulosicoccales","Granulosicoccaceae","Granulosicoccus",-2.425,"4.779e-02","1.676e-01","Enriched in Control","Genus: Granulosicoccus"
"Patinella_verrucaria","8f047e5609a7900ec2b5c96f79667db6","Bacteria","Verrucomicrobiota","Verrucomicrobiae","Verrucomicrobiales","Rubritaleaceae","Rubritalea",-3.068,"5.478e-02","1.911e-01","Enriched in Control","Genus: Rubritalea"
"Patinella_verrucaria","9b08bed331b09ad329f05f289f6f6b1c","Bacteria","Cyanobacteria","Cyanobacteriia","Chloroplast","Chloroplast","Chloroplast",-1.548,"5.507e-02","1.911e-01","Enriched in Control","Genus: Chloroplast"
"Patinella_verrucaria","31f24c0e3e16424592a91c6b4756c393","Bacteria","Proteobacteria","Gammaproteobacteria","OM182_clade","OM182_clade","OM182_clade",-1.985,"5.761e-02","1.968e-01","Enriched in Control","Genus: OM182_clade"
"Patinella_verrucaria","bff7614d4a36145892a87e3866bb8da6","Bacteria","Verrucomicrobiota","Verrucomicrobiae","Verrucomicrobiales","Rubritaleaceae","Rubritalea",-2.891,"5.758e-02","1.968e-01","Enriched in Control","Genus: Rubritalea"
"Patinella_verrucaria","cc89912eed70e389ffa408ad458aac83","Bacteria","Planctomycetota","Planctomycetes","Planctomycetales","Rubinisphaeraceae",NA,-2.757,"5.716e-02","1.968e-01","Enriched in Control","Family: Rubinisphaeraceae"
"Patinella_verrucaria","a26c0e21cf23f74ec2224597a8623a7a","Bacteria","Proteobacteria","Alphaproteobacteria","Sphingomonadales","Sphingomonadaceae","Sphingorhabdus",1.15,"6.020e-02","2.046e-01","Enriched in Sample","Genus: Sphingorhabdus"
"Patinella_verrucaria","b19f02013150c2b3f070a2cc5f3ec028","Bacteria","Bdellovibrionota","Oligoflexia","Oligoflexales",NA,NA,-2.009,"6.494e-02","2.196e-01","Enriched in Control","Order: Oligoflexales"
"Patinella_verrucaria","ed962067f3d3472675d24f92d6dda3b0","Bacteria","Proteobacteria","Gammaproteobacteria","Alteromonadales","Colwelliaceae","Colwellia",-4.449,"6.631e-02","2.231e-01","Enriched in Control","Genus: Colwellia"
"Patinella_verrucaria","e36abf8dae2cc4c40613bde27cbd5dfa","Bacteria","Proteobacteria","Alphaproteobacteria","Rickettsiales","Mitochondria","Mitochondria",1.623,"6.974e-02","2.334e-01","Enriched in Sample","Genus: Mitochondria"
"Patinella_verrucaria","6ace4e7664815b50cab6e2db8056b113","Bacteria","Cyanobacteria","Cyanobacteriia","Chloroplast","Chloroplast","Chloroplast",1.532,"7.194e-02","2.396e-01","Enriched in Sample","Genus: Chloroplast"
"Patinella_verrucaria","f495d6392152b685fee3ac09dfa0f382","Bacteria","Bacteroidota","Bacteroidia","Flavobacteriales","Flavobacteriaceae","Maribacter",-2.224,"7.262e-02","2.406e-01","Enriched in Control","Genus: Maribacter"
"Patinella_verrucaria","f8831fa35e481423c9bf15d3f4049536","Bacteria","Bacteroidota","Bacteroidia","Chitinophagales","Saprospiraceae","Lewinella",-1.322,"7.312e-02","2.411e-01","Enriched in Control","Genus: Lewinella"
"Patinella_verrucaria","46990b16973b280c326f4090aea28cf3","Bacteria","Proteobacteria","Gammaproteobacteria","KI89A_clade","KI89A_clade","KI89A_clade",-4.314,"7.399e-02","2.427e-01","Enriched in Control","Genus: KI89A_clade"
"Rhamphostomella_bilaminata","ed962067f3d3472675d24f92d6dda3b0","Bacteria","Proteobacteria","Gammaproteobacteria","Alteromonadales","Colwelliaceae","Colwellia",-6.213,"2.855e-13","6.932e-10","Enriched in Control","Genus: Colwellia"
"Rhamphostomella_bilaminata","06dbffb3667d421322f3cdc067c1bb95","Bacteria","Proteobacteria","Gammaproteobacteria","Alteromonadales","Colwelliaceae","Colwellia",-6.479,"1.388e-10","8.427e-08","Enriched in Control","Genus: Colwellia"
"Rhamphostomella_bilaminata","0f46c35d6629feaffa5e8f4b256e255b","Bacteria","Bacteroidota","Bacteroidia","Flavobacteriales","Flavobacteriaceae","NS3a_marine_group",-4.849,"7.343e-11","8.427e-08","Enriched in Control","Genus: NS3a_marine_group"
"Rhamphostomella_bilaminata","1d52609177ce303a019c3ee3f9142239","Bacteria","Proteobacteria","Gammaproteobacteria","Alteromonadales","Colwelliaceae","Colwellia",-4.377,"1.284e-10","8.427e-08","Enriched in Control","Genus: Colwellia"
"Rhamphostomella_bilaminata","c50b0835bf381d4453071f135ed88b39","Bacteria","Proteobacteria","Gammaproteobacteria","Burkholderiales","Methylophilaceae","Methylotenera",4.146,"6.736e-10","3.271e-07","Enriched in Sample","Genus: Methylotenera"
"Rhamphostomella_bilaminata","e6801e54dd3a2654fc19dab0af47c35c","Bacteria","Proteobacteria","Alphaproteobacteria","Rhizobiales","Rhizobiaceae",NA,4.486,"1.577e-09","6.383e-07","Enriched in Sample","Family: Rhizobiaceae"
"Rhamphostomella_bilaminata","01b65b807c4e7fdf80dc247b058c652b","Bacteria","Proteobacteria","Gammaproteobacteria","Alteromonadales","Colwelliaceae",NA,-4.228,"3.593e-09","1.246e-06","Enriched in Control","Family: Colwelliaceae"
"Rhamphostomella_bilaminata","9c872286b28ea46be348ce877c3c656d","Bacteria","Proteobacteria","Alphaproteobacteria","Sphingomonadales","Sphingomonadaceae","Sphingorhabdus",4.485,"4.604e-09","1.397e-06","Enriched in Sample","Genus: Sphingorhabdus"
"Rhamphostomella_bilaminata","2f5f939a9cb1a84c481d0d730257edfc","Bacteria","Cyanobacteria","Cyanobacteriia","Chloroplast","Chloroplast","Chloroplast",3.87,"1.575e-08","4.000e-06","Enriched in Sample","Genus: Chloroplast"
"Rhamphostomella_bilaminata","e3bd4c321c5364d01871ebb503a1dc7e","Bacteria","Proteobacteria","Gammaproteobacteria","Alteromonadales","Colwelliaceae","Colwellia",-4.516,"1.647e-08","4.000e-06","Enriched in Control","Genus: Colwellia"
"Rhamphostomella_bilaminata","5d10eace291cd6e21a10aa0b539c6675","Bacteria","Cyanobacteria","Cyanobacteriia","Chloroplast","Chloroplast","Chloroplast",4.364,"5.396e-08","1.191e-05","Enriched in Sample","Genus: Chloroplast"
"Rhamphostomella_bilaminata","2b6e42bf9200244b950fdda2491dd4ca","Bacteria","Proteobacteria","Gammaproteobacteria","Alteromonadales","Colwelliaceae","Colwellia",-2.923,"3.336e-07","6.750e-05","Enriched in Control","Genus: Colwellia"
"Rhamphostomella_bilaminata","f690e76a3de3a7b1cd99d01daef0d027","Bacteria","Bacteroidota","Bacteroidia","Cytophagales","Cyclobacteriaceae","Reichenbachiella",-2.906,"4.938e-07","9.222e-05","Enriched in Control","Genus: Reichenbachiella"
"Rhamphostomella_bilaminata","11b7c459db9e25981b9e929a8098b1d9","Bacteria","Bacteroidota","Bacteroidia","Flavobacteriales","Flavobacteriaceae",NA,-2.483,"5.777e-07","1.002e-04","Enriched in Control","Family: Flavobacteriaceae"
"Rhamphostomella_bilaminata","2c674dd5dcc493fc0bad82c12f46397e","Bacteria","Proteobacteria","Alphaproteobacteria","SAR11_clade","Clade_I","Clade_Ia",-1.837,"1.148e-06","1.743e-04","Enriched in Control","Genus: Clade_Ia"
"Rhamphostomella_bilaminata","dc186c356120425c8b044a49772944c6","Bacteria","Proteobacteria","Gammaproteobacteria","MBAE14","MBAE14","MBAE14",-3.723,"1.106e-06","1.743e-04","Enriched in Control","Genus: MBAE14"
"Rhamphostomella_bilaminata","0ba0d4c5a289facc80e0e481377a9e18","Bacteria","Proteobacteria","Alphaproteobacteria","Rhizobiales","Rhizobiaceae","Mesorhizobium",-2.628,"1.449e-06","1.872e-04","Enriched in Control","Genus: Mesorhizobium"
"Rhamphostomella_bilaminata","3c0deb5ca627c2080a4a80c7d89c6096","Bacteria","Bacteroidota","Bacteroidia","Flavobacteriales","Cryomorphaceae","Vicingus",-2.417,"1.352e-06","1.872e-04","Enriched in Control","Genus: Vicingus"
"Rhamphostomella_bilaminata","6e0546931ed7eab1f41201aabb92be68","Bacteria","Cyanobacteria","Cyanobacteriia","Chloroplast","Chloroplast","Chloroplast",3.248,"1.465e-06","1.872e-04","Enriched in Sample","Genus: Chloroplast"
"Rhamphostomella_bilaminata","dee7e9e6328e4af5e481f88a1f796b2a","Bacteria","Proteobacteria","Alphaproteobacteria","Acetobacterales","Acetobacteraceae","Endobacter",-3.142,"3.609e-06","4.382e-04","Enriched in Control","Genus: Endobacter"
"Rhamphostomella_bilaminata","7d372fe772be67fbd518123f6300b372","Bacteria","Proteobacteria","Gammaproteobacteria","Nitrosococcales","Methylophagaceae",NA,-3.492,"5.117e-06","5.916e-04","Enriched in Control","Family: Methylophagaceae"
"Rhamphostomella_bilaminata","10821628e3e458fde4ded1a39c3926af","Bacteria","Verrucomicrobiota","Lentisphaeria","Lentisphaerales","Lentisphaeraceae","Lentisphaera",3.568,"9.004e-06","9.780e-04","Enriched in Sample","Genus: Lentisphaera"
"Rhamphostomella_bilaminata","4d833bf0162967d91310d1a93db92ed2","Bacteria","Cyanobacteria","Cyanobacteriia","Chloroplast","Chloroplast","Chloroplast",4.483,"9.265e-06","9.780e-04","Enriched in Sample","Genus: Chloroplast"
"Rhamphostomella_bilaminata","b5cd41c77bc4eb8356b15ed52bb1cf5d","Bacteria","Proteobacteria","Gammaproteobacteria","Alteromonadales","Colwelliaceae","Colwellia",-3.26,"1.103e-05","1.116e-03","Enriched in Control","Genus: Colwellia"
"Rhamphostomella_bilaminata","44cc17826fd7cbbd611d6ba70982a3e9","Bacteria","Proteobacteria","Gammaproteobacteria","Cellvibrionales","Cellvibrionaceae","Candidatus_Endobugula",3.645,"2.168e-05","2.086e-03","Enriched in Sample","Genus: Candidatus_Endobugula"
"Rhamphostomella_bilaminata","cf2752910266aa9986d441f815389f2c","Bacteria","Proteobacteria","Gammaproteobacteria","Alteromonadales","Psychromonadaceae","Psychromonas",-3.862,"2.233e-05","2.086e-03","Enriched in Control","Genus: Psychromonas"
"Rhamphostomella_bilaminata","f7460ef647b461ee5ad49fbeb5705652","Bacteria","Proteobacteria","Gammaproteobacteria","Alteromonadales","Colwelliaceae","Colwellia",-3.7,"2.525e-05","2.270e-03","Enriched in Control","Genus: Colwellia"
"Rhamphostomella_bilaminata","f716fb59c9bee1b0c02ad64865f0de70","Bacteria","Proteobacteria","Gammaproteobacteria","Arenicellales","Arenicellaceae","HTCC5015",-3.097,"2.944e-05","2.553e-03","Enriched in Control","Genus: HTCC5015"
"Rhamphostomella_bilaminata","46be24de915fbc76ac5ab88523cb7235","Bacteria","Proteobacteria","Alphaproteobacteria","Rickettsiales","Mitochondria","Mitochondria",-2.51,"3.089e-05","2.586e-03","Enriched in Control","Genus: Mitochondria"
"Rhamphostomella_bilaminata","d9f3cd010e62ed14267428e00eb063af","Bacteria","Proteobacteria","Gammaproteobacteria","Alteromonadales","Colwelliaceae","Colwellia",-1.802,"3.424e-05","2.771e-03","Enriched in Control","Genus: Colwellia"
"Rhamphostomella_bilaminata","36fa32bf1591f6e26e457bdd4c882661","Bacteria","Proteobacteria","Alphaproteobacteria","Sneathiellales","Sneathiellaceae","Sneathiella",3.913,"4.345e-05","3.297e-03","Enriched in Sample","Genus: Sneathiella"
"Rhamphostomella_bilaminata","e02ad2cc899cc62e9a5df522a8e3c451","Bacteria","Proteobacteria","Alphaproteobacteria","Rickettsiales","Mitochondria","Mitochondria",-3.769,"4.236e-05","3.297e-03","Enriched in Control","Genus: Mitochondria"
"Rhamphostomella_bilaminata","4bdc1afca33aabf7e6ffccfb3989baba","Bacteria","Bacteroidota","Bacteroidia","Flavobacteriales","Crocinitomicaceae","Salinirepens",-3.022,"6.036e-05","4.441e-03","Enriched in Control","Genus: Salinirepens"
"Rhamphostomella_bilaminata","d3a60d931aed828666a7818a3da0ee38","Bacteria","Bacteroidota","Bacteroidia","Flavobacteriales","Flavobacteriaceae","Pseudofulvibacter",-2.515,"7.470e-05","5.334e-03","Enriched in Control","Genus: Pseudofulvibacter"
"Rhamphostomella_bilaminata","450b0f9dbaf395de258b2b6c62a5f5aa","Bacteria","Proteobacteria","Alphaproteobacteria",NA,NA,NA,2.413,"1.083e-04","7.511e-03","Enriched in Sample","Class: Alphaproteobacteria"
"Rhamphostomella_bilaminata","29d249d9deca741ac3ed4eea1e7819ff","Bacteria","Proteobacteria","Gammaproteobacteria","SAR86_clade","SAR86_clade","SAR86_clade",-1.478,"1.260e-04","8.048e-03","Enriched in Control","Genus: SAR86_clade"
"Rhamphostomella_bilaminata","495eb06d2fa84bc70027d6a048f86977","Bacteria","Cyanobacteria","Cyanobacteriia","Chloroplast","Chloroplast","Chloroplast",-4.406,"1.202e-04","8.048e-03","Enriched in Control","Genus: Chloroplast"
"Rhamphostomella_bilaminata","811b45d386b7b6dd81665a0bac6761d6","Bacteria","Proteobacteria","Gammaproteobacteria",NA,NA,NA,4.846,"1.233e-04","8.048e-03","Enriched in Sample","Class: Gammaproteobacteria"
"Rhamphostomella_bilaminata","19483975848ef1e1f6ba304df2b90196","Bacteria","Cyanobacteria","Cyanobacteriia","Chloroplast","Chloroplast","Chloroplast",3.691,"1.522e-04","9.477e-03","Enriched in Sample","Genus: Chloroplast"
"Rhamphostomella_bilaminata","a86091032bf65639a7bae7d5232f0378","Bacteria","Cyanobacteria","Cyanobacteriia","Chloroplast","Chloroplast","Chloroplast",2.283,"1.636e-04","9.928e-03","Enriched in Sample","Genus: Chloroplast"
"Rhamphostomella_bilaminata","9bd20c6dd9e216eb9c62ab933e134da3","Bacteria","Cyanobacteria","Cyanobacteriia","Chloroplast","Chloroplast","Chloroplast",2.148,"1.908e-04","1.130e-02","Enriched in Sample","Genus: Chloroplast"
"Rhamphostomella_bilaminata","cd595c4d4718f235de7afa8a4fb1d827","Bacteria","Cyanobacteria","Cyanobacteriia","Chloroplast","Chloroplast","Chloroplast",1.904,"2.032e-04","1.175e-02","Enriched in Sample","Genus: Chloroplast"
"Rhamphostomella_bilaminata","9695ab42557ea68383a7fa889b522976","Bacteria","Proteobacteria","Gammaproteobacteria","Cellvibrionales","Cellvibrionaceae",NA,-1.936,"2.307e-04","1.302e-02","Enriched in Control","Family: Cellvibrionaceae"
"Rhamphostomella_bilaminata","c39fd6fc4661167fed13f8f1f43e9966","Bacteria","Actinobacteriota","Acidimicrobiia","Microtrichales","Microtrichaceae","Sva0996_marine_group",2.491,"2.812e-04","1.552e-02","Enriched in Sample","Genus: Sva0996_marine_group"
"Rhamphostomella_bilaminata","2d1a60b2982025a0959cff244436778b","Bacteria","Actinobacteriota","Acidimicrobiia","Microtrichales","Microtrichaceae","Sva0996_marine_group",2.374,"2.993e-04","1.615e-02","Enriched in Sample","Genus: Sva0996_marine_group"
"Rhamphostomella_bilaminata","c8487b182705eaad35c8578b81969d20","Bacteria","Proteobacteria","Alphaproteobacteria","Rhodobacterales","Rhodobacteraceae",NA,-2.157,"3.969e-04","2.095e-02","Enriched in Control","Family: Rhodobacteraceae"
"Rhamphostomella_bilaminata","54bc24af2573a5765ab4ee324d1d63be","Bacteria","Proteobacteria","Alphaproteobacteria","Rhodobacterales","Rhodobacteraceae",NA,2.556,"4.743e-04","2.450e-02","Enriched in Sample","Family: Rhodobacteraceae"
"Rhamphostomella_bilaminata","93e881f05978d18bc8c18f476ac8dd3a","Bacteria","Proteobacteria","Gammaproteobacteria","Alteromonadales","Colwelliaceae","Thalassotalea",-3.406,"5.110e-04","2.585e-02","Enriched in Control","Genus: Thalassotalea"
"Rhamphostomella_bilaminata","a630681ba72a80c92a426efb3e574ab2","Bacteria","Bacteroidota","Bacteroidia","Flavobacteriales","Flavobacteriaceae",NA,-2.018,"5.735e-04","2.842e-02","Enriched in Control","Family: Flavobacteriaceae"
"Rhamphostomella_bilaminata","2a75921d722ef2e9c11a55f7655f5fb1","Bacteria","Proteobacteria","Gammaproteobacteria","Oceanospirillales","Kangiellaceae",NA,2.216,"7.826e-04","3.801e-02","Enriched in Sample","Family: Kangiellaceae"
"Rhamphostomella_bilaminata","041792056bd7be0d5d925d8a6546e833","Archaea","Crenarchaeota","Nitrososphaeria","Nitrosopumilales","Nitrosopumilaceae","Candidatus_Nitrosopumilus",-2.671,"9.231e-04","4.310e-02","Enriched in Control","Genus: Candidatus_Nitrosopumilus"
"Rhamphostomella_bilaminata","6052c6018dc1a0fb3bccec096b0d74b8","Bacteria","Proteobacteria","Gammaproteobacteria","Alteromonadales","Colwelliaceae","Thalassotalea",-2.835,"9.168e-04","4.310e-02","Enriched in Control","Genus: Thalassotalea"
"Rhamphostomella_bilaminata","90d45b2e65bd23f17189e9455878f884","Bacteria","Proteobacteria","Gammaproteobacteria","Oceanospirillales","Saccharospirillaceae","Reinekea",-1.316,"1.049e-03","4.723e-02","Enriched in Control","Genus: Reinekea"
"Rhamphostomella_bilaminata","b5de712b93a82e4723968c0839061699","Bacteria","Bacteroidota","Bacteroidia","Cytophagales","Cyclobacteriaceae","Ekhidna",-2.354,"1.050e-03","4.723e-02","Enriched in Control","Genus: Ekhidna"
"Rhamphostomella_bilaminata","67b0631399914fc300a8246571dd2fc0","Bacteria","Cyanobacteria","Cyanobacteriia","Chloroplast","Chloroplast","Chloroplast",2.794,"1.099e-03","4.850e-02","Enriched in Sample","Genus: Chloroplast"
"Rhamphostomella_bilaminata","4c5d68fe9f0b36f32638abc717a65ad3","Bacteria","Proteobacteria","Gammaproteobacteria","JTB23","JTB23","JTB23",-3.042,"1.119e-03","4.851e-02","Enriched in Control","Genus: JTB23"
"Rhamphostomella_bilaminata","b640a831f0c28e6d60ba3f6b278f38fa","Bacteria","Verrucomicrobiota","Verrucomicrobiae","Verrucomicrobiales","Rubritaleaceae","Persicirhabdus",-1.182,"1.210e-03","5.152e-02","Enriched in Control","Genus: Persicirhabdus"
"Rhamphostomella_bilaminata","55357d6cc58549d420cccd3c467f8a16","Bacteria","Proteobacteria","Gammaproteobacteria","Oceanospirillales","Saccharospirillaceae",NA,-2.592,"1.267e-03","5.298e-02","Enriched in Control","Family: Saccharospirillaceae"
"Rhamphostomella_bilaminata","fbb3aaf32c640635c86a7c829a85ed34","Bacteria","Bacteroidota","Bacteroidia","Flavobacteriales","Cryomorphaceae","Vicingus",1.472,"1.287e-03","5.298e-02","Enriched in Sample","Genus: Vicingus"
"Rhamphostomella_bilaminata","86ef25d804ba15d8439a773d51d3edda","Bacteria","Proteobacteria","Gammaproteobacteria","Oceanospirillales","Marinomonadaceae","Marinomonas",-1.318,"1.311e-03","5.305e-02","Enriched in Control","Genus: Marinomonas"
"Rhamphostomella_bilaminata","bd668a93dee04617bc24da957aaee6e3","Bacteria","Proteobacteria","Alphaproteobacteria","Rhizobiales","Rhizobiaceae",NA,2.882,"1.368e-03","5.445e-02","Enriched in Sample","Family: Rhizobiaceae"
"Rhamphostomella_bilaminata","6f22e76ddce23b52576bded16632b532","Bacteria","Proteobacteria","Alphaproteobacteria","Kiloniellales","Kiloniellaceae","Kiloniella",2.437,"1.436e-03","5.535e-02","Enriched in Sample","Genus: Kiloniella"
"Rhamphostomella_bilaminata","a17fd0f8d4eee41ef864153c9c21b286","Bacteria","Proteobacteria","Gammaproteobacteria","Alteromonadales","Pseudoalteromonadaceae",NA,-1.663,"1.424e-03","5.535e-02","Enriched in Control","Family: Pseudoalteromonadaceae"
"Rhamphostomella_bilaminata","eeb0bf9b6e59d4d8ae7d6ae822a35d8a","Bacteria","Cyanobacteria","Cyanobacteriia","Chloroplast","Chloroplast","Chloroplast",-2.068,"1.641e-03","6.226e-02","Enriched in Control","Genus: Chloroplast"
"Rhamphostomella_bilaminata","6875688039d84275ed42ac41f5035aca","Bacteria","Proteobacteria","Gammaproteobacteria","Alteromonadales","Shewanellaceae","Shewanella",-2.296,"1.950e-03","6.957e-02","Enriched in Control","Genus: Shewanella"
"Rhamphostomella_bilaminata","74f0d139f1d4ad74fb1be85bce6934a9","Bacteria","Entotheonellaeota","Entotheonellia","Entotheonellales","Entotheonellaceae","Candidatus_Entotheonella",-2.829,"1.977e-03","6.957e-02","Enriched in Control","Genus: Candidatus_Entotheonella"
"Rhamphostomella_bilaminata","ac60ad741ae6189321c85d3ef49885d6","Bacteria","Planctomycetota","Planctomycetes","Pirellulales","Pirellulaceae","Blastopirellula",2.12,"1.961e-03","6.957e-02","Enriched in Sample","Genus: Blastopirellula"
"Rhamphostomella_bilaminata","b7279007573da839dc7d022d326a795c","Bacteria","Proteobacteria","Gammaproteobacteria","Alteromonadales","Colwelliaceae","Colwellia",-2.353,"1.964e-03","6.957e-02","Enriched in Control","Genus: Colwellia"
"Rhamphostomella_bilaminata","e06d134d202f3e94fe4e3017d3664e11","Bacteria","Actinobacteriota","Acidimicrobiia","Microtrichales","Microtrichaceae",NA,2.329,"1.902e-03","6.957e-02","Enriched in Sample","Family: Microtrichaceae"
"Rhamphostomella_bilaminata","cfbc760bc9177688ef8445fd670910ac","Bacteria","Proteobacteria","Gammaproteobacteria","Oceanospirillales","Nitrincolaceae","Amphritea",-1.582,"2.148e-03","7.451e-02","Enriched in Control","Genus: Amphritea"
"Rhamphostomella_bilaminata","7399c5c473fce0dca57710a56022e6bb","Bacteria","Proteobacteria","Gammaproteobacteria","JTB23","JTB23","JTB23",-1.977,"2.308e-03","7.894e-02","Enriched in Control","Genus: JTB23"
"Rhamphostomella_bilaminata","ffedec13f25b2f7f21e150ddd69a539b","Bacteria","Bacteroidota","Bacteroidia","Flavobacteriales","Flavobacteriaceae","Pseudofulvibacter",-2.19,"2.693e-03","9.082e-02","Enriched in Control","Genus: Pseudofulvibacter"
"Rhamphostomella_bilaminata","7737a411e7f276fae1d2c38a6188f723","Bacteria","Proteobacteria","Gammaproteobacteria","Burkholderiales","Comamonadaceae","RS62_marine_group",-2.101,"2.850e-03","9.478e-02","Enriched in Control","Genus: RS62_marine_group"
"Rhamphostomella_bilaminata","5b11c2cd60e7d52df73e742888194fd8","Bacteria","Proteobacteria","Alphaproteobacteria","Rickettsiales","Mitochondria","Mitochondria",-2.055,"2.960e-03","9.712e-02","Enriched in Control","Genus: Mitochondria"
"Rhamphostomella_bilaminata","dc59078827f8caef7ddfa5b9090e86c3","Bacteria","Proteobacteria","Gammaproteobacteria","Arenicellales","Arenicellaceae","Arenicella",-1.849,"3.093e-03","1.001e-01","Enriched in Control","Genus: Arenicella"
"Rhamphostomella_bilaminata","e53d40931998c5c89278f8b7d89112fa","Bacteria",NA,NA,NA,NA,NA,1.602,"3.439e-03","1.084e-01","Enriched in Sample","Kingdom: Bacteria"
"Rhamphostomella_bilaminata","f93c80f7ba93cb010f8e195429e296e5","Bacteria","Bacteroidota","Bacteroidia","Cytophagales","Cyclobacteriaceae","Fabibacter",-2.331,"3.444e-03","1.084e-01","Enriched in Control","Genus: Fabibacter"
"Rhamphostomella_bilaminata","fd92f4da74ea03ca0a951431ebf0149a","Bacteria","Bacteroidota","Bacteroidia","Cytophagales","Cyclobacteriaceae","Fulvivirga",-1.598,"3.483e-03","1.084e-01","Enriched in Control","Genus: Fulvivirga"
"Rhamphostomella_bilaminata","2b171e4c26f481ddc20506b79877b519","Bacteria","Bacteroidota","Bacteroidia","Flavobacteriales","Crocinitomicaceae","Fluviicola",-2.655,"3.598e-03","1.106e-01","Enriched in Control","Genus: Fluviicola"
"Rhamphostomella_bilaminata","da18bc80dccb72d316759572ebad4ccf","Bacteria","Proteobacteria","Gammaproteobacteria","Cellvibrionales","Cellvibrionaceae","Pseudoteredinibacter",-1.893,"3.668e-03","1.113e-01","Enriched in Control","Genus: Pseudoteredinibacter"
"Rhamphostomella_bilaminata","31f24c0e3e16424592a91c6b4756c393","Bacteria","Proteobacteria","Gammaproteobacteria","OM182_clade","OM182_clade","OM182_clade",-1.709,"3.783e-03","1.123e-01","Enriched in Control","Genus: OM182_clade"
"Rhamphostomella_bilaminata","45b0423d1013166f5e0436130e71527a","Bacteria","Proteobacteria","Gammaproteobacteria","OM182_clade","OM182_clade","OM182_clade",-2.925,"3.794e-03","1.123e-01","Enriched in Control","Genus: OM182_clade"
"Rhamphostomella_bilaminata","02ec9e816407b031507396c81c182019","Bacteria","Cyanobacteria","Cyanobacteriia","Chloroplast","Chloroplast","Chloroplast",2.638,"4.015e-03","1.147e-01","Enriched in Sample","Genus: Chloroplast"
"Rhamphostomella_bilaminata","0f067d3b0fcbcbb517d57a849a9928db","Bacteria","Planctomycetota","Planctomycetes","Pirellulales","Pirellulaceae",NA,1.286,"4.012e-03","1.147e-01","Enriched in Sample","Family: Pirellulaceae"
"Rhamphostomella_bilaminata","99adee39d4a68f7259d23b10d85c577f","Bacteria","Bacteroidota","Bacteroidia","Flavobacteriales","Crocinitomicaceae","Fluviicola",-2.064,"3.979e-03","1.147e-01","Enriched in Control","Genus: Fluviicola"
"Rhamphostomella_bilaminata","addff1327c8b525422a1a38bac47f59a","Bacteria","Proteobacteria","Gammaproteobacteria",NA,NA,NA,-1.441,"4.116e-03","1.162e-01","Enriched in Control","Class: Gammaproteobacteria"
"Rhamphostomella_bilaminata","4c8e74f02805453642c1235e61de06ef","Bacteria","Bacteroidota","Bacteroidia","Flavobacteriales","Crocinitomicaceae","Crocinitomix",2.358,"4.396e-03","1.222e-01","Enriched in Sample","Genus: Crocinitomix"
"Rhamphostomella_bilaminata","c5e09db0eecbf5db9483cf3278206a7e","Bacteria","Bacteroidota","Bacteroidia","Flavobacteriales","Flavobacteriaceae","Ulvibacter",-2.731,"4.427e-03","1.222e-01","Enriched in Control","Genus: Ulvibacter"
"Rhamphostomella_bilaminata","8c1aa42e3f38caaf82eb47d5bd3ecab3","Bacteria","Bdellovibrionota","Bdellovibrionia","Bdellovibrionales","Bdellovibrionaceae","OM27_clade",-2.259,"4.589e-03","1.252e-01","Enriched in Control","Genus: OM27_clade"
"Rhamphostomella_bilaminata","495c1bd1608a1dad54d3e2824ce899ef","Archaea","Crenarchaeota","Nitrososphaeria","Nitrosopumilales","Nitrosopumilaceae","Candidatus_Nitrosopumilus",-1.935,"4.979e-03","1.343e-01","Enriched in Control","Genus: Candidatus_Nitrosopumilus"
"Rhamphostomella_bilaminata","983e197471ad3483cbf7561c9cc9b4fa","Bacteria","Verrucomicrobiota","Lentisphaeria","Lentisphaerales","Lentisphaeraceae","Lentisphaera",-1.474,"5.155e-03","1.359e-01","Enriched in Control","Genus: Lentisphaera"
"Rhamphostomella_bilaminata","d31f1c384392a34edcfb997bda7c234a","Bacteria","Proteobacteria","Gammaproteobacteria","Cellvibrionales","Porticoccaceae","SAR92_clade",-1.228,"5.157e-03","1.359e-01","Enriched in Control","Genus: SAR92_clade"
"Rhamphostomella_bilaminata","dcb71cc699d841c3ef3a379f802904e6","Bacteria","Cyanobacteria","Cyanobacteriia","Chloroplast","Chloroplast","Chloroplast",1.087,"5.215e-03","1.359e-01","Enriched in Sample","Genus: Chloroplast"
"Rhamphostomella_bilaminata","e42e54374ced0e0901b3492bf7e26fd9","Bacteria","Proteobacteria","Gammaproteobacteria","Oceanospirillales","Saccharospirillaceae","Oleispira",-1.02,"5.261e-03","1.359e-01","Enriched in Control","Genus: Oleispira"
"Rhamphostomella_bilaminata","0dd15502ce697238545269d117d510d2","Bacteria","Proteobacteria","Gammaproteobacteria","Gammaproteobacteria_Incertae_Sedis","Unknown_Family","Marinicella",-2.216,"5.604e-03","1.378e-01","Enriched in Control","Genus: Marinicella"
"Rhamphostomella_bilaminata","4f5d5c70f37db3c66d86b59a75e416ee","Bacteria","Proteobacteria","Alphaproteobacteria","Puniceispirillales","SAR116_clade","SAR116_clade",-2.396,"5.636e-03","1.378e-01","Enriched in Control","Genus: SAR116_clade"
"Rhamphostomella_bilaminata","56335ac95e507e0bbb08dc360850bfe5","Bacteria","Cyanobacteria","Cyanobacteriia","Chloroplast","Chloroplast","Chloroplast",1.966,"5.611e-03","1.378e-01","Enriched in Sample","Genus: Chloroplast"
"Rhamphostomella_bilaminata","68e97f8c00f3cf84de842890290838fe","Bacteria","Proteobacteria","Gammaproteobacteria","Cellvibrionales","Spongiibacteraceae","Sinobacterium",-1.811,"5.690e-03","1.378e-01","Enriched in Control","Genus: Sinobacterium"
"Rhamphostomella_bilaminata","8940efad20d6105be9d06b29420046f8","Archaea","Crenarchaeota","Nitrososphaeria","Nitrosopumilales","Nitrosopumilaceae","Candidatus_Nitrosopumilus",-1.686,"5.733e-03","1.378e-01","Enriched in Control","Genus: Candidatus_Nitrosopumilus"
"Rhamphostomella_bilaminata","be67b02f02948b2fce8ad5af987afdb4","Bacteria","Cyanobacteria","Cyanobacteriia","Chloroplast","Chloroplast","Chloroplast",2.626,"5.644e-03","1.378e-01","Enriched in Sample","Genus: Chloroplast"
"Rhamphostomella_bilaminata","e2f0bac1ec09a88649e2789aa212b782","Bacteria","Actinobacteriota","Acidimicrobiia","Microtrichales","Microtrichaceae","Sva0996_marine_group",1.627,"5.440e-03","1.378e-01","Enriched in Sample","Genus: Sva0996_marine_group"
"Rhamphostomella_bilaminata","4b9f9723551325d3ff2ee04cfe1700eb","Bacteria","Proteobacteria","Alphaproteobacteria","Rickettsiales","Mitochondria","Mitochondria",1.428,"5.876e-03","1.397e-01","Enriched in Sample","Genus: Mitochondria"
"Rhamphostomella_bilaminata","7ae3ca18d2f3f7b1df4b5e8030049437","Bacteria","Bacteroidota","Bacteroidia","Flavobacteriales","Flavobacteriaceae",NA,-1.075,"5.929e-03","1.397e-01","Enriched in Control","Family: Flavobacteriaceae"
"Rhamphostomella_bilaminata","82c31a86b5c777f9decb3e08c1b59b58","Bacteria","Proteobacteria","Gammaproteobacteria",NA,NA,NA,-2.14,"5.985e-03","1.397e-01","Enriched in Control","Class: Gammaproteobacteria"
"Rhamphostomella_bilaminata","1667a608ce9dcd9173cc4a7ea408e61a","Bacteria","Proteobacteria","Gammaproteobacteria","Alteromonadales","Pseudoalteromonadaceae",NA,-1.142,"6.487e-03","1.468e-01","Enriched in Control","Family: Pseudoalteromonadaceae"
"Rhamphostomella_bilaminata","1b21d2b71f96b4a59b392aee9aa1d655","Bacteria","Proteobacteria","Gammaproteobacteria","Alteromonadales","Pseudoalteromonadaceae","Pseudoalteromonas",-2.459,"6.649e-03","1.468e-01","Enriched in Control","Genus: Pseudoalteromonas"
"Rhamphostomella_bilaminata","9edbb39537860983ef807fee6c2635c5","Bacteria","Bacteroidota","Bacteroidia","Chitinophagales","Saprospiraceae","Portibacter",-2.932,"6.651e-03","1.468e-01","Enriched in Control","Genus: Portibacter"
"Rhamphostomella_bilaminata","a3512dec19c020cc96c0e195ac468aac","Bacteria","Proteobacteria","Gammaproteobacteria","EPR3968-O8a-Bc78","EPR3968-O8a-Bc78","EPR3968-O8a-Bc78",-1.827,"6.486e-03","1.468e-01","Enriched in Control","Genus: EPR3968-O8a-Bc78"
"Rhamphostomella_bilaminata","ae80f6274f1e55721cc5be8fc0a0e271","Bacteria","Bacteroidota","Bacteroidia","Flavobacteriales","Flavobacteriaceae",NA,-1,"6.639e-03","1.468e-01","Enriched in Control","Family: Flavobacteriaceae"
"Rhamphostomella_bilaminata","d23c235f41d3398df2e2f5edbac63604","Bacteria","Bacteroidota","Bacteroidia","Cytophagales","Cyclobacteriaceae","Fulvivirga",-1.758,"6.436e-03","1.468e-01","Enriched in Control","Genus: Fulvivirga"
"Rhamphostomella_bilaminata","25c2a523e62ce2efdbcf4f66f8ec1697","Bacteria","Bacteroidota","Bacteroidia","Flavobacteriales","Cryomorphaceae","Vicingus",-1.352,"7.269e-03","1.555e-01","Enriched in Control","Genus: Vicingus"
"Rhamphostomella_bilaminata","55e845ec2b2dde77fc20c136d78ee7ad","Bacteria","Actinobacteriota","Acidimicrobiia","Microtrichales","Microtrichaceae",NA,-1.051,"7.430e-03","1.555e-01","Enriched in Control","Family: Microtrichaceae"
"Rhamphostomella_bilaminata","5fbd78d2d6de66b97eaf8f2b1487761e","Bacteria","Bacteroidota","Bacteroidia","Flavobacteriales","Cryomorphaceae","NS10_marine_group",-2.115,"7.262e-03","1.555e-01","Enriched in Control","Genus: NS10_marine_group"
"Rhamphostomella_bilaminata","a24d222dbc42aaf0f1b7f08d66ac41b8","Bacteria","Planctomycetota","Planctomycetes","Pirellulales","Pirellulaceae","Blastopirellula",1.408,"7.318e-03","1.555e-01","Enriched in Sample","Genus: Blastopirellula"
"Rhamphostomella_bilaminata","fd573b99b95e615dd1288c05055c86fe","Bacteria","Bacteroidota","Bacteroidia","Flavobacteriales","Flavobacteriaceae",NA,-1.032,"7.429e-03","1.555e-01","Enriched in Control","Family: Flavobacteriaceae"
"Rhamphostomella_bilaminata","ffcf4ed82045665508e925b0f4531d28","Bacteria","Cyanobacteria","Cyanobacteriia","Chloroplast","Chloroplast","Chloroplast",1.881,"7.264e-03","1.555e-01","Enriched in Sample","Genus: Chloroplast"
"Rhamphostomella_bilaminata","b214782a3adc6746dd9982ea97ad27b4","Bacteria",NA,NA,NA,NA,NA,4.351,"7.521e-03","1.561e-01","Enriched in Sample","Kingdom: Bacteria"
"Rhamphostomella_bilaminata","72355d57027d23aca5dc5c7619a2cd96","Bacteria","Proteobacteria","Gammaproteobacteria","Alteromonadales","Colwelliaceae","Thalassotalea",-2.394,"8.243e-03","1.696e-01","Enriched in Control","Genus: Thalassotalea"
"Rhamphostomella_bilaminata","398b27b58cd45cd00d44f536a9411b08","Bacteria","Cyanobacteria","Cyanobacteriia","Chloroplast","Chloroplast","Chloroplast",1.684,"8.409e-03","1.716e-01","Enriched in Sample","Genus: Chloroplast"
"Rhamphostomella_bilaminata","ad84d18a785105a88de19e3f9062680a","Bacteria","Proteobacteria","Gammaproteobacteria","Cellvibrionales","Spongiibacteraceae","BD1-7_clade",-1.308,"8.596e-03","1.739e-01","Enriched in Control","Genus: BD1-7_clade"
"Rhamphostomella_bilaminata","68fb4f4c2c976da006edc8e3fa0280eb","Bacteria","Proteobacteria","Gammaproteobacteria","SAR86_clade","SAR86_clade","SAR86_clade",-1.244,"8.718e-03","1.749e-01","Enriched in Control","Genus: SAR86_clade"
"Rhamphostomella_bilaminata","7fc232ef701a576c52973c27d641a62b","Bacteria","Bacteroidota","Bacteroidia","Flavobacteriales","Flavobacteriaceae",NA,-2.441,"8.851e-03","1.762e-01","Enriched in Control","Family: Flavobacteriaceae"
"Rhamphostomella_bilaminata","1d2900cdf7b591798cced5d7d2989635","Bacteria","Bacteroidota","Bacteroidia","Chitinophagales",NA,NA,-2.185,"9.205e-03","1.817e-01","Enriched in Control","Order: Chitinophagales"
"Rhamphostomella_bilaminata","e03d7fcc980a61ee6e09d62c0e492804","Bacteria","Proteobacteria","Gammaproteobacteria","Pseudomonadales","Pseudomonadaceae","Pseudomonas",-1.5,"9.327e-03","1.826e-01","Enriched in Control","Genus: Pseudomonas"
"Rhamphostomella_bilaminata","078e358a168dbe0799176248b157e046","Bacteria","Bacteroidota","Bacteroidia","Chitinophagales","Saprospiraceae","Portibacter",-1.71,"9.473e-03","1.840e-01","Enriched in Control","Genus: Portibacter"
"Rhamphostomella_bilaminata","75ba6f1992139fb3fe848d91a1721d29","Bacteria","Proteobacteria","Alphaproteobacteria","Rhizobiales","KF-JG30-B3","KF-JG30-B3",-2.46,"9.923e-03","1.897e-01","Enriched in Control","Genus: KF-JG30-B3"
"Rhamphostomella_bilaminata","9879a750c4dcbe94271efc3a64a8dcc6","Bacteria","Proteobacteria","Alphaproteobacteria","Puniceispirillales",NA,NA,-1.406,"9.914e-03","1.897e-01","Enriched in Control","Order: Puniceispirillales"
"Rhamphostomella_bilaminata","38379288db02e084c195974a32fd0290","Bacteria","Proteobacteria","Gammaproteobacteria","Alteromonadales","Moritellaceae","Moritella",-3.653,"1.006e-02","1.909e-01","Enriched in Control","Genus: Moritella"
"Rhamphostomella_bilaminata","08d7f58a060027555e4beffab9d04b67","Bacteria","Planctomycetota","OM190","OM190","OM190","OM190",1.536,"1.056e-02","1.958e-01","Enriched in Sample","Genus: OM190"
"Rhamphostomella_bilaminata","732268b2cde7f6e4eeb959b9904a856a","Bacteria","Bacteroidota","Bacteroidia","Cytophagales","Spirosomaceae","Taeseokella",-0.938,"1.056e-02","1.958e-01","Enriched in Control","Genus: Taeseokella"
"Rhamphostomella_bilaminata","7bacf0ae26a001f354c5aaee38c26e5b","Bacteria","Bacteroidota","Bacteroidia","Flavobacteriales","Crocinitomicaceae",NA,-1.509,"1.055e-02","1.958e-01","Enriched in Control","Family: Crocinitomicaceae"
"Rhamphostomella_bilaminata","3448d53788dd6e07e471735ade91cfb1","Bacteria","Bacteroidota","Bacteroidia","Flavobacteriales","Flavobacteriaceae",NA,-1.984,"1.080e-02","1.986e-01","Enriched in Control","Family: Flavobacteriaceae"
"Rhamphostomella_bilaminata","c44ff307960c98eb2c3f6c5cf28a5e59","Bacteria","Bacteroidota","Bacteroidia","Flavobacteriales","Flavobacteriaceae","Dokdonia",-2.128,"1.114e-02","2.019e-01","Enriched in Control","Genus: Dokdonia"
"Rhamphostomella_bilaminata","f495d6392152b685fee3ac09dfa0f382","Bacteria","Bacteroidota","Bacteroidia","Flavobacteriales","Flavobacteriaceae","Maribacter",-0.967,"1.110e-02","2.019e-01","Enriched in Control","Genus: Maribacter"
"Rhamphostomella_bilaminata","6ace4e7664815b50cab6e2db8056b113","Bacteria","Cyanobacteria","Cyanobacteriia","Chloroplast","Chloroplast","Chloroplast",1.874,"1.125e-02","2.022e-01","Enriched in Sample","Genus: Chloroplast"
"Rhamphostomella_bilaminata","7936316304361aebc82335f89ddfba39","Bacteria","Verrucomicrobiota","Lentisphaeria","Lentisphaerales","Lentisphaeraceae","Lentisphaera",-1.248,"1.141e-02","2.022e-01","Enriched in Control","Genus: Lentisphaera"
"Rhamphostomella_bilaminata","cb0b67a8052ee758053ab5e22c1553ec","Bacteria","Proteobacteria","Alphaproteobacteria","Rickettsiales",NA,NA,-1.36,"1.135e-02","2.022e-01","Enriched in Control","Order: Rickettsiales"
"Rhamphostomella_bilaminata","75bb0a0b7853fefe490cb476018ab14a","Bacteria","Entotheonellaeota","Entotheonellia","Entotheonellales","Entotheonellaceae","Candidatus_Entotheonella",-2.197,"1.178e-02","2.073e-01","Enriched in Control","Genus: Candidatus_Entotheonella"
"Rhamphostomella_bilaminata","f3b41d47dbf8327add98c18f2b98468c","Bacteria","Proteobacteria","Gammaproteobacteria","Alteromonadales","Pseudoalteromonadaceae","Pseudoalteromonas",-2.642,"1.194e-02","2.086e-01","Enriched in Control","Genus: Pseudoalteromonas"
"Rhamphostomella_bilaminata","88bedff2b082a15d43678825e9e73304","Bacteria","Bacteroidota","Bacteroidia","Cytophagales","Cyclobacteriaceae","Reichenbachiella",-1.984,"1.239e-02","2.149e-01","Enriched in Control","Genus: Reichenbachiella"
"Rhamphostomella_bilaminata","019bed84669410b5d384f6e3280da1b9","Bacteria","Bacteroidota","Bacteroidia","Flavobacteriales","Flavobacteriaceae","Ulvibacter",-1.273,"1.272e-02","2.191e-01","Enriched in Control","Genus: Ulvibacter"
"Rhamphostomella_bilaminata","c38eed8f2f2f07fc99e6135205c57cff","Bacteria","Proteobacteria","Gammaproteobacteria","Cellvibrionales","Porticoccaceae","SAR92_clade",-1.712,"1.292e-02","2.209e-01","Enriched in Control","Genus: SAR92_clade"
"Rhamphostomella_bilaminata","c968d53c0418f0b1ea2686794e5464cd","Bacteria","Proteobacteria","Gammaproteobacteria","Gammaproteobacteria_Incertae_Sedis","Unknown_Family","Marinicella",0.978,"1.366e-02","2.319e-01","Enriched in Sample","Genus: Marinicella"
"Rhamphostomella_bilaminata","65e28f53f8e78a1d3cdcdc1e43dcb17f","Bacteria","Planctomycetota","Planctomycetes","Pirellulales","Pirellulaceae","Blastopirellula",1.083,"1.443e-02","2.399e-01","Enriched in Sample","Genus: Blastopirellula"
"Rhamphostomella_bilaminata","749b1e195ab505b26d20951f53834d11","Bacteria","Bacteroidota","Bacteroidia","Flavobacteriales","Flavobacteriaceae","Ulvibacter",-1.833,"1.442e-02","2.399e-01","Enriched in Control","Genus: Ulvibacter"
"Rhamphostomella_bilaminata","f42eeea87cf2ddb3a7941923d3918516","Bacteria","Bacteroidota","Bacteroidia","Flavobacteriales","Crocinitomicaceae","Crocinitomix",2.475,"1.434e-02","2.399e-01","Enriched in Sample","Genus: Crocinitomix"
"Rhamphostomella_bilaminata","a7233f84db0360ad7535619a0b20e8bf","Bacteria","Cyanobacteria","Cyanobacteriia","Chloroplast","Chloroplast","Chloroplast",1.399,"1.466e-02","2.405e-01","Enriched in Sample","Genus: Chloroplast"
"Rhamphostomella_bilaminata","fc27695e28ac38ed08ba2e033a58d1ce","Bacteria","Proteobacteria","Gammaproteobacteria","Cellvibrionales","Halieaceae","Halioglobus",-2.189,"1.466e-02","2.405e-01","Enriched in Control","Genus: Halioglobus"
"Rhamphostomella_bilaminata","df827a58f6b377fcf5b6860d49301447","Bacteria","Bacteroidota","Bacteroidia","Flavobacteriales",NA,NA,-1.662,"1.479e-02","2.410e-01","Enriched in Control","Order: Flavobacteriales"
"Rhamphostomella_bilaminata","4e5dde1edf6195d5cc053de052ecd126","Bacteria","Actinobacteriota","Acidimicrobiia","Microtrichales","Microtrichaceae","Sva0996_marine_group",1.812,"1.501e-02","2.430e-01","Enriched in Sample","Genus: Sva0996_marine_group"
"Rhamphostomella_bilaminata","66804a3c3e40f8572119e3c624478909","Bacteria","Cyanobacteria","Cyanobacteriia","Chloroplast","Chloroplast","Chloroplast",0.835,"1.549e-02","2.490e-01","Enriched in Sample","Genus: Chloroplast"
